Interval.x_.linorder.x_.x'a.interval.x_.linorder.x_.x'a.interval.prod.x_x.x_.linorder.x_.x'a.x_.linorder.x_.x'a.prod.x_.linorder.x_.x'a.x_.linorder.x_.x'a.prod.typerep_x__linorder_x__x'a_interval_x__linorder_x__x'a_interval_prod_x_x_x__linorder_x__x'a_x__linorder_x__x'a_prod_x__linorder_x__x'a_x__linorder_x__x'a_prod_prod_inst.typerep_x__linorder_x__x'a_interval_x__linorder_x__x'a_interval_prod_x_x_x__linorder_x__x'a_x__linorder_x__x'a_prod_x__linorder_x__x'a_x__linorder_x__x'a_prod_prod	concealed	HOL-Library.Interval
Interval.x_.linorder.x_.x'a.interval.x_.linorder.x_.x'a.interval.prod.x_x.x_.linorder.x_.x'a.x_.linorder.x_.x'a.prod.x_.linorder.x_.x'a.x_.linorder.x_.x'a.prod.term_of_x__linorder_x__x'a_interval_x__linorder_x__x'a_interval_prod_x_x_x__linorder_x__x'a_x__linorder_x__x'a_prod_x__linorder_x__x'a_x__linorder_x__x'a_prod_prod_inst.term_of_x__linorder_x__x'a_interval_x__linorder_x__x'a_interval_prod_x_x_x__linorder_x__x'a_x__linorder_x__x'a_prod_x__linorder_x__x'a_x__linorder_x__x'a_prod_prod	concealed	HOL-Library.Interval
Interval.x_.linorder.x_.x'a.interval.x_.linorder.x_.x'a.interval.prod.x_x.x_.linorder.x_.x'a.x_.linorder.x_.x'a.prod.x_.linorder.x_.x'a.x_.linorder.x_.x'a.prod.x__linorder_x__x'a_interval_x__linorder_x__x'a_interval_prod_x_x_x__linorder_x__x'a_x__linorder_x__x'a_prod_x__linorder_x__x'a_x__linorder_x__x'a_prod_prod.Rep_x__linorder_x__x'a_interval_x__linorder_x__x'a_interval_prod_x_x_x__linorder_x__x'a_x__linorder_x__x'a_prod_x__linorder_x__x'a_x__linorder_x__x'a_prod_prod	concealed	HOL-Library.Interval
Interval.x_.linorder.x_.x'a.interval.x_.linorder.x_.x'a.interval.prod.x_x.x_.linorder.x_.x'a.x_.linorder.x_.x'a.prod.x_.linorder.x_.x'a.x_.linorder.x_.x'a.prod.x__linorder_x__x'a_interval_x__linorder_x__x'a_interval_prod_x_x_x__linorder_x__x'a_x__linorder_x__x'a_prod_x__linorder_x__x'a_x__linorder_x__x'a_prod_prod.Abs_x__linorder_x__x'a_interval_x__linorder_x__x'a_interval_prod_x_x_x__linorder_x__x'a_x__linorder_x__x'a_prod_x__linorder_x__x'a_x__linorder_x__x'a_prod_prod	concealed	HOL-Library.Interval
Interval.x_.preorder.x_.x'a.interval.option.x_x.x_.preorder.x_.x'a.x_.preorder.x_.x'a.prod.typerep_x__preorder_x__x'a_interval_option_x_x_x__preorder_x__x'a_x__preorder_x__x'a_prod_option_inst.typerep_x__preorder_x__x'a_interval_option_x_x_x__preorder_x__x'a_x__preorder_x__x'a_prod_option	concealed	HOL-Library.Interval
Interval.x_.preorder.x_.x'a.interval.option.x_x.x_.preorder.x_.x'a.x_.preorder.x_.x'a.prod.term_of_x__preorder_x__x'a_interval_option_x_x_x__preorder_x__x'a_x__preorder_x__x'a_prod_option_inst.term_of_x__preorder_x__x'a_interval_option_x_x_x__preorder_x__x'a_x__preorder_x__x'a_prod_option	concealed	HOL-Library.Interval
Interval.x_.preorder.x_.x'a.interval.option.x_x.x_.preorder.x_.x'a.x_.preorder.x_.x'a.prod.x__preorder_x__x'a_interval_option_x_x_x__preorder_x__x'a_x__preorder_x__x'a_prod_option.Rep_x__preorder_x__x'a_interval_option_x_x_x__preorder_x__x'a_x__preorder_x__x'a_prod_option	concealed	HOL-Library.Interval
Interval.x_.preorder.x_.x'a.interval.option.x_x.x_.preorder.x_.x'a.x_.preorder.x_.x'a.prod.x__preorder_x__x'a_interval_option_x_x_x__preorder_x__x'a_x__preorder_x__x'a_prod_option.Abs_x__preorder_x__x'a_interval_option_x_x_x__preorder_x__x'a_x__preorder_x__x'a_prod_option	concealed	HOL-Library.Interval
Interval_Float.float.interval.option.x_x.float.float.prod.typerep_float_interval_option_x_x_float_float_prod_option_inst.typerep_float_interval_option_x_x_float_float_prod_option	concealed	HOL-Library.Interval_Float
Interval_Float.float.interval.option.x_x.float.float.prod.term_of_float_interval_option_x_x_float_float_prod_option_inst.term_of_float_interval_option_x_x_float_float_prod_option	concealed	HOL-Library.Interval_Float
Interval.x_.linorder.x_.x'a.interval.x_.linorder.x_.x'a.interval.prod.x_x.x_.linorder.x_.x'a.x_.linorder.x_.x'a.prod.x_.linorder.x_.x'a.x_.linorder.x_.x'a.prod.prod.Rep_isom	concealed	HOL-Library.Interval
Interval.x_.linorder.x_.x'a.interval.x_.linorder.x_.x'a.interval.prod.x_x.x_.linorder.x_.x'a.x_.linorder.x_.x'a.prod.x_.linorder.x_.x'a.x_.linorder.x_.x'a.prod.prod.Abs_isom	concealed	HOL-Library.Interval
Interval.x_.linorder.x_.x'a.interval.x_.linorder.x_.x'a.interval.prod.x_x.x_.linorder.x_.x'a.x_.linorder.x_.x'a.prod.x_.linorder.x_.x'a.x_.linorder.x_.x'a.prod.prod.sel12	concealed	HOL-Library.Interval
Interval.x_.linorder.x_.x'a.interval.x_.linorder.x_.x'a.interval.prod.x_x.x_.linorder.x_.x'a.x_.linorder.x_.x'a.prod.x_.linorder.x_.x'a.x_.linorder.x_.x'a.prod.prod.sel11	concealed	HOL-Library.Interval
Interval.x_.linorder.x_.x'a.interval.x_.linorder.x_.x'a.interval.prod.x_x.x_.linorder.x_.x'a.x_.linorder.x_.x'a.prod.x_.linorder.x_.x'a.x_.linorder.x_.x'a.prod.prod.dis1	concealed	HOL-Library.Interval
Interval.pcr_x__linorder_x__x'a_interval_x__linorder_x__x'a_interval_prod_x_x_x__linorder_x__x'a_x__linorder_x__x'a_prod_x__linorder_x__x'a_x__linorder_x__x'a_prod_prod	concealed	HOL-Library.Interval
Interval.cr_x__linorder_x__x'a_interval_x__linorder_x__x'a_interval_prod_x_x_x__linorder_x__x'a_x__linorder_x__x'a_prod_x__linorder_x__x'a_x__linorder_x__x'a_prod_prod	concealed	HOL-Library.Interval
Lattice_Constructions.flat_complete_lattice.typerep_flat_complete_lattice_IITN_flat_complete_lattice_inst.typerep_flat_complete_lattice_IITN_flat_complete_lattice	inst_infix	HOL-Library.Lattice_Constructions
Interval_Float.float.interval.option.x_x.float.float.prod.float_interval_option_x_x_float_float_prod_option.Rep_float_interval_option_x_x_float_float_prod_option	concealed	HOL-Library.Interval_Float
Interval_Float.float.interval.option.x_x.float.float.prod.float_interval_option_x_x_float_float_prod_option.Abs_float_interval_option_x_x_float_float_prod_option	concealed	HOL-Library.Interval_Float
Reflective_Field.pexpr_pexpr1_pexpr2.typerep_pexpr_pexpr1_pexpr2_sbdT_pexpr_pexpr1_pexpr2_inst.typerep_pexpr_pexpr1_pexpr2_sbdT_pexpr_pexpr1_pexpr2	infra_theory	HOL-Decision_Procs.Reflective_Field
Reflective_Field.pexpr_pexpr1_pexpr2.typerep_pexpr_pexpr1_pexpr2_IITN_pexpr_pexpr1_pexpr2_inst.typerep_pexpr_pexpr1_pexpr2_IITN_pexpr_pexpr1_pexpr2	infra_theory	HOL-Decision_Procs.Reflective_Field
Lattice_Constructions.flat_complete_lattice.flat_complete_lattice_IITN_flat_complete_lattice.Rep_flat_complete_lattice_IITN_flat_complete_lattice	concealed	HOL-Library.Lattice_Constructions
Lattice_Constructions.flat_complete_lattice.flat_complete_lattice_IITN_flat_complete_lattice.Abs_flat_complete_lattice_IITN_flat_complete_lattice	concealed	HOL-Library.Lattice_Constructions
Multiseries_Expansion.ssig_msllist_v0.typerep_ssig_msllist_v0_pre_ssig_msllist_v0_bdT_inst.typerep_ssig_msllist_v0_pre_ssig_msllist_v0_bdT	concealed	HOL-Real_Asymp.Multiseries_Expansion
Multiseries_Expansion.ssig_msllist_v4.typerep_ssig_msllist_v4_IITN_ssig_msllist_v4_inst.typerep_ssig_msllist_v4_IITN_ssig_msllist_v4	concealed	HOL-Real_Asymp.Multiseries_Expansion
Multiseries_Expansion.ssig_msllist_v3.typerep_ssig_msllist_v3_IITN_ssig_msllist_v3_inst.typerep_ssig_msllist_v3_IITN_ssig_msllist_v3	concealed	HOL-Real_Asymp.Multiseries_Expansion
Multiseries_Expansion.ssig_msllist_v2.typerep_ssig_msllist_v2_IITN_ssig_msllist_v2_inst.typerep_ssig_msllist_v2_IITN_ssig_msllist_v2	concealed	HOL-Real_Asymp.Multiseries_Expansion
Multiseries_Expansion.ssig_msllist_v1.typerep_ssig_msllist_v1_IITN_ssig_msllist_v1_inst.typerep_ssig_msllist_v1_IITN_ssig_msllist_v1	concealed	HOL-Real_Asymp.Multiseries_Expansion
Multiseries_Expansion.ssig_msllist_v0.typerep_ssig_msllist_v0_IITN_ssig_msllist_v0_inst.typerep_ssig_msllist_v0_IITN_ssig_msllist_v0	concealed	HOL-Real_Asymp.Multiseries_Expansion
Reflective_Field.pexpr_pexpr1_pexpr2.pexpr_pexpr1_pexpr2_sbdT_pexpr_pexpr1_pexpr2.Rep_pexpr_pexpr1_pexpr2_sbdT_pexpr_pexpr1_pexpr2	concealed	HOL-Decision_Procs.Reflective_Field
Reflective_Field.pexpr_pexpr1_pexpr2.pexpr_pexpr1_pexpr2_sbdT_pexpr_pexpr1_pexpr2.Abs_pexpr_pexpr1_pexpr2_sbdT_pexpr_pexpr1_pexpr2	concealed	HOL-Decision_Procs.Reflective_Field
Reflective_Field.pexpr_pexpr1_pexpr2.pexpr_pexpr1_pexpr2_IITN_pexpr_pexpr1_pexpr2.Rep_pexpr_pexpr1_pexpr2_IITN_pexpr_pexpr1_pexpr2	concealed	HOL-Decision_Procs.Reflective_Field
Reflective_Field.pexpr_pexpr1_pexpr2.pexpr_pexpr1_pexpr2_IITN_pexpr_pexpr1_pexpr2.Abs_pexpr_pexpr1_pexpr2_IITN_pexpr_pexpr1_pexpr2	concealed	HOL-Decision_Procs.Reflective_Field
Multiseries_Expansion.ssig_msllist_v4.typerep_ssig_msllist_v4_pre_ssig_msllist_v4_inst.typerep_ssig_msllist_v4_pre_ssig_msllist_v4	concealed	HOL-Real_Asymp.Multiseries_Expansion
Multiseries_Expansion.ssig_msllist_v3.typerep_ssig_msllist_v3_pre_ssig_msllist_v3_inst.typerep_ssig_msllist_v3_pre_ssig_msllist_v3	concealed	HOL-Real_Asymp.Multiseries_Expansion
Multiseries_Expansion.ssig_msllist_v2.typerep_ssig_msllist_v2_pre_ssig_msllist_v2_inst.typerep_ssig_msllist_v2_pre_ssig_msllist_v2	concealed	HOL-Real_Asymp.Multiseries_Expansion
Multiseries_Expansion.ssig_msllist_v1.typerep_ssig_msllist_v1_pre_ssig_msllist_v1_inst.typerep_ssig_msllist_v1_pre_ssig_msllist_v1	concealed	HOL-Real_Asymp.Multiseries_Expansion
Multiseries_Expansion.ssig_msllist_v0.typerep_ssig_msllist_v0_pre_ssig_msllist_v0_inst.typerep_ssig_msllist_v0_pre_ssig_msllist_v0	concealed	HOL-Real_Asymp.Multiseries_Expansion
Record.tuple_isomorphism.typerep_tuple_isomorphism_IITN_tuple_isomorphism_inst.typerep_tuple_isomorphism_IITN_tuple_isomorphism	inst_infix	HOL.Record
Multiseries_Expansion.sig_msllist_v4.typerep_sig_msllist_v4_IITN_sig_msllist_v4_inst.typerep_sig_msllist_v4_IITN_sig_msllist_v4	concealed	HOL-Real_Asymp.Multiseries_Expansion
Multiseries_Expansion.sig_msllist_v3.typerep_sig_msllist_v3_IITN_sig_msllist_v3_inst.typerep_sig_msllist_v3_IITN_sig_msllist_v3	concealed	HOL-Real_Asymp.Multiseries_Expansion
Multiseries_Expansion.sig_msllist_v2.typerep_sig_msllist_v2_IITN_sig_msllist_v2_inst.typerep_sig_msllist_v2_IITN_sig_msllist_v2	concealed	HOL-Real_Asymp.Multiseries_Expansion
Multiseries_Expansion.sig_msllist_v1.typerep_sig_msllist_v1_IITN_sig_msllist_v1_inst.typerep_sig_msllist_v1_IITN_sig_msllist_v1	concealed	HOL-Real_Asymp.Multiseries_Expansion
Multiseries_Expansion.sig_msllist_v0.typerep_sig_msllist_v0_IITN_sig_msllist_v0_inst.typerep_sig_msllist_v0_IITN_sig_msllist_v0	concealed	HOL-Real_Asymp.Multiseries_Expansion
Quickcheck_Narrowing.narrowing_type.typerep_narrowing_type_IITN_narrowing_type_inst.typerep_narrowing_type_IITN_narrowing_type	inst_infix	HOL.Quickcheck_Narrowing
Quickcheck_Narrowing.narrowing_term.typerep_narrowing_term_IITN_narrowing_term_inst.typerep_narrowing_term_IITN_narrowing_term	inst_infix	HOL.Quickcheck_Narrowing
Quickcheck_Narrowing.narrowing_cons.typerep_narrowing_cons_IITN_narrowing_cons_inst.typerep_narrowing_cons_IITN_narrowing_cons	KEPT	HOL.Quickcheck_Narrowing
Record.tuple_isomorphism.typerep_tuple_isomorphism_pre_tuple_isomorphism_inst.typerep_tuple_isomorphism_pre_tuple_isomorphism	inst_infix	HOL.Record
Multiseries_Expansion.sig_msllist_v4.typerep_sig_msllist_v4_pre_sig_msllist_v4_inst.typerep_sig_msllist_v4_pre_sig_msllist_v4	concealed	HOL-Real_Asymp.Multiseries_Expansion
Multiseries_Expansion.sig_msllist_v3.typerep_sig_msllist_v3_pre_sig_msllist_v3_inst.typerep_sig_msllist_v3_pre_sig_msllist_v3	concealed	HOL-Real_Asymp.Multiseries_Expansion
Multiseries_Expansion.sig_msllist_v2.typerep_sig_msllist_v2_pre_sig_msllist_v2_inst.typerep_sig_msllist_v2_pre_sig_msllist_v2	concealed	HOL-Real_Asymp.Multiseries_Expansion
Multiseries_Expansion.sig_msllist_v1.typerep_sig_msllist_v1_pre_sig_msllist_v1_inst.typerep_sig_msllist_v1_pre_sig_msllist_v1	concealed	HOL-Real_Asymp.Multiseries_Expansion
Quickcheck_Narrowing.narrowing_term.typerep_narrowing_term_pre_narrowing_term_inst.typerep_narrowing_term_pre_narrowing_term	inst_infix	HOL.Quickcheck_Narrowing
Quickcheck_Narrowing.narrowing_cons.typerep_narrowing_cons_pre_narrowing_cons_inst.typerep_narrowing_cons_pre_narrowing_cons	KEPT	HOL.Quickcheck_Narrowing
Tarski_Postulate_Parallels.Tarski_neutral_dimensionless.postulate_of_existence_of_a_triangle_whose_angles_sum_to_two_rights	KEPT	IsaGeoCoq.Tarski_Postulate_Parallels
Multiseries_Expansion.ssig_msllist_v0.ssig_msllist_v0_pre_ssig_msllist_v0_bdT.Rep_ssig_msllist_v0_pre_ssig_msllist_v0_bdT	concealed	HOL-Real_Asymp.Multiseries_Expansion
Multiseries_Expansion.ssig_msllist_v0.ssig_msllist_v0_pre_ssig_msllist_v0_bdT.Abs_ssig_msllist_v0_pre_ssig_msllist_v0_bdT	concealed	HOL-Real_Asymp.Multiseries_Expansion
Quickcheck_Exhaustive.three_valued.typerep_three_valued_IITN_three_valued_inst.typerep_three_valued_IITN_three_valued	inst_infix	HOL.Quickcheck_Exhaustive
Multiseries_Expansion.ssig_msllist_v4.ssig_msllist_v4_IITN_ssig_msllist_v4.Rep_ssig_msllist_v4_IITN_ssig_msllist_v4	concealed	HOL-Real_Asymp.Multiseries_Expansion
Multiseries_Expansion.ssig_msllist_v4.ssig_msllist_v4_IITN_ssig_msllist_v4.Abs_ssig_msllist_v4_IITN_ssig_msllist_v4	concealed	HOL-Real_Asymp.Multiseries_Expansion
Multiseries_Expansion.ssig_msllist_v3.ssig_msllist_v3_IITN_ssig_msllist_v3.Rep_ssig_msllist_v3_IITN_ssig_msllist_v3	concealed	HOL-Real_Asymp.Multiseries_Expansion
Multiseries_Expansion.ssig_msllist_v3.ssig_msllist_v3_IITN_ssig_msllist_v3.Abs_ssig_msllist_v3_IITN_ssig_msllist_v3	concealed	HOL-Real_Asymp.Multiseries_Expansion
Multiseries_Expansion.ssig_msllist_v2.ssig_msllist_v2_IITN_ssig_msllist_v2.Rep_ssig_msllist_v2_IITN_ssig_msllist_v2	concealed	HOL-Real_Asymp.Multiseries_Expansion
Multiseries_Expansion.ssig_msllist_v2.ssig_msllist_v2_IITN_ssig_msllist_v2.Abs_ssig_msllist_v2_IITN_ssig_msllist_v2	concealed	HOL-Real_Asymp.Multiseries_Expansion
Multiseries_Expansion.ssig_msllist_v1.ssig_msllist_v1_IITN_ssig_msllist_v1.Rep_ssig_msllist_v1_IITN_ssig_msllist_v1	concealed	HOL-Real_Asymp.Multiseries_Expansion
Multiseries_Expansion.ssig_msllist_v1.ssig_msllist_v1_IITN_ssig_msllist_v1.Abs_ssig_msllist_v1_IITN_ssig_msllist_v1	concealed	HOL-Real_Asymp.Multiseries_Expansion
Multiseries_Expansion.ssig_msllist_v0.ssig_msllist_v0_IITN_ssig_msllist_v0.Rep_ssig_msllist_v0_IITN_ssig_msllist_v0	concealed	HOL-Real_Asymp.Multiseries_Expansion
Multiseries_Expansion.ssig_msllist_v0.ssig_msllist_v0_IITN_ssig_msllist_v0.Abs_ssig_msllist_v0_IITN_ssig_msllist_v0	concealed	HOL-Real_Asymp.Multiseries_Expansion
Lazy_Sequence.lazy_sequence.typerep_lazy_sequence_IITN_lazy_sequence_inst.typerep_lazy_sequence_IITN_lazy_sequence	inst_infix	HOL.Lazy_Sequence
Multiseries_Expansion.ssig_msllist_v4.ssig_msllist_v4_pre_ssig_msllist_v4.Rep_ssig_msllist_v4_pre_ssig_msllist_v4	concealed	HOL-Real_Asymp.Multiseries_Expansion
Multiseries_Expansion.ssig_msllist_v4.ssig_msllist_v4_pre_ssig_msllist_v4.Abs_ssig_msllist_v4_pre_ssig_msllist_v4	concealed	HOL-Real_Asymp.Multiseries_Expansion
Multiseries_Expansion.ssig_msllist_v3.ssig_msllist_v3_pre_ssig_msllist_v3.Rep_ssig_msllist_v3_pre_ssig_msllist_v3	concealed	HOL-Real_Asymp.Multiseries_Expansion
Multiseries_Expansion.ssig_msllist_v3.ssig_msllist_v3_pre_ssig_msllist_v3.Abs_ssig_msllist_v3_pre_ssig_msllist_v3	concealed	HOL-Real_Asymp.Multiseries_Expansion
Multiseries_Expansion.ssig_msllist_v2.ssig_msllist_v2_pre_ssig_msllist_v2.Rep_ssig_msllist_v2_pre_ssig_msllist_v2	concealed	HOL-Real_Asymp.Multiseries_Expansion
Multiseries_Expansion.ssig_msllist_v2.ssig_msllist_v2_pre_ssig_msllist_v2.Abs_ssig_msllist_v2_pre_ssig_msllist_v2	concealed	HOL-Real_Asymp.Multiseries_Expansion
Multiseries_Expansion.ssig_msllist_v1.ssig_msllist_v1_pre_ssig_msllist_v1.Rep_ssig_msllist_v1_pre_ssig_msllist_v1	concealed	HOL-Real_Asymp.Multiseries_Expansion
Multiseries_Expansion.ssig_msllist_v1.ssig_msllist_v1_pre_ssig_msllist_v1.Abs_ssig_msllist_v1_pre_ssig_msllist_v1	concealed	HOL-Real_Asymp.Multiseries_Expansion
Multiseries_Expansion.ssig_msllist_v0.ssig_msllist_v0_pre_ssig_msllist_v0.Rep_ssig_msllist_v0_pre_ssig_msllist_v0	concealed	HOL-Real_Asymp.Multiseries_Expansion
Multiseries_Expansion.ssig_msllist_v0.ssig_msllist_v0_pre_ssig_msllist_v0.Abs_ssig_msllist_v0_pre_ssig_msllist_v0	concealed	HOL-Real_Asymp.Multiseries_Expansion
Tarski_Postulate_Parallels.Tarski_neutral_dimensionless.postulate_of_existence_of_a_right_saccheri_quadrilateral	KEPT	IsaGeoCoq.Tarski_Postulate_Parallels
Tarski_Postulate_Parallels.Tarski_neutral_dimensionless.postulate_of_existence_of_a_right_lambert_quadrilateral	KEPT	IsaGeoCoq.Tarski_Postulate_Parallels
Tarski_Postulate_Parallels.Tarski_neutral_dimensionless.postulate_of_parallelism_of_perpendicular_transversals	KEPT	IsaGeoCoq.Tarski_Postulate_Parallels
Record.tuple_isomorphism.tuple_isomorphism_IITN_tuple_isomorphism.Rep_tuple_isomorphism_IITN_tuple_isomorphism	concealed	HOL.Record
Record.tuple_isomorphism.tuple_isomorphism_IITN_tuple_isomorphism.Abs_tuple_isomorphism_IITN_tuple_isomorphism	concealed	HOL.Record
Multiseries_Expansion.sig_msllist_v4.sig_msllist_v4_IITN_sig_msllist_v4.Rep_sig_msllist_v4_IITN_sig_msllist_v4	concealed	HOL-Real_Asymp.Multiseries_Expansion
Multiseries_Expansion.sig_msllist_v4.sig_msllist_v4_IITN_sig_msllist_v4.Abs_sig_msllist_v4_IITN_sig_msllist_v4	concealed	HOL-Real_Asymp.Multiseries_Expansion
Multiseries_Expansion.sig_msllist_v3.sig_msllist_v3_IITN_sig_msllist_v3.Rep_sig_msllist_v3_IITN_sig_msllist_v3	concealed	HOL-Real_Asymp.Multiseries_Expansion
Multiseries_Expansion.sig_msllist_v3.sig_msllist_v3_IITN_sig_msllist_v3.Abs_sig_msllist_v3_IITN_sig_msllist_v3	concealed	HOL-Real_Asymp.Multiseries_Expansion
Multiseries_Expansion.sig_msllist_v2.sig_msllist_v2_IITN_sig_msllist_v2.Rep_sig_msllist_v2_IITN_sig_msllist_v2	concealed	HOL-Real_Asymp.Multiseries_Expansion
Multiseries_Expansion.sig_msllist_v2.sig_msllist_v2_IITN_sig_msllist_v2.Abs_sig_msllist_v2_IITN_sig_msllist_v2	concealed	HOL-Real_Asymp.Multiseries_Expansion
Multiseries_Expansion.sig_msllist_v1.sig_msllist_v1_IITN_sig_msllist_v1.Rep_sig_msllist_v1_IITN_sig_msllist_v1	concealed	HOL-Real_Asymp.Multiseries_Expansion
Multiseries_Expansion.sig_msllist_v1.sig_msllist_v1_IITN_sig_msllist_v1.Abs_sig_msllist_v1_IITN_sig_msllist_v1	concealed	HOL-Real_Asymp.Multiseries_Expansion
Multiseries_Expansion.sig_msllist_v0.sig_msllist_v0_IITN_sig_msllist_v0.Rep_sig_msllist_v0_IITN_sig_msllist_v0	concealed	HOL-Real_Asymp.Multiseries_Expansion
Multiseries_Expansion.sig_msllist_v0.sig_msllist_v0_IITN_sig_msllist_v0.Abs_sig_msllist_v0_IITN_sig_msllist_v0	concealed	HOL-Real_Asymp.Multiseries_Expansion
Quickcheck_Narrowing.narrowing_type.narrowing_type_IITN_narrowing_type.Rep_narrowing_type_IITN_narrowing_type	concealed	HOL.Quickcheck_Narrowing
Quickcheck_Narrowing.narrowing_type.narrowing_type_IITN_narrowing_type.Abs_narrowing_type_IITN_narrowing_type	concealed	HOL.Quickcheck_Narrowing
Quickcheck_Narrowing.narrowing_term.narrowing_term_IITN_narrowing_term.Rep_narrowing_term_IITN_narrowing_term	concealed	HOL.Quickcheck_Narrowing
Quickcheck_Narrowing.narrowing_term.narrowing_term_IITN_narrowing_term.Abs_narrowing_term_IITN_narrowing_term	concealed	HOL.Quickcheck_Narrowing
Quickcheck_Narrowing.narrowing_cons.narrowing_cons_IITN_narrowing_cons.Rep_narrowing_cons_IITN_narrowing_cons	concealed	HOL.Quickcheck_Narrowing
Quickcheck_Narrowing.narrowing_cons.narrowing_cons_IITN_narrowing_cons.Abs_narrowing_cons_IITN_narrowing_cons	concealed	HOL.Quickcheck_Narrowing
Record.tuple_isomorphism.tuple_isomorphism_pre_tuple_isomorphism.Rep_tuple_isomorphism_pre_tuple_isomorphism	concealed	HOL.Record
Record.tuple_isomorphism.tuple_isomorphism_pre_tuple_isomorphism.Abs_tuple_isomorphism_pre_tuple_isomorphism	concealed	HOL.Record
Multiseries_Expansion.sig_msllist_v4.sig_msllist_v4_pre_sig_msllist_v4.Rep_sig_msllist_v4_pre_sig_msllist_v4	concealed	HOL-Real_Asymp.Multiseries_Expansion
Multiseries_Expansion.sig_msllist_v4.sig_msllist_v4_pre_sig_msllist_v4.Abs_sig_msllist_v4_pre_sig_msllist_v4	concealed	HOL-Real_Asymp.Multiseries_Expansion
Multiseries_Expansion.sig_msllist_v3.sig_msllist_v3_pre_sig_msllist_v3.Rep_sig_msllist_v3_pre_sig_msllist_v3	concealed	HOL-Real_Asymp.Multiseries_Expansion
Multiseries_Expansion.sig_msllist_v3.sig_msllist_v3_pre_sig_msllist_v3.Abs_sig_msllist_v3_pre_sig_msllist_v3	concealed	HOL-Real_Asymp.Multiseries_Expansion
Multiseries_Expansion.sig_msllist_v2.sig_msllist_v2_pre_sig_msllist_v2.Rep_sig_msllist_v2_pre_sig_msllist_v2	concealed	HOL-Real_Asymp.Multiseries_Expansion
Multiseries_Expansion.sig_msllist_v2.sig_msllist_v2_pre_sig_msllist_v2.Abs_sig_msllist_v2_pre_sig_msllist_v2	concealed	HOL-Real_Asymp.Multiseries_Expansion
Multiseries_Expansion.sig_msllist_v1.sig_msllist_v1_pre_sig_msllist_v1.Rep_sig_msllist_v1_pre_sig_msllist_v1	concealed	HOL-Real_Asymp.Multiseries_Expansion
Multiseries_Expansion.sig_msllist_v1.sig_msllist_v1_pre_sig_msllist_v1.Abs_sig_msllist_v1_pre_sig_msllist_v1	concealed	HOL-Real_Asymp.Multiseries_Expansion
Quickcheck_Narrowing.narrowing_term.narrowing_term_pre_narrowing_term.Rep_narrowing_term_pre_narrowing_term	concealed	HOL.Quickcheck_Narrowing
Quickcheck_Narrowing.narrowing_term.narrowing_term_pre_narrowing_term.Abs_narrowing_term_pre_narrowing_term	concealed	HOL.Quickcheck_Narrowing
Quickcheck_Narrowing.narrowing_cons.narrowing_cons_pre_narrowing_cons.Rep_narrowing_cons_pre_narrowing_cons	concealed	HOL.Quickcheck_Narrowing
Quickcheck_Narrowing.narrowing_cons.narrowing_cons_pre_narrowing_cons.Abs_narrowing_cons_pre_narrowing_cons	concealed	HOL.Quickcheck_Narrowing
Interval.x_.preorder.x_.x'a.interval.option.x_x.x_.preorder.x_.x'a.x_.preorder.x_.x'a.prod.option.Rep_isom	concealed	HOL-Library.Interval
Interval.x_.preorder.x_.x'a.interval.option.x_x.x_.preorder.x_.x'a.x_.preorder.x_.x'a.prod.option.Abs_isom	concealed	HOL-Library.Interval
Code_Test.yxml_of_term.typerep_yxml_of_term_IITN_yxml_of_term_inst.typerep_yxml_of_term_IITN_yxml_of_term	inst_infix	HOL-Library.Code_Test
Pratt_Certificate.pratt_tree.typerep_pratt_tree_IITN_pratt_tree_inst.typerep_pratt_tree_IITN_pratt_tree	inst_infix	Pratt_Certificate.Pratt_Certificate
Interval.x_.preorder.x_.x'a.interval.option.x_x.x_.preorder.x_.x'a.x_.preorder.x_.x'a.prod.option.sel21	concealed	HOL-Library.Interval
Quickcheck_Narrowing.property.typerep_property_pre_property_bdT_inst.typerep_property_pre_property_bdT	KEPT	HOL.Quickcheck_Narrowing
Lattice_Constructions.partial_term_of_flat_complete_lattice_inst.partial_term_of_flat_complete_lattice	inst_infix	HOL-Library.Lattice_Constructions
Lattice_Constructions.full_exhaustive_flat_complete_lattice_inst.full_exhaustive_flat_complete_lattice	inst_infix	HOL-Library.Lattice_Constructions
Interval.x_.preorder.x_.x'a.interval.option.x_x.x_.preorder.x_.x'a.x_.preorder.x_.x'a.prod.option.dis2	concealed	HOL-Library.Interval
Interval.x_.preorder.x_.x'a.interval.option.x_x.x_.preorder.x_.x'a.x_.preorder.x_.x'a.prod.option.dis1	concealed	HOL-Library.Interval
Pratt_Certificate.pratt_tree.typerep_pratt_tree_pre_pratt_tree_inst.typerep_pratt_tree_pre_pratt_tree	inst_infix	Pratt_Certificate.Pratt_Certificate
Interval.pcr_x__preorder_x__x'a_interval_option_x_x_x__preorder_x__x'a_x__preorder_x__x'a_prod_option	concealed	HOL-Library.Interval
Quickcheck_Exhaustive.three_valued.three_valued_IITN_three_valued.Rep_three_valued_IITN_three_valued	concealed	HOL.Quickcheck_Exhaustive
Quickcheck_Exhaustive.three_valued.three_valued_IITN_three_valued.Abs_three_valued_IITN_three_valued	concealed	HOL.Quickcheck_Exhaustive
Lattice_Constructions.pre_flat_complete_lattice.flat_complete_lattice.set2_pre_flat_complete_lattice	concealed	HOL-Library.Lattice_Constructions
Lattice_Constructions.pre_flat_complete_lattice.flat_complete_lattice.set1_pre_flat_complete_lattice	concealed	HOL-Library.Lattice_Constructions
Lattice_Constructions.pre_flat_complete_lattice.flat_complete_lattice.pred_pre_flat_complete_lattice	concealed	HOL-Library.Lattice_Constructions
Interval.cr_x__preorder_x__x'a_interval_option_x_x_x__preorder_x__x'a_x__preorder_x__x'a_prod_option	concealed	HOL-Library.Interval
Congruence.partial_object.partial_term_of_partial_object_ext_inst.partial_term_of_partial_object_ext	inst_infix	HOL-Algebra.Congruence
Congruence.partial_object.full_exhaustive_partial_object_ext_inst.full_exhaustive_partial_object_ext	inst_infix	HOL-Algebra.Congruence
Tarski_Postulate_Parallels.Tarski_neutral_dimensionless.postulate_of_existence_of_similar_triangles	KEPT	IsaGeoCoq.Tarski_Postulate_Parallels
Lattice_Constructions.pre_flat_complete_lattice.flat_complete_lattice.wit_pre_flat_complete_lattice	concealed	HOL-Library.Lattice_Constructions
Lattice_Constructions.pre_flat_complete_lattice.flat_complete_lattice.rel_pre_flat_complete_lattice	concealed	HOL-Library.Lattice_Constructions
Lattice_Constructions.pre_flat_complete_lattice.flat_complete_lattice.map_pre_flat_complete_lattice	concealed	HOL-Library.Lattice_Constructions
Approximation.floatarith.typerep_floatarith_IITN_floatarith_inst.typerep_floatarith_IITN_floatarith	infra_theory	HOL-Decision_Procs.Approximation
Tarski_Postulate_Parallels.Tarski_neutral_dimensionless.postulate_of_right_saccheri_quadrilaterals	KEPT	IsaGeoCoq.Tarski_Postulate_Parallels
Tarski_Postulate_Parallels.Tarski_neutral_dimensionless.postulate_of_right_lambert_quadrilaterals	KEPT	IsaGeoCoq.Tarski_Postulate_Parallels
Lazy_Sequence.lazy_sequence.lazy_sequence_IITN_lazy_sequence.Rep_lazy_sequence_IITN_lazy_sequence	concealed	HOL.Lazy_Sequence
Lazy_Sequence.lazy_sequence.lazy_sequence_IITN_lazy_sequence.Abs_lazy_sequence_IITN_lazy_sequence	concealed	HOL.Lazy_Sequence
Approximation.floatarith.typerep_floatarith_pre_floatarith_inst.typerep_floatarith_pre_floatarith	infra_theory	HOL-Decision_Procs.Approximation
Tarski_Postulate_Parallels.Tarski_neutral_dimensionless.postulate_of_transitivity_of_parallelism	KEPT	IsaGeoCoq.Tarski_Postulate_Parallels
Quickcheck_Narrowing.property.typerep_property_IITN_property_inst.typerep_property_IITN_property	KEPT	HOL.Quickcheck_Narrowing
Tarski_Postulate_Parallels.Tarski_neutral_dimensionless.weak_triangle_circumscription_principle	KEPT	IsaGeoCoq.Tarski_Postulate_Parallels
Lazy_Eval.cmp_result.typerep_cmp_result_IITN_cmp_result_inst.typerep_cmp_result_IITN_cmp_result	inst_infix	HOL-Real_Asymp.Lazy_Eval
Quickcheck_Narrowing.property.typerep_property_pre_property_inst.typerep_property_pre_property	KEPT	HOL.Quickcheck_Narrowing
Tarski_Postulate_Parallels.Tarski_neutral_dimensionless.consecutive_interior_angles_postulate	KEPT	IsaGeoCoq.Tarski_Postulate_Parallels
Tarski_Postulate_Parallels.Tarski_neutral_dimensionless.alternative_strong_parallel_postulate	KEPT	IsaGeoCoq.Tarski_Postulate_Parallels
Reflected_Multivariate_Polynomial.raw_prod.poly.sum2.sum2.sum2.prod.Product_Type.wit_raw_prod	concealed	HOL-Decision_Procs.Reflected_Multivariate_Polynomial
Quickcheck_Exhaustive.unknown.typerep_unknown_IITN_unknown_inst.typerep_unknown_IITN_unknown	inst_infix	HOL.Quickcheck_Exhaustive
Tarski_Postulate_Parallels.Tarski_neutral_dimensionless.perpendicular_transversal_postulate	KEPT	IsaGeoCoq.Tarski_Postulate_Parallels
Tarski_Postulate_Parallels.Tarski_neutral_dimensionless.alternate_interior_angles_postulate	KEPT	IsaGeoCoq.Tarski_Postulate_Parallels
Landau_Real_Products.primfun.typerep_primfun_IITN_primfun_inst.typerep_primfun_IITN_primfun	inst_infix	Landau_Symbols.Landau_Real_Products
Tarski_Postulate_Parallels.Tarski_neutral_dimensionless.triangle_circumscription_principle	KEPT	IsaGeoCoq.Tarski_Postulate_Parallels
Lattice_Constructions.narrowing_flat_complete_lattice_inst.narrowing_flat_complete_lattice	inst_infix	HOL-Library.Lattice_Constructions
Tarski_Postulate_Parallels.Tarski_neutral_dimensionless.weak_inverse_projection_postulate	KEPT	IsaGeoCoq.Tarski_Postulate_Parallels
Reflected_Multivariate_Polynomial.poly.typerep_poly_IITN_poly_inst.typerep_poly_IITN_poly	infra_theory	HOL-Decision_Procs.Reflected_Multivariate_Polynomial
Tarski_Postulate_Parallels.Tarski_neutral_dimensionless.weak_tarski_s_parallel_postulate	KEPT	IsaGeoCoq.Tarski_Postulate_Parallels
Tarski_Postulate_Parallels.Tarski_neutral_dimensionless.existential_playfair_s_postulate	KEPT	IsaGeoCoq.Tarski_Postulate_Parallels
Tarski_Postulate_Parallels.Tarski_neutral_dimensionless.alternative_playfair_s_postulate	KEPT	IsaGeoCoq.Tarski_Postulate_Parallels
Tarski_Neutral.Tarski_neutral_dimensionless.hypothesis_of_obtuse_saccheri_quadrilaterals	KEPT	IsaGeoCoq.Tarski_Neutral
Code_Test.yxml_of_term.yxml_of_term_IITN_yxml_of_term.Rep_yxml_of_term_IITN_yxml_of_term	concealed	HOL-Library.Code_Test
Code_Test.yxml_of_term.yxml_of_term_IITN_yxml_of_term.Abs_yxml_of_term_IITN_yxml_of_term	concealed	HOL-Library.Code_Test
Tarski_Neutral.Tarski_neutral_dimensionless.hypothesis_of_right_saccheri_quadrilaterals	KEPT	IsaGeoCoq.Tarski_Neutral
Tarski_Neutral.Tarski_neutral_dimensionless.hypothesis_of_acute_saccheri_quadrilaterals	KEPT	IsaGeoCoq.Tarski_Neutral
Reflected_Multivariate_Polynomial.poly.typerep_poly_pre_poly_inst.typerep_poly_pre_poly	infra_theory	HOL-Decision_Procs.Reflected_Multivariate_Polynomial
Quickcheck_Narrowing.partial_term_of_narrowing_type_inst.partial_term_of_narrowing_type	inst_infix	HOL.Quickcheck_Narrowing
Quickcheck_Narrowing.partial_term_of_narrowing_term_inst.partial_term_of_narrowing_term	inst_infix	HOL.Quickcheck_Narrowing
Quickcheck_Narrowing.partial_term_of_narrowing_cons_inst.partial_term_of_narrowing_cons	KEPT	HOL.Quickcheck_Narrowing
Geo_Real2.real2.neu.postulate_of_existence_of_a_triangle_whose_angles_sum_to_two_rights	KEPT	MathBench_ProverBase.Geo_Real2
Executable_Euclidean_Space.executable_euclidean_space_real_inst.eucl_truncate_down_real	inst_infix	Affine_Arithmetic.Executable_Euclidean_Space
Executable_Euclidean_Space.executable_euclidean_space_prod_inst.eucl_truncate_down_prod	inst_infix	Affine_Arithmetic.Executable_Euclidean_Space
Tarski_Postulate_Parallels.Tarski_neutral_dimensionless.universal_posidonius_postulate	KEPT	IsaGeoCoq.Tarski_Postulate_Parallels
Pratt_Certificate.pratt_tree.pratt_tree_IITN_pratt_tree.Rep_pratt_tree_IITN_pratt_tree	concealed	Pratt_Certificate.Pratt_Certificate
Pratt_Certificate.pratt_tree.pratt_tree_IITN_pratt_tree.Abs_pratt_tree_IITN_pratt_tree	concealed	Pratt_Certificate.Pratt_Certificate
Lattice_Constructions.typerep_flat_complete_lattice_inst.typerep_flat_complete_lattice	inst_infix	HOL-Library.Lattice_Constructions
Lattice_Constructions.term_of_flat_complete_lattice_inst.term_of_flat_complete_lattice	inst_infix	HOL-Library.Lattice_Constructions
Unique_Factorization_Poly.unique_euclidean_semiring_fract_inst.division_segment_fract	inst_infix	Berlekamp_Zassenhaus.Unique_Factorization_Poly
Tarski_Postulate_Parallels.Tarski_neutral_dimensionless.legendre_s_parallel_postulate	KEPT	IsaGeoCoq.Tarski_Postulate_Parallels
Tarski_Postulate_Parallels.Tarski_neutral_dimensionless.alternative_proclus_postulate	KEPT	IsaGeoCoq.Tarski_Postulate_Parallels
Quickcheck_Narrowing.property.property_pre_property_bdT.Rep_property_pre_property_bdT	concealed	HOL.Quickcheck_Narrowing
Quickcheck_Narrowing.property.property_pre_property_bdT.Abs_property_pre_property_bdT	concealed	HOL.Quickcheck_Narrowing
Parametric_Ferrante_Rackoff.raw_prod.tm.sum2.sum2.sum2.prod.Product_Type.wit_raw_prod	concealed	HOL-Decision_Procs.Parametric_Ferrante_Rackoff
Executable_Euclidean_Space.executable_euclidean_space_vec_inst.eucl_truncate_down_vec	inst_infix	Affine_Arithmetic.Executable_Euclidean_Space
Executable_Euclidean_Space.executable_euclidean_space_real_inst.eucl_truncate_up_real	inst_infix	Affine_Arithmetic.Executable_Euclidean_Space
Executable_Euclidean_Space.executable_euclidean_space_prod_inst.eucl_truncate_up_prod	inst_infix	Affine_Arithmetic.Executable_Euclidean_Space
Congruence.eq_object.partial_term_of_eq_object_ext_inst.partial_term_of_eq_object_ext	inst_infix	HOL-Algebra.Congruence
Congruence.eq_object.full_exhaustive_eq_object_ext_inst.full_exhaustive_eq_object_ext	inst_infix	HOL-Algebra.Congruence
Code_Test.xml_tree.typerep_xml_tree_IITN_xml_tree_inst.typerep_xml_tree_IITN_xml_tree	inst_infix	HOL-Library.Code_Test
Tarski_Postulate_Parallels.Tarski_neutral_dimensionless.inverse_projection_postulate	KEPT	IsaGeoCoq.Tarski_Postulate_Parallels
Tarski_Postulate_Parallels.Tarski_neutral_dimensionless.existential_thales_postulate	KEPT	IsaGeoCoq.Tarski_Postulate_Parallels
Tarski_Postulate_Parallels.Tarski_neutral_dimensionless.decidability_of_intersection	KEPT	IsaGeoCoq.Tarski_Postulate_Parallels
Quickcheck_Exhaustive.partial_term_of_three_valued_inst.partial_term_of_three_valued	inst_infix	HOL.Quickcheck_Exhaustive
Pratt_Certificate.pratt_tree.pratt_tree_pre_pratt_tree.Rep_pratt_tree_pre_pratt_tree	concealed	Pratt_Certificate.Pratt_Certificate
Pratt_Certificate.pratt_tree.pratt_tree_pre_pratt_tree.Abs_pratt_tree_pre_pratt_tree	concealed	Pratt_Certificate.Pratt_Certificate
Lattice_Constructions.random_flat_complete_lattice_inst.random_flat_complete_lattice	inst_infix	HOL-Library.Lattice_Constructions
Extended.extended.typerep_extended_IITN_extended_inst.typerep_extended_IITN_extended	inst_infix	HOL-Library.Extended
Dense_Linear_Order.class_dense_linordered_field.sorted_list_of_set.fold_insort_key.F	infra_theory	HOL-Decision_Procs.Dense_Linear_Order
Congruence.partial_object.typerep_partial_object_ext_inst.typerep_partial_object_ext	inst_infix	HOL-Algebra.Congruence
Congruence.partial_object.term_of_partial_object_ext_inst.term_of_partial_object_ext	inst_infix	HOL-Algebra.Congruence
Code_Numeral.linordered_euclidean_semiring_division_integer_inst.divmod_step_integer	inst_infix	HOL.Code_Numeral
Tarski_Postulate_Parallels.Tarski_neutral_dimensionless.tarski_s_parallel_postulate	KEPT	IsaGeoCoq.Tarski_Postulate_Parallels
Tarski_Postulate_Parallels.Tarski_neutral_dimensionless.midpoint_converse_postulate	KEPT	IsaGeoCoq.Tarski_Postulate_Parallels
Tarski_Postulate_Parallels.Tarski_neutral_dimensionless.euclid_s_parallel_postulate	KEPT	IsaGeoCoq.Tarski_Postulate_Parallels
Phantom_Type.phantom.typerep_phantom_IITN_phantom_inst.typerep_phantom_IITN_phantom	inst_infix	HOL-Library.Phantom_Type
Nitpick.pair_box.typerep_pair_box_IITN_pair_box_inst.typerep_pair_box_IITN_pair_box	inst_infix	HOL.Nitpick
Executable_Euclidean_Space.executable_euclidean_space_vec_inst.eucl_truncate_up_vec	inst_infix	Affine_Arithmetic.Executable_Euclidean_Space
Tarski_Postulate_Parallels.Tarski_neutral_dimensionless.hyperbolic_plane_postulate	KEPT	IsaGeoCoq.Tarski_Postulate_Parallels
Tarski_Postulate_Parallels.Tarski_neutral_dimensionless.bachmann_s_lotschnittaxiom	KEPT	IsaGeoCoq.Tarski_Postulate_Parallels
Multiseries_Expansion.pre_ssig_msllist_v4.ssig_msllist_v4.set2_pre_ssig_msllist_v4	concealed	HOL-Real_Asymp.Multiseries_Expansion
Multiseries_Expansion.pre_ssig_msllist_v4.ssig_msllist_v4.set1_pre_ssig_msllist_v4	concealed	HOL-Real_Asymp.Multiseries_Expansion
Multiseries_Expansion.pre_ssig_msllist_v4.ssig_msllist_v4.pred_pre_ssig_msllist_v4	concealed	HOL-Real_Asymp.Multiseries_Expansion
Multiseries_Expansion.pre_ssig_msllist_v3.ssig_msllist_v3.set2_pre_ssig_msllist_v3	concealed	HOL-Real_Asymp.Multiseries_Expansion
Multiseries_Expansion.pre_ssig_msllist_v3.ssig_msllist_v3.set1_pre_ssig_msllist_v3	concealed	HOL-Real_Asymp.Multiseries_Expansion
Multiseries_Expansion.pre_ssig_msllist_v3.ssig_msllist_v3.pred_pre_ssig_msllist_v3	concealed	HOL-Real_Asymp.Multiseries_Expansion
Multiseries_Expansion.pre_ssig_msllist_v2.ssig_msllist_v2.set2_pre_ssig_msllist_v2	concealed	HOL-Real_Asymp.Multiseries_Expansion
Multiseries_Expansion.pre_ssig_msllist_v2.ssig_msllist_v2.set1_pre_ssig_msllist_v2	concealed	HOL-Real_Asymp.Multiseries_Expansion
Multiseries_Expansion.pre_ssig_msllist_v2.ssig_msllist_v2.pred_pre_ssig_msllist_v2	concealed	HOL-Real_Asymp.Multiseries_Expansion
Multiseries_Expansion.pre_ssig_msllist_v1.ssig_msllist_v1.set2_pre_ssig_msllist_v1	concealed	HOL-Real_Asymp.Multiseries_Expansion
Multiseries_Expansion.pre_ssig_msllist_v1.ssig_msllist_v1.set1_pre_ssig_msllist_v1	concealed	HOL-Real_Asymp.Multiseries_Expansion
Multiseries_Expansion.pre_ssig_msllist_v1.ssig_msllist_v1.pred_pre_ssig_msllist_v1	concealed	HOL-Real_Asymp.Multiseries_Expansion
Multiseries_Expansion.pre_ssig_msllist_v0.ssig_msllist_v0.set3_pre_ssig_msllist_v0	concealed	HOL-Real_Asymp.Multiseries_Expansion
Multiseries_Expansion.pre_ssig_msllist_v0.ssig_msllist_v0.set2_pre_ssig_msllist_v0	concealed	HOL-Real_Asymp.Multiseries_Expansion
Multiseries_Expansion.pre_ssig_msllist_v0.ssig_msllist_v0.set1_pre_ssig_msllist_v0	concealed	HOL-Real_Asymp.Multiseries_Expansion
Multiseries_Expansion.pre_ssig_msllist_v0.ssig_msllist_v0.pred_pre_ssig_msllist_v0	concealed	HOL-Real_Asymp.Multiseries_Expansion
Lattice_Constructions.ord_flat_complete_lattice_inst.less_eq_flat_complete_lattice	inst_infix	HOL-Library.Lattice_Constructions
Lattice_Constructions.equal_flat_complete_lattice_inst.equal_flat_complete_lattice	inst_infix	HOL-Library.Lattice_Constructions
Congruence.partial_object.random_partial_object_ext_inst.random_partial_object_ext	inst_infix	HOL-Algebra.Congruence
Approximation.floatarith.floatarith_IITN_floatarith.Rep_floatarith_IITN_floatarith	concealed	HOL-Decision_Procs.Approximation
Approximation.floatarith.floatarith_IITN_floatarith.Abs_floatarith_IITN_floatarith	concealed	HOL-Decision_Procs.Approximation
Tarski_Postulate_Parallels.Tarski_neutral_dimensionless.thales_converse_postulate	KEPT	IsaGeoCoq.Tarski_Postulate_Parallels
Tarski_Postulate_Parallels.Tarski_neutral_dimensionless.strong_parallel_postulate	KEPT	IsaGeoCoq.Tarski_Postulate_Parallels
Phantom_Type.phantom.typerep_phantom_pre_phantom_inst.typerep_phantom_pre_phantom	inst_infix	HOL-Library.Phantom_Type
Multiseries_Expansion.pre_ssig_msllist_v4.ssig_msllist_v4.wit_pre_ssig_msllist_v4	concealed	HOL-Real_Asymp.Multiseries_Expansion
Multiseries_Expansion.pre_ssig_msllist_v4.ssig_msllist_v4.rel_pre_ssig_msllist_v4	concealed	HOL-Real_Asymp.Multiseries_Expansion
Multiseries_Expansion.pre_ssig_msllist_v4.ssig_msllist_v4.map_pre_ssig_msllist_v4	concealed	HOL-Real_Asymp.Multiseries_Expansion
Multiseries_Expansion.pre_ssig_msllist_v3.ssig_msllist_v3.wit_pre_ssig_msllist_v3	concealed	HOL-Real_Asymp.Multiseries_Expansion
Multiseries_Expansion.pre_ssig_msllist_v3.ssig_msllist_v3.rel_pre_ssig_msllist_v3	concealed	HOL-Real_Asymp.Multiseries_Expansion
Multiseries_Expansion.pre_ssig_msllist_v3.ssig_msllist_v3.map_pre_ssig_msllist_v3	concealed	HOL-Real_Asymp.Multiseries_Expansion
Multiseries_Expansion.pre_ssig_msllist_v2.ssig_msllist_v2.wit_pre_ssig_msllist_v2	concealed	HOL-Real_Asymp.Multiseries_Expansion
Multiseries_Expansion.pre_ssig_msllist_v2.ssig_msllist_v2.rel_pre_ssig_msllist_v2	concealed	HOL-Real_Asymp.Multiseries_Expansion
Multiseries_Expansion.pre_ssig_msllist_v2.ssig_msllist_v2.map_pre_ssig_msllist_v2	concealed	HOL-Real_Asymp.Multiseries_Expansion
Multiseries_Expansion.pre_ssig_msllist_v1.ssig_msllist_v1.wit_pre_ssig_msllist_v1	concealed	HOL-Real_Asymp.Multiseries_Expansion
Multiseries_Expansion.pre_ssig_msllist_v1.ssig_msllist_v1.rel_pre_ssig_msllist_v1	concealed	HOL-Real_Asymp.Multiseries_Expansion
Multiseries_Expansion.pre_ssig_msllist_v1.ssig_msllist_v1.map_pre_ssig_msllist_v1	concealed	HOL-Real_Asymp.Multiseries_Expansion
Multiseries_Expansion.pre_ssig_msllist_v0.ssig_msllist_v0.wit_pre_ssig_msllist_v0	concealed	HOL-Real_Asymp.Multiseries_Expansion
Multiseries_Expansion.pre_ssig_msllist_v0.ssig_msllist_v0.rel_pre_ssig_msllist_v0	concealed	HOL-Real_Asymp.Multiseries_Expansion
Multiseries_Expansion.pre_ssig_msllist_v0.ssig_msllist_v0.map_pre_ssig_msllist_v0	concealed	HOL-Real_Asymp.Multiseries_Expansion
Extraction.sumbool.typerep_sumbool_IITN_sumbool_inst.typerep_sumbool_IITN_sumbool	inst_infix	HOL.Extraction
Reflective_Field.pexpr2.typerep_pexpr2_pre_pexpr2_inst.typerep_pexpr2_pre_pexpr2	infra_theory	HOL-Decision_Procs.Reflective_Field
Reflective_Field.pexpr1.typerep_pexpr1_pre_pexpr1_inst.typerep_pexpr1_pre_pexpr1	infra_theory	HOL-Decision_Procs.Reflective_Field
Reflected_Multivariate_Polynomial.partial_term_of_poly_inst.partial_term_of_poly	infra_theory	HOL-Decision_Procs.Reflected_Multivariate_Polynomial
Reflected_Multivariate_Polynomial.full_exhaustive_poly_inst.full_exhaustive_poly	infra_theory	HOL-Decision_Procs.Reflected_Multivariate_Polynomial
Parallel.future.typerep_future_pre_future_bdT_inst.typerep_future_pre_future_bdT	adt_record	HOL-Library.Parallel
Multiseries_Expansion.pre_ssig_msllist_v0.ssig_msllist_v0.bd_pre_ssig_msllist_v0	concealed	HOL-Real_Asymp.Multiseries_Expansion
Lattice_Constructions.size_flat_complete_lattice_inst.size_flat_complete_lattice	inst_infix	HOL-Library.Lattice_Constructions
Enum.finite_5.typerep_finite_5_IITN_finite_5_inst.typerep_finite_5_IITN_finite_5	inst_infix	HOL.Enum
Enum.finite_4.typerep_finite_4_IITN_finite_4_inst.typerep_finite_4_IITN_finite_4	inst_infix	HOL.Enum
Enum.finite_3.typerep_finite_3_IITN_finite_3_inst.typerep_finite_3_IITN_finite_3	inst_infix	HOL.Enum
Enum.finite_2.typerep_finite_2_IITN_finite_2_inst.typerep_finite_2_IITN_finite_2	inst_infix	HOL.Enum
Enum.finite_1.typerep_finite_1_IITN_finite_1_inst.typerep_finite_1_IITN_finite_1	inst_infix	HOL.Enum
Dirichlet_Series_Analysis.nat_power_normed_field_complex_inst.real_power_complex	inst_infix	Dirichlet_Series.Dirichlet_Series_Analysis
Continued_Fractions.cfrac.typerep_cfrac_IITN_cfrac_inst.typerep_cfrac_IITN_cfrac	inst_infix	Continued_Fractions.Continued_Fractions
Congruence.partial_object.equal_partial_object_ext_inst.equal_partial_object_ext	inst_infix	HOL-Algebra.Congruence
Approximation.floatarith.floatarith_pre_floatarith.Rep_floatarith_pre_floatarith	concealed	HOL-Decision_Procs.Approximation
Approximation.floatarith.floatarith_pre_floatarith.Abs_floatarith_pre_floatarith	concealed	HOL-Decision_Procs.Approximation
Record.partial_term_of_tuple_isomorphism_inst.partial_term_of_tuple_isomorphism	inst_infix	HOL.Record
Record.full_exhaustive_tuple_isomorphism_inst.full_exhaustive_tuple_isomorphism	inst_infix	HOL.Record
Quickcheck_Narrowing.property.property_IITN_property.Rep_property_IITN_property	concealed	HOL.Quickcheck_Narrowing
Quickcheck_Narrowing.property.property_IITN_property.Abs_property_IITN_property	concealed	HOL.Quickcheck_Narrowing
Multiseries_Expansion.pre_sig_msllist_v4.sig_msllist_v4.set2_pre_sig_msllist_v4	concealed	HOL-Real_Asymp.Multiseries_Expansion
Multiseries_Expansion.pre_sig_msllist_v4.sig_msllist_v4.set1_pre_sig_msllist_v4	concealed	HOL-Real_Asymp.Multiseries_Expansion
Multiseries_Expansion.pre_sig_msllist_v4.sig_msllist_v4.pred_pre_sig_msllist_v4	concealed	HOL-Real_Asymp.Multiseries_Expansion
Multiseries_Expansion.pre_sig_msllist_v3.sig_msllist_v3.set2_pre_sig_msllist_v3	concealed	HOL-Real_Asymp.Multiseries_Expansion
Multiseries_Expansion.pre_sig_msllist_v3.sig_msllist_v3.set1_pre_sig_msllist_v3	concealed	HOL-Real_Asymp.Multiseries_Expansion
Multiseries_Expansion.pre_sig_msllist_v3.sig_msllist_v3.pred_pre_sig_msllist_v3	concealed	HOL-Real_Asymp.Multiseries_Expansion
Multiseries_Expansion.pre_sig_msllist_v2.sig_msllist_v2.set2_pre_sig_msllist_v2	concealed	HOL-Real_Asymp.Multiseries_Expansion
Multiseries_Expansion.pre_sig_msllist_v2.sig_msllist_v2.set1_pre_sig_msllist_v2	concealed	HOL-Real_Asymp.Multiseries_Expansion
Multiseries_Expansion.pre_sig_msllist_v2.sig_msllist_v2.pred_pre_sig_msllist_v2	concealed	HOL-Real_Asymp.Multiseries_Expansion
Multiseries_Expansion.pre_sig_msllist_v1.sig_msllist_v1.set2_pre_sig_msllist_v1	concealed	HOL-Real_Asymp.Multiseries_Expansion
Multiseries_Expansion.pre_sig_msllist_v1.sig_msllist_v1.set1_pre_sig_msllist_v1	concealed	HOL-Real_Asymp.Multiseries_Expansion
Multiseries_Expansion.pre_sig_msllist_v1.sig_msllist_v1.pred_pre_sig_msllist_v1	concealed	HOL-Real_Asymp.Multiseries_Expansion
Multiseries_Expansion.pre_sig_msllist_v0.sig_msllist_v0.set3_pre_sig_msllist_v0	concealed	HOL-Real_Asymp.Multiseries_Expansion
Multiseries_Expansion.pre_sig_msllist_v0.sig_msllist_v0.set2_pre_sig_msllist_v0	concealed	HOL-Real_Asymp.Multiseries_Expansion
Multiseries_Expansion.pre_sig_msllist_v0.sig_msllist_v0.set1_pre_sig_msllist_v0	concealed	HOL-Real_Asymp.Multiseries_Expansion
Multiseries_Expansion.pre_sig_msllist_v0.sig_msllist_v0.pred_pre_sig_msllist_v0	concealed	HOL-Real_Asymp.Multiseries_Expansion
Lattice_Constructions.ord_flat_complete_lattice_inst.less_flat_complete_lattice	inst_infix	HOL-Library.Lattice_Constructions
Executable_Euclidean_Space.executable_euclidean_space_real_inst.Basis_list_real	inst_infix	Affine_Arithmetic.Executable_Euclidean_Space
Executable_Euclidean_Space.executable_euclidean_space_prod_inst.Basis_list_prod	inst_infix	Affine_Arithmetic.Executable_Euclidean_Space
Code_Numeral.linordered_euclidean_semiring_division_integer_inst.divmod_integer	inst_infix	HOL.Code_Numeral
Typerep.typerep.typerep_typerep_IITN_typerep_inst.typerep_typerep_IITN_typerep	inst_infix	HOL.Typerep
State_Monad.state.typerep_state_pre_state_bdT_inst.typerep_state_pre_state_bdT	adt_record	HOL-Library.State_Monad
Quickcheck_Narrowing.pre_narrowing_type.narrowing_type.pred_pre_narrowing_type	concealed	HOL.Quickcheck_Narrowing
Quickcheck_Narrowing.pre_narrowing_term.narrowing_term.pred_pre_narrowing_term	concealed	HOL.Quickcheck_Narrowing
Quickcheck_Narrowing.pre_narrowing_cons.narrowing_cons.pred_pre_narrowing_cons	concealed	HOL.Quickcheck_Narrowing
Pratt_Certificate.pratt.typerep_pratt_IITN_pratt_inst.typerep_pratt_IITN_pratt	inst_infix	Pratt_Certificate.Pratt_Certificate
Nitpick.fun_box.typerep_fun_box_IITN_fun_box_inst.typerep_fun_box_IITN_fun_box	inst_infix	HOL.Nitpick
Multiseries_Expansion.pre_sig_msllist_v4.sig_msllist_v4.wit_pre_sig_msllist_v4	concealed	HOL-Real_Asymp.Multiseries_Expansion
Multiseries_Expansion.pre_sig_msllist_v4.sig_msllist_v4.rel_pre_sig_msllist_v4	concealed	HOL-Real_Asymp.Multiseries_Expansion
Multiseries_Expansion.pre_sig_msllist_v4.sig_msllist_v4.map_pre_sig_msllist_v4	concealed	HOL-Real_Asymp.Multiseries_Expansion
Multiseries_Expansion.pre_sig_msllist_v3.sig_msllist_v3.wit_pre_sig_msllist_v3	concealed	HOL-Real_Asymp.Multiseries_Expansion
Multiseries_Expansion.pre_sig_msllist_v3.sig_msllist_v3.rel_pre_sig_msllist_v3	concealed	HOL-Real_Asymp.Multiseries_Expansion
Multiseries_Expansion.pre_sig_msllist_v3.sig_msllist_v3.map_pre_sig_msllist_v3	concealed	HOL-Real_Asymp.Multiseries_Expansion
Multiseries_Expansion.pre_sig_msllist_v2.sig_msllist_v2.wit_pre_sig_msllist_v2	concealed	HOL-Real_Asymp.Multiseries_Expansion
Multiseries_Expansion.pre_sig_msllist_v2.sig_msllist_v2.rel_pre_sig_msllist_v2	concealed	HOL-Real_Asymp.Multiseries_Expansion
Multiseries_Expansion.pre_sig_msllist_v2.sig_msllist_v2.map_pre_sig_msllist_v2	concealed	HOL-Real_Asymp.Multiseries_Expansion
Multiseries_Expansion.pre_sig_msllist_v1.sig_msllist_v1.wit_pre_sig_msllist_v1	concealed	HOL-Real_Asymp.Multiseries_Expansion
Multiseries_Expansion.pre_sig_msllist_v1.sig_msllist_v1.rel_pre_sig_msllist_v1	concealed	HOL-Real_Asymp.Multiseries_Expansion
Multiseries_Expansion.pre_sig_msllist_v1.sig_msllist_v1.map_pre_sig_msllist_v1	concealed	HOL-Real_Asymp.Multiseries_Expansion
Multiseries_Expansion.pre_sig_msllist_v0.sig_msllist_v0.wit_pre_sig_msllist_v0	concealed	HOL-Real_Asymp.Multiseries_Expansion
Multiseries_Expansion.pre_sig_msllist_v0.sig_msllist_v0.rel_pre_sig_msllist_v0	concealed	HOL-Real_Asymp.Multiseries_Expansion
Multiseries_Expansion.pre_sig_msllist_v0.sig_msllist_v0.map_pre_sig_msllist_v0	concealed	HOL-Real_Asymp.Multiseries_Expansion
Lazy_Sequence.partial_term_of_lazy_sequence_inst.partial_term_of_lazy_sequence	inst_infix	HOL.Lazy_Sequence
Lazy_Eval.cmp_result.cmp_result_IITN_cmp_result.Rep_cmp_result_IITN_cmp_result	concealed	HOL-Real_Asymp.Lazy_Eval
Lazy_Eval.cmp_result.cmp_result_IITN_cmp_result.Abs_cmp_result_IITN_cmp_result	concealed	HOL-Real_Asymp.Lazy_Eval
Lattice_Constructions.top_flat_complete_lattice_inst.top_flat_complete_lattice	inst_infix	HOL-Library.Lattice_Constructions
Lattice_Constructions.sup_flat_complete_lattice_inst.sup_flat_complete_lattice	inst_infix	HOL-Library.Lattice_Constructions
Lattice_Constructions.inf_flat_complete_lattice_inst.inf_flat_complete_lattice	inst_infix	HOL-Library.Lattice_Constructions
Lattice_Constructions.bot_flat_complete_lattice_inst.bot_flat_complete_lattice	inst_infix	HOL-Library.Lattice_Constructions
Lattice_Constructions.Sup_flat_complete_lattice_inst.Sup_flat_complete_lattice	inst_infix	HOL-Library.Lattice_Constructions
Lattice_Constructions.Inf_flat_complete_lattice_inst.Inf_flat_complete_lattice	inst_infix	HOL-Library.Lattice_Constructions
Executable_Euclidean_Space.executable_euclidean_space_real_inst.eucl_down_real	inst_infix	Affine_Arithmetic.Executable_Euclidean_Space
Executable_Euclidean_Space.executable_euclidean_space_prod_inst.eucl_down_prod	inst_infix	Affine_Arithmetic.Executable_Euclidean_Space
Executable_Euclidean_Space.executable_euclidean_space_class.eucl_truncate_down	KEPT	Affine_Arithmetic.Executable_Euclidean_Space
Enum.finite_5.typerep_finite_5_pre_finite_5_inst.typerep_finite_5_pre_finite_5	inst_infix	HOL.Enum
Enum.finite_4.typerep_finite_4_pre_finite_4_inst.typerep_finite_4_pre_finite_4	inst_infix	HOL.Enum
Bit_Operations.linordered_euclidean_semiring_bit_operations_class.or_num_graph	concealed	HOL.Bit_Operations
UnivPoly.up_ring.partial_term_of_up_ring_ext_inst.partial_term_of_up_ring_ext	inst_infix	HOL-Algebra.UnivPoly
UnivPoly.up_ring.full_exhaustive_up_ring_ext_inst.full_exhaustive_up_ring_ext	inst_infix	HOL-Algebra.UnivPoly
Tarski_Neutral_Continuity.Tarski_neutral_dimensionless.two_points_line_circle	KEPT	IsaGeoCoq.Tarski_Neutral_Continuity
Reflective_Field.fexpr.typerep_fexpr_IITN_fexpr_inst.typerep_fexpr_IITN_fexpr	infra_theory	HOL-Decision_Procs.Reflective_Field
Reflected_Multivariate_Polynomial.raw_sum.poly.sum2.sum.Sum_Type.pred_raw_sum	concealed	HOL-Decision_Procs.Reflected_Multivariate_Polynomial
Reachability_Analysis.sctn.typerep_sctn_IITN_sctn_inst.typerep_sctn_IITN_sctn	inst_infix	Ordinary_Differential_Equations.Reachability_Analysis
Quickcheck_Narrowing.property.property_pre_property.Rep_property_pre_property	concealed	HOL.Quickcheck_Narrowing
Quickcheck_Narrowing.property.property_pre_property.Abs_property_pre_property	concealed	HOL.Quickcheck_Narrowing
Quickcheck_Narrowing.pre_narrowing_type.narrowing_type.wit_pre_narrowing_type	concealed	HOL.Quickcheck_Narrowing
Quickcheck_Narrowing.pre_narrowing_type.narrowing_type.set_pre_narrowing_type	concealed	HOL.Quickcheck_Narrowing
Quickcheck_Narrowing.pre_narrowing_type.narrowing_type.rel_pre_narrowing_type	concealed	HOL.Quickcheck_Narrowing
Quickcheck_Narrowing.pre_narrowing_type.narrowing_type.map_pre_narrowing_type	concealed	HOL.Quickcheck_Narrowing
Quickcheck_Narrowing.pre_narrowing_term.narrowing_term.wit_pre_narrowing_term	concealed	HOL.Quickcheck_Narrowing
Quickcheck_Narrowing.pre_narrowing_term.narrowing_term.set_pre_narrowing_term	concealed	HOL.Quickcheck_Narrowing
Quickcheck_Narrowing.pre_narrowing_term.narrowing_term.rel_pre_narrowing_term	concealed	HOL.Quickcheck_Narrowing
Quickcheck_Narrowing.pre_narrowing_term.narrowing_term.map_pre_narrowing_term	concealed	HOL.Quickcheck_Narrowing
Quickcheck_Narrowing.pre_narrowing_cons.narrowing_cons.wit_pre_narrowing_cons	concealed	HOL.Quickcheck_Narrowing
Quickcheck_Narrowing.pre_narrowing_cons.narrowing_cons.set_pre_narrowing_cons	concealed	HOL.Quickcheck_Narrowing
Quickcheck_Narrowing.pre_narrowing_cons.narrowing_cons.rel_pre_narrowing_cons	concealed	HOL.Quickcheck_Narrowing
Quickcheck_Narrowing.pre_narrowing_cons.narrowing_cons.map_pre_narrowing_cons	concealed	HOL.Quickcheck_Narrowing
Field_as_Ring.unique_euclidean_semiring_complex_inst.division_segment_complex	inst_infix	HOL-Computational_Algebra.Field_as_Ring
Executable_Euclidean_Space.executable_euclidean_space_vec_inst.Basis_list_vec	inst_infix	Affine_Arithmetic.Executable_Euclidean_Space
Commutative_Ring.polex.typerep_polex_IITN_polex_inst.typerep_polex_IITN_polex	infra_theory	HOL-Decision_Procs.Commutative_Ring
Bit_Operations.linordered_euclidean_semiring_bit_operations_class.or_num_sumC	KEPT	HOL.Bit_Operations
Unique_Factorization_Poly.euclidean_semiring_fract_inst.euclidean_size_fract	inst_infix	Berlekamp_Zassenhaus.Unique_Factorization_Poly
Tarski_Postulate_Parallels.Tarski_neutral_dimensionless.posidonius_postulate	KEPT	IsaGeoCoq.Tarski_Postulate_Parallels
Tarski_Postulate_Parallels.Tarski_neutral_dimensionless.playfair_s_postulate	KEPT	IsaGeoCoq.Tarski_Postulate_Parallels
Tarski_Neutral_Continuity.Tarski_neutral_dimensionless.one_point_line_circle	KEPT	IsaGeoCoq.Tarski_Neutral_Continuity
Reflected_Multivariate_Polynomial.raw_sum.poly.sum2.sum.Sum_Type.set_raw_sum	concealed	HOL-Decision_Procs.Reflected_Multivariate_Polynomial
Reflected_Multivariate_Polynomial.raw_sum.poly.sum2.sum.Sum_Type.rel_raw_sum	concealed	HOL-Decision_Procs.Reflected_Multivariate_Polynomial
Reflected_Multivariate_Polynomial.raw_sum.poly.sum2.sum.Sum_Type.map_raw_sum	concealed	HOL-Decision_Procs.Reflected_Multivariate_Polynomial
Reflected_Multivariate_Polynomial.raw_sum.poly.sum1.sum.Sum_Type.set_raw_sum	concealed	HOL-Decision_Procs.Reflected_Multivariate_Polynomial
Quickcheck_Narrowing.ffun.typerep_ffun_IITN_ffun_inst.typerep_ffun_IITN_ffun	inst_infix	HOL.Quickcheck_Narrowing
Quickcheck_Narrowing.cfun.typerep_cfun_IITN_cfun_inst.typerep_cfun_IITN_cfun	inst_infix	HOL.Quickcheck_Narrowing
Pratt_Certificate.pratt.typerep_pratt_pre_pratt_inst.typerep_pratt_pre_pratt	inst_infix	Pratt_Certificate.Pratt_Certificate
Pratt_Certificate.partial_term_of_pratt_tree_inst.partial_term_of_pratt_tree	inst_infix	Pratt_Certificate.Pratt_Certificate
Multiseries_Expansion.raw_sum.ssig_msllist_v0.sum2.sum.Sum_Type.pred_raw_sum	concealed	HOL-Real_Asymp.Multiseries_Expansion
Multiseries_Expansion.partial_term_of_msstream_inst.partial_term_of_msstream	inst_infix	HOL-Real_Asymp.Multiseries_Expansion
Multiseries_Expansion.full_exhaustive_msstream_inst.full_exhaustive_msstream	inst_infix	HOL-Real_Asymp.Multiseries_Expansion
Geo_Real2.real2.neu.postulate_of_existence_of_a_right_saccheri_quadrilateral	KEPT	MathBench_ProverBase.Geo_Real2
Gaussian_Integers.euclidean_semiring_gauss_int_inst.euclidean_size_gauss_int	inst_infix	Gaussian_Integers.Gaussian_Integers
Executable_Euclidean_Space.executable_euclidean_space_vec_inst.eucl_down_vec	inst_infix	Affine_Arithmetic.Executable_Euclidean_Space
Executable_Euclidean_Space.executable_euclidean_space_class.eucl_truncate_up	KEPT	Affine_Arithmetic.Executable_Euclidean_Space
Code_Numeral.unique_euclidean_semiring_natural_inst.division_segment_natural	inst_infix	HOL.Code_Numeral
Code_Numeral.unique_euclidean_semiring_integer_inst.division_segment_integer	inst_infix	HOL.Code_Numeral
Bit_Operations.linordered_euclidean_semiring_bit_operations_class.or_num_rel	concealed	HOL.Bit_Operations
Bit_Operations.linordered_euclidean_semiring_bit_operations_class.or_num_dom	KEPT	HOL.Bit_Operations
Reflective_Field.fexpr.typerep_fexpr_pre_fexpr_inst.typerep_fexpr_pre_fexpr	infra_theory	HOL-Decision_Procs.Reflective_Field
Quickcheck_Narrowing.partial_term_of_property_inst.partial_term_of_property	KEPT	HOL.Quickcheck_Narrowing
Quickcheck_Exhaustive.unknown.unknown_IITN_unknown.Rep_unknown_IITN_unknown	concealed	HOL.Quickcheck_Exhaustive
Quickcheck_Exhaustive.unknown.unknown_IITN_unknown.Abs_unknown_IITN_unknown	concealed	HOL.Quickcheck_Exhaustive
Poly_Mapping.partial_term_of_poly_mapping_inst.partial_term_of_poly_mapping	inst_infix	HOL-Library.Poly_Mapping
Multiseries_Expansion.raw_sum.ssig_msllist_v0.sum2.sum.Sum_Type.rel_raw_sum	concealed	HOL-Real_Asymp.Multiseries_Expansion
Multiseries_Expansion.raw_sum.ssig_msllist_v0.sum2.sum.Sum_Type.map_raw_sum	concealed	HOL-Real_Asymp.Multiseries_Expansion
Lattice_Constructions.flat_complete_lattice.ctor_fold_flat_complete_lattice	concealed	HOL-Library.Lattice_Constructions
Geo_Real2.real2.neu.postulate_of_existence_of_a_right_lambert_quadrilateral	KEPT	MathBench_ProverBase.Geo_Real2
Countable_Complete_Lattices.class.countable_complete_distrib_lattice_axioms	class_infix	HOL-Library.Countable_Complete_Lattices
Conditionally_Complete_Lattices.class.conditionally_complete_lattice_axioms	class_infix	HOL.Conditionally_Complete_Lattices
Commutative_Ring.polex.typerep_polex_pre_polex_inst.typerep_polex_pre_polex	infra_theory	HOL-Decision_Procs.Commutative_Ring
Unique_Factorization_Poly.normalization_semidom_fract_inst.normalize_fract	inst_infix	Berlekamp_Zassenhaus.Unique_Factorization_Poly
Tarski_Postulate_Parallels.Tarski_neutral_dimensionless.triangle_postulate	KEPT	IsaGeoCoq.Tarski_Postulate_Parallels
Tarski_Neutral_Continuity.Tarski_neutral_dimensionless.circle_circle_axiom	KEPT	IsaGeoCoq.Tarski_Neutral_Continuity
Reflective_Field.raw_prod.pexpr1.sum2.sum1.prod.Product_Type.pred_raw_prod	concealed	HOL-Decision_Procs.Reflective_Field
Quickcheck_Narrowing.raw_prod.property.sum1.prod.Product_Type.wit_raw_prod	concealed	HOL.Quickcheck_Narrowing
Quickcheck_Narrowing.ffun.typerep_ffun_pre_ffun_inst.typerep_ffun_pre_ffun	inst_infix	HOL.Quickcheck_Narrowing
Quickcheck_Exhaustive.partial_term_of_unknown_inst.partial_term_of_unknown	inst_infix	HOL.Quickcheck_Exhaustive
Quickcheck_Exhaustive.full_exhaustive_natural_inst.full_exhaustive_natural	inst_infix	HOL.Quickcheck_Exhaustive
Quickcheck_Exhaustive.full_exhaustive_integer_inst.full_exhaustive_integer	inst_infix	HOL.Quickcheck_Exhaustive
Parallel.future.typerep_future_IITN_future_inst.typerep_future_IITN_future	inst_infix	HOL-Library.Parallel
Multiseries_Expansion.typerep_ssig_msllist_v4_inst.typerep_ssig_msllist_v4	concealed	HOL-Real_Asymp.Multiseries_Expansion
Multiseries_Expansion.typerep_ssig_msllist_v3_inst.typerep_ssig_msllist_v3	concealed	HOL-Real_Asymp.Multiseries_Expansion
Multiseries_Expansion.typerep_ssig_msllist_v2_inst.typerep_ssig_msllist_v2	concealed	HOL-Real_Asymp.Multiseries_Expansion
Multiseries_Expansion.typerep_ssig_msllist_v1_inst.typerep_ssig_msllist_v1	concealed	HOL-Real_Asymp.Multiseries_Expansion
Multiseries_Expansion.typerep_ssig_msllist_v0_inst.typerep_ssig_msllist_v0	concealed	HOL-Real_Asymp.Multiseries_Expansion
Multiseries_Expansion.partial_term_of_msllist_inst.partial_term_of_msllist	inst_infix	HOL-Real_Asymp.Multiseries_Expansion
Multiseries_Expansion.full_exhaustive_msllist_inst.full_exhaustive_msllist	inst_infix	HOL-Real_Asymp.Multiseries_Expansion
Lattice_Constructions.flat_complete_lattice.str_init_flat_complete_lattice	concealed	HOL-Library.Lattice_Constructions
Lattice_Constructions.flat_complete_lattice.ctor_rec_flat_complete_lattice	concealed	HOL-Library.Lattice_Constructions
Landau_Real_Products.primfun.primfun_IITN_primfun.Rep_primfun_IITN_primfun	concealed	Landau_Symbols.Landau_Real_Products
Landau_Real_Products.primfun.primfun_IITN_primfun.Abs_primfun_IITN_primfun	concealed	Landau_Symbols.Landau_Real_Products
Geo_Real2.real2.neu.postulate_of_parallelism_of_perpendicular_transversals	KEPT	MathBench_ProverBase.Geo_Real2
Gaussian_Integers.partial_term_of_gauss_int_inst.partial_term_of_gauss_int	inst_infix	Gaussian_Integers.Gaussian_Integers
Gaussian_Integers.normalization_semidom_gauss_int_inst.normalize_gauss_int	inst_infix	Gaussian_Integers.Gaussian_Integers
Gaussian_Integers.full_exhaustive_gauss_int_inst.full_exhaustive_gauss_int	inst_infix	Gaussian_Integers.Gaussian_Integers
Extended_Real.ereal.typerep_ereal_IITN_ereal_inst.typerep_ereal_IITN_ereal	inst_infix	HOL-Library.Extended_Real
Dirichlet_Series_Analysis.nat_power_normed_field_real_inst.real_power_real	inst_infix	Dirichlet_Series.Dirichlet_Series_Analysis
Bounded_Linear_Operator.partial_term_of_blinop_inst.partial_term_of_blinop	inst_infix	Ordinary_Differential_Equations.Bounded_Linear_Operator
Tarski_Postulate_Parallels.Tarski_neutral_dimensionless.proclus_postulate	KEPT	IsaGeoCoq.Tarski_Postulate_Parallels
Tarski_Neutral_Continuity.Tarski_neutral_dimensionless.euclid_s_prop_1_22	KEPT	IsaGeoCoq.Tarski_Neutral_Continuity
Tarski_Neutral_Continuity.Tarski_neutral_dimensionless.FirstOrderDedekind	KEPT	IsaGeoCoq.Tarski_Neutral_Continuity
Reflective_Field.raw_prod.pexpr1.sum2.sum1.prod.Product_Type.rel_raw_prod	concealed	HOL-Decision_Procs.Reflective_Field
Reflective_Field.raw_prod.pexpr1.sum2.sum1.prod.Product_Type.map_raw_prod	concealed	HOL-Decision_Procs.Reflective_Field
Record.pre_tuple_isomorphism.tuple_isomorphism.pred_pre_tuple_isomorphism	concealed	HOL.Record
Quickcheck_Exhaustive.pre_three_valued.three_valued.pred_pre_three_valued	concealed	HOL.Quickcheck_Exhaustive
Parametric_Ferrante_Rackoff.tm.typerep_tm_IITN_tm_inst.typerep_tm_IITN_tm	infra_theory	HOL-Decision_Procs.Parametric_Ferrante_Rackoff
Parametric_Ferrante_Rackoff.raw_sum.fm.sum2.sum2.sum.Sum_Type.set_raw_sum	concealed	HOL-Decision_Procs.Parametric_Ferrante_Rackoff
Parametric_Ferrante_Rackoff.raw_sum.fm.sum2.sum1.sum.Sum_Type.set_raw_sum	concealed	HOL-Decision_Procs.Parametric_Ferrante_Rackoff
Parametric_Ferrante_Rackoff.fm.typerep_fm_IITN_fm_inst.typerep_fm_IITN_fm	infra_theory	HOL-Decision_Procs.Parametric_Ferrante_Rackoff
Multiseries_Expansion.ms.typerep_ms_pre_ms_bdT_inst.typerep_ms_pre_ms_bdT	adt_record	HOL-Real_Asymp.Multiseries_Expansion
Lattice_Constructions.flat_complete_lattice.min_alg_flat_complete_lattice	concealed	HOL-Library.Lattice_Constructions
Landau_Real_Products.partial_term_of_primfun_inst.partial_term_of_primfun	inst_infix	Landau_Symbols.Landau_Real_Products
Landau_Real_Products.full_exhaustive_primfun_inst.full_exhaustive_primfun	inst_infix	Landau_Symbols.Landau_Real_Products
Interval_Float.float.interval.option.x_x.float.float.prod.option.Rep_isom	concealed	HOL-Library.Interval_Float
Interval_Float.float.interval.option.x_x.float.float.prod.option.Abs_isom	concealed	HOL-Library.Interval_Float
Euclidean_Algorithm.normalization_euclidean_semiring_multiplicative_class	class_pred	HOL-Computational_Algebra.Euclidean_Algorithm
Euclidean_Algorithm.class.normalization_euclidean_semiring_multiplicative	class_infix	HOL-Computational_Algebra.Euclidean_Algorithm
Congruence.partial_object.partial_object_ext.partial_object_ext_Tuple_Iso	adt_record	HOL-Algebra.Congruence
Approximation.raw_prod.form.sum1.sum2.sum1.prod.Product_Type.wit_raw_prod	concealed	HOL-Decision_Procs.Approximation
Tarski_Postulate_Parallels.Tarski_neutral_dimensionless.thales_postulate	KEPT	IsaGeoCoq.Tarski_Postulate_Parallels
Tarski_Neutral_Continuity.Tarski_neutral_dimensionless.circle_circle_two	KEPT	IsaGeoCoq.Tarski_Neutral_Continuity
Tarski_Neutral_Continuity.Tarski_neutral_dimensionless.circle_circle_bis	KEPT	IsaGeoCoq.Tarski_Neutral_Continuity
Tarski_Neutral_Archimedes.Tarski_neutral_dimensionless.greenberg_s_axiom	KEPT	IsaGeoCoq.Tarski_Neutral_Archimedes
Tarski_Neutral_Archimedes.Tarski_neutral_dimensionless.aristotle_s_axiom	KEPT	IsaGeoCoq.Tarski_Neutral_Archimedes
Tarski_Neutral_Archimedes.Tarski_neutral_dimensionless.GradExpInvn_graph	concealed	IsaGeoCoq.Tarski_Neutral_Archimedes
State_Monad.state.typerep_state_IITN_state_inst.typerep_state_IITN_state	inst_infix	HOL-Library.State_Monad
Reflected_Multivariate_Polynomial.poly.poly_IITN_poly.Rep_poly_IITN_poly	concealed	HOL-Decision_Procs.Reflected_Multivariate_Polynomial
Reflected_Multivariate_Polynomial.poly.poly_IITN_poly.Abs_poly_IITN_poly	concealed	HOL-Decision_Procs.Reflected_Multivariate_Polynomial
Record.pre_tuple_isomorphism.tuple_isomorphism.wit_pre_tuple_isomorphism	concealed	HOL.Record
Record.pre_tuple_isomorphism.tuple_isomorphism.set_pre_tuple_isomorphism	concealed	HOL.Record
Record.pre_tuple_isomorphism.tuple_isomorphism.rel_pre_tuple_isomorphism	concealed	HOL.Record
Record.pre_tuple_isomorphism.tuple_isomorphism.map_pre_tuple_isomorphism	concealed	HOL.Record
Quickcheck_Exhaustive.pre_three_valued.three_valued.wit_pre_three_valued	concealed	HOL.Quickcheck_Exhaustive
Quickcheck_Exhaustive.pre_three_valued.three_valued.set_pre_three_valued	concealed	HOL.Quickcheck_Exhaustive
Quickcheck_Exhaustive.pre_three_valued.three_valued.rel_pre_three_valued	concealed	HOL.Quickcheck_Exhaustive
Quickcheck_Exhaustive.pre_three_valued.three_valued.map_pre_three_valued	concealed	HOL.Quickcheck_Exhaustive
Option.option.typerep_option_IITN_option_inst.typerep_option_IITN_option	inst_infix	HOL.Option
Multiseries_Expansion.typerep_sig_msllist_v4_inst.typerep_sig_msllist_v4	concealed	HOL-Real_Asymp.Multiseries_Expansion
Multiseries_Expansion.typerep_sig_msllist_v3_inst.typerep_sig_msllist_v3	concealed	HOL-Real_Asymp.Multiseries_Expansion
Multiseries_Expansion.typerep_sig_msllist_v2_inst.typerep_sig_msllist_v2	concealed	HOL-Real_Asymp.Multiseries_Expansion
Multiseries_Expansion.typerep_sig_msllist_v1_inst.typerep_sig_msllist_v1	concealed	HOL-Real_Asymp.Multiseries_Expansion
Multiseries_Expansion.typerep_sig_msllist_v0_inst.typerep_sig_msllist_v0	concealed	HOL-Real_Asymp.Multiseries_Expansion
Module.module.partial_term_of_module_ext_inst.partial_term_of_module_ext	inst_infix	HOL-Algebra.Module
Module.module.full_exhaustive_module_ext_inst.full_exhaustive_module_ext	inst_infix	HOL-Algebra.Module
Lattice_Constructions.top.typerep_top_IITN_top_inst.typerep_top_IITN_top	inst_infix	HOL-Library.Lattice_Constructions
Lattice_Constructions.bot.typerep_bot_IITN_bot_inst.typerep_bot_IITN_bot	inst_infix	HOL-Library.Lattice_Constructions
IArray.iarray.typerep_iarray_IITN_iarray_inst.typerep_iarray_IITN_iarray	inst_infix	HOL-Library.IArray
Bounded_Continuous_Function.uniformity_bcontfun_inst.uniformity_bcontfun	inst_infix	HOL-Analysis.Bounded_Continuous_Function
Bit_Operations.linordered_euclidean_semiring_bit_operations_class.or_num	KEPT	HOL.Bit_Operations
Bit_Operations.linordered_euclidean_semiring_bit_operations.or_num_graph	concealed	HOL.Bit_Operations
Approximation.raw_sum.floatarith.sum1.sum2.sum2.sum.Sum_Type.set_raw_sum	concealed	HOL-Decision_Procs.Approximation
Approximation.partial_term_of_floatarith_inst.partial_term_of_floatarith	infra_theory	HOL-Decision_Procs.Approximation
Approximation.full_exhaustive_floatarith_inst.full_exhaustive_floatarith	infra_theory	HOL-Decision_Procs.Approximation
Tarski_Neutral_Archimedes.Tarski_neutral_dimensionless.archimedes_axiom	KEPT	IsaGeoCoq.Tarski_Neutral_Archimedes
Tarski_Neutral_Archimedes.Tarski_neutral_dimensionless.GradExpInvn_sumC	KEPT	IsaGeoCoq.Tarski_Neutral_Archimedes
Semiring_Normalization.class.comm_semiring_1_cancel_crossproduct_axioms	class_infix	HOL.Semiring_Normalization
Quickcheck_Narrowing.typerep_narrowing_type_inst.typerep_narrowing_type	inst_infix	HOL.Quickcheck_Narrowing
Quickcheck_Narrowing.typerep_narrowing_term_inst.typerep_narrowing_term	inst_infix	HOL.Quickcheck_Narrowing
Quickcheck_Narrowing.typerep_narrowing_cons_inst.typerep_narrowing_cons	KEPT	HOL.Quickcheck_Narrowing
Quickcheck_Narrowing.term_of_narrowing_type_inst.term_of_narrowing_type	inst_infix	HOL.Quickcheck_Narrowing
Quickcheck_Narrowing.term_of_narrowing_term_inst.term_of_narrowing_term	inst_infix	HOL.Quickcheck_Narrowing
Quickcheck_Narrowing.term_of_narrowing_cons_inst.term_of_narrowing_cons	KEPT	HOL.Quickcheck_Narrowing
Parametric_Ferrante_Rackoff.tm.typerep_tm_pre_tm_inst.typerep_tm_pre_tm	infra_theory	HOL-Decision_Procs.Parametric_Ferrante_Rackoff
Parametric_Ferrante_Rackoff.fm.typerep_fm_pre_fm_inst.typerep_fm_pre_fm	infra_theory	HOL-Decision_Procs.Parametric_Ferrante_Rackoff
Order.gorder.partial_term_of_gorder_ext_inst.partial_term_of_gorder_ext	inst_infix	HOL-Algebra.Order
Order.gorder.full_exhaustive_gorder_ext_inst.full_exhaustive_gorder_ext	inst_infix	HOL-Algebra.Order
Multiseries_Expansion.raw_sum.ssig_msllist_v4.sum.Sum_Type.pred_raw_sum	concealed	HOL-Real_Asymp.Multiseries_Expansion
Multiseries_Expansion.raw_sum.ssig_msllist_v3.sum.Sum_Type.pred_raw_sum	concealed	HOL-Real_Asymp.Multiseries_Expansion
Multiseries_Expansion.raw_sum.ssig_msllist_v2.sum.Sum_Type.pred_raw_sum	concealed	HOL-Real_Asymp.Multiseries_Expansion
Multiseries_Expansion.raw_sum.ssig_msllist_v1.sum.Sum_Type.pred_raw_sum	concealed	HOL-Real_Asymp.Multiseries_Expansion
Group.monoid.partial_term_of_monoid_ext_inst.partial_term_of_monoid_ext	inst_infix	HOL-Algebra.Group
Group.monoid.full_exhaustive_monoid_ext_inst.full_exhaustive_monoid_ext	inst_infix	HOL-Algebra.Group
Field_as_Ring.unique_euclidean_semiring_real_inst.division_segment_real	inst_infix	HOL-Computational_Algebra.Field_as_Ring
Euclidean_Rings.unique_euclidean_semiring_nat_inst.division_segment_nat	inst_infix	HOL.Euclidean_Rings
Euclidean_Rings.unique_euclidean_semiring_int_inst.division_segment_int	inst_infix	HOL.Euclidean_Rings
Code_Evaluation.term.typerep_term_IITN_term_inst.typerep_term_IITN_term	infra_theory	HOL.Code_Evaluation
Catalan_Numbers.tree.typerep_tree_IITN_tree_inst.typerep_tree_IITN_tree	inst_infix	Catalan_Numbers.Catalan_Numbers
Bit_Operations.linordered_euclidean_semiring_bit_operations.or_num_sumC	class_variant	HOL.Bit_Operations
Tarski_Neutral_Continuity.Tarski_neutral_dimensionless.DedekindVariant	KEPT	IsaGeoCoq.Tarski_Neutral_Continuity
Tarski_Neutral_Archimedes.Tarski_neutral_dimensionless.GradExpInvn_rel	concealed	IsaGeoCoq.Tarski_Neutral_Archimedes
Tarski_Neutral_Archimedes.Tarski_neutral_dimensionless.GradExpInvn_dom	KEPT	IsaGeoCoq.Tarski_Neutral_Archimedes
Square_Matrix.partial_term_of_sq_matrix_inst.partial_term_of_sq_matrix	inst_infix	Cayley_Hamilton.Square_Matrix
Reflected_Multivariate_Polynomial.poly.poly_pre_poly.Rep_poly_pre_poly	concealed	HOL-Decision_Procs.Reflected_Multivariate_Polynomial
Reflected_Multivariate_Polynomial.poly.poly_pre_poly.Abs_poly_pre_poly	concealed	HOL-Decision_Procs.Reflected_Multivariate_Polynomial
Quickcheck_Narrowing.raw_prod.ffun.sum2.prod.Product_Type.wit_raw_prod	concealed	HOL.Quickcheck_Narrowing
Parity.linordered_euclidean_semiring_division_nat_inst.divmod_step_nat	inst_infix	HOL.Parity
Parity.linordered_euclidean_semiring_division_int_inst.divmod_step_int	inst_infix	HOL.Parity
Parametric_Ferrante_Rackoff.partial_term_of_tm_inst.partial_term_of_tm	infra_theory	HOL-Decision_Procs.Parametric_Ferrante_Rackoff
Parametric_Ferrante_Rackoff.partial_term_of_fm_inst.partial_term_of_fm	infra_theory	HOL-Decision_Procs.Parametric_Ferrante_Rackoff
Parametric_Ferrante_Rackoff.full_exhaustive_tm_inst.full_exhaustive_tm	infra_theory	HOL-Decision_Procs.Parametric_Ferrante_Rackoff
Parametric_Ferrante_Rackoff.full_exhaustive_fm_inst.full_exhaustive_fm	infra_theory	HOL-Decision_Procs.Parametric_Ferrante_Rackoff
Multiseries_Expansion.raw_sum.ssig_msllist_v4.sum.Sum_Type.rel_raw_sum	concealed	HOL-Real_Asymp.Multiseries_Expansion
Multiseries_Expansion.raw_sum.ssig_msllist_v4.sum.Sum_Type.map_raw_sum	concealed	HOL-Real_Asymp.Multiseries_Expansion
Multiseries_Expansion.raw_sum.ssig_msllist_v3.sum.Sum_Type.rel_raw_sum	concealed	HOL-Real_Asymp.Multiseries_Expansion
Multiseries_Expansion.raw_sum.ssig_msllist_v3.sum.Sum_Type.map_raw_sum	concealed	HOL-Real_Asymp.Multiseries_Expansion
Multiseries_Expansion.raw_sum.ssig_msllist_v2.sum.Sum_Type.rel_raw_sum	concealed	HOL-Real_Asymp.Multiseries_Expansion
Multiseries_Expansion.raw_sum.ssig_msllist_v2.sum.Sum_Type.map_raw_sum	concealed	HOL-Real_Asymp.Multiseries_Expansion
Multiseries_Expansion.raw_sum.ssig_msllist_v1.sum.Sum_Type.rel_raw_sum	concealed	HOL-Real_Asymp.Multiseries_Expansion
Multiseries_Expansion.raw_sum.ssig_msllist_v1.sum.Sum_Type.map_raw_sum	concealed	HOL-Real_Asymp.Multiseries_Expansion
Multiseries_Expansion.raw_sum.sig_msllist_v4.sum.Sum_Type.pred_raw_sum	concealed	HOL-Real_Asymp.Multiseries_Expansion
Multiseries_Expansion.raw_sum.sig_msllist_v3.sum.Sum_Type.pred_raw_sum	concealed	HOL-Real_Asymp.Multiseries_Expansion
Multiseries_Expansion.raw_sum.sig_msllist_v2.sum.Sum_Type.pred_raw_sum	concealed	HOL-Real_Asymp.Multiseries_Expansion
Multiseries_Expansion.raw_sum.sig_msllist_v1.sum.Sum_Type.pred_raw_sum	concealed	HOL-Real_Asymp.Multiseries_Expansion
Lattice_Constructions.flat_complete_lattice.size_flat_complete_lattice	adt_record	HOL-Library.Lattice_Constructions
Lattice_Constructions.flat_complete_lattice.pred_flat_complete_lattice	KEPT	HOL-Library.Lattice_Constructions
Lattice_Constructions.flat_complete_lattice.dtor_flat_complete_lattice	concealed	HOL-Library.Lattice_Constructions
Lattice_Constructions.flat_complete_lattice.ctor_flat_complete_lattice	concealed	HOL-Library.Lattice_Constructions
Lattice_Constructions.flat_complete_lattice.case_flat_complete_lattice	KEPT	HOL-Library.Lattice_Constructions
Interval_Float.float.interval.option.x_x.float.float.prod.option.sel21	concealed	HOL-Library.Interval_Float
Executable_Euclidean_Space.executable_euclidean_space_class.Basis_list	KEPT	Affine_Arithmetic.Executable_Euclidean_Space
Enum.unique_euclidean_semiring_finite_3_inst.division_segment_finite_3	inst_infix	HOL.Enum
Enum.unique_euclidean_semiring_finite_2_inst.division_segment_finite_2	inst_infix	HOL.Enum
Commutative_Ring.raw_prod.pol.sum2.sum2.prod.Product_Type.wit_raw_prod	concealed	HOL-Decision_Procs.Commutative_Ring
Bit_Operations.linordered_euclidean_semiring_bit_operations.or_num_rel	concealed	HOL.Bit_Operations
Bit_Operations.linordered_euclidean_semiring_bit_operations.or_num_dom	class_variant	HOL.Bit_Operations
Tarski_Neutral_Continuity.Tarski_neutral_dimensionless.segment_circle	KEPT	IsaGeoCoq.Tarski_Neutral_Continuity
Tarski_Neutral_Continuity.Tarski_neutral_dimensionless.DedekindsAxiom	KEPT	IsaGeoCoq.Tarski_Neutral_Continuity
Tarski_Neutral_Continuity.Tarski_neutral_dimensionless.DedekindLemFun	KEPT	IsaGeoCoq.Tarski_Neutral_Continuity
Tarski_Neutral_Archimedes.Tarski_neutral_dimensionless.GradExpn_graph	concealed	IsaGeoCoq.Tarski_Neutral_Archimedes
Parametric_Ferrante_Rackoff.raw_sum.tm.sum2.sum.Sum_Type.pred_raw_sum	concealed	HOL-Decision_Procs.Parametric_Ferrante_Rackoff
Parametric_Ferrante_Rackoff.raw_sum.fm.sum2.sum.Sum_Type.pred_raw_sum	concealed	HOL-Decision_Procs.Parametric_Ferrante_Rackoff
Multiseries_Expansion.raw_sum.sig_msllist_v4.sum.Sum_Type.rel_raw_sum	concealed	HOL-Real_Asymp.Multiseries_Expansion
Multiseries_Expansion.raw_sum.sig_msllist_v4.sum.Sum_Type.map_raw_sum	concealed	HOL-Real_Asymp.Multiseries_Expansion
Multiseries_Expansion.raw_sum.sig_msllist_v3.sum.Sum_Type.rel_raw_sum	concealed	HOL-Real_Asymp.Multiseries_Expansion
Multiseries_Expansion.raw_sum.sig_msllist_v3.sum.Sum_Type.map_raw_sum	concealed	HOL-Real_Asymp.Multiseries_Expansion
Multiseries_Expansion.raw_sum.sig_msllist_v2.sum.Sum_Type.rel_raw_sum	concealed	HOL-Real_Asymp.Multiseries_Expansion
Multiseries_Expansion.raw_sum.sig_msllist_v2.sum.Sum_Type.map_raw_sum	concealed	HOL-Real_Asymp.Multiseries_Expansion
Multiseries_Expansion.raw_sum.sig_msllist_v1.sum.Sum_Type.rel_raw_sum	concealed	HOL-Real_Asymp.Multiseries_Expansion
Multiseries_Expansion.raw_sum.sig_msllist_v1.sum.Sum_Type.map_raw_sum	concealed	HOL-Real_Asymp.Multiseries_Expansion
Lattice_Constructions.flat_complete_lattice.wit_flat_complete_lattice	adt_record	HOL-Library.Lattice_Constructions
Lattice_Constructions.flat_complete_lattice.set_flat_complete_lattice	KEPT	HOL-Library.Lattice_Constructions
Lattice_Constructions.flat_complete_lattice.rel_flat_complete_lattice	KEPT	HOL-Library.Lattice_Constructions
Lattice_Constructions.flat_complete_lattice.rec_flat_complete_lattice	KEPT	HOL-Library.Lattice_Constructions
Lattice_Constructions.flat_complete_lattice.mor_flat_complete_lattice	concealed	HOL-Library.Lattice_Constructions
Lattice_Constructions.flat_complete_lattice.map_flat_complete_lattice	KEPT	HOL-Library.Lattice_Constructions
Lattice_Constructions.flat_complete_lattice.alg_flat_complete_lattice	concealed	HOL-Library.Lattice_Constructions
Lattice_Constructions.flat_complete_lattice.Rep_flat_complete_lattice	concealed	HOL-Library.Lattice_Constructions
Lattice_Constructions.flat_complete_lattice.Abs_flat_complete_lattice	concealed	HOL-Library.Lattice_Constructions
Interval_Float.float.interval.option.x_x.float.float.prod.option.dis2	concealed	HOL-Library.Interval_Float
Interval_Float.float.interval.option.x_x.float.float.prod.option.dis1	concealed	HOL-Library.Interval_Float
Integral_Test.antimono_fun_sum_integral_diff.sum_integral_diff_series	KEPT	HOL-Analysis.Integral_Test
Field_as_Ring.unique_euclidean_semiring_rat_inst.division_segment_rat	inst_infix	HOL-Computational_Algebra.Field_as_Ring
Executable_Euclidean_Space.executable_euclidean_space_class.eucl_down	KEPT	Affine_Arithmetic.Executable_Euclidean_Space
Congruence.eq_object.typerep_eq_object_ext_inst.typerep_eq_object_ext	inst_infix	HOL-Algebra.Congruence
Congruence.eq_object.term_of_eq_object_ext_inst.term_of_eq_object_ext	inst_infix	HOL-Algebra.Congruence
Conditionally_Complete_Lattices.conditionally_complete_linorder_class	class_pred	HOL.Conditionally_Complete_Lattices
Conditionally_Complete_Lattices.class.conditionally_complete_linorder	class_infix	HOL.Conditionally_Complete_Lattices
Comparator.full_exhaustive_comparator_inst.full_exhaustive_comparator	inst_infix	HOL-Library.Comparator
Approximation.form.typerep_form_IITN_form_inst.typerep_form_IITN_form	infra_theory	HOL-Decision_Procs.Approximation
Tarski_Neutral_Continuity.Tarski_neutral_dimensionless.circle_circle	KEPT	IsaGeoCoq.Tarski_Neutral_Continuity
Tarski_Neutral_Archimedes.Tarski_neutral_dimensionless.GradExpn_sumC	KEPT	IsaGeoCoq.Tarski_Neutral_Archimedes
Tarski_Neutral.Tarski_neutral_dimensionless.plane_intersection_axiom	KEPT	IsaGeoCoq.Tarski_Neutral
Tarski_Neutral.Tarski_neutral_dimensionless.orthonormal_family_axiom	KEPT	IsaGeoCoq.Tarski_Neutral
Reflected_Multivariate_Polynomial.narrowing_poly_inst.narrowing_poly	infra_theory	HOL-Decision_Procs.Reflected_Multivariate_Polynomial
Reachability_Analysis.partial_term_of_sctn_inst.partial_term_of_sctn	inst_infix	Ordinary_Differential_Equations.Reachability_Analysis
Reachability_Analysis.full_exhaustive_sctn_inst.full_exhaustive_sctn	inst_infix	Ordinary_Differential_Equations.Reachability_Analysis
Quickcheck_Exhaustive.typerep_three_valued_inst.typerep_three_valued	inst_infix	HOL.Quickcheck_Exhaustive
Quickcheck_Exhaustive.term_of_three_valued_inst.term_of_three_valued	inst_infix	HOL.Quickcheck_Exhaustive
Quickcheck_Exhaustive.full_exhaustive_prod_inst.full_exhaustive_prod	inst_infix	HOL.Quickcheck_Exhaustive
Polynomial.unique_euclidean_semiring_poly_inst.division_segment_poly	inst_infix	HOL-Computational_Algebra.Polynomial
Parametric_Ferrante_Rackoff.raw_sum.tm.sum2.sum.Sum_Type.set_raw_sum	concealed	HOL-Decision_Procs.Parametric_Ferrante_Rackoff
Parametric_Ferrante_Rackoff.raw_sum.tm.sum2.sum.Sum_Type.rel_raw_sum	concealed	HOL-Decision_Procs.Parametric_Ferrante_Rackoff
Parametric_Ferrante_Rackoff.raw_sum.tm.sum2.sum.Sum_Type.map_raw_sum	concealed	HOL-Decision_Procs.Parametric_Ferrante_Rackoff
Parametric_Ferrante_Rackoff.raw_sum.fm.sum2.sum.Sum_Type.rel_raw_sum	concealed	HOL-Decision_Procs.Parametric_Ferrante_Rackoff
Parametric_Ferrante_Rackoff.raw_sum.fm.sum2.sum.Sum_Type.map_raw_sum	concealed	HOL-Decision_Procs.Parametric_Ferrante_Rackoff
Lazy_Sequence.pre_lazy_sequence.lazy_sequence.pred_pre_lazy_sequence	concealed	HOL.Lazy_Sequence
Lazy_Eval.partial_term_of_cmp_result_inst.partial_term_of_cmp_result	inst_infix	HOL-Real_Asymp.Lazy_Eval
Lazy_Eval.full_exhaustive_cmp_result_inst.full_exhaustive_cmp_result	inst_infix	HOL-Real_Asymp.Lazy_Eval
Interval_Float.pcr_float_interval_option_x_x_float_float_prod_option	concealed	HOL-Library.Interval_Float
Field_as_Ring.euclidean_semiring_complex_inst.euclidean_size_complex	inst_infix	HOL-Computational_Algebra.Field_as_Ring
Euclidean_Algorithm.normalization_euclidean_semiring_class.gcd_graph	concealed	HOL-Computational_Algebra.Euclidean_Algorithm
Countable_Complete_Lattices.countable_complete_distrib_lattice_class	class_pred	HOL-Library.Countable_Complete_Lattices
Countable_Complete_Lattices.class.countable_complete_distrib_lattice	class_infix	HOL-Library.Countable_Complete_Lattices
Continued_Fractions.partial_term_of_cfrac_inst.partial_term_of_cfrac	inst_infix	Continued_Fractions.Continued_Fractions
Continued_Fractions.full_exhaustive_cfrac_inst.full_exhaustive_cfrac	inst_infix	Continued_Fractions.Continued_Fractions
Conditionally_Complete_Lattices.conditionally_complete_lattice_class	class_pred	HOL.Conditionally_Complete_Lattices
Conditionally_Complete_Lattices.class.conditionally_complete_lattice	class_infix	HOL.Conditionally_Complete_Lattices
Code_Test.xml_tree.xml_tree_IITN_xml_tree.Rep_xml_tree_IITN_xml_tree	concealed	HOL-Library.Code_Test
Code_Test.xml_tree.xml_tree_IITN_xml_tree.Abs_xml_tree_IITN_xml_tree	concealed	HOL-Library.Code_Test
Approximation.raw_prod.form.sum1.sum1.prod.Product_Type.wit_raw_prod	concealed	HOL-Decision_Procs.Approximation
Tarski_Postulate_Parallels.Tarski_neutral_dimensionless.Postulate35	KEPT	IsaGeoCoq.Tarski_Postulate_Parallels
Tarski_Postulate_Parallels.Tarski_neutral_dimensionless.Postulate34	KEPT	IsaGeoCoq.Tarski_Postulate_Parallels
Tarski_Postulate_Parallels.Tarski_neutral_dimensionless.Postulate33	KEPT	IsaGeoCoq.Tarski_Postulate_Parallels
Tarski_Postulate_Parallels.Tarski_neutral_dimensionless.Postulate32	KEPT	IsaGeoCoq.Tarski_Postulate_Parallels
Tarski_Postulate_Parallels.Tarski_neutral_dimensionless.Postulate31	KEPT	IsaGeoCoq.Tarski_Postulate_Parallels
Tarski_Postulate_Parallels.Tarski_neutral_dimensionless.Postulate30	KEPT	IsaGeoCoq.Tarski_Postulate_Parallels
Tarski_Postulate_Parallels.Tarski_neutral_dimensionless.Postulate29	KEPT	IsaGeoCoq.Tarski_Postulate_Parallels
Tarski_Postulate_Parallels.Tarski_neutral_dimensionless.Postulate28	KEPT	IsaGeoCoq.Tarski_Postulate_Parallels
Tarski_Postulate_Parallels.Tarski_neutral_dimensionless.Postulate27	KEPT	IsaGeoCoq.Tarski_Postulate_Parallels
Tarski_Postulate_Parallels.Tarski_neutral_dimensionless.Postulate26	KEPT	IsaGeoCoq.Tarski_Postulate_Parallels
Tarski_Postulate_Parallels.Tarski_neutral_dimensionless.Postulate25	KEPT	IsaGeoCoq.Tarski_Postulate_Parallels
Tarski_Postulate_Parallels.Tarski_neutral_dimensionless.Postulate24	KEPT	IsaGeoCoq.Tarski_Postulate_Parallels
Tarski_Postulate_Parallels.Tarski_neutral_dimensionless.Postulate23	KEPT	IsaGeoCoq.Tarski_Postulate_Parallels
Tarski_Postulate_Parallels.Tarski_neutral_dimensionless.Postulate22	KEPT	IsaGeoCoq.Tarski_Postulate_Parallels
Tarski_Postulate_Parallels.Tarski_neutral_dimensionless.Postulate21	KEPT	IsaGeoCoq.Tarski_Postulate_Parallels
Tarski_Postulate_Parallels.Tarski_neutral_dimensionless.Postulate20	KEPT	IsaGeoCoq.Tarski_Postulate_Parallels
Tarski_Postulate_Parallels.Tarski_neutral_dimensionless.Postulate19	KEPT	IsaGeoCoq.Tarski_Postulate_Parallels
Tarski_Postulate_Parallels.Tarski_neutral_dimensionless.Postulate18	KEPT	IsaGeoCoq.Tarski_Postulate_Parallels
Tarski_Postulate_Parallels.Tarski_neutral_dimensionless.Postulate17	KEPT	IsaGeoCoq.Tarski_Postulate_Parallels
Tarski_Postulate_Parallels.Tarski_neutral_dimensionless.Postulate16	KEPT	IsaGeoCoq.Tarski_Postulate_Parallels
Tarski_Postulate_Parallels.Tarski_neutral_dimensionless.Postulate15	KEPT	IsaGeoCoq.Tarski_Postulate_Parallels
Tarski_Postulate_Parallels.Tarski_neutral_dimensionless.Postulate14	KEPT	IsaGeoCoq.Tarski_Postulate_Parallels
Tarski_Postulate_Parallels.Tarski_neutral_dimensionless.Postulate13	KEPT	IsaGeoCoq.Tarski_Postulate_Parallels
Tarski_Postulate_Parallels.Tarski_neutral_dimensionless.Postulate12	KEPT	IsaGeoCoq.Tarski_Postulate_Parallels
Tarski_Postulate_Parallels.Tarski_neutral_dimensionless.Postulate11	KEPT	IsaGeoCoq.Tarski_Postulate_Parallels
Tarski_Postulate_Parallels.Tarski_neutral_dimensionless.Postulate10	KEPT	IsaGeoCoq.Tarski_Postulate_Parallels
Tarski_Postulate_Parallels.Tarski_neutral_dimensionless.Postulate09	KEPT	IsaGeoCoq.Tarski_Postulate_Parallels
Tarski_Postulate_Parallels.Tarski_neutral_dimensionless.Postulate08	KEPT	IsaGeoCoq.Tarski_Postulate_Parallels
Tarski_Postulate_Parallels.Tarski_neutral_dimensionless.Postulate07	KEPT	IsaGeoCoq.Tarski_Postulate_Parallels
Tarski_Postulate_Parallels.Tarski_neutral_dimensionless.Postulate06	KEPT	IsaGeoCoq.Tarski_Postulate_Parallels
Tarski_Postulate_Parallels.Tarski_neutral_dimensionless.Postulate05	KEPT	IsaGeoCoq.Tarski_Postulate_Parallels
Tarski_Postulate_Parallels.Tarski_neutral_dimensionless.Postulate04	KEPT	IsaGeoCoq.Tarski_Postulate_Parallels
Tarski_Postulate_Parallels.Tarski_neutral_dimensionless.Postulate03	KEPT	IsaGeoCoq.Tarski_Postulate_Parallels
Tarski_Postulate_Parallels.Tarski_neutral_dimensionless.Postulate02	KEPT	IsaGeoCoq.Tarski_Postulate_Parallels
Tarski_Postulate_Parallels.Tarski_neutral_dimensionless.Postulate01	KEPT	IsaGeoCoq.Tarski_Postulate_Parallels
Tarski_Neutral_Continuity.Tarski_neutral_dimensionless.ConcyclicGen	KEPT	IsaGeoCoq.Tarski_Neutral_Continuity
Tarski_Neutral_Continuity.Tarski_neutral_dimensionless.CantorsAxiom	KEPT	IsaGeoCoq.Tarski_Neutral_Continuity
Tarski_Neutral_Archimedes.Tarski_neutral_dimensionless.GradExpn_rel	concealed	IsaGeoCoq.Tarski_Neutral_Archimedes
Tarski_Neutral_Archimedes.Tarski_neutral_dimensionless.GradExpn_dom	KEPT	IsaGeoCoq.Tarski_Neutral_Archimedes
Reflective_Field.partial_term_of_pexpr2_inst.partial_term_of_pexpr2	infra_theory	HOL-Decision_Procs.Reflective_Field
Reflective_Field.partial_term_of_pexpr1_inst.partial_term_of_pexpr1	infra_theory	HOL-Decision_Procs.Reflective_Field
Reflective_Field.full_exhaustive_pexpr2_inst.full_exhaustive_pexpr2	infra_theory	HOL-Decision_Procs.Reflective_Field
Reflective_Field.full_exhaustive_pexpr1_inst.full_exhaustive_pexpr1	infra_theory	HOL-Decision_Procs.Reflective_Field
Quickcheck_Narrowing.partial_term_of_ffun_inst.partial_term_of_ffun	inst_infix	HOL.Quickcheck_Narrowing
Quickcheck_Narrowing.partial_term_of_cfun_inst.partial_term_of_cfun	inst_infix	HOL.Quickcheck_Narrowing
Quickcheck_Narrowing.equal_narrowing_type_inst.equal_narrowing_type	inst_infix	HOL.Quickcheck_Narrowing
Quickcheck_Narrowing.equal_narrowing_term_inst.equal_narrowing_term	inst_infix	HOL.Quickcheck_Narrowing
Quickcheck_Narrowing.equal_narrowing_cons_inst.equal_narrowing_cons	KEPT	HOL.Quickcheck_Narrowing
Quickcheck_Exhaustive.check_all_finite_4_inst.enum_term_of_finite_4	inst_infix	HOL.Quickcheck_Exhaustive
Quickcheck_Exhaustive.check_all_finite_3_inst.enum_term_of_finite_3	inst_infix	HOL.Quickcheck_Exhaustive
Quickcheck_Exhaustive.check_all_finite_2_inst.enum_term_of_finite_2	inst_infix	HOL.Quickcheck_Exhaustive
Quickcheck_Exhaustive.check_all_finite_1_inst.enum_term_of_finite_1	inst_infix	HOL.Quickcheck_Exhaustive
Multiseries_Expansion.ms.typerep_ms_IITN_ms_inst.typerep_ms_IITN_ms	inst_infix	HOL-Real_Asymp.Multiseries_Expansion
MIR.raw_prod.num.sum2.sum2.sum2.sum2.prod.Product_Type.wit_raw_prod	concealed	HOL-Decision_Procs.MIR
Lazy_Sequence.pre_lazy_sequence.lazy_sequence.wit_pre_lazy_sequence	concealed	HOL.Lazy_Sequence
Lazy_Sequence.pre_lazy_sequence.lazy_sequence.set_pre_lazy_sequence	concealed	HOL.Lazy_Sequence
Lazy_Sequence.pre_lazy_sequence.lazy_sequence.rel_pre_lazy_sequence	concealed	HOL.Lazy_Sequence
Lazy_Sequence.pre_lazy_sequence.lazy_sequence.map_pre_lazy_sequence	concealed	HOL.Lazy_Sequence
Interval_Float.cr_float_interval_option_x_x_float_float_prod_option	concealed	HOL-Library.Interval_Float
Extended.extended.extended_IITN_extended.Rep_extended_IITN_extended	concealed	HOL-Library.Extended
Extended.extended.extended_IITN_extended.Abs_extended_IITN_extended	concealed	HOL-Library.Extended
Euclidean_Algorithm.normalization_euclidean_semiring_class.gcd_sumC	KEPT	HOL-Computational_Algebra.Euclidean_Algorithm
Dual_Ordered_Lattice.partial_term_of_dual_inst.partial_term_of_dual	inst_infix	HOL-Library.Dual_Ordered_Lattice
Countable_Complete_Lattices.class.countable_complete_lattice_axioms	class_infix	HOL-Library.Countable_Complete_Lattices
Congruence.partial_object.partial_object_ext.Rep_partial_object_ext	abs_rep_name	HOL-Algebra.Congruence
Congruence.partial_object.partial_object_ext.Abs_partial_object_ext	abs_rep_name	HOL-Algebra.Congruence
Congruence.eq_object.random_eq_object_ext_inst.random_eq_object_ext	inst_infix	HOL-Algebra.Congruence
Commutative_Ring.pol.typerep_pol_IITN_pol_inst.typerep_pol_IITN_pol	infra_theory	HOL-Decision_Procs.Commutative_Ring
Commutative_Ring.mon.typerep_mon_IITN_mon_inst.typerep_mon_IITN_mon	infra_theory	HOL-Decision_Procs.Commutative_Ring
Code_Numeral.semiring_bit_operations_natural_inst.unset_bit_natural	inst_infix	HOL.Code_Numeral
Code_Numeral.semiring_bit_operations_integer_inst.unset_bit_integer	inst_infix	HOL.Code_Numeral
Code_Numeral.euclidean_semiring_natural_inst.euclidean_size_natural	inst_infix	HOL.Code_Numeral
Code_Numeral.euclidean_semiring_integer_inst.euclidean_size_integer	inst_infix	HOL.Code_Numeral
Approximation.raw_sum.floatarith.sum2.sum1.sum.Sum_Type.set_raw_sum	concealed	HOL-Decision_Procs.Approximation
Approximation.raw_sum.floatarith.sum1.sum1.sum.Sum_Type.set_raw_sum	concealed	HOL-Decision_Procs.Approximation
Approximation.form.typerep_form_pre_form_inst.typerep_form_pre_form	infra_theory	HOL-Decision_Procs.Approximation
Unique_Factorization_Poly.unit_factor_fract_inst.unit_factor_fract	inst_infix	Berlekamp_Zassenhaus.Unique_Factorization_Poly
Tarski_Neutral_Archimedes.Tarski_neutral_dimensionless.Gradn_graph	concealed	IsaGeoCoq.Tarski_Neutral_Archimedes
Tarski_Neutral_Archimedes.Tarski_neutral_dimensionless.GradExpInvn	KEPT	IsaGeoCoq.Tarski_Neutral_Archimedes
Tarski_Neutral.Tarski_neutral_dimensionless.space_separation_axiom	KEPT	IsaGeoCoq.Tarski_Neutral
Quickcheck_Exhaustive.full_exhaustive_set_inst.full_exhaustive_set	inst_infix	HOL.Quickcheck_Exhaustive
Quickcheck_Exhaustive.full_exhaustive_nat_inst.full_exhaustive_nat	inst_infix	HOL.Quickcheck_Exhaustive
Quickcheck_Exhaustive.full_exhaustive_int_inst.full_exhaustive_int	inst_infix	HOL.Quickcheck_Exhaustive
Quickcheck_Exhaustive.full_exhaustive_fun_inst.full_exhaustive_fun	KEPT	HOL.Quickcheck_Exhaustive
Pratt_Certificate.partial_term_of_pratt_inst.partial_term_of_pratt	inst_infix	Pratt_Certificate.Pratt_Certificate
Pratt_Certificate.full_exhaustive_pratt_inst.full_exhaustive_pratt	inst_infix	Pratt_Certificate.Pratt_Certificate
Phantom_Type.phantom.phantom_IITN_phantom.Rep_phantom_IITN_phantom	concealed	HOL-Library.Phantom_Type
Phantom_Type.phantom.phantom_IITN_phantom.Abs_phantom_IITN_phantom	concealed	HOL-Library.Phantom_Type
Nitpick.pair_box.pair_box_IITN_pair_box.Rep_pair_box_IITN_pair_box	concealed	HOL.Nitpick
Nitpick.pair_box.pair_box_IITN_pair_box.Abs_pair_box_IITN_pair_box	concealed	HOL.Nitpick
Multiplicative_Function.completely_multiplicative_function'_axioms	KEPT	Dirichlet_Series.Multiplicative_Function
Lattice_Constructions.partial_term_of_top_inst.partial_term_of_top	inst_infix	HOL-Library.Lattice_Constructions
Lattice_Constructions.partial_term_of_bot_inst.partial_term_of_bot	inst_infix	HOL-Library.Lattice_Constructions
Lattice_Constructions.full_exhaustive_top_inst.full_exhaustive_top	inst_infix	HOL-Library.Lattice_Constructions
Lattice_Constructions.full_exhaustive_bot_inst.full_exhaustive_bot	inst_infix	HOL-Library.Lattice_Constructions
Gaussian_Integers.unit_factor_gauss_int_inst.unit_factor_gauss_int	inst_infix	Gaussian_Integers.Gaussian_Integers
Formal_Power_Series.euclidean_semiring_fps_inst.euclidean_size_fps	inst_infix	HOL-Computational_Algebra.Formal_Power_Series
Field_as_Ring.normalization_semidom_complex_inst.normalize_complex	inst_infix	HOL-Computational_Algebra.Field_as_Ring
Ferrack.raw_prod.num.sum1.sum2.sum2.prod.Product_Type.wit_raw_prod	concealed	HOL-Decision_Procs.Ferrack
Executable_Euclidean_Space.class.executable_euclidean_space_axioms	class_infix	Affine_Arithmetic.Executable_Euclidean_Space
Euclidean_Algorithm.normalization_euclidean_semiring_class.gcd_rel	concealed	HOL-Computational_Algebra.Euclidean_Algorithm
Euclidean_Algorithm.normalization_euclidean_semiring_class.gcd_dom	KEPT	HOL-Computational_Algebra.Euclidean_Algorithm
Equivalence_Lebesgue_Henstock_Integration.absolutely_integrable_on	KEPT	HOL-Analysis.Equivalence_Lebesgue_Henstock_Integration
Dirichlet_Series_Analysis.nat_power_complex_inst.nat_power_complex	inst_infix	Dirichlet_Series.Dirichlet_Series_Analysis
Comparator.comp.typerep_comp_IITN_comp_inst.typerep_comp_IITN_comp	inst_infix	HOL-Library.Comparator
Code_Numeral.semiring_bit_operations_natural_inst.take_bit_natural	inst_infix	HOL.Code_Numeral
Code_Numeral.semiring_bit_operations_natural_inst.push_bit_natural	inst_infix	HOL.Code_Numeral
Code_Numeral.semiring_bit_operations_natural_inst.flip_bit_natural	inst_infix	HOL.Code_Numeral
Code_Numeral.semiring_bit_operations_natural_inst.drop_bit_natural	inst_infix	HOL.Code_Numeral
Code_Numeral.semiring_bit_operations_integer_inst.take_bit_integer	inst_infix	HOL.Code_Numeral
Code_Numeral.semiring_bit_operations_integer_inst.push_bit_integer	inst_infix	HOL.Code_Numeral
Code_Numeral.semiring_bit_operations_integer_inst.flip_bit_integer	inst_infix	HOL.Code_Numeral
Code_Numeral.semiring_bit_operations_integer_inst.drop_bit_integer	inst_infix	HOL.Code_Numeral
Bounded_Linear_Function.uniformity_blinfun_inst.uniformity_blinfun	inst_infix	HOL-Analysis.Bounded_Linear_Function
Bounded_Continuous_Function.typerep_bcontfun_inst.typerep_bcontfun	inst_infix	HOL-Analysis.Bounded_Continuous_Function
Bounded_Continuous_Function.term_of_bcontfun_inst.term_of_bcontfun	inst_infix	HOL-Analysis.Bounded_Continuous_Function
Bit_Operations.linordered_euclidean_semiring_bit_operations.or_num	class_variant	HOL.Bit_Operations
Tarski_Neutral_Continuity.Tarski_neutral_dimensionless.OutCircleS	KEPT	IsaGeoCoq.Tarski_Neutral_Continuity
Tarski_Neutral_Continuity.Tarski_neutral_dimensionless.Concyclic2	KEPT	IsaGeoCoq.Tarski_Neutral_Continuity
Tarski_Neutral_Archimedes.Tarski_neutral_dimensionless.SymR_graph	concealed	IsaGeoCoq.Tarski_Neutral_Archimedes
Tarski_Neutral_Archimedes.Tarski_neutral_dimensionless.MidR_graph	concealed	IsaGeoCoq.Tarski_Neutral_Archimedes
Tarski_Neutral_Archimedes.Tarski_neutral_dimensionless.Gradn_sumC	KEPT	IsaGeoCoq.Tarski_Neutral_Archimedes
Tarski_Neutral_Archimedes.Tarski_neutral_dimensionless.GradExpInv	KEPT	IsaGeoCoq.Tarski_Neutral_Archimedes
String.linordered_euclidean_semiring_bit_operations_class.char_of	KEPT	HOL.String
Reflective_Field.partial_term_of_pexpr_inst.partial_term_of_pexpr	infra_theory	HOL-Decision_Procs.Reflective_Field
Reflective_Field.partial_term_of_fexpr_inst.partial_term_of_fexpr	infra_theory	HOL-Decision_Procs.Reflective_Field
Reflective_Field.full_exhaustive_pexpr_inst.full_exhaustive_pexpr	infra_theory	HOL-Decision_Procs.Reflective_Field
Reflective_Field.full_exhaustive_fexpr_inst.full_exhaustive_fexpr	infra_theory	HOL-Decision_Procs.Reflective_Field
Predicate.pred.typerep_pred_IITN_pred_inst.typerep_pred_IITN_pred	inst_infix	HOL.Predicate
Phantom_Type.partial_term_of_phantom_inst.partial_term_of_phantom	inst_infix	HOL-Library.Phantom_Type
Phantom_Type.full_exhaustive_phantom_inst.full_exhaustive_phantom	inst_infix	HOL-Library.Phantom_Type
Parity.linordered_euclidean_semiring_division_nat_inst.divmod_nat	inst_infix	HOL.Parity
Parity.linordered_euclidean_semiring_division_int_inst.divmod_int	inst_infix	HOL.Parity
Multiseries_Expansion.raw_prod.ms.prod.Product_Type.pred_raw_prod	concealed	HOL-Real_Asymp.Multiseries_Expansion
Multiseries_Expansion.msstream.Multiseries_Expansion.wit_msstream	adt_record	HOL-Real_Asymp.Multiseries_Expansion
Multiseries_Expansion.ms.typerep_ms_pre_ms_inst.typerep_ms_pre_ms	inst_infix	HOL-Real_Asymp.Multiseries_Expansion
Gauss_Jordan_IArrays.least_non_zero_position_of_vector_from_index	KEPT	Gauss_Jordan.Gauss_Jordan_IArrays
Euclidean_Algorithm.euclidean_ring_gcd_class.euclid_ext_aux_graph	concealed	HOL-Computational_Algebra.Euclidean_Algorithm
Dirichlet_Series_Analysis.nat_power_normed_field_class.real_power	KEPT	Dirichlet_Series.Dirichlet_Series_Analysis
Cooper.raw_prod.num.sum1.sum2.sum2.prod.Product_Type.wit_raw_prod	concealed	HOL-Decision_Procs.Cooper
Congruence.eq_object.equal_eq_object_ext_inst.equal_eq_object_ext	inst_infix	HOL-Algebra.Congruence
Complex_Lexorder.complex_lex.sorted_list_of_set.fold_insort_key.F	KEPT	Hermite_Lindemann.Complex_Lexorder
Commutative_Ring.pol.typerep_pol_pre_pol_inst.typerep_pol_pre_pol	infra_theory	HOL-Decision_Procs.Commutative_Ring
Commutative_Ring.partial_term_of_polex_inst.partial_term_of_polex	infra_theory	HOL-Decision_Procs.Commutative_Ring
Commutative_Ring.mon.typerep_mon_pre_mon_inst.typerep_mon_pre_mon	infra_theory	HOL-Decision_Procs.Commutative_Ring
Commutative_Ring.full_exhaustive_polex_inst.full_exhaustive_polex	infra_theory	HOL-Decision_Procs.Commutative_Ring
Coinductive_List.partial_term_of_llist_inst.partial_term_of_llist	inst_infix	Coinductive.Coinductive_List
Coinductive_List.full_exhaustive_llist_inst.full_exhaustive_llist	inst_infix	Coinductive.Coinductive_List
Code_Numeral.semiring_bit_operations_natural_inst.set_bit_natural	inst_infix	HOL.Code_Numeral
Code_Numeral.semiring_bit_operations_integer_inst.set_bit_integer	inst_infix	HOL.Code_Numeral
Code_Numeral.partial_term_of_integer_inst.partial_term_of_integer	inst_infix	HOL.Code_Numeral
Bit_Operations.linordered_euclidean_semiring_bit_operations_class	class_pred	HOL.Bit_Operations
Bit_Operations.class.linordered_euclidean_semiring_bit_operations	class_infix	HOL.Bit_Operations
Tarski_Postulate_Parallels.Tarski_neutral_dimensionless.euclid_5	KEPT	IsaGeoCoq.Tarski_Postulate_Parallels
Tarski_Neutral_Continuity.Tarski_neutral_dimensionless.TangentCC	KEPT	IsaGeoCoq.Tarski_Neutral_Continuity
Tarski_Neutral_Continuity.Tarski_neutral_dimensionless.TangentAt	KEPT	IsaGeoCoq.Tarski_Neutral_Continuity
Tarski_Neutral_Continuity.Tarski_neutral_dimensionless.OutCircle	KEPT	IsaGeoCoq.Tarski_Neutral_Continuity
Tarski_Neutral_Continuity.Tarski_neutral_dimensionless.InterCCAt	KEPT	IsaGeoCoq.Tarski_Neutral_Continuity
Tarski_Neutral_Continuity.Tarski_neutral_dimensionless.InCircleS	KEPT	IsaGeoCoq.Tarski_Neutral_Continuity
Tarski_Neutral_Continuity.Tarski_neutral_dimensionless.Concyclic	KEPT	IsaGeoCoq.Tarski_Neutral_Continuity
Tarski_Neutral_Continuity.Tarski_neutral_dimensionless.Alpha'Fun	KEPT	IsaGeoCoq.Tarski_Neutral_Continuity
Tarski_Neutral_Archimedes.Tarski_neutral_dimensionless.Sym_graph	concealed	IsaGeoCoq.Tarski_Neutral_Archimedes
Tarski_Neutral_Archimedes.Tarski_neutral_dimensionless.SymR_sumC	KEPT	IsaGeoCoq.Tarski_Neutral_Archimedes
Tarski_Neutral_Archimedes.Tarski_neutral_dimensionless.MidR_sumC	KEPT	IsaGeoCoq.Tarski_Neutral_Archimedes
Tarski_Neutral_Archimedes.Tarski_neutral_dimensionless.Gradn_rel	concealed	IsaGeoCoq.Tarski_Neutral_Archimedes
Tarski_Neutral_Archimedes.Tarski_neutral_dimensionless.Gradn_dom	KEPT	IsaGeoCoq.Tarski_Neutral_Archimedes
Semiring_Normalization.comm_semiring_1_cancel_crossproduct_class	class_pred	HOL.Semiring_Normalization
Semiring_Normalization.class.comm_semiring_1_cancel_crossproduct	class_infix	HOL.Semiring_Normalization
Ring.ring.partial_term_of_ring_ext_inst.partial_term_of_ring_ext	inst_infix	HOL-Algebra.Ring
Ring.ring.full_exhaustive_ring_ext_inst.full_exhaustive_ring_ext	inst_infix	HOL-Algebra.Ring
Reflected_Multivariate_Polynomial.typerep_poly_inst.typerep_poly	infra_theory	HOL-Decision_Procs.Reflected_Multivariate_Polynomial
Reflected_Multivariate_Polynomial.term_of_poly_inst.term_of_poly	infra_theory	HOL-Decision_Procs.Reflected_Multivariate_Polynomial
Quickcheck_Exhaustive.exhaustive_natural_inst.exhaustive_natural	inst_infix	HOL.Quickcheck_Exhaustive
Quickcheck_Exhaustive.exhaustive_integer_inst.exhaustive_integer	inst_infix	HOL.Quickcheck_Exhaustive
Quickcheck_Exhaustive.equal_three_valued_inst.equal_three_valued	inst_infix	HOL.Quickcheck_Exhaustive
Quickcheck_Exhaustive.check_all_finite_4_inst.check_all_finite_4	inst_infix	HOL.Quickcheck_Exhaustive
Quickcheck_Exhaustive.check_all_finite_3_inst.check_all_finite_3	inst_infix	HOL.Quickcheck_Exhaustive
Quickcheck_Exhaustive.check_all_finite_2_inst.check_all_finite_2	inst_infix	HOL.Quickcheck_Exhaustive
Quickcheck_Exhaustive.check_all_finite_1_inst.check_all_finite_1	inst_infix	HOL.Quickcheck_Exhaustive
Phantom_Type.phantom.phantom_pre_phantom.Rep_phantom_pre_phantom	concealed	HOL-Library.Phantom_Type
Phantom_Type.phantom.phantom_pre_phantom.Abs_phantom_pre_phantom	concealed	HOL-Library.Phantom_Type
Multiseries_Expansion.raw_prod.ms.prod.Product_Type.rel_raw_prod	concealed	HOL-Real_Asymp.Multiseries_Expansion
Multiseries_Expansion.raw_prod.ms.prod.Product_Type.map_raw_prod	concealed	HOL-Real_Asymp.Multiseries_Expansion
Multiseries_Expansion.partial_term_of_ms_inst.partial_term_of_ms	inst_infix	HOL-Real_Asymp.Multiseries_Expansion
Multiseries_Expansion.narrowing_msstream_inst.narrowing_msstream	inst_infix	HOL-Real_Asymp.Multiseries_Expansion
Multiseries_Expansion.multiseries_real_inst.power_expansion_real	inst_infix	HOL-Real_Asymp.Multiseries_Expansion
Multiseries_Expansion.multiseries_real_inst.expansion_level_real	inst_infix	HOL-Real_Asymp.Multiseries_Expansion
Multiseries_Expansion.multiseries_real_inst.const_expansion_real	inst_infix	HOL-Real_Asymp.Multiseries_Expansion
Multiseries_Expansion.full_exhaustive_ms_inst.full_exhaustive_ms	inst_infix	HOL-Real_Asymp.Multiseries_Expansion
Information.information_space.conditional_mutual_information_Pow	KEPT	HOL-Probability.Information
Geo_Real2.real2.neu.hypothesis_of_obtuse_saccheri_quadrilaterals	KEPT	MathBench_ProverBase.Geo_Real2
Formal_Power_Series.partial_term_of_fps_inst.partial_term_of_fps	inst_infix	Linear_Recurrences.RatFPS
Formal_Power_Series.normalization_semidom_fps_inst.normalize_fps	inst_infix	HOL-Computational_Algebra.Formal_Power_Series
Extraction.sumbool.sumbool_IITN_sumbool.Rep_sumbool_IITN_sumbool	concealed	HOL.Extraction
Extraction.sumbool.sumbool_IITN_sumbool.Abs_sumbool_IITN_sumbool	concealed	HOL.Extraction
Extended_Nonnegative_Real.infinity_ennreal_inst.infinity_ennreal	inst_infix	HOL-Library.Extended_Nonnegative_Real
Euclidean_Rings.unique_euclidean_semiring_class.division_segment	KEPT	HOL.Euclidean_Rings
Euclidean_Algorithm.euclidean_ring_gcd_class.euclid_ext_aux_sumC	KEPT	HOL-Computational_Algebra.Euclidean_Algorithm
Euclidean_Algorithm.euclidean_ring_gcd_class.bezout_coefficients	KEPT	HOL-Computational_Algebra.Euclidean_Algorithm
Code_Test.partial_term_of_xml_tree_inst.partial_term_of_xml_tree	inst_infix	HOL-Library.Code_Test
Bounded_Linear_Operator.uniformity_blinop_inst.uniformity_blinop	inst_infix	Ordinary_Differential_Equations.Bounded_Linear_Operator
Bounded_Continuous_Function.uminus_bcontfun_inst.uminus_bcontfun	inst_infix	HOL-Analysis.Bounded_Continuous_Function
Bounded_Continuous_Function.scaleR_bcontfun_inst.scaleR_bcontfun	inst_infix	HOL-Analysis.Bounded_Continuous_Function
Tarski_Neutral_Continuity.Tarski_neutral_dimensionless.OnCircle	KEPT	IsaGeoCoq.Tarski_Neutral_Continuity
Tarski_Neutral_Continuity.Tarski_neutral_dimensionless.InCircle	KEPT	IsaGeoCoq.Tarski_Neutral_Continuity
Tarski_Neutral_Continuity.Tarski_neutral_dimensionless.Beta'Fun	KEPT	IsaGeoCoq.Tarski_Neutral_Continuity
Tarski_Neutral_Continuity.Tarski_neutral_dimensionless.AlphaFun	KEPT	IsaGeoCoq.Tarski_Neutral_Continuity
Tarski_Neutral_Archimedes.Tarski_neutral_dimensionless.Sym_sumC	KEPT	IsaGeoCoq.Tarski_Neutral_Archimedes
Tarski_Neutral_Archimedes.Tarski_neutral_dimensionless.SymR_rel	concealed	IsaGeoCoq.Tarski_Neutral_Archimedes
Tarski_Neutral_Archimedes.Tarski_neutral_dimensionless.SymR_dom	KEPT	IsaGeoCoq.Tarski_Neutral_Archimedes
Tarski_Neutral_Archimedes.Tarski_neutral_dimensionless.MidR_rel	concealed	IsaGeoCoq.Tarski_Neutral_Archimedes
Tarski_Neutral_Archimedes.Tarski_neutral_dimensionless.MidR_dom	KEPT	IsaGeoCoq.Tarski_Neutral_Archimedes
Tarski_Neutral_Archimedes.Tarski_neutral_dimensionless.GradExpn	KEPT	IsaGeoCoq.Tarski_Neutral_Archimedes
Tarski_Neutral_Archimedes.Tarski_neutral_dimensionless.GradExp2	KEPT	IsaGeoCoq.Tarski_Neutral_Archimedes
Tarski_Neutral_Archimedes.Tarski_neutral_dimensionless.GradAExp	KEPT	IsaGeoCoq.Tarski_Neutral_Archimedes
Tarski_Neutral.Tarski_neutral_dimensionless.median_planes_axiom	KEPT	IsaGeoCoq.Tarski_Neutral
Tarski_Neutral.Tarski_neutral_dimensionless.ParallelogramStrict	KEPT	IsaGeoCoq.Tarski_Neutral
Reflective_Field.pexpr2.pexpr2_pre_pexpr2.Rep_pexpr2_pre_pexpr2	concealed	HOL-Decision_Procs.Reflective_Field
Reflective_Field.pexpr2.pexpr2_pre_pexpr2.Abs_pexpr2_pre_pexpr2	concealed	HOL-Decision_Procs.Reflective_Field
Reflective_Field.pexpr1.pexpr1_pre_pexpr1.Rep_pexpr1_pre_pexpr1	concealed	HOL-Decision_Procs.Reflective_Field
Reflective_Field.pexpr1.pexpr1_pre_pexpr1.Abs_pexpr1_pre_pexpr1	concealed	HOL-Decision_Procs.Reflective_Field
Record.typerep_tuple_isomorphism_inst.typerep_tuple_isomorphism	inst_infix	HOL.Record
Record.term_of_tuple_isomorphism_inst.term_of_tuple_isomorphism	inst_infix	HOL.Record
Quickcheck_Narrowing.raw_sum.property.sum.Sum_Type.pred_raw_sum	concealed	HOL.Quickcheck_Narrowing
Quickcheck_Exhaustive.check_all_option_inst.enum_term_of_option	inst_infix	HOL.Quickcheck_Exhaustive
Pratt_Certificate.pre_pratt_tree.pratt_tree.pred_pre_pratt_tree	concealed	Pratt_Certificate.Pratt_Certificate
Parity.linordered_euclidean_semiring_division_class.divmod_step	KEPT	HOL.Parity
Parity.linordered_euclidean_semiring_division_class.divides_aux	KEPT	HOL.Parity
Parametric_Ferrante_Rackoff.raw_sum.tm.sum.Sum_Type.set_raw_sum	concealed	HOL-Decision_Procs.Parametric_Ferrante_Rackoff
Parallel.future.future_pre_future_bdT.Rep_future_pre_future_bdT	concealed	HOL-Library.Parallel
Parallel.future.future_pre_future_bdT.Abs_future_pre_future_bdT	concealed	HOL-Library.Parallel
Nitpick.word.typerep_word_IITN_word_inst.typerep_word_IITN_word	inst_infix	HOL.Nitpick
Multiset.partial_term_of_multiset_inst.partial_term_of_multiset	inst_infix	HOL-Library.Multiset
Multiset.full_exhaustive_multiset_inst.full_exhaustive_multiset	inst_infix	HOL-Library.Multiset
Multiseries_Expansion.ssig_msllist_v4.ctor_fold_ssig_msllist_v4	concealed	HOL-Real_Asymp.Multiseries_Expansion
Multiseries_Expansion.ssig_msllist_v3.ctor_fold_ssig_msllist_v3	concealed	HOL-Real_Asymp.Multiseries_Expansion
Multiseries_Expansion.ssig_msllist_v2.ctor_fold_ssig_msllist_v2	concealed	HOL-Real_Asymp.Multiseries_Expansion
Multiseries_Expansion.ssig_msllist_v1.ctor_fold_ssig_msllist_v1	concealed	HOL-Real_Asymp.Multiseries_Expansion
Multiseries_Expansion.ssig_msllist_v0.ctor_fold_ssig_msllist_v0	concealed	HOL-Real_Asymp.Multiseries_Expansion
Multiseries_Expansion.multiseries_real_inst.zero_expansion_real	inst_infix	HOL-Real_Asymp.Multiseries_Expansion
Multiseries_Expansion.multiseries_real_inst.powr_expansion_real	inst_infix	HOL-Real_Asymp.Multiseries_Expansion
Multiseries_Expansion.msllist.Multiseries_Expansion.wit_msllist	adt_record	HOL-Real_Asymp.Multiseries_Expansion
Interval.full_exhaustive_interval_inst.full_exhaustive_interval	inst_infix	HOL-Library.Interval
Geo_Real2.real2.neu.postulate_of_existence_of_similar_triangles	KEPT	MathBench_ProverBase.Geo_Real2
Geo_Real2.real2.neu.hypothesis_of_right_saccheri_quadrilaterals	KEPT	MathBench_ProverBase.Geo_Real2
Geo_Real2.real2.neu.hypothesis_of_acute_saccheri_quadrilaterals	KEPT	MathBench_ProverBase.Geo_Real2
Extraction.partial_term_of_sumbool_inst.partial_term_of_sumbool	inst_infix	HOL.Extraction
Extended.partial_term_of_extended_inst.partial_term_of_extended	inst_infix	HOL-Library.Extended
Extended.full_exhaustive_extended_inst.full_exhaustive_extended	inst_infix	HOL-Library.Extended
Euclidean_Algorithm.euclidean_ring_gcd_class.euclid_ext_aux_rel	concealed	HOL-Computational_Algebra.Euclidean_Algorithm
Euclidean_Algorithm.euclidean_ring_gcd_class.euclid_ext_aux_dom	KEPT	HOL-Computational_Algebra.Euclidean_Algorithm
Enum.finite_5.finite_5_IITN_finite_5.Rep_finite_5_IITN_finite_5	concealed	HOL.Enum
Enum.finite_5.finite_5_IITN_finite_5.Abs_finite_5_IITN_finite_5	concealed	HOL.Enum
Enum.finite_4.finite_4_IITN_finite_4.Rep_finite_4_IITN_finite_4	concealed	HOL.Enum
Enum.finite_4.finite_4_IITN_finite_4.Abs_finite_4_IITN_finite_4	concealed	HOL.Enum
Enum.finite_3.finite_3_IITN_finite_3.Rep_finite_3_IITN_finite_3	concealed	HOL.Enum
Enum.finite_3.finite_3_IITN_finite_3.Abs_finite_3_IITN_finite_3	concealed	HOL.Enum
Enum.finite_2.finite_2_IITN_finite_2.Rep_finite_2_IITN_finite_2	concealed	HOL.Enum
Enum.finite_2.finite_2_IITN_finite_2.Abs_finite_2_IITN_finite_2	concealed	HOL.Enum
Enum.finite_1.finite_1_IITN_finite_1.Rep_finite_1_IITN_finite_1	concealed	HOL.Enum
Enum.finite_1.finite_1_IITN_finite_1.Abs_finite_1_IITN_finite_1	concealed	HOL.Enum
Continued_Fractions.cfrac.cfrac_IITN_cfrac.Rep_cfrac_IITN_cfrac	concealed	Continued_Fractions.Continued_Fractions
Continued_Fractions.cfrac.cfrac_IITN_cfrac.Abs_cfrac_IITN_cfrac	concealed	Continued_Fractions.Continued_Fractions
Approximation.raw_sum.floatarith.sum2.sum.Sum_Type.pred_raw_sum	concealed	HOL-Decision_Procs.Approximation
Approximation.raw_sum.floatarith.sum1.sum.Sum_Type.pred_raw_sum	concealed	HOL-Decision_Procs.Approximation
Tarski_Neutral_Continuity.Tarski_neutral_dimensionless.Tangent	KEPT	IsaGeoCoq.Tarski_Neutral_Continuity
Tarski_Neutral_Continuity.Tarski_neutral_dimensionless.InterCC	KEPT	IsaGeoCoq.Tarski_Neutral_Continuity
Tarski_Neutral_Continuity.Tarski_neutral_dimensionless.BetaFun	KEPT	IsaGeoCoq.Tarski_Neutral_Continuity
Tarski_Neutral_Archimedes.Tarski_neutral_dimensionless.Sym_rel	concealed	IsaGeoCoq.Tarski_Neutral_Archimedes
Tarski_Neutral_Archimedes.Tarski_neutral_dimensionless.Sym_dom	KEPT	IsaGeoCoq.Tarski_Neutral_Archimedes
Tarski_Neutral_Archimedes.Tarski_neutral_dimensionless.PreGrad	KEPT	IsaGeoCoq.Tarski_Neutral_Archimedes
Tarski_Neutral_Archimedes.Tarski_neutral_dimensionless.GradExp	KEPT	IsaGeoCoq.Tarski_Neutral_Archimedes
Tarski_Neutral.Tarski_neutral_dimensionless.all_coplanar_axiom	KEPT	IsaGeoCoq.Tarski_Neutral
String.char.typerep_char_IITN_char_inst.typerep_char_IITN_char	inst_infix	HOL.String
Reflective_Field.raw_sum.pexpr1.sum2.sum.Sum_Type.set1_raw_sum	concealed	HOL-Decision_Procs.Reflective_Field
Reflective_Field.raw_sum.pexpr1.sum2.sum.Sum_Type.pred_raw_sum	concealed	HOL-Decision_Procs.Reflective_Field
Reflected_Multivariate_Polynomial.random_poly_inst.random_poly	infra_theory	HOL-Decision_Procs.Reflected_Multivariate_Polynomial
Quickcheck_Narrowing.raw_sum.property.sum.Sum_Type.set_raw_sum	concealed	HOL.Quickcheck_Narrowing
Quickcheck_Narrowing.raw_sum.property.sum.Sum_Type.rel_raw_sum	concealed	HOL.Quickcheck_Narrowing
Quickcheck_Narrowing.raw_sum.property.sum.Sum_Type.map_raw_sum	concealed	HOL.Quickcheck_Narrowing
Product_Vector.finite_dimensional_vector_space_prod.Basis_pair	KEPT	HOL-Analysis.Product_Vector
Pratt_Certificate.pre_pratt_tree.pratt_tree.wit_pre_pratt_tree	concealed	Pratt_Certificate.Pratt_Certificate
Pratt_Certificate.pre_pratt_tree.pratt_tree.set_pre_pratt_tree	concealed	Pratt_Certificate.Pratt_Certificate
Pratt_Certificate.pre_pratt_tree.pratt_tree.rel_pre_pratt_tree	concealed	Pratt_Certificate.Pratt_Certificate
Pratt_Certificate.pre_pratt_tree.pratt_tree.map_pre_pratt_tree	concealed	Pratt_Certificate.Pratt_Certificate
Multiseries_Expansion.ssig_msllist_v4.str_init_ssig_msllist_v4	concealed	HOL-Real_Asymp.Multiseries_Expansion
Multiseries_Expansion.ssig_msllist_v4.ctor_rec_ssig_msllist_v4	concealed	HOL-Real_Asymp.Multiseries_Expansion
Multiseries_Expansion.ssig_msllist_v3.str_init_ssig_msllist_v3	concealed	HOL-Real_Asymp.Multiseries_Expansion
Multiseries_Expansion.ssig_msllist_v3.ctor_rec_ssig_msllist_v3	concealed	HOL-Real_Asymp.Multiseries_Expansion
Multiseries_Expansion.ssig_msllist_v2.str_init_ssig_msllist_v2	concealed	HOL-Real_Asymp.Multiseries_Expansion
Multiseries_Expansion.ssig_msllist_v2.ctor_rec_ssig_msllist_v2	concealed	HOL-Real_Asymp.Multiseries_Expansion
Multiseries_Expansion.ssig_msllist_v1.str_init_ssig_msllist_v1	concealed	HOL-Real_Asymp.Multiseries_Expansion
Multiseries_Expansion.ssig_msllist_v1.ctor_rec_ssig_msllist_v1	concealed	HOL-Real_Asymp.Multiseries_Expansion
Multiseries_Expansion.ssig_msllist_v0.str_init_ssig_msllist_v0	concealed	HOL-Real_Asymp.Multiseries_Expansion
Multiseries_Expansion.ssig_msllist_v0.ctor_rec_ssig_msllist_v0	concealed	HOL-Real_Asymp.Multiseries_Expansion
Multiseries_Expansion.narrowing_msllist_inst.narrowing_msllist	inst_infix	HOL-Real_Asymp.Multiseries_Expansion
Multiseries_Expansion.multiseries_real_inst.dominant_term_real	inst_infix	HOL-Real_Asymp.Multiseries_Expansion
MIR.raw_prod.num.sum1.sum2.sum1.prod.Product_Type.wit_raw_prod	concealed	HOL-Decision_Procs.MIR
Linear_Inhomogenous_Recurrences.linear_inhomogenous_recurrence	KEPT	Linear_Recurrences.Linear_Inhomogenous_Recurrences
Lazy_Sequence.typerep_lazy_sequence_inst.typerep_lazy_sequence	inst_infix	HOL.Lazy_Sequence
Lazy_Sequence.term_of_lazy_sequence_inst.term_of_lazy_sequence	inst_infix	HOL.Lazy_Sequence
Geo_Real2.real2.neu.postulate_of_right_saccheri_quadrilaterals	KEPT	MathBench_ProverBase.Geo_Real2
Gaussian_Integers.narrowing_gauss_int_inst.narrowing_gauss_int	inst_infix	Gaussian_Integers.Gaussian_Integers
Field_as_Ring.euclidean_semiring_real_inst.euclidean_size_real	inst_infix	HOL-Computational_Algebra.Field_as_Ring
Extended_Real.partial_term_of_ereal_inst.partial_term_of_ereal	inst_infix	HOL-Library.Extended_Real
Extended_Real.full_exhaustive_ereal_inst.full_exhaustive_ereal	inst_infix	HOL-Library.Extended_Real
Extended_Nonnegative_Real.typerep_ennreal_inst.typerep_ennreal	inst_infix	HOL-Library.Extended_Nonnegative_Real
Extended_Nonnegative_Real.term_of_ennreal_inst.term_of_ennreal	inst_infix	HOL-Library.Extended_Nonnegative_Real
Extended_Nonnegative_Real.inverse_ennreal_inst.inverse_ennreal	inst_infix	HOL-Library.Extended_Nonnegative_Real
Euclidean_Rings.euclidean_semiring_nat_inst.euclidean_size_nat	inst_infix	HOL.Euclidean_Rings
Euclidean_Rings.euclidean_semiring_int_inst.euclidean_size_int	inst_infix	HOL.Euclidean_Rings
Euclidean_Algorithm.normalization_euclidean_semiring_class.lcm	KEPT	HOL-Computational_Algebra.Euclidean_Algorithm
Euclidean_Algorithm.normalization_euclidean_semiring_class.gcd	KEPT	HOL-Computational_Algebra.Euclidean_Algorithm
Euclidean_Algorithm.normalization_euclidean_semiring_class.Lcm	KEPT	HOL-Computational_Algebra.Euclidean_Algorithm
Euclidean_Algorithm.normalization_euclidean_semiring_class.Gcd	KEPT	HOL-Computational_Algebra.Euclidean_Algorithm
Euclidean_Algorithm.normalization_euclidean_semiring.gcd_graph	concealed	HOL-Computational_Algebra.Euclidean_Algorithm
Dual_Order.dual_wellorder.sorted_list_of_set.fold_insort_key.F	KEPT	Rank_Nullity_Theorem.Dual_Order
Discrete_Topology.uniformity_discrete_inst.uniformity_discrete	inst_infix	HOL-Probability.Discrete_Topology
Code_Numeral.semiring_bit_operations_natural_inst.mask_natural	inst_infix	HOL.Code_Numeral
Code_Numeral.semiring_bit_operations_integer_inst.mask_integer	inst_infix	HOL.Code_Numeral
Code_Evaluation.partial_term_of_term_inst.partial_term_of_term	infra_theory	HOL.Code_Evaluation
Catalan_Numbers.partial_term_of_tree_inst.partial_term_of_tree	inst_infix	Catalan_Numbers.Catalan_Numbers
Catalan_Numbers.full_exhaustive_tree_inst.full_exhaustive_tree	inst_infix	Catalan_Numbers.Catalan_Numbers
Bounded_Continuous_Function.minus_bcontfun_inst.minus_bcontfun	inst_infix	HOL-Analysis.Bounded_Continuous_Function
Approximation.raw_sum.floatarith.sum2.sum.Sum_Type.set_raw_sum	concealed	HOL-Decision_Procs.Approximation
Approximation.raw_sum.floatarith.sum2.sum.Sum_Type.rel_raw_sum	concealed	HOL-Decision_Procs.Approximation
Approximation.raw_sum.floatarith.sum2.sum.Sum_Type.map_raw_sum	concealed	HOL-Decision_Procs.Approximation
Approximation.raw_sum.floatarith.sum1.sum.Sum_Type.wit_raw_sum	concealed	HOL-Decision_Procs.Approximation
Approximation.raw_sum.floatarith.sum1.sum.Sum_Type.set_raw_sum	concealed	HOL-Decision_Procs.Approximation
Approximation.raw_sum.floatarith.sum1.sum.Sum_Type.rel_raw_sum	concealed	HOL-Decision_Procs.Approximation
Approximation.raw_sum.floatarith.sum1.sum.Sum_Type.map_raw_sum	concealed	HOL-Decision_Procs.Approximation
UnivPoly.up_ring.typerep_up_ring_ext_inst.typerep_up_ring_ext	inst_infix	HOL-Algebra.UnivPoly
UnivPoly.up_ring.term_of_up_ring_ext_inst.term_of_up_ring_ext	inst_infix	HOL-Algebra.UnivPoly
Typerep.typerep.typerep_IITN_typerep.Rep_typerep_IITN_typerep	concealed	HOL.Typerep
Typerep.typerep.typerep_IITN_typerep.Abs_typerep_IITN_typerep	concealed	HOL.Typerep
Tarski_Neutral_Continuity.Tarski_neutral_dimensionless.Nested	KEPT	IsaGeoCoq.Tarski_Neutral_Continuity
Tarski_Neutral_Archimedes.Tarski_neutral_dimensionless.Axiom1	KEPT	IsaGeoCoq.Tarski_Neutral_Archimedes
Tarski_Neutral.Tarski_neutral_dimensionless.upper_dim_3_axiom	KEPT	IsaGeoCoq.Tarski_Neutral
Tarski_Neutral.Tarski_neutral_dimensionless.equilateralStrict	KEPT	IsaGeoCoq.Tarski_Neutral
Tarski_Neutral.Tarski_neutral_dimensionless.ParallelogramFlat	KEPT	IsaGeoCoq.Tarski_Neutral
Tarski_Neutral.Tarski_neutral_dimensionless.Is_on_perp_bisect	KEPT	IsaGeoCoq.Tarski_Neutral
Tarski_Euclidean_2D_Continuous.Tarski_Euclidean_2D_Continuous	KEPT	IsaGeoCoq.Tarski_Euclidean_2D_Continuous
State_Monad.state.state_pre_state_bdT.Rep_state_pre_state_bdT	concealed	HOL-Library.State_Monad
State_Monad.state.state_pre_state_bdT.Abs_state_pre_state_bdT	concealed	HOL-Library.State_Monad
Reflective_Field.raw_sum.pexpr1.sum2.sum.Sum_Type.rel_raw_sum	concealed	HOL-Decision_Procs.Reflective_Field
Reflective_Field.raw_sum.pexpr1.sum2.sum.Sum_Type.map_raw_sum	concealed	HOL-Decision_Procs.Reflective_Field
Reflective_Field.raw_sum.fexpr.sum2.sum.Sum_Type.pred_raw_sum	concealed	HOL-Decision_Procs.Reflective_Field
Reflected_Multivariate_Polynomial.pre_poly.poly.pred_pre_poly	concealed	HOL-Decision_Procs.Reflected_Multivariate_Polynomial
Record.random_tuple_isomorphism_inst.random_tuple_isomorphism	inst_infix	HOL.Record
Quickcheck_Narrowing.raw_sum.property.sum.Sum_Type.bd_raw_sum	concealed	HOL.Quickcheck_Narrowing
Quickcheck_Narrowing.narrowing_type.Narrowing_sum_of_products	KEPT	HOL.Quickcheck_Narrowing
Quickcheck_Narrowing.narrowing_integer_inst.narrowing_integer	inst_infix	HOL.Quickcheck_Narrowing
Pratt_Certificate.pratt.pratt_IITN_pratt.Rep_pratt_IITN_pratt	concealed	Pratt_Certificate.Pratt_Certificate
Pratt_Certificate.pratt.pratt_IITN_pratt.Abs_pratt_IITN_pratt	concealed	Pratt_Certificate.Pratt_Certificate
Partial_Fraction_Decomposition.partial_fraction_decomposition	KEPT	Linear_Recurrences.Partial_Fraction_Decomposition
Nitpick.fun_box.fun_box_IITN_fun_box.Rep_fun_box_IITN_fun_box	concealed	HOL.Nitpick
Nitpick.fun_box.fun_box_IITN_fun_box.Abs_fun_box_IITN_fun_box	concealed	HOL.Nitpick
Multiseries_Expansion.ssig_msllist_v4.min_alg_ssig_msllist_v4	concealed	HOL-Real_Asymp.Multiseries_Expansion
Multiseries_Expansion.ssig_msllist_v3.min_alg_ssig_msllist_v3	concealed	HOL-Real_Asymp.Multiseries_Expansion
Multiseries_Expansion.ssig_msllist_v2.min_alg_ssig_msllist_v2	concealed	HOL-Real_Asymp.Multiseries_Expansion
Multiseries_Expansion.ssig_msllist_v1.min_alg_ssig_msllist_v1	concealed	HOL-Real_Asymp.Multiseries_Expansion
Multiseries_Expansion.ssig_msllist_v0.min_alg_ssig_msllist_v0	concealed	HOL-Real_Asymp.Multiseries_Expansion
Multiseries_Expansion.sig_msllist_v4.ctor_fold_sig_msllist_v4	concealed	HOL-Real_Asymp.Multiseries_Expansion
Multiseries_Expansion.sig_msllist_v3.ctor_fold_sig_msllist_v3	concealed	HOL-Real_Asymp.Multiseries_Expansion
Multiseries_Expansion.sig_msllist_v2.ctor_fold_sig_msllist_v2	concealed	HOL-Real_Asymp.Multiseries_Expansion
Multiseries_Expansion.sig_msllist_v1.ctor_fold_sig_msllist_v1	concealed	HOL-Real_Asymp.Multiseries_Expansion
Multiseries_Expansion.sig_msllist_v0.ctor_fold_sig_msllist_v0	concealed	HOL-Real_Asymp.Multiseries_Expansion
Multiseries_Expansion.pre_msstream.msstream.set2_pre_msstream	concealed	HOL-Real_Asymp.Multiseries_Expansion
Multiseries_Expansion.pre_msstream.msstream.set1_pre_msstream	concealed	HOL-Real_Asymp.Multiseries_Expansion
Multiseries_Expansion.pre_msstream.msstream.pred_pre_msstream	concealed	HOL-Real_Asymp.Multiseries_Expansion
Multiseries_Expansion.multiseries_real_inst.is_expansion_real	inst_infix	HOL-Real_Asymp.Multiseries_Expansion
Landau_Real_Products.narrowing_primfun_inst.narrowing_primfun	inst_infix	Landau_Symbols.Landau_Real_Products
Geo_Real2.real2.neu.postulate_of_right_lambert_quadrilaterals	KEPT	MathBench_ProverBase.Geo_Real2
Euclidean_Algorithm.normalization_euclidean_semiring.gcd_sumC	class_variant	HOL-Computational_Algebra.Euclidean_Algorithm
Enum.finite_5.finite_5_pre_finite_5.Rep_finite_5_pre_finite_5	concealed	HOL.Enum
Enum.finite_5.finite_5_pre_finite_5.Abs_finite_5_pre_finite_5	concealed	HOL.Enum
Enum.finite_4.finite_4_pre_finite_4.Rep_finite_4_pre_finite_4	concealed	HOL.Enum
Enum.finite_4.finite_4_pre_finite_4.Abs_finite_4_pre_finite_4	concealed	HOL.Enum
Enum.euclidean_semiring_finite_3_inst.euclidean_size_finite_3	inst_infix	HOL.Enum
Enum.euclidean_semiring_finite_2_inst.euclidean_size_finite_2	inst_infix	HOL.Enum
Elementary_Topology.topological_space_class.topological_basis	KEPT	HOL-Analysis.Elementary_Topology
Dirichlet_Series_Analysis.class.nat_power_normed_field_axioms	class_infix	Dirichlet_Series.Dirichlet_Series_Analysis
Dirichlet_Series.partial_term_of_fds_inst.partial_term_of_fds	inst_infix	Dirichlet_Series.Dirichlet_Series
Conditionally_Complete_Lattices.class.linear_continuum_axioms	class_infix	HOL.Conditionally_Complete_Lattices
Commutative_Ring.raw_sum.polex.sum2.sum.Sum_Type.pred_raw_sum	concealed	HOL-Decision_Procs.Commutative_Ring
Commutative_Ring.partial_term_of_pol_inst.partial_term_of_pol	infra_theory	HOL-Decision_Procs.Commutative_Ring
Commutative_Ring.partial_term_of_mon_inst.partial_term_of_mon	infra_theory	HOL-Decision_Procs.Commutative_Ring
Commutative_Ring.full_exhaustive_pol_inst.full_exhaustive_pol	infra_theory	HOL-Decision_Procs.Commutative_Ring
Commutative_Ring.full_exhaustive_mon_inst.full_exhaustive_mon	infra_theory	HOL-Decision_Procs.Commutative_Ring
Code_Test.pre_yxml_of_term.yxml_of_term.pred_pre_yxml_of_term	concealed	HOL-Library.Code_Test
Code_Numeral.semiring_bit_operations_natural_inst.xor_natural	inst_infix	HOL.Code_Numeral
Code_Numeral.semiring_bit_operations_natural_inst.and_natural	inst_infix	HOL.Code_Numeral
Code_Numeral.semiring_bit_operations_integer_inst.xor_integer	inst_infix	HOL.Code_Numeral
Code_Numeral.semiring_bit_operations_integer_inst.and_integer	inst_infix	HOL.Code_Numeral
Bourbaki_Witt_Fixpoint.bourbaki_witt_fixpoint.iterates_abovep	KEPT	HOL-Library.Bourbaki_Witt_Fixpoint
Bit_Operations.semiring_bit_operations_nat_inst.unset_bit_nat	inst_infix	HOL.Bit_Operations
Bit_Operations.semiring_bit_operations_int_inst.unset_bit_int	inst_infix	HOL.Bit_Operations
Typerep.partial_term_of_typerep_inst.partial_term_of_typerep	inst_infix	HOL.Typerep
Tree.tree.typerep_tree_IITN_tree_inst.typerep_tree_IITN_tree	inst_infix	HOL-Library.Tree
Tarski_Neutral_Archimedes.Tarski_neutral_dimensionless.Reach	KEPT	IsaGeoCoq.Tarski_Neutral_Archimedes
Tarski_Neutral_Archimedes.Tarski_neutral_dimensionless.Gradn	KEPT	IsaGeoCoq.Tarski_Neutral_Archimedes
Tarski_Neutral_Archimedes.Tarski_neutral_dimensionless.GradI	KEPT	IsaGeoCoq.Tarski_Neutral_Archimedes
Tarski_Neutral_Archimedes.Tarski_neutral_dimensionless.GradA	KEPT	IsaGeoCoq.Tarski_Neutral_Archimedes
Tarski_Neutral_Archimedes.Tarski_neutral_dimensionless.Grad2	KEPT	IsaGeoCoq.Tarski_Neutral_Archimedes
String.char.typerep_char_pre_char_inst.typerep_char_pre_char	inst_infix	HOL.String
State_Monad.partial_term_of_state_inst.partial_term_of_state	inst_infix	HOL-Library.State_Monad
State_Monad.full_exhaustive_state_inst.full_exhaustive_state	inst_infix	HOL-Library.State_Monad
Reflective_Field.raw_sum.fexpr.sum2.sum.Sum_Type.set_raw_sum	concealed	HOL-Decision_Procs.Reflective_Field
Reflective_Field.raw_sum.fexpr.sum2.sum.Sum_Type.rel_raw_sum	concealed	HOL-Decision_Procs.Reflective_Field
Reflective_Field.raw_sum.fexpr.sum2.sum.Sum_Type.map_raw_sum	concealed	HOL-Decision_Procs.Reflective_Field
Reflective_Field.raw_sum.fexpr.sum1.sum.Sum_Type.set_raw_sum	concealed	HOL-Decision_Procs.Reflective_Field
Reflective_Field.pexpr_pexpr1_pexpr2.sbd_pexpr_pexpr1_pexpr2	concealed	HOL-Decision_Procs.Reflective_Field
Reflective_Field.pexpr_pexpr1_pexpr2.mor_pexpr_pexpr1_pexpr2	concealed	HOL-Decision_Procs.Reflective_Field
Reflective_Field.pexpr_pexpr1_pexpr2.alg_pexpr_pexpr1_pexpr2	concealed	HOL-Decision_Procs.Reflective_Field
Reflective_Field.fexpr.fexpr_IITN_fexpr.Rep_fexpr_IITN_fexpr	concealed	HOL-Decision_Procs.Reflective_Field
Reflective_Field.fexpr.fexpr_IITN_fexpr.Abs_fexpr_IITN_fexpr	concealed	HOL-Decision_Procs.Reflective_Field
Reflected_Multivariate_Polynomial.pre_poly.poly.wit_pre_poly	concealed	HOL-Decision_Procs.Reflected_Multivariate_Polynomial
Reflected_Multivariate_Polynomial.pre_poly.poly.set_pre_poly	concealed	HOL-Decision_Procs.Reflected_Multivariate_Polynomial
Reflected_Multivariate_Polynomial.pre_poly.poly.rel_pre_poly	concealed	HOL-Decision_Procs.Reflected_Multivariate_Polynomial
Reflected_Multivariate_Polynomial.pre_poly.poly.map_pre_poly	concealed	HOL-Decision_Procs.Reflected_Multivariate_Polynomial
Reflected_Multivariate_Polynomial.equal_poly_inst.equal_poly	infra_theory	HOL-Decision_Procs.Reflected_Multivariate_Polynomial
Reachability_Analysis.sctn.sctn_IITN_sctn.Rep_sctn_IITN_sctn	concealed	Ordinary_Differential_Equations.Reachability_Analysis
Reachability_Analysis.sctn.sctn_IITN_sctn.Abs_sctn_IITN_sctn	concealed	Ordinary_Differential_Equations.Reachability_Analysis
Quickcheck_Narrowing.pre_property.property.pred_pre_property	concealed	HOL.Quickcheck_Narrowing
Quickcheck_Narrowing.narrowing_type.ctor_fold_narrowing_type	concealed	HOL.Quickcheck_Narrowing
Quickcheck_Narrowing.narrowing_term.ctor_fold_narrowing_term	concealed	HOL.Quickcheck_Narrowing
Quickcheck_Narrowing.narrowing_cons.ctor_fold_narrowing_cons	concealed	HOL.Quickcheck_Narrowing
Quickcheck_Exhaustive.check_all_option_inst.check_all_option	inst_infix	HOL.Quickcheck_Exhaustive
Predicate.seq.typerep_seq_IITN_seq_inst.typerep_seq_IITN_seq	inst_infix	HOL.Predicate
Pratt_Certificate.typerep_pratt_tree_inst.typerep_pratt_tree	inst_infix	Pratt_Certificate.Pratt_Certificate
Pratt_Certificate.term_of_pratt_tree_inst.term_of_pratt_tree	inst_infix	Pratt_Certificate.Pratt_Certificate
Ordered_Euclidean_Space.class.ordered_euclidean_space_axioms	class_infix	HOL-Analysis.Ordered_Euclidean_Space
Multiseries_Expansion.typerep_msstream_inst.typerep_msstream	inst_infix	HOL-Real_Asymp.Multiseries_Expansion
Multiseries_Expansion.term_of_msstream_inst.term_of_msstream	inst_infix	HOL-Real_Asymp.Multiseries_Expansion
Multiseries_Expansion.sig_msllist_v4.str_init_sig_msllist_v4	concealed	HOL-Real_Asymp.Multiseries_Expansion
Multiseries_Expansion.sig_msllist_v4.ctor_rec_sig_msllist_v4	concealed	HOL-Real_Asymp.Multiseries_Expansion
Multiseries_Expansion.sig_msllist_v3.str_init_sig_msllist_v3	concealed	HOL-Real_Asymp.Multiseries_Expansion
Multiseries_Expansion.sig_msllist_v3.ctor_rec_sig_msllist_v3	concealed	HOL-Real_Asymp.Multiseries_Expansion
Multiseries_Expansion.sig_msllist_v2.str_init_sig_msllist_v2	concealed	HOL-Real_Asymp.Multiseries_Expansion
Multiseries_Expansion.sig_msllist_v2.ctor_rec_sig_msllist_v2	concealed	HOL-Real_Asymp.Multiseries_Expansion
Multiseries_Expansion.sig_msllist_v1.str_init_sig_msllist_v1	concealed	HOL-Real_Asymp.Multiseries_Expansion
Multiseries_Expansion.sig_msllist_v1.ctor_rec_sig_msllist_v1	concealed	HOL-Real_Asymp.Multiseries_Expansion
Multiseries_Expansion.sig_msllist_v0.str_init_sig_msllist_v0	concealed	HOL-Real_Asymp.Multiseries_Expansion
Multiseries_Expansion.sig_msllist_v0.ctor_rec_sig_msllist_v0	concealed	HOL-Real_Asymp.Multiseries_Expansion
Multiseries_Expansion.pre_msstream.msstream.wit_pre_msstream	concealed	HOL-Real_Asymp.Multiseries_Expansion
Multiseries_Expansion.pre_msstream.msstream.rel_pre_msstream	concealed	HOL-Real_Asymp.Multiseries_Expansion
Multiseries_Expansion.pre_msstream.msstream.map_pre_msstream	concealed	HOL-Real_Asymp.Multiseries_Expansion
Multiseries_Expansion.multiseries_ms_inst.power_expansion_ms	inst_infix	HOL-Real_Asymp.Multiseries_Expansion
Multiseries_Expansion.multiseries_ms_inst.expansion_level_ms	inst_infix	HOL-Real_Asymp.Multiseries_Expansion
Multiseries_Expansion.multiseries_ms_inst.const_expansion_ms	inst_infix	HOL-Real_Asymp.Multiseries_Expansion
Mapping.partial_term_of_mapping_inst.partial_term_of_mapping	inst_infix	HOL-Library.Mapping
List.list.typerep_list_IITN_list_inst.typerep_list_IITN_list	inst_infix	HOL.List
Geo_Real2.real2.neu.postulate_of_transitivity_of_parallelism	KEPT	MathBench_ProverBase.Geo_Real2
Gaussian_Integers.pre_gauss_int.gauss_int.pred_pre_gauss_int	concealed	Gaussian_Integers.Gaussian_Integers
Field_as_Ring.normalization_semidom_real_inst.normalize_real	inst_infix	HOL-Computational_Algebra.Field_as_Ring
Field_as_Ring.euclidean_semiring_rat_inst.euclidean_size_rat	inst_infix	HOL-Computational_Algebra.Field_as_Ring
Extended_Nonnegative_Real.divide_ennreal_inst.divide_ennreal	inst_infix	HOL-Library.Extended_Nonnegative_Real
Euclidean_Rings.normalization_semidom_nat_inst.normalize_nat	inst_infix	HOL.Euclidean_Rings
Euclidean_Rings.normalization_semidom_int_inst.normalize_int	inst_infix	HOL.Euclidean_Rings
Euclidean_Algorithm.normalization_euclidean_semiring.gcd_rel	concealed	HOL-Computational_Algebra.Euclidean_Algorithm
Euclidean_Algorithm.normalization_euclidean_semiring.gcd_dom	class_variant	HOL-Computational_Algebra.Euclidean_Algorithm
Countable_Complete_Lattices.countable_complete_lattice_class	class_pred	HOL-Library.Countable_Complete_Lattices
Countable_Complete_Lattices.class.countable_complete_lattice	class_infix	HOL-Library.Countable_Complete_Lattices
Conditionally_Complete_Lattices.preorder_class.bdd_below.bdd	KEPT	HOL.Conditionally_Complete_Lattices
Conditionally_Complete_Lattices.preorder_class.bdd_above.bdd	KEPT	HOL.Conditionally_Complete_Lattices
Complex.partial_term_of_complex_inst.partial_term_of_complex	inst_infix	HOL.Complex
Complex.full_exhaustive_complex_inst.full_exhaustive_complex	inst_infix	HOL.Complex
Commutative_Ring.raw_sum.polex.sum2.sum.Sum_Type.set_raw_sum	concealed	HOL-Decision_Procs.Commutative_Ring
Commutative_Ring.raw_sum.polex.sum2.sum.Sum_Type.rel_raw_sum	concealed	HOL-Decision_Procs.Commutative_Ring
Commutative_Ring.raw_sum.polex.sum2.sum.Sum_Type.map_raw_sum	concealed	HOL-Decision_Procs.Commutative_Ring
Commutative_Ring.polex.polex_IITN_polex.Rep_polex_IITN_polex	concealed	HOL-Decision_Procs.Commutative_Ring
Commutative_Ring.polex.polex_IITN_polex.Abs_polex_IITN_polex	concealed	HOL-Decision_Procs.Commutative_Ring
Code_Test.pre_yxml_of_term.yxml_of_term.wit_pre_yxml_of_term	concealed	HOL-Library.Code_Test
Code_Test.pre_yxml_of_term.yxml_of_term.set_pre_yxml_of_term	concealed	HOL-Library.Code_Test
Code_Test.pre_yxml_of_term.yxml_of_term.rel_pre_yxml_of_term	concealed	HOL-Library.Code_Test
Code_Test.pre_yxml_of_term.yxml_of_term.map_pre_yxml_of_term	concealed	HOL-Library.Code_Test
Code_Numeral.semiring_bit_operations_natural_inst.or_natural	inst_infix	HOL.Code_Numeral
Code_Numeral.semiring_bit_operations_integer_inst.or_integer	inst_infix	HOL.Code_Numeral
Cartesian_Space.linear_first_finite_dimensional_vector_space	KEPT	HOL-Analysis.Cartesian_Space
Bourbaki_Witt_Fixpoint.bourbaki_witt_fixpoint.iterates_above	KEPT	HOL-Library.Bourbaki_Witt_Fixpoint
Bounded_Linear_Function.typerep_blinfun_inst.typerep_blinfun	inst_infix	HOL-Analysis.Bounded_Linear_Function
Bounded_Linear_Function.term_of_blinfun_inst.term_of_blinfun	inst_infix	HOL-Analysis.Bounded_Linear_Function
Bounded_Continuous_Function.zero_bcontfun_inst.zero_bcontfun	inst_infix	HOL-Analysis.Bounded_Continuous_Function
Bounded_Continuous_Function.plus_bcontfun_inst.plus_bcontfun	inst_infix	HOL-Analysis.Bounded_Continuous_Function
Bounded_Continuous_Function.open_bcontfun_inst.open_bcontfun	inst_infix	HOL-Analysis.Bounded_Continuous_Function
Bounded_Continuous_Function.norm_bcontfun_inst.norm_bcontfun	inst_infix	HOL-Analysis.Bounded_Continuous_Function
Bounded_Continuous_Function.dist_bcontfun_inst.dist_bcontfun	inst_infix	HOL-Analysis.Bounded_Continuous_Function
Bit_Operations.semiring_bit_operations_nat_inst.take_bit_nat	inst_infix	HOL.Bit_Operations
Bit_Operations.semiring_bit_operations_nat_inst.push_bit_nat	inst_infix	HOL.Bit_Operations
Bit_Operations.semiring_bit_operations_nat_inst.flip_bit_nat	inst_infix	HOL.Bit_Operations
Bit_Operations.semiring_bit_operations_nat_inst.drop_bit_nat	inst_infix	HOL.Bit_Operations
Bit_Operations.semiring_bit_operations_int_inst.take_bit_int	inst_infix	HOL.Bit_Operations
Bit_Operations.semiring_bit_operations_int_inst.push_bit_int	inst_infix	HOL.Bit_Operations
Bit_Operations.semiring_bit_operations_int_inst.flip_bit_int	inst_infix	HOL.Bit_Operations
Bit_Operations.semiring_bit_operations_int_inst.drop_bit_int	inst_infix	HOL.Bit_Operations
Approximation_Bounds.ub_arctan_horner_lb_arctan_horner_graph	concealed	HOL-Decision_Procs.Approximation_Bounds
Approximation.partial_term_of_form_inst.partial_term_of_form	infra_theory	HOL-Decision_Procs.Approximation
Approximation.full_exhaustive_form_inst.full_exhaustive_form	infra_theory	HOL-Decision_Procs.Approximation
UnivPoly.up_ring.random_up_ring_ext_inst.random_up_ring_ext	inst_infix	HOL-Algebra.UnivPoly
Tarski_Neutral_Continuity.Tarski_neutral_dimensionless.Diam	KEPT	IsaGeoCoq.Tarski_Neutral_Continuity
Tarski_Neutral_Archimedes.Tarski_neutral_dimensionless.SymR	KEPT	IsaGeoCoq.Tarski_Neutral_Archimedes
Tarski_Neutral_Archimedes.Tarski_neutral_dimensionless.MidR	KEPT	IsaGeoCoq.Tarski_Neutral_Archimedes
Tarski_Neutral_Archimedes.Tarski_neutral_dimensionless.Grad	KEPT	IsaGeoCoq.Tarski_Neutral_Archimedes
Tarski_Neutral.Tarski_neutral_dimensionless.upper_dim_axiom	KEPT	IsaGeoCoq.Tarski_Neutral
Tarski_Neutral.Tarski_neutral_dimensionless.QCongANullAcute	KEPT	IsaGeoCoq.Tarski_Neutral
Tarski_Neutral.Tarski_neutral_dimensionless.Perp_bisect_bis	KEPT	IsaGeoCoq.Tarski_Neutral
Tarski_Neutral.Tarski_neutral_dimensionless.IsGravityCenter	KEPT	IsaGeoCoq.Tarski_Neutral
String.partial_term_of_literal_inst.partial_term_of_literal	inst_infix	HOL.String
String.linordered_euclidean_semiring_bit_operations.char_of	class_variant	HOL.String
Square_Free_Factorization.monic_factorization.A_B_C_D_graph	concealed	Polynomial_Factorization.Square_Free_Factorization
Record.equal_tuple_isomorphism_inst.equal_tuple_isomorphism	inst_infix	HOL.Record
RatFPS.euclidean_semiring_ratfps_inst.euclidean_size_ratfps	inst_infix	Linear_Recurrences.RatFPS
Quickcheck_Narrowing.typerep_property_inst.typerep_property	KEPT	HOL.Quickcheck_Narrowing
Quickcheck_Narrowing.term_of_property_inst.term_of_property	KEPT	HOL.Quickcheck_Narrowing
Quickcheck_Narrowing.pre_property.property.wit_pre_property	concealed	HOL.Quickcheck_Narrowing
Quickcheck_Narrowing.pre_property.property.set_pre_property	concealed	HOL.Quickcheck_Narrowing
Quickcheck_Narrowing.pre_property.property.rel_pre_property	concealed	HOL.Quickcheck_Narrowing
Quickcheck_Narrowing.pre_property.property.map_pre_property	concealed	HOL.Quickcheck_Narrowing
Quickcheck_Narrowing.narrowing_type.str_init_narrowing_type	concealed	HOL.Quickcheck_Narrowing
Quickcheck_Narrowing.narrowing_type.ctor_rec_narrowing_type	concealed	HOL.Quickcheck_Narrowing
Quickcheck_Narrowing.narrowing_term.str_init_narrowing_term	concealed	HOL.Quickcheck_Narrowing
Quickcheck_Narrowing.narrowing_term.ctor_rec_narrowing_term	concealed	HOL.Quickcheck_Narrowing
Quickcheck_Narrowing.narrowing_cons.str_init_narrowing_cons	concealed	HOL.Quickcheck_Narrowing
Quickcheck_Narrowing.narrowing_cons.ctor_rec_narrowing_cons	concealed	HOL.Quickcheck_Narrowing
Quickcheck_Narrowing.ffun.ffun_IITN_ffun.Rep_ffun_IITN_ffun	concealed	HOL.Quickcheck_Narrowing
Quickcheck_Narrowing.ffun.ffun_IITN_ffun.Abs_ffun_IITN_ffun	concealed	HOL.Quickcheck_Narrowing
Quickcheck_Narrowing.cfun.cfun_IITN_cfun.Rep_cfun_IITN_cfun	concealed	HOL.Quickcheck_Narrowing
Quickcheck_Narrowing.cfun.cfun_IITN_cfun.Abs_cfun_IITN_cfun	concealed	HOL.Quickcheck_Narrowing
Quickcheck_Exhaustive.full_exhaustive_class.full_exhaustive	KEPT	HOL.Quickcheck_Exhaustive
Quickcheck_Exhaustive.fast_exhaustive_class.fast_exhaustive	KEPT	HOL.Quickcheck_Exhaustive
Quickcheck_Exhaustive.check_all_unit_inst.enum_term_of_unit	inst_infix	HOL.Quickcheck_Exhaustive
Quickcheck_Exhaustive.check_all_prod_inst.enum_term_of_prod	inst_infix	HOL.Quickcheck_Exhaustive
Quickcheck_Exhaustive.check_all_char_inst.enum_term_of_char	inst_infix	HOL.Quickcheck_Exhaustive
Quickcheck_Exhaustive.check_all_bool_inst.enum_term_of_bool	inst_infix	HOL.Quickcheck_Exhaustive
Product_Type.partial_term_of_unit_inst.partial_term_of_unit	inst_infix	HOL.Product_Type
Product_Type.partial_term_of_prod_inst.partial_term_of_prod	inst_infix	HOL.Product_Type
Product_Type.full_exhaustive_unit_inst.full_exhaustive_unit	inst_infix	HOL.Product_Type
Pratt_Certificate.pratt.pratt_pre_pratt.Rep_pratt_pre_pratt	concealed	Pratt_Certificate.Pratt_Certificate
Pratt_Certificate.pratt.pratt_pre_pratt.Abs_pratt_pre_pratt	concealed	Pratt_Certificate.Pratt_Certificate
Polynomial.euclidean_semiring_poly_inst.euclidean_size_poly	inst_infix	HOL-Computational_Algebra.Polynomial
Poly_Mapping.typerep_poly_mapping_inst.typerep_poly_mapping	inst_infix	HOL-Library.Poly_Mapping
Poly_Mapping.term_of_poly_mapping_inst.term_of_poly_mapping	inst_infix	HOL-Library.Poly_Mapping
Partial_Fraction_Decomposition.pfd_homomorphism.from_decomp	KEPT	Linear_Recurrences.Partial_Fraction_Decomposition
Parallel.partial_term_of_future_inst.partial_term_of_future	inst_infix	HOL-Library.Parallel
Parallel.full_exhaustive_future_inst.full_exhaustive_future	inst_infix	HOL-Library.Parallel
Numeral_Type.partial_term_of_num1_inst.partial_term_of_num1	inst_infix	HOL-Library.Numeral_Type
Numeral_Type.partial_term_of_num0_inst.partial_term_of_num0	inst_infix	HOL-Library.Numeral_Type
Multiset_Order.preorder_class.less_multiset\<^sub>H\<^sub>O	KEPT	HOL-Library.Multiset_Order
Multiset_Order.preorder_class.less_multiset\<^sub>D\<^sub>M	KEPT	HOL-Library.Multiset_Order
Multiseries_Expansion.sig_msllist_v4.min_alg_sig_msllist_v4	concealed	HOL-Real_Asymp.Multiseries_Expansion
Multiseries_Expansion.sig_msllist_v3.min_alg_sig_msllist_v3	concealed	HOL-Real_Asymp.Multiseries_Expansion
Multiseries_Expansion.sig_msllist_v2.min_alg_sig_msllist_v2	concealed	HOL-Real_Asymp.Multiseries_Expansion
Multiseries_Expansion.sig_msllist_v1.min_alg_sig_msllist_v1	concealed	HOL-Real_Asymp.Multiseries_Expansion
Multiseries_Expansion.sig_msllist_v0.min_alg_sig_msllist_v0	concealed	HOL-Real_Asymp.Multiseries_Expansion
Multiseries_Expansion.multiseries_ms_inst.zero_expansion_ms	inst_infix	HOL-Real_Asymp.Multiseries_Expansion
Multiseries_Expansion.multiseries_ms_inst.powr_expansion_ms	inst_infix	HOL-Real_Asymp.Multiseries_Expansion
Multiplicative_Function.completely_multiplicative_function'	KEPT	Dirichlet_Series.Multiplicative_Function
Multiplicative_Characters.finite_comm_group.double_dual_iso	KEPT	Dirichlet_L.Multiplicative_Characters
MPoly_Type.partial_term_of_mpoly_inst.partial_term_of_mpoly	inst_infix	Polynomials.MPoly_Type
Landau_Real_Products.groupsort_primfun.group_part_aux_graph	concealed	Landau_Symbols.Landau_Real_Products
Geo_Real2.real2.neu.weak_triangle_circumscription_principle	KEPT	MathBench_ProverBase.Geo_Real2
Gaussian_Integers.pre_gauss_int.gauss_int.wit_pre_gauss_int	concealed	Gaussian_Integers.Gaussian_Integers
Gaussian_Integers.pre_gauss_int.gauss_int.set_pre_gauss_int	concealed	Gaussian_Integers.Gaussian_Integers
Gaussian_Integers.pre_gauss_int.gauss_int.rel_pre_gauss_int	concealed	Gaussian_Integers.Gaussian_Integers
Gaussian_Integers.pre_gauss_int.gauss_int.map_pre_gauss_int	concealed	Gaussian_Integers.Gaussian_Integers
Finitely_Generated_Abelian_Groups.fin_gen_comm_group_axioms	KEPT	Finitely_Generated_Abelian_Groups.Finitely_Generated_Abelian_Groups
Finite_Cartesian_Product.uniformity_vec_inst.uniformity_vec	inst_infix	HOL-Analysis.Finite_Cartesian_Product
Finite_Cartesian_Product.euclidean_space_vec_inst.Basis_vec	inst_infix	HOL-Analysis.Finite_Cartesian_Product
Factorial_Ring.factorial_semiring_class.prime_factorization	KEPT	HOL-Computational_Algebra.Factorial_Ring
Extended_Nat.partial_term_of_enat_inst.partial_term_of_enat	inst_infix	HOL-Library.Extended_Nat
Extended_Nat.full_exhaustive_enat_inst.full_exhaustive_enat	inst_infix	HOL-Library.Extended_Nat
Executable_Euclidean_Space.executable_euclidean_space_class	class_pred	Affine_Arithmetic.Executable_Euclidean_Space
Executable_Euclidean_Space.class.executable_euclidean_space	class_infix	Affine_Arithmetic.Executable_Euclidean_Space
Euclidean_Algorithm.euclidean_ring_gcd_class.euclid_ext_aux	KEPT	HOL-Computational_Algebra.Euclidean_Algorithm
Euclidean_Algorithm.euclidean_ring_gcd.euclid_ext_aux_graph	concealed	HOL-Computational_Algebra.Euclidean_Algorithm
Enum.partial_term_of_finite_5_inst.partial_term_of_finite_5	inst_infix	HOL.Enum
Enum.partial_term_of_finite_4_inst.partial_term_of_finite_4	inst_infix	HOL.Enum
Enum.partial_term_of_finite_3_inst.partial_term_of_finite_3	inst_infix	HOL.Enum
Enum.partial_term_of_finite_2_inst.partial_term_of_finite_2	inst_infix	HOL.Enum
Enum.partial_term_of_finite_1_inst.partial_term_of_finite_1	inst_infix	HOL.Enum
Enum.normalization_semidom_finite_3_inst.normalize_finite_3	inst_infix	HOL.Enum
Enum.normalization_semidom_finite_2_inst.normalize_finite_2	inst_infix	HOL.Enum
Enum.full_exhaustive_finite_5_inst.full_exhaustive_finite_5	inst_infix	HOL.Enum
Enum.full_exhaustive_finite_4_inst.full_exhaustive_finite_4	inst_infix	HOL.Enum
Enum.full_exhaustive_finite_3_inst.full_exhaustive_finite_3	inst_infix	HOL.Enum
Enum.full_exhaustive_finite_2_inst.full_exhaustive_finite_2	inst_infix	HOL.Enum
Enum.full_exhaustive_finite_1_inst.full_exhaustive_finite_1	inst_infix	HOL.Enum
Bit_Operations.semiring_bit_operations_nat_inst.set_bit_nat	inst_infix	HOL.Bit_Operations
Bit_Operations.semiring_bit_operations_int_inst.set_bit_int	inst_infix	HOL.Bit_Operations
Approximation_Bounds.ub_arctan_horner_lb_arctan_horner_sumC	infra_theory	HOL-Decision_Procs.Approximation_Bounds
Approximation.pre_floatarith.floatarith.pred_pre_floatarith	concealed	HOL-Decision_Procs.Approximation
Tree.tree.typerep_tree_pre_tree_inst.typerep_tree_pre_tree	inst_infix	HOL-Library.Tree
Tarski_Neutral_Continuous.Tarski_Neutral_Continuous_axioms	KEPT	IsaGeoCoq.Tarski_Neutral_Continuous
Tarski_Neutral_Continuity.Tarski_neutral_dimensionless.FOF	KEPT	IsaGeoCoq.Tarski_Neutral_Continuity
Tarski_Neutral_Continuity.Tarski_neutral_dimensionless.EqC	KEPT	IsaGeoCoq.Tarski_Neutral_Continuity
Tarski_Neutral_Archimedes.Tarski_neutral_dimensionless.Sym	KEPT	IsaGeoCoq.Tarski_Neutral_Archimedes
Tarski_Neutral.Tarski_neutral_dimensionless.IsCircumcenter	KEPT	IsaGeoCoq.Tarski_Neutral
Square_Free_Factorization.monic_factorization.A_B_C_D_sumC	KEPT	Polynomial_Factorization.Square_Free_Factorization
Reflective_Field.fexpr.fexpr_pre_fexpr.Rep_fexpr_pre_fexpr	concealed	HOL-Decision_Procs.Reflective_Field
Reflective_Field.fexpr.fexpr_pre_fexpr.Abs_fexpr_pre_fexpr	concealed	HOL-Decision_Procs.Reflective_Field
Reflected_Multivariate_Polynomial.size_poly_inst.size_poly	infra_theory	HOL-Decision_Procs.Reflected_Multivariate_Polynomial
Reachability_Analysis.c1_on_open_euclidean.poincare_mapsto	KEPT	Ordinary_Differential_Equations.Reachability_Analysis
Quickcheck_Narrowing.pre_property.property.bd_pre_property	concealed	HOL.Quickcheck_Narrowing
Quickcheck_Narrowing.partial_term_of_class.partial_term_of	KEPT	HOL.Quickcheck_Narrowing
Quickcheck_Narrowing.narrowing_type.min_alg_narrowing_type	concealed	HOL.Quickcheck_Narrowing
Quickcheck_Narrowing.narrowing_term.min_alg_narrowing_term	concealed	HOL.Quickcheck_Narrowing
Quickcheck_Narrowing.narrowing_cons.min_alg_narrowing_cons	concealed	HOL.Quickcheck_Narrowing
Quickcheck_Exhaustive.typerep_unknown_inst.typerep_unknown	inst_infix	HOL.Quickcheck_Exhaustive
Quickcheck_Exhaustive.term_of_unknown_inst.term_of_unknown	inst_infix	HOL.Quickcheck_Exhaustive
Quickcheck_Exhaustive.pre_unknown.unknown.pred_pre_unknown	concealed	HOL.Quickcheck_Exhaustive
Quickcheck_Exhaustive.exhaustive_prod_inst.exhaustive_prod	inst_infix	HOL.Quickcheck_Exhaustive
Product_Vector.class.uniform_topological_monoid_add_axioms	class_infix	HOL-Analysis.Product_Vector
Predicate.seq.typerep_seq_pre_seq_inst.typerep_seq_pre_seq	inst_infix	HOL.Predicate
Parity.linordered_euclidean_semiring_division_class.divmod	KEPT	HOL.Parity
Parity.class.linordered_euclidean_semiring_division_axioms	class_infix	HOL.Parity
Parametric_Ferrante_Rackoff.narrowing_tm_inst.narrowing_tm	infra_theory	HOL-Decision_Procs.Parametric_Ferrante_Rackoff
Parametric_Ferrante_Rackoff.narrowing_fm_inst.narrowing_fm	infra_theory	HOL-Decision_Procs.Parametric_Ferrante_Rackoff
Multiseries_Expansion.typerep_msllist_inst.typerep_msllist	inst_infix	HOL-Real_Asymp.Multiseries_Expansion
Multiseries_Expansion.term_of_msllist_inst.term_of_msllist	inst_infix	HOL-Real_Asymp.Multiseries_Expansion
Multiseries_Expansion.ssig_msllist_v4.pred_ssig_msllist_v4	concealed	HOL-Real_Asymp.Multiseries_Expansion
Multiseries_Expansion.ssig_msllist_v4.dtor_ssig_msllist_v4	concealed	HOL-Real_Asymp.Multiseries_Expansion
Multiseries_Expansion.ssig_msllist_v4.ctor_ssig_msllist_v4	concealed	HOL-Real_Asymp.Multiseries_Expansion
Multiseries_Expansion.ssig_msllist_v4.case_ssig_msllist_v4	concealed	HOL-Real_Asymp.Multiseries_Expansion
Multiseries_Expansion.ssig_msllist_v3.pred_ssig_msllist_v3	concealed	HOL-Real_Asymp.Multiseries_Expansion
Multiseries_Expansion.ssig_msllist_v3.dtor_ssig_msllist_v3	concealed	HOL-Real_Asymp.Multiseries_Expansion
Multiseries_Expansion.ssig_msllist_v3.ctor_ssig_msllist_v3	concealed	HOL-Real_Asymp.Multiseries_Expansion
Multiseries_Expansion.ssig_msllist_v3.case_ssig_msllist_v3	concealed	HOL-Real_Asymp.Multiseries_Expansion
Multiseries_Expansion.ssig_msllist_v2.pred_ssig_msllist_v2	concealed	HOL-Real_Asymp.Multiseries_Expansion
Multiseries_Expansion.ssig_msllist_v2.dtor_ssig_msllist_v2	concealed	HOL-Real_Asymp.Multiseries_Expansion
Multiseries_Expansion.ssig_msllist_v2.ctor_ssig_msllist_v2	concealed	HOL-Real_Asymp.Multiseries_Expansion
Multiseries_Expansion.ssig_msllist_v2.case_ssig_msllist_v2	concealed	HOL-Real_Asymp.Multiseries_Expansion
Multiseries_Expansion.ssig_msllist_v1.pred_ssig_msllist_v1	concealed	HOL-Real_Asymp.Multiseries_Expansion
Multiseries_Expansion.ssig_msllist_v1.dtor_ssig_msllist_v1	concealed	HOL-Real_Asymp.Multiseries_Expansion
Multiseries_Expansion.ssig_msllist_v1.ctor_ssig_msllist_v1	concealed	HOL-Real_Asymp.Multiseries_Expansion
Multiseries_Expansion.ssig_msllist_v1.case_ssig_msllist_v1	concealed	HOL-Real_Asymp.Multiseries_Expansion
Multiseries_Expansion.ssig_msllist_v0.set2_ssig_msllist_v0	concealed	HOL-Real_Asymp.Multiseries_Expansion
Multiseries_Expansion.ssig_msllist_v0.set1_ssig_msllist_v0	concealed	HOL-Real_Asymp.Multiseries_Expansion
Multiseries_Expansion.ssig_msllist_v0.pred_ssig_msllist_v0	concealed	HOL-Real_Asymp.Multiseries_Expansion
Multiseries_Expansion.ssig_msllist_v0.dtor_ssig_msllist_v0	concealed	HOL-Real_Asymp.Multiseries_Expansion
Multiseries_Expansion.ssig_msllist_v0.ctor_ssig_msllist_v0	concealed	HOL-Real_Asymp.Multiseries_Expansion
Multiseries_Expansion.ssig_msllist_v0.case_ssig_msllist_v0	concealed	HOL-Real_Asymp.Multiseries_Expansion
Multiseries_Expansion.random_msstream_inst.random_msstream	inst_infix	HOL-Real_Asymp.Multiseries_Expansion
Multiseries_Expansion.pre_msllist.msllist.set2_pre_msllist	concealed	HOL-Real_Asymp.Multiseries_Expansion
Multiseries_Expansion.pre_msllist.msllist.set1_pre_msllist	concealed	HOL-Real_Asymp.Multiseries_Expansion
Multiseries_Expansion.pre_msllist.msllist.pred_pre_msllist	concealed	HOL-Real_Asymp.Multiseries_Expansion
Multiseries_Expansion.multiseries_ms_inst.dominant_term_ms	inst_infix	HOL-Real_Asymp.Multiseries_Expansion
Multiplicative_Function.completely_multiplicative_function	KEPT	Dirichlet_Series.Multiplicative_Function
Mapping.linorder_class.folding_Map_graph.fold_insort_key.F	KEPT	HOL-Library.Mapping
Linear_Homogenous_Recurrences.linear_homogenous_recurrence	KEPT	Linear_Recurrences.Linear_Homogenous_Recurrences
Lazy_Sequence.equal_lazy_sequence_inst.equal_lazy_sequence	inst_infix	HOL.Lazy_Sequence
Landau_Real_Products.groupsort_primfun.group_part_aux_sumC	KEPT	Landau_Symbols.Landau_Real_Products
Initial_Value_Problem.unique_on_bounded_closed.fixed_point	KEPT	Ordinary_Differential_Equations.Initial_Value_Problem
Gaussian_Integers_Sums_Of_Two_Squares.sum_of_2_squares_nat	KEPT	Gaussian_Integers.Gaussian_Integers_Sums_Of_Two_Squares
Gaussian_Integers.typerep_gauss_int_inst.typerep_gauss_int	inst_infix	Gaussian_Integers.Gaussian_Integers
Gaussian_Integers.term_of_gauss_int_inst.term_of_gauss_int	inst_infix	Gaussian_Integers.Gaussian_Integers
Functional_Spaces.typerep_quasinorm_inst.typerep_quasinorm	inst_infix	Lp.Functional_Spaces
Field_as_Ring.unit_factor_complex_inst.unit_factor_complex	inst_infix	HOL-Computational_Algebra.Field_as_Ring
Field_as_Ring.normalization_semidom_rat_inst.normalize_rat	inst_infix	HOL-Computational_Algebra.Field_as_Ring
Ferrack.num.typerep_num_IITN_num_inst.typerep_num_IITN_num	infra_theory	HOL-Decision_Procs.Ferrack
Extended_Nonnegative_Real.times_ennreal_inst.times_ennreal	inst_infix	HOL-Library.Extended_Nonnegative_Real
Extended_Nonnegative_Real.ord_ennreal_inst.less_eq_ennreal	inst_infix	HOL-Library.Extended_Nonnegative_Real
Extended_Nonnegative_Real.minus_ennreal_inst.minus_ennreal	inst_infix	HOL-Library.Extended_Nonnegative_Real
Euclidean_Space.euclidean_space_complex_inst.Basis_complex	inst_infix	HOL-Analysis.Euclidean_Space
Euclidean_Algorithm.normalization_euclidean_semiring_class	class_pred	HOL-Computational_Algebra.Euclidean_Algorithm
Euclidean_Algorithm.euclidean_ring_gcd.euclid_ext_aux_sumC	class_variant	HOL-Computational_Algebra.Euclidean_Algorithm
Euclidean_Algorithm.euclidean_ring_gcd.bezout_coefficients	class_variant	HOL-Computational_Algebra.Euclidean_Algorithm
Euclidean_Algorithm.class.normalization_euclidean_semiring	class_infix	HOL-Computational_Algebra.Euclidean_Algorithm
Elementary_Topology.class.second_countable_topology_axioms	class_infix	HOL-Analysis.Elementary_Topology
Congruence.eq_object.eq_object_ext.eq_object_ext_Tuple_Iso	adt_record	HOL-Algebra.Congruence
Commutative_Ring.polex.polex_pre_polex.Rep_polex_pre_polex	concealed	HOL-Decision_Procs.Commutative_Ring
Commutative_Ring.polex.polex_pre_polex.Abs_polex_pre_polex	concealed	HOL-Decision_Procs.Commutative_Ring
Cardinality.finite_UNIV_finite_5_inst.finite_UNIV_finite_5	inst_infix	HOL-Library.Cardinality
Cardinality.finite_UNIV_finite_4_inst.finite_UNIV_finite_4	inst_infix	HOL-Library.Cardinality
Cardinality.finite_UNIV_finite_3_inst.finite_UNIV_finite_3	inst_infix	HOL-Library.Cardinality
Cardinality.finite_UNIV_finite_2_inst.finite_UNIV_finite_2	inst_infix	HOL-Library.Cardinality
Cardinality.finite_UNIV_finite_1_inst.finite_UNIV_finite_1	inst_infix	HOL-Library.Cardinality
Bounded_Linear_Operator.typerep_blinop_inst.typerep_blinop	inst_infix	Ordinary_Differential_Equations.Bounded_Linear_Operator
Bounded_Linear_Operator.term_of_blinop_inst.term_of_blinop	inst_infix	Ordinary_Differential_Equations.Bounded_Linear_Operator
Bounded_Linear_Function.uminus_blinfun_inst.uminus_blinfun	inst_infix	HOL-Analysis.Bounded_Linear_Function
Bounded_Linear_Function.scaleR_blinfun_inst.scaleR_blinfun	inst_infix	HOL-Analysis.Bounded_Linear_Function
Bounded_Continuous_Function.sgn_bcontfun_inst.sgn_bcontfun	inst_infix	HOL-Analysis.Bounded_Continuous_Function
Approximation_Bounds.ub_arctan_horner_lb_arctan_horner_rel	concealed	HOL-Decision_Procs.Approximation_Bounds
Approximation_Bounds.ub_arctan_horner_lb_arctan_horner_dom	infra_theory	HOL-Decision_Procs.Approximation_Bounds
Approximation.pre_floatarith.floatarith.wit_pre_floatarith	concealed	HOL-Decision_Procs.Approximation
Approximation.pre_floatarith.floatarith.set_pre_floatarith	concealed	HOL-Decision_Procs.Approximation
Approximation.pre_floatarith.floatarith.rel_pre_floatarith	concealed	HOL-Decision_Procs.Approximation
Approximation.pre_floatarith.floatarith.map_pre_floatarith	concealed	HOL-Decision_Procs.Approximation
UnivPoly.up_ring.equal_up_ring_ext_inst.equal_up_ring_ext	inst_infix	HOL-Algebra.UnivPoly
Unique_Factorization.comm_semiring_1_class.primitive_poly	KEPT	Berlekamp_Zassenhaus.Unique_Factorization
Tarski_Neutral_Continuity.Tarski_neutral_dimensionless.Eq	KEPT	IsaGeoCoq.Tarski_Neutral_Continuity
Tarski_Neutral.Tarski_neutral_dimensionless.Parallelogram	KEPT	IsaGeoCoq.Tarski_Neutral
Tarski_Neutral.Tarski_neutral_dimensionless.IsOrthocenter	KEPT	IsaGeoCoq.Tarski_Neutral
Stream.partial_term_of_stream_inst.partial_term_of_stream	inst_infix	HOL-Library.Stream
Stream.full_exhaustive_stream_inst.full_exhaustive_stream	inst_infix	HOL-Library.Stream
Square_Free_Factorization.yun_gcd.yun_monic_factorization	KEPT	Polynomial_Factorization.Square_Free_Factorization
Square_Free_Factorization.monic_factorization.A_B_C_D_rel	concealed	Polynomial_Factorization.Square_Free_Factorization
Square_Free_Factorization.monic_factorization.A_B_C_D_dom	KEPT	Polynomial_Factorization.Square_Free_Factorization
Reflective_Field.raw_sum.pexpr2.sum.Sum_Type.pred_raw_sum	concealed	HOL-Decision_Procs.Reflective_Field
Record.size_tuple_isomorphism_inst.size_tuple_isomorphism	inst_infix	HOL.Record
RatFPS.normalization_semidom_ratfps_inst.normalize_ratfps	inst_infix	Linear_Recurrences.RatFPS
RatFPS.full_exhaustive_ratfps_inst.full_exhaustive_ratfps	inst_infix	Linear_Recurrences.RatFPS
Quickcheck_Narrowing.narrowing_term.Narrowing_constructor	KEPT	HOL.Quickcheck_Narrowing
Quickcheck_Narrowing.ffun.ffun_pre_ffun.Rep_ffun_pre_ffun	concealed	HOL.Quickcheck_Narrowing
Quickcheck_Narrowing.ffun.ffun_pre_ffun.Abs_ffun_pre_ffun	concealed	HOL.Quickcheck_Narrowing
Quickcheck_Exhaustive.three_valued.ctor_fold_three_valued	concealed	HOL.Quickcheck_Exhaustive
Quickcheck_Exhaustive.pre_unknown.unknown.wit_pre_unknown	concealed	HOL.Quickcheck_Exhaustive
Quickcheck_Exhaustive.pre_unknown.unknown.set_pre_unknown	concealed	HOL.Quickcheck_Exhaustive
Quickcheck_Exhaustive.pre_unknown.unknown.rel_pre_unknown	concealed	HOL.Quickcheck_Exhaustive
Quickcheck_Exhaustive.pre_unknown.unknown.map_pre_unknown	concealed	HOL.Quickcheck_Exhaustive
Quickcheck_Exhaustive.check_all_sum_inst.enum_term_of_sum	inst_infix	HOL.Quickcheck_Exhaustive
Quickcheck_Exhaustive.check_all_set_inst.enum_term_of_set	inst_infix	HOL.Quickcheck_Exhaustive
Quickcheck_Exhaustive.check_all_fun_inst.enum_term_of_fun	KEPT	HOL.Quickcheck_Exhaustive
Quickcheck_Exhaustive.bounded_forall_class.bounded_forall	KEPT	HOL.Quickcheck_Exhaustive
Product_Vector.class.uniform_topological_group_add_axioms	class_infix	HOL-Analysis.Product_Vector
Polynomial.normalization_semidom_poly_inst.normalize_poly	inst_infix	HOL-Computational_Algebra.Polynomial
Polynomial.full_exhaustive_poly_inst.full_exhaustive_poly	inst_infix	HOL-Computational_Algebra.Polynomial
Poly_Mapping.uminus_poly_mapping_inst.uminus_poly_mapping	inst_infix	HOL-Library.Poly_Mapping
Parity.linordered_euclidean_semiring_division.divides_aux	class_variant	HOL.Parity
Parallel.future.future_IITN_future.Rep_future_IITN_future	concealed	HOL-Library.Parallel
Parallel.future.future_IITN_future.Abs_future_IITN_future	concealed	HOL-Library.Parallel
Option.partial_term_of_option_inst.partial_term_of_option	inst_infix	HOL.Option
Option.full_exhaustive_option_inst.full_exhaustive_option	inst_infix	HOL.Option
Multiset_Permutations.permutations_of_list_impl_aux_graph	concealed	HOL-Combinatorics.Multiset_Permutations
Multiseries_Expansion.ssig_msllist_v4.wit_ssig_msllist_v4	concealed	HOL-Real_Asymp.Multiseries_Expansion
Multiseries_Expansion.ssig_msllist_v4.set_ssig_msllist_v4	concealed	HOL-Real_Asymp.Multiseries_Expansion
Multiseries_Expansion.ssig_msllist_v4.rel_ssig_msllist_v4	concealed	HOL-Real_Asymp.Multiseries_Expansion
Multiseries_Expansion.ssig_msllist_v4.rec_ssig_msllist_v4	concealed	HOL-Real_Asymp.Multiseries_Expansion
Multiseries_Expansion.ssig_msllist_v4.mor_ssig_msllist_v4	concealed	HOL-Real_Asymp.Multiseries_Expansion
Multiseries_Expansion.ssig_msllist_v4.map_ssig_msllist_v4	concealed	HOL-Real_Asymp.Multiseries_Expansion
Multiseries_Expansion.ssig_msllist_v4.alg_ssig_msllist_v4	concealed	HOL-Real_Asymp.Multiseries_Expansion
Multiseries_Expansion.ssig_msllist_v4.Rep_ssig_msllist_v4	concealed	HOL-Real_Asymp.Multiseries_Expansion
Multiseries_Expansion.ssig_msllist_v4.Abs_ssig_msllist_v4	concealed	HOL-Real_Asymp.Multiseries_Expansion
Multiseries_Expansion.ssig_msllist_v3.wit_ssig_msllist_v3	concealed	HOL-Real_Asymp.Multiseries_Expansion
Multiseries_Expansion.ssig_msllist_v3.set_ssig_msllist_v3	concealed	HOL-Real_Asymp.Multiseries_Expansion
Multiseries_Expansion.ssig_msllist_v3.rel_ssig_msllist_v3	concealed	HOL-Real_Asymp.Multiseries_Expansion
Multiseries_Expansion.ssig_msllist_v3.rec_ssig_msllist_v3	concealed	HOL-Real_Asymp.Multiseries_Expansion
Multiseries_Expansion.ssig_msllist_v3.mor_ssig_msllist_v3	concealed	HOL-Real_Asymp.Multiseries_Expansion
Multiseries_Expansion.ssig_msllist_v3.map_ssig_msllist_v3	concealed	HOL-Real_Asymp.Multiseries_Expansion
Multiseries_Expansion.ssig_msllist_v3.alg_ssig_msllist_v3	concealed	HOL-Real_Asymp.Multiseries_Expansion
Multiseries_Expansion.ssig_msllist_v3.Rep_ssig_msllist_v3	concealed	HOL-Real_Asymp.Multiseries_Expansion
Multiseries_Expansion.ssig_msllist_v3.Abs_ssig_msllist_v3	concealed	HOL-Real_Asymp.Multiseries_Expansion
Multiseries_Expansion.ssig_msllist_v2.wit_ssig_msllist_v2	concealed	HOL-Real_Asymp.Multiseries_Expansion
Multiseries_Expansion.ssig_msllist_v2.set_ssig_msllist_v2	concealed	HOL-Real_Asymp.Multiseries_Expansion
Multiseries_Expansion.ssig_msllist_v2.rel_ssig_msllist_v2	concealed	HOL-Real_Asymp.Multiseries_Expansion
Multiseries_Expansion.ssig_msllist_v2.rec_ssig_msllist_v2	concealed	HOL-Real_Asymp.Multiseries_Expansion
Multiseries_Expansion.ssig_msllist_v2.mor_ssig_msllist_v2	concealed	HOL-Real_Asymp.Multiseries_Expansion
Multiseries_Expansion.ssig_msllist_v2.map_ssig_msllist_v2	concealed	HOL-Real_Asymp.Multiseries_Expansion
Multiseries_Expansion.ssig_msllist_v2.alg_ssig_msllist_v2	concealed	HOL-Real_Asymp.Multiseries_Expansion
Multiseries_Expansion.ssig_msllist_v2.Rep_ssig_msllist_v2	concealed	HOL-Real_Asymp.Multiseries_Expansion
Multiseries_Expansion.ssig_msllist_v2.Abs_ssig_msllist_v2	concealed	HOL-Real_Asymp.Multiseries_Expansion
Multiseries_Expansion.ssig_msllist_v1.wit_ssig_msllist_v1	concealed	HOL-Real_Asymp.Multiseries_Expansion
Multiseries_Expansion.ssig_msllist_v1.set_ssig_msllist_v1	concealed	HOL-Real_Asymp.Multiseries_Expansion
Multiseries_Expansion.ssig_msllist_v1.rel_ssig_msllist_v1	concealed	HOL-Real_Asymp.Multiseries_Expansion
Multiseries_Expansion.ssig_msllist_v1.rec_ssig_msllist_v1	concealed	HOL-Real_Asymp.Multiseries_Expansion
Multiseries_Expansion.ssig_msllist_v1.mor_ssig_msllist_v1	concealed	HOL-Real_Asymp.Multiseries_Expansion
Multiseries_Expansion.ssig_msllist_v1.map_ssig_msllist_v1	concealed	HOL-Real_Asymp.Multiseries_Expansion
Multiseries_Expansion.ssig_msllist_v1.alg_ssig_msllist_v1	concealed	HOL-Real_Asymp.Multiseries_Expansion
Multiseries_Expansion.ssig_msllist_v1.Rep_ssig_msllist_v1	concealed	HOL-Real_Asymp.Multiseries_Expansion
Multiseries_Expansion.ssig_msllist_v1.Abs_ssig_msllist_v1	concealed	HOL-Real_Asymp.Multiseries_Expansion
Multiseries_Expansion.ssig_msllist_v0.wit_ssig_msllist_v0	concealed	HOL-Real_Asymp.Multiseries_Expansion
Multiseries_Expansion.ssig_msllist_v0.rel_ssig_msllist_v0	concealed	HOL-Real_Asymp.Multiseries_Expansion
Multiseries_Expansion.ssig_msllist_v0.rec_ssig_msllist_v0	concealed	HOL-Real_Asymp.Multiseries_Expansion
Multiseries_Expansion.ssig_msllist_v0.mor_ssig_msllist_v0	concealed	HOL-Real_Asymp.Multiseries_Expansion
Multiseries_Expansion.ssig_msllist_v0.map_ssig_msllist_v0	concealed	HOL-Real_Asymp.Multiseries_Expansion
Multiseries_Expansion.ssig_msllist_v0.alg_ssig_msllist_v0	concealed	HOL-Real_Asymp.Multiseries_Expansion
Multiseries_Expansion.ssig_msllist_v0.Rep_ssig_msllist_v0	concealed	HOL-Real_Asymp.Multiseries_Expansion
Multiseries_Expansion.ssig_msllist_v0.Abs_ssig_msllist_v0	concealed	HOL-Real_Asymp.Multiseries_Expansion
Multiseries_Expansion.pre_msllist.msllist.wit_pre_msllist	concealed	HOL-Real_Asymp.Multiseries_Expansion
Multiseries_Expansion.pre_msllist.msllist.rel_pre_msllist	concealed	HOL-Real_Asymp.Multiseries_Expansion
Multiseries_Expansion.pre_msllist.msllist.map_pre_msllist	concealed	HOL-Real_Asymp.Multiseries_Expansion
Multiseries_Expansion.multiseries_ms_inst.is_expansion_ms	inst_infix	HOL-Real_Asymp.Multiseries_Expansion
Landau_Real_Products.typerep_primfun_inst.typerep_primfun	inst_infix	Landau_Symbols.Landau_Real_Products
Landau_Real_Products.term_of_primfun_inst.term_of_primfun	inst_infix	Landau_Symbols.Landau_Real_Products
Landau_Real_Products.pre_primfun.primfun.pred_pre_primfun	concealed	Landau_Symbols.Landau_Real_Products
Landau_Real_Products.groupsort_primfun.group_part_aux_rel	concealed	Landau_Symbols.Landau_Real_Products
Landau_Real_Products.groupsort_primfun.group_part_aux_dom	KEPT	Landau_Symbols.Landau_Real_Products
IArray.partial_term_of_iarray_inst.partial_term_of_iarray	inst_infix	HOL-Library.IArray
IArray.full_exhaustive_iarray_inst.full_exhaustive_iarray	inst_infix	HOL-Library.IArray
Group_On_With.local_typedef_ab_group_add_on_with.uminus_S	KEPT	HOL-Types_To_Sets.Group_On_With
Geo_Real2.real2.neu.consecutive_interior_angles_postulate	KEPT	MathBench_ProverBase.Geo_Real2
Geo_Real2.real2.neu.alternative_strong_parallel_postulate	KEPT	MathBench_ProverBase.Geo_Real2
Finite_Product_Measure.finite_product_sigma_finite_axioms	KEPT	HOL-Analysis.Finite_Product_Measure
Finite_Map.partial_term_of_fmap_inst.partial_term_of_fmap	inst_infix	HOL-Library.Finite_Map
Finite_Map.full_exhaustive_fmap_inst.full_exhaustive_fmap	inst_infix	HOL-Library.Finite_Map
Filter.partial_term_of_filter_inst.partial_term_of_filter	inst_infix	HOL.Filter
Extended_Real.ereal.ereal_IITN_ereal.Rep_ereal_IITN_ereal	concealed	HOL-Library.Extended_Real
Extended_Real.ereal.ereal_IITN_ereal.Abs_ereal_IITN_ereal	concealed	HOL-Library.Extended_Real
Euclidean_Algorithm.euclidean_ring_gcd.euclid_ext_aux_rel	concealed	HOL-Computational_Algebra.Euclidean_Algorithm
Euclidean_Algorithm.euclidean_ring_gcd.euclid_ext_aux_dom	class_variant	HOL-Computational_Algebra.Euclidean_Algorithm
Cooper.raw_sum.fm.sum2.sum1.sum2.sum.Sum_Type.set_raw_sum	concealed	HOL-Decision_Procs.Cooper
Cooper.num.typerep_num_IITN_num_inst.typerep_num_IITN_num	infra_theory	HOL-Decision_Procs.Cooper
Comparator.partial_term_of_comp_inst.partial_term_of_comp	inst_infix	HOL-Library.Comparator
Comparator.full_exhaustive_comp_inst.full_exhaustive_comp	inst_infix	HOL-Library.Comparator
Code_Numeral.ring_bit_operations_integer_inst.not_integer	inst_infix	HOL.Code_Numeral
Boolean_Algebras.abstract_boolean_algebra_sym_diff_axioms	KEPT	HOL.Boolean_Algebras
Approximation.raw_sum.form.sum1.sum.Sum_Type.pred_raw_sum	concealed	HOL-Decision_Procs.Approximation
Abstract_Metric_Spaces.typerep_metric_inst.typerep_metric	inst_infix	HOL-Analysis.Abstract_Metric_Spaces
Unique_Factorization_Poly.modulo_fract_inst.modulo_fract	inst_infix	Berlekamp_Zassenhaus.Unique_Factorization_Poly
Topology_Euclidean_Space.euclidean_space_class.eucl_less	KEPT	HOL-Analysis.Topology_Euclidean_Space
Topological_Spaces.class.first_countable_topology_axioms	class_infix	HOL.Topological_Spaces
Square_Free_Factorization.yun_gcd.yun_factorization_main	KEPT	Polynomial_Factorization.Square_Free_Factorization
Square_Free_Factorization.yun_gcd.square_free_monic_poly	KEPT	Polynomial_Factorization.Square_Free_Factorization
Signed_Division.signed_modulo_int_inst.signed_modulo_int	inst_infix	HOL-Library.Signed_Division
Signed_Division.signed_divide_int_inst.signed_divide_int	inst_infix	HOL-Library.Signed_Division
Reflective_Field.raw_sum.pexpr2.sum.Sum_Type.rel_raw_sum	concealed	HOL-Decision_Procs.Reflective_Field
Reflective_Field.raw_sum.pexpr2.sum.Sum_Type.map_raw_sum	concealed	HOL-Decision_Procs.Reflective_Field
Reachability_Analysis.narrowing_sctn_inst.narrowing_sctn	inst_infix	Ordinary_Differential_Equations.Reachability_Analysis
Quickcheck_Exhaustive.three_valued.str_init_three_valued	concealed	HOL.Quickcheck_Exhaustive
Quickcheck_Exhaustive.three_valued.ctor_rec_three_valued	concealed	HOL.Quickcheck_Exhaustive
Quickcheck_Exhaustive.exhaustive_set_inst.exhaustive_set	inst_infix	HOL.Quickcheck_Exhaustive
Quickcheck_Exhaustive.exhaustive_nat_inst.exhaustive_nat	inst_infix	HOL.Quickcheck_Exhaustive
Quickcheck_Exhaustive.exhaustive_int_inst.exhaustive_int	inst_infix	HOL.Quickcheck_Exhaustive
Quickcheck_Exhaustive.exhaustive_fun_inst.exhaustive_fun	KEPT	HOL.Quickcheck_Exhaustive
Quickcheck_Exhaustive.check_all_unit_inst.check_all_unit	inst_infix	HOL.Quickcheck_Exhaustive
Quickcheck_Exhaustive.check_all_prod_inst.check_all_prod	inst_infix	HOL.Quickcheck_Exhaustive
Quickcheck_Exhaustive.check_all_char_inst.check_all_char	inst_infix	HOL.Quickcheck_Exhaustive
Quickcheck_Exhaustive.check_all_bool_inst.check_all_bool	inst_infix	HOL.Quickcheck_Exhaustive
Predicate.partial_term_of_pred_inst.partial_term_of_pred	inst_infix	HOL.Predicate
Pratt_Certificate.equal_pratt_tree_inst.equal_pratt_tree	inst_infix	Pratt_Certificate.Pratt_Certificate
Partial_Function.partial_function_definitions.admissible	KEPT	HOL.Partial_Function
Parametric_Ferrante_Rackoff.tm.tm_IITN_tm.Rep_tm_IITN_tm	concealed	HOL-Decision_Procs.Parametric_Ferrante_Rackoff
Parametric_Ferrante_Rackoff.tm.tm_IITN_tm.Abs_tm_IITN_tm	concealed	HOL-Decision_Procs.Parametric_Ferrante_Rackoff
Parametric_Ferrante_Rackoff.fm.fm_IITN_fm.Rep_fm_IITN_fm	concealed	HOL-Decision_Procs.Parametric_Ferrante_Rackoff
Parametric_Ferrante_Rackoff.fm.fm_IITN_fm.Abs_fm_IITN_fm	concealed	HOL-Decision_Procs.Parametric_Ferrante_Rackoff
Multiset_Permutations.permutations_of_set_aux_list_graph	concealed	HOL-Combinatorics.Multiset_Permutations
Multiset_Permutations.permutations_of_list_impl_aux_sumC	KEPT	HOL-Combinatorics.Multiset_Permutations
Multiset_Order.subset_mset.less_multiset\<^sub>H\<^sub>O	KEPT	HOL-Library.Multiset_Order
Multiset_Order.subset_mset.less_multiset\<^sub>D\<^sub>M	KEPT	HOL-Library.Multiset_Order
Multiseries_Expansion.sig_msllist_v4.pred_sig_msllist_v4	concealed	HOL-Real_Asymp.Multiseries_Expansion
Multiseries_Expansion.sig_msllist_v4.dtor_sig_msllist_v4	concealed	HOL-Real_Asymp.Multiseries_Expansion
Multiseries_Expansion.sig_msllist_v4.ctor_sig_msllist_v4	concealed	HOL-Real_Asymp.Multiseries_Expansion
Multiseries_Expansion.sig_msllist_v4.case_sig_msllist_v4	concealed	HOL-Real_Asymp.Multiseries_Expansion
Multiseries_Expansion.sig_msllist_v3.pred_sig_msllist_v3	concealed	HOL-Real_Asymp.Multiseries_Expansion
Multiseries_Expansion.sig_msllist_v3.dtor_sig_msllist_v3	concealed	HOL-Real_Asymp.Multiseries_Expansion
Multiseries_Expansion.sig_msllist_v3.ctor_sig_msllist_v3	concealed	HOL-Real_Asymp.Multiseries_Expansion
Multiseries_Expansion.sig_msllist_v3.case_sig_msllist_v3	concealed	HOL-Real_Asymp.Multiseries_Expansion
Multiseries_Expansion.sig_msllist_v2.pred_sig_msllist_v2	concealed	HOL-Real_Asymp.Multiseries_Expansion
Multiseries_Expansion.sig_msllist_v2.dtor_sig_msllist_v2	concealed	HOL-Real_Asymp.Multiseries_Expansion
Multiseries_Expansion.sig_msllist_v2.ctor_sig_msllist_v2	concealed	HOL-Real_Asymp.Multiseries_Expansion
Multiseries_Expansion.sig_msllist_v2.case_sig_msllist_v2	concealed	HOL-Real_Asymp.Multiseries_Expansion
Multiseries_Expansion.sig_msllist_v1.pred_sig_msllist_v1	concealed	HOL-Real_Asymp.Multiseries_Expansion
Multiseries_Expansion.sig_msllist_v1.dtor_sig_msllist_v1	concealed	HOL-Real_Asymp.Multiseries_Expansion
Multiseries_Expansion.sig_msllist_v1.ctor_sig_msllist_v1	concealed	HOL-Real_Asymp.Multiseries_Expansion
Multiseries_Expansion.sig_msllist_v1.case_sig_msllist_v1	concealed	HOL-Real_Asymp.Multiseries_Expansion
Multiseries_Expansion.sig_msllist_v0.set2_sig_msllist_v0	concealed	HOL-Real_Asymp.Multiseries_Expansion
Multiseries_Expansion.sig_msllist_v0.set1_sig_msllist_v0	concealed	HOL-Real_Asymp.Multiseries_Expansion
Multiseries_Expansion.sig_msllist_v0.pred_sig_msllist_v0	concealed	HOL-Real_Asymp.Multiseries_Expansion
Multiseries_Expansion.sig_msllist_v0.dtor_sig_msllist_v0	concealed	HOL-Real_Asymp.Multiseries_Expansion
Multiseries_Expansion.sig_msllist_v0.ctor_sig_msllist_v0	concealed	HOL-Real_Asymp.Multiseries_Expansion
Multiseries_Expansion.sig_msllist_v0.case_sig_msllist_v0	concealed	HOL-Real_Asymp.Multiseries_Expansion
Multiseries_Expansion.random_msllist_inst.random_msllist	inst_infix	HOL-Real_Asymp.Multiseries_Expansion
Multiseries_Expansion.multiseries_real_inst.trimmed_real	inst_infix	HOL-Real_Asymp.Multiseries_Expansion
Multiseries_Expansion.ms.ms_pre_ms_bdT.Rep_ms_pre_ms_bdT	concealed	HOL-Real_Asymp.Multiseries_Expansion
Multiseries_Expansion.ms.ms_pre_ms_bdT.Abs_ms_pre_ms_bdT	concealed	HOL-Real_Asymp.Multiseries_Expansion
Multiseries_Expansion.equal_msstream_inst.equal_msstream	inst_infix	HOL-Real_Asymp.Multiseries_Expansion
Module.module.typerep_module_ext_inst.typerep_module_ext	inst_infix	HOL-Algebra.Module
Module.module.term_of_module_ext_inst.term_of_module_ext	inst_infix	HOL-Algebra.Module
List.linorder_class.sorted_list_of_set.fold_insort_key.F	KEPT	HOL.List
Lazy_Eval.narrowing_cmp_result_inst.narrowing_cmp_result	inst_infix	HOL-Real_Asymp.Lazy_Eval
Landau_Real_Products.pre_primfun.primfun.wit_pre_primfun	concealed	Landau_Symbols.Landau_Real_Products
Landau_Real_Products.pre_primfun.primfun.set_pre_primfun	concealed	Landau_Symbols.Landau_Real_Products
Landau_Real_Products.pre_primfun.primfun.rel_pre_primfun	concealed	Landau_Symbols.Landau_Real_Products
Landau_Real_Products.pre_primfun.primfun.map_pre_primfun	concealed	Landau_Symbols.Landau_Real_Products
Hoeffding.indep_interval_bounded_random_variables_axioms	KEPT	HOL-Probability.Hoeffding
Group_On_With.local_typedef_ab_group_add_on_with.minus_S	KEPT	HOL-Types_To_Sets.Group_On_With
Gaussian_Integers.uminus_gauss_int_inst.uminus_gauss_int	inst_infix	Gaussian_Integers.Gaussian_Integers
Gaussian_Integers.random_gauss_int_inst.random_gauss_int	inst_infix	Gaussian_Integers.Gaussian_Integers
Gaussian_Integers.modulo_gauss_int_inst.modulo_gauss_int	inst_infix	Gaussian_Integers.Gaussian_Integers
Gaussian_Integers.divide_gauss_int_inst.divide_gauss_int	inst_infix	Gaussian_Integers.Gaussian_Integers
Formal_Power_Series.unit_factor_fps_inst.unit_factor_fps	inst_infix	HOL-Computational_Algebra.Formal_Power_Series
Formal_Laurent_Series.uniformity_fls_inst.uniformity_fls	inst_infix	HOL-Computational_Algebra.Formal_Laurent_Series
Ferrack.num.typerep_num_pre_num_inst.typerep_num_pre_num	infra_theory	HOL-Decision_Procs.Ferrack
Extended_Nonnegative_Real.zero_ennreal_inst.zero_ennreal	inst_infix	HOL-Library.Extended_Nonnegative_Real
Extended_Nonnegative_Real.plus_ennreal_inst.plus_ennreal	inst_infix	HOL-Library.Extended_Nonnegative_Real
Extended_Nonnegative_Real.open_ennreal_inst.open_ennreal	inst_infix	HOL-Library.Extended_Nonnegative_Real
Euclidean_Algorithm.normalization_euclidean_semiring.lcm	class_variant	HOL-Computational_Algebra.Euclidean_Algorithm
Euclidean_Algorithm.normalization_euclidean_semiring.gcd	class_variant	HOL-Computational_Algebra.Euclidean_Algorithm
Euclidean_Algorithm.normalization_euclidean_semiring.Lcm	class_variant	HOL-Computational_Algebra.Euclidean_Algorithm
Euclidean_Algorithm.normalization_euclidean_semiring.Gcd	class_variant	HOL-Computational_Algebra.Euclidean_Algorithm
Discrete_Topology.typerep_discrete_inst.typerep_discrete	inst_infix	HOL-Probability.Discrete_Topology
Determinants_IArrays.Gauss_Jordan_column_k_det_P_iarrays	KEPT	Gauss_Jordan.Determinants_IArrays
Continued_Fractions.narrowing_cfrac_inst.narrowing_cfrac	inst_infix	Continued_Fractions.Continued_Fractions
Conditionally_Complete_Lattices.preorder_class.bdd_below	KEPT	HOL.Conditionally_Complete_Lattices
Conditionally_Complete_Lattices.preorder_class.bdd_above	KEPT	HOL.Conditionally_Complete_Lattices
Conditional_Expectation.finite_measure_subalgebra_axioms	KEPT	HOL-Probability.Conditional_Expectation
Code_Test.typerep_yxml_of_term_inst.typerep_yxml_of_term	inst_infix	HOL-Library.Code_Test
Code_Lazy.partial_term_of_lazy_inst.partial_term_of_lazy	inst_infix	HOL-Library.Code_Lazy
Cardinality.finite_UNIV_natural_inst.finite_UNIV_natural	inst_infix	HOL-Library.Cardinality
Cardinality.finite_UNIV_literal_inst.finite_UNIV_literal	inst_infix	HOL-Library.Cardinality
Cardinality.finite_UNIV_integer_inst.finite_UNIV_integer	inst_infix	HOL-Library.Cardinality
Bourbaki_Witt_Fixpoint.bourbaki_witt_fixpoint.fixp_above	KEPT	HOL-Library.Bourbaki_Witt_Fixpoint
Bounded_Linear_Operator.uminus_blinop_inst.uminus_blinop	inst_infix	Ordinary_Differential_Equations.Bounded_Linear_Operator
Bounded_Linear_Operator.scaleR_blinop_inst.scaleR_blinop	inst_infix	Ordinary_Differential_Equations.Bounded_Linear_Operator
Bounded_Linear_Function.minus_blinfun_inst.minus_blinfun	inst_infix	HOL-Analysis.Bounded_Linear_Function
Bit_Operations.semiring_bit_operations_nat_inst.mask_nat	inst_infix	HOL.Bit_Operations
Bit_Operations.semiring_bit_operations_int_inst.mask_int	inst_infix	HOL.Bit_Operations
Bit_Operations.ring_bit_operations_class.signed_take_bit	KEPT	HOL.Bit_Operations
BNF_Cardinal_Order_Relation.typerep_suc_inst.typerep_suc	internal_prefix	HOL.BNF_Cardinal_Order_Relation
Approximation_Bounds.ub_sin_cos_aux_lb_sin_cos_aux_graph	concealed	HOL-Decision_Procs.Approximation_Bounds
Approximation.typerep_floatarith_inst.typerep_floatarith	infra_theory	HOL-Decision_Procs.Approximation
Approximation.term_of_floatarith_inst.term_of_floatarith	infra_theory	HOL-Decision_Procs.Approximation
Approximation.raw_sum.form.sum2.sum.Sum_Type.set_raw_sum	concealed	HOL-Decision_Procs.Approximation
Approximation.raw_sum.form.sum1.sum.Sum_Type.set_raw_sum	concealed	HOL-Decision_Procs.Approximation
Approximation.raw_sum.form.sum1.sum.Sum_Type.rel_raw_sum	concealed	HOL-Decision_Procs.Approximation
Approximation.raw_sum.form.sum1.sum.Sum_Type.map_raw_sum	concealed	HOL-Decision_Procs.Approximation
Abstract_Topology.typerep_topology_inst.typerep_topology	inst_infix	HOL-Analysis.Abstract_Topology
Vector_Spaces.finite_dimensional_vector_space.dimension	KEPT	HOL.Vector_Spaces
Unique_Factorization.comm_semiring_1_class.properfactor	KEPT	Berlekamp_Zassenhaus.Unique_Factorization
Unique_Factorization.comm_semiring_1_class.mset_factors	KEPT	Berlekamp_Zassenhaus.Unique_Factorization
Tarski_Neutral.Tarski_neutral_dimensionless.equilateral	KEPT	IsaGeoCoq.Tarski_Neutral
Tarski_Neutral.Tarski_neutral_dimensionless.QCongAnNull	KEPT	IsaGeoCoq.Tarski_Neutral
Tarski_Neutral.Tarski_neutral_dimensionless.QCongAnFlat	KEPT	IsaGeoCoq.Tarski_Neutral
Tarski_Neutral.Tarski_neutral_dimensionless.QCongAAcute	KEPT	IsaGeoCoq.Tarski_Neutral
Tarski_Neutral.Tarski_neutral_dimensionless.Perp_bisect	KEPT	IsaGeoCoq.Tarski_Neutral
Tarski_Neutral.Tarski_neutral_dimensionless.IsNullAngaP	KEPT	IsaGeoCoq.Tarski_Neutral
State_Monad.state.state_IITN_state.Rep_state_IITN_state	concealed	HOL-Library.State_Monad
State_Monad.state.state_IITN_state.Abs_state_IITN_state	concealed	HOL-Library.State_Monad
Rings.class.normalization_semidom_multiplicative_axioms	class_infix	HOL.Rings
Reflective_Field.narrowing_pexpr2_inst.narrowing_pexpr2	infra_theory	HOL-Decision_Procs.Reflective_Field
Reflective_Field.narrowing_pexpr1_inst.narrowing_pexpr1	infra_theory	HOL-Decision_Procs.Reflective_Field
Real_Vector_Spaces.uniformity_real_inst.uniformity_real	inst_infix	HOL.Real_Vector_Spaces
Real_Vector_Spaces.class.real_normed_div_algebra_axioms	class_infix	HOL.Real_Vector_Spaces
Quickcheck_Narrowing.narrowing_type.dtor_narrowing_type	concealed	HOL.Quickcheck_Narrowing
Quickcheck_Narrowing.narrowing_type.ctor_narrowing_type	concealed	HOL.Quickcheck_Narrowing
Quickcheck_Narrowing.narrowing_type.case_narrowing_type	KEPT	HOL.Quickcheck_Narrowing
Quickcheck_Narrowing.narrowing_term.dtor_narrowing_term	concealed	HOL.Quickcheck_Narrowing
Quickcheck_Narrowing.narrowing_term.ctor_narrowing_term	concealed	HOL.Quickcheck_Narrowing
Quickcheck_Narrowing.narrowing_term.case_narrowing_term	KEPT	HOL.Quickcheck_Narrowing
Quickcheck_Narrowing.narrowing_ffun_inst.narrowing_ffun	inst_infix	HOL.Quickcheck_Narrowing
Quickcheck_Narrowing.narrowing_cons.dtor_narrowing_cons	concealed	HOL.Quickcheck_Narrowing
Quickcheck_Narrowing.narrowing_cons.ctor_narrowing_cons	concealed	HOL.Quickcheck_Narrowing
Quickcheck_Narrowing.narrowing_cons.case_narrowing_cons	KEPT	HOL.Quickcheck_Narrowing
Quickcheck_Narrowing.narrowing_cfun_inst.narrowing_cfun	inst_infix	HOL.Quickcheck_Narrowing
Quickcheck_Narrowing.equal_property_inst.equal_property	KEPT	HOL.Quickcheck_Narrowing
Quickcheck_Exhaustive.three_valued.min_alg_three_valued	concealed	HOL.Quickcheck_Exhaustive
Pratt_Certificate.efficient_power.efficient_power_graph	concealed	Pratt_Certificate.Pratt_Certificate
Poly_Mapping.times_poly_mapping_inst.times_poly_mapping	inst_infix	HOL-Library.Poly_Mapping
Poly_Mapping.ord_poly_mapping_inst.less_eq_poly_mapping	inst_infix	HOL-Library.Poly_Mapping
Poly_Mapping.minus_poly_mapping_inst.minus_poly_mapping	inst_infix	HOL-Library.Poly_Mapping
Partial_Function.partial_function_definitions.mono_body	KEPT	HOL.Partial_Function
Order_Continuity.countable_complete_lattice_class.cclfp	KEPT	HOL-Library.Order_Continuity
Order.gorder.typerep_gorder_ext_inst.typerep_gorder_ext	inst_infix	HOL-Algebra.Order
Order.gorder.term_of_gorder_ext_inst.term_of_gorder_ext	inst_infix	HOL-Algebra.Order
Option.option.option_IITN_option.Rep_option_IITN_option	concealed	HOL.Option
Option.option.option_IITN_option.Abs_option_IITN_option	concealed	HOL.Option
Newton_Interpolation.newton_coefficients_main_int_graph	concealed	Polynomial_Interpolation.Newton_Interpolation
Newton_Interpolation.divided_differences_impl_int_graph	concealed	Polynomial_Interpolation.Newton_Interpolation
Multiset_Permutations.permutations_of_set_aux_list_sumC	KEPT	HOL-Combinatorics.Multiset_Permutations
Multiset_Permutations.permutations_of_list_impl_aux_rel	concealed	HOL-Combinatorics.Multiset_Permutations
Multiset_Permutations.permutations_of_list_impl_aux_dom	KEPT	HOL-Combinatorics.Multiset_Permutations
Multiseries_Expansion.sig_msllist_v4.wit_sig_msllist_v4	concealed	HOL-Real_Asymp.Multiseries_Expansion
Multiseries_Expansion.sig_msllist_v4.set_sig_msllist_v4	concealed	HOL-Real_Asymp.Multiseries_Expansion
Multiseries_Expansion.sig_msllist_v4.rel_sig_msllist_v4	concealed	HOL-Real_Asymp.Multiseries_Expansion
Multiseries_Expansion.sig_msllist_v4.rec_sig_msllist_v4	concealed	HOL-Real_Asymp.Multiseries_Expansion
Multiseries_Expansion.sig_msllist_v4.mor_sig_msllist_v4	concealed	HOL-Real_Asymp.Multiseries_Expansion
Multiseries_Expansion.sig_msllist_v4.map_sig_msllist_v4	concealed	HOL-Real_Asymp.Multiseries_Expansion
Multiseries_Expansion.sig_msllist_v4.alg_sig_msllist_v4	concealed	HOL-Real_Asymp.Multiseries_Expansion
Multiseries_Expansion.sig_msllist_v4.Rep_sig_msllist_v4	concealed	HOL-Real_Asymp.Multiseries_Expansion
Multiseries_Expansion.sig_msllist_v4.Abs_sig_msllist_v4	concealed	HOL-Real_Asymp.Multiseries_Expansion
Multiseries_Expansion.sig_msllist_v3.wit_sig_msllist_v3	concealed	HOL-Real_Asymp.Multiseries_Expansion
Multiseries_Expansion.sig_msllist_v3.set_sig_msllist_v3	concealed	HOL-Real_Asymp.Multiseries_Expansion
Multiseries_Expansion.sig_msllist_v3.rel_sig_msllist_v3	concealed	HOL-Real_Asymp.Multiseries_Expansion
Multiseries_Expansion.sig_msllist_v3.rec_sig_msllist_v3	concealed	HOL-Real_Asymp.Multiseries_Expansion
Multiseries_Expansion.sig_msllist_v3.mor_sig_msllist_v3	concealed	HOL-Real_Asymp.Multiseries_Expansion
Multiseries_Expansion.sig_msllist_v3.map_sig_msllist_v3	concealed	HOL-Real_Asymp.Multiseries_Expansion
Multiseries_Expansion.sig_msllist_v3.alg_sig_msllist_v3	concealed	HOL-Real_Asymp.Multiseries_Expansion
Multiseries_Expansion.sig_msllist_v3.Rep_sig_msllist_v3	concealed	HOL-Real_Asymp.Multiseries_Expansion
Multiseries_Expansion.sig_msllist_v3.Abs_sig_msllist_v3	concealed	HOL-Real_Asymp.Multiseries_Expansion
Multiseries_Expansion.sig_msllist_v2.wit_sig_msllist_v2	concealed	HOL-Real_Asymp.Multiseries_Expansion
Multiseries_Expansion.sig_msllist_v2.set_sig_msllist_v2	concealed	HOL-Real_Asymp.Multiseries_Expansion
Multiseries_Expansion.sig_msllist_v2.rel_sig_msllist_v2	concealed	HOL-Real_Asymp.Multiseries_Expansion
Multiseries_Expansion.sig_msllist_v2.rec_sig_msllist_v2	concealed	HOL-Real_Asymp.Multiseries_Expansion
Multiseries_Expansion.sig_msllist_v2.mor_sig_msllist_v2	concealed	HOL-Real_Asymp.Multiseries_Expansion
Multiseries_Expansion.sig_msllist_v2.map_sig_msllist_v2	concealed	HOL-Real_Asymp.Multiseries_Expansion
Multiseries_Expansion.sig_msllist_v2.alg_sig_msllist_v2	concealed	HOL-Real_Asymp.Multiseries_Expansion
Multiseries_Expansion.sig_msllist_v2.Rep_sig_msllist_v2	concealed	HOL-Real_Asymp.Multiseries_Expansion
Multiseries_Expansion.sig_msllist_v2.Abs_sig_msllist_v2	concealed	HOL-Real_Asymp.Multiseries_Expansion
Multiseries_Expansion.sig_msllist_v1.wit_sig_msllist_v1	concealed	HOL-Real_Asymp.Multiseries_Expansion
Multiseries_Expansion.sig_msllist_v1.set_sig_msllist_v1	concealed	HOL-Real_Asymp.Multiseries_Expansion
Multiseries_Expansion.sig_msllist_v1.rel_sig_msllist_v1	concealed	HOL-Real_Asymp.Multiseries_Expansion
Multiseries_Expansion.sig_msllist_v1.rec_sig_msllist_v1	concealed	HOL-Real_Asymp.Multiseries_Expansion
Multiseries_Expansion.sig_msllist_v1.mor_sig_msllist_v1	concealed	HOL-Real_Asymp.Multiseries_Expansion
Multiseries_Expansion.sig_msllist_v1.map_sig_msllist_v1	concealed	HOL-Real_Asymp.Multiseries_Expansion
Multiseries_Expansion.sig_msllist_v1.alg_sig_msllist_v1	concealed	HOL-Real_Asymp.Multiseries_Expansion
Multiseries_Expansion.sig_msllist_v1.Rep_sig_msllist_v1	concealed	HOL-Real_Asymp.Multiseries_Expansion
Multiseries_Expansion.sig_msllist_v1.Abs_sig_msllist_v1	concealed	HOL-Real_Asymp.Multiseries_Expansion
Multiseries_Expansion.sig_msllist_v0.wit_sig_msllist_v0	concealed	HOL-Real_Asymp.Multiseries_Expansion
Multiseries_Expansion.sig_msllist_v0.rel_sig_msllist_v0	concealed	HOL-Real_Asymp.Multiseries_Expansion
Multiseries_Expansion.sig_msllist_v0.rec_sig_msllist_v0	concealed	HOL-Real_Asymp.Multiseries_Expansion
Multiseries_Expansion.sig_msllist_v0.mor_sig_msllist_v0	concealed	HOL-Real_Asymp.Multiseries_Expansion
Multiseries_Expansion.sig_msllist_v0.map_sig_msllist_v0	concealed	HOL-Real_Asymp.Multiseries_Expansion
Multiseries_Expansion.sig_msllist_v0.alg_sig_msllist_v0	concealed	HOL-Real_Asymp.Multiseries_Expansion
Multiseries_Expansion.sig_msllist_v0.Rep_sig_msllist_v0	concealed	HOL-Real_Asymp.Multiseries_Expansion
Multiseries_Expansion.sig_msllist_v0.Abs_sig_msllist_v0	concealed	HOL-Real_Asymp.Multiseries_Expansion
Multiseries_Expansion.multiseries_class.power_expansion	KEPT	HOL-Real_Asymp.Multiseries_Expansion
Multiseries_Expansion.multiseries_class.expansion_level	KEPT	HOL-Real_Asymp.Multiseries_Expansion
Multiseries_Expansion.multiseries_class.const_expansion	KEPT	HOL-Real_Asymp.Multiseries_Expansion
Multiplicative_Function.multiplicative_function'_axioms	KEPT	Dirichlet_Series.Multiplicative_Function
Lazy_Eval.pre_cmp_result.cmp_result.pred_pre_cmp_result	concealed	HOL-Real_Asymp.Lazy_Eval
Lattice_Constructions.top.top_IITN_top.Rep_top_IITN_top	concealed	HOL-Library.Lattice_Constructions
Lattice_Constructions.top.top_IITN_top.Abs_top_IITN_top	concealed	HOL-Library.Lattice_Constructions
Lattice_Constructions.bot.bot_IITN_bot.Rep_bot_IITN_bot	concealed	HOL-Library.Lattice_Constructions
Lattice_Constructions.bot.bot_IITN_bot.Abs_bot_IITN_bot	concealed	HOL-Library.Lattice_Constructions
Landau_Real_Products.random_primfun_inst.random_primfun	inst_infix	Landau_Symbols.Landau_Real_Products
Landau_Real_Products.landau_function_family_pair_axioms	KEPT	Landau_Symbols.Landau_Real_Products
Landau_Real_Products.groupsort_primfun.group_sort_graph	concealed	Landau_Symbols.Landau_Real_Products
IArray.iarray.iarray_IITN_iarray.Rep_iarray_IITN_iarray	concealed	HOL-Library.IArray
IArray.iarray.iarray_IITN_iarray.Abs_iarray_IITN_iarray	concealed	HOL-Library.IArray
Group_On_With.local_typedef_ab_group_add_on_with.zero_S	KEPT	HOL-Types_To_Sets.Group_On_With
Group_On_With.local_typedef_ab_group_add_on_with.plus_S	KEPT	HOL-Types_To_Sets.Group_On_With
Group.monoid.typerep_monoid_ext_inst.typerep_monoid_ext	inst_infix	HOL-Algebra.Group
Group.monoid.term_of_monoid_ext_inst.term_of_monoid_ext	inst_infix	HOL-Algebra.Group
Geo_Real2.real2.neu.perpendicular_transversal_postulate	KEPT	MathBench_ProverBase.Geo_Real2
Geo_Real2.real2.neu.alternate_interior_angles_postulate	KEPT	MathBench_ProverBase.Geo_Real2
Gauss_Jordan_Elimination.pivot_positions_main_gen_graph	concealed	Jordan_Normal_Form.Gauss_Jordan_Elimination
Formal_Power_Series.fps_right_inverse_constructor_graph	concealed	HOL-Computational_Algebra.Formal_Power_Series
Extended_Nonnegative_Real.ord_ennreal_inst.less_ennreal	inst_infix	HOL-Library.Extended_Nonnegative_Real
Euclidean_Rings.euclidean_semiring_class.euclidean_size	KEPT	HOL.Euclidean_Rings
Euclidean_Algorithm.euclidean_ring_gcd_class.euclid_ext	KEPT	HOL-Computational_Algebra.Euclidean_Algorithm
Euclidean_Algorithm.class.euclidean_semiring_gcd_axioms	class_infix	HOL-Computational_Algebra.Euclidean_Algorithm
Elementary_Topology.topological_space.topological_basis	class_variant	HOL-Analysis.Elementary_Topology
Elementary_Normed_Spaces.comm_monoid_add_class.supp_sum	KEPT	HOL-Analysis.Elementary_Normed_Spaces
Dirichlet_Series_Analysis.class.dirichlet_series_axioms	class_infix	Dirichlet_Series.Dirichlet_Series_Analysis
Cooper.num.typerep_num_pre_num_inst.typerep_num_pre_num	infra_theory	HOL-Decision_Procs.Cooper
Complete_Lattices.class.complete_distrib_lattice_axioms	class_infix	HOL.Complete_Lattices
Commutative_Ring.raw_sum.polex.sum.Sum_Type.set_raw_sum	concealed	HOL-Decision_Procs.Commutative_Ring
Cartesian_Space.vector_space_over_itself.representation	KEPT	HOL-Analysis.Cartesian_Space
Bit_Operations.semiring_bit_operations_nat_inst.xor_nat	inst_infix	HOL.Bit_Operations
Bit_Operations.semiring_bit_operations_nat_inst.and_nat	inst_infix	HOL.Bit_Operations
Bit_Operations.semiring_bit_operations_int_inst.xor_int	inst_infix	HOL.Bit_Operations
Bit_Operations.semiring_bit_operations_int_inst.and_int	inst_infix	HOL.Bit_Operations
Approximation_Bounds.ub_sin_cos_aux_lb_sin_cos_aux_sumC	infra_theory	HOL-Decision_Procs.Approximation_Bounds
Uprod.partial_term_of_uprod_inst.partial_term_of_uprod	inst_infix	HOL-Library.Uprod
Uprod.full_exhaustive_uprod_inst.full_exhaustive_uprod	inst_infix	HOL-Library.Uprod
Tree.raw_prod.tree.sum2.prod.Product_Type.wit_raw_prod	concealed	HOL-Library.Tree
Topological_Spaces.uniform_space_class.totally_bounded	KEPT	HOL.Topological_Spaces
Tarski_Neutral.Tarski_neutral_dimensionless.SumVExists	KEPT	IsaGeoCoq.Tarski_Neutral
Tarski_Neutral.Tarski_neutral_dimensionless.ReflectLAt	KEPT	IsaGeoCoq.Tarski_Neutral
Tarski_Neutral.Tarski_neutral_dimensionless.QCongANull	KEPT	IsaGeoCoq.Tarski_Neutral
Square_Matrix.typerep_sq_matrix_inst.typerep_sq_matrix	inst_infix	Cayley_Hamilton.Square_Matrix
Square_Matrix.term_of_sq_matrix_inst.term_of_sq_matrix	inst_infix	Cayley_Hamilton.Square_Matrix
Reflected_Multivariate_Polynomial.poly_deriv_aux_graph	concealed	HOL-Decision_Procs.Reflected_Multivariate_Polynomial
Reachability_Analysis.c1_on_open_euclidean.transversal	KEPT	Ordinary_Differential_Equations.Reachability_Analysis
Random_Permutations.fold_bind_random_permutation_graph	concealed	HOL-Probability.Random_Permutations
Quickcheck_Narrowing.narrowing_type.rec_narrowing_type	KEPT	HOL.Quickcheck_Narrowing
Quickcheck_Narrowing.narrowing_type.mor_narrowing_type	concealed	HOL.Quickcheck_Narrowing
Quickcheck_Narrowing.narrowing_type.alg_narrowing_type	concealed	HOL.Quickcheck_Narrowing
Quickcheck_Narrowing.narrowing_type.Rep_narrowing_type	concealed	HOL.Quickcheck_Narrowing
Quickcheck_Narrowing.narrowing_type.Abs_narrowing_type	concealed	HOL.Quickcheck_Narrowing
Quickcheck_Narrowing.narrowing_term.rec_narrowing_term	KEPT	HOL.Quickcheck_Narrowing
Quickcheck_Narrowing.narrowing_term.mor_narrowing_term	concealed	HOL.Quickcheck_Narrowing
Quickcheck_Narrowing.narrowing_term.alg_narrowing_term	concealed	HOL.Quickcheck_Narrowing
Quickcheck_Narrowing.narrowing_term.Rep_narrowing_term	concealed	HOL.Quickcheck_Narrowing
Quickcheck_Narrowing.narrowing_term.Narrowing_variable	KEPT	HOL.Quickcheck_Narrowing
Quickcheck_Narrowing.narrowing_term.Abs_narrowing_term	concealed	HOL.Quickcheck_Narrowing
Quickcheck_Narrowing.narrowing_cons.rec_narrowing_cons	KEPT	HOL.Quickcheck_Narrowing
Quickcheck_Narrowing.narrowing_cons.mor_narrowing_cons	concealed	HOL.Quickcheck_Narrowing
Quickcheck_Narrowing.narrowing_cons.alg_narrowing_cons	concealed	HOL.Quickcheck_Narrowing
Quickcheck_Narrowing.narrowing_cons.Rep_narrowing_cons	concealed	HOL.Quickcheck_Narrowing
Quickcheck_Narrowing.narrowing_cons.Abs_narrowing_cons	concealed	HOL.Quickcheck_Narrowing
Quickcheck_Exhaustive.equal_unknown_inst.equal_unknown	inst_infix	HOL.Quickcheck_Exhaustive
Quickcheck_Exhaustive.check_all_sum_inst.check_all_sum	inst_infix	HOL.Quickcheck_Exhaustive
Quickcheck_Exhaustive.check_all_set_inst.check_all_set	inst_infix	HOL.Quickcheck_Exhaustive
Quickcheck_Exhaustive.check_all_fun_inst.check_all_fun	KEPT	HOL.Quickcheck_Exhaustive
Probability_Mass_Function.typerep_pmf_inst.typerep_pmf	inst_infix	HOL-Probability.Probability_Mass_Function
Probability_Mass_Function.term_of_pmf_inst.term_of_pmf	inst_infix	HOL-Probability.PMF_Impl
Predicate.partial_term_of_seq_inst.partial_term_of_seq	inst_infix	HOL.Predicate
Pratt_Certificate.size_pratt_tree_inst.size_pratt_tree	inst_infix	Pratt_Certificate.Pratt_Certificate
Pratt_Certificate.narrowing_pratt_inst.narrowing_pratt	inst_infix	Pratt_Certificate.Pratt_Certificate
Pratt_Certificate.efficient_power.efficient_power_sumC	KEPT	Pratt_Certificate.Pratt_Certificate
Partial_Function.partial_function_definitions.fixp_fun	KEPT	HOL.Partial_Function
Parametric_Ferrante_Rackoff.typerep_tm_inst.typerep_tm	infra_theory	HOL-Decision_Procs.Parametric_Ferrante_Rackoff
Parametric_Ferrante_Rackoff.typerep_fm_inst.typerep_fm	infra_theory	HOL-Decision_Procs.Parametric_Ferrante_Rackoff
Parametric_Ferrante_Rackoff.tm.tm_pre_tm.Rep_tm_pre_tm	concealed	HOL-Decision_Procs.Parametric_Ferrante_Rackoff
Parametric_Ferrante_Rackoff.tm.tm_pre_tm.Abs_tm_pre_tm	concealed	HOL-Decision_Procs.Parametric_Ferrante_Rackoff
Parametric_Ferrante_Rackoff.term_of_tm_inst.term_of_tm	infra_theory	HOL-Decision_Procs.Parametric_Ferrante_Rackoff
Parametric_Ferrante_Rackoff.term_of_fm_inst.term_of_fm	infra_theory	HOL-Decision_Procs.Parametric_Ferrante_Rackoff
Parametric_Ferrante_Rackoff.fm.fm_pre_fm.Rep_fm_pre_fm	concealed	HOL-Decision_Procs.Parametric_Ferrante_Rackoff
Parametric_Ferrante_Rackoff.fm.fm_pre_fm.Abs_fm_pre_fm	concealed	HOL-Decision_Procs.Parametric_Ferrante_Rackoff
Num.num.typerep_num_IITN_num_inst.typerep_num_IITN_num	inst_infix	HOL.Num
Normalized_Fraction.fract_as_normalized_quot.pcr_fract	KEPT	HOL-Computational_Algebra.Normalized_Fraction
Nonnegative_Lebesgue_Integration.uniform_count_measure	KEPT	HOL-Analysis.Nonnegative_Lebesgue_Integration
Newton_Interpolation.newton_coefficients_main_int_sumC	KEPT	Polynomial_Interpolation.Newton_Interpolation
Newton_Interpolation.divided_differences_impl_int_sumC	KEPT	Polynomial_Interpolation.Newton_Interpolation
Multiset_Permutations.permutations_of_set_aux_list_rel	concealed	HOL-Combinatorics.Multiset_Permutations
Multiset_Permutations.permutations_of_set_aux_list_dom	KEPT	HOL-Combinatorics.Multiset_Permutations
Multiseries_Expansion.ssig_msllist_v4.msllist.v4.VLeaf	concealed	HOL-Real_Asymp.Multiseries_Expansion
Multiseries_Expansion.ssig_msllist_v4.msllist.v4.CLeaf	concealed	HOL-Real_Asymp.Multiseries_Expansion
Multiseries_Expansion.ssig_msllist_v3.msllist.v3.VLeaf	concealed	HOL-Real_Asymp.Multiseries_Expansion
Multiseries_Expansion.ssig_msllist_v3.msllist.v3.CLeaf	concealed	HOL-Real_Asymp.Multiseries_Expansion
Multiseries_Expansion.ssig_msllist_v2.msllist.v2.VLeaf	concealed	HOL-Real_Asymp.Multiseries_Expansion
Multiseries_Expansion.ssig_msllist_v2.msllist.v2.CLeaf	concealed	HOL-Real_Asymp.Multiseries_Expansion
Multiseries_Expansion.ssig_msllist_v1.msllist.v1.VLeaf	concealed	HOL-Real_Asymp.Multiseries_Expansion
Multiseries_Expansion.ssig_msllist_v1.msllist.v1.CLeaf	concealed	HOL-Real_Asymp.Multiseries_Expansion
Multiseries_Expansion.ssig_msllist_v0.msllist.v0.VLeaf	concealed	HOL-Real_Asymp.Multiseries_Expansion
Multiseries_Expansion.ssig_msllist_v0.msllist.v0.CLeaf	concealed	HOL-Real_Asymp.Multiseries_Expansion
Multiseries_Expansion.multiseries_class.zero_expansion	KEPT	HOL-Real_Asymp.Multiseries_Expansion
Multiseries_Expansion.multiseries_class.powr_expansion	KEPT	HOL-Real_Asymp.Multiseries_Expansion
Multiseries_Expansion.equal_msllist_inst.equal_msllist	inst_infix	HOL-Real_Asymp.Multiseries_Expansion
Module.module.random_module_ext_inst.random_module_ext	inst_infix	HOL-Algebra.Module
MIR.num.typerep_num_IITN_num_inst.typerep_num_IITN_num	infra_theory	HOL-Decision_Procs.MIR
Lazy_Eval.pre_cmp_result.cmp_result.wit_pre_cmp_result	concealed	HOL-Real_Asymp.Lazy_Eval
Lazy_Eval.pre_cmp_result.cmp_result.set_pre_cmp_result	concealed	HOL-Real_Asymp.Lazy_Eval
Lazy_Eval.pre_cmp_result.cmp_result.rel_pre_cmp_result	concealed	HOL-Real_Asymp.Lazy_Eval
Lazy_Eval.pre_cmp_result.cmp_result.map_pre_cmp_result	concealed	HOL-Real_Asymp.Lazy_Eval
Lattice_Constructions.random_aux_flat_complete_lattice	concealed	HOL-Library.Lattice_Constructions
Lattice_Constructions.narrowing_top_inst.narrowing_top	inst_infix	HOL-Library.Lattice_Constructions
Lattice_Constructions.narrowing_bot_inst.narrowing_bot	inst_infix	HOL-Library.Lattice_Constructions
Lattice_Algebras.class.lattice_ab_group_add_abs_axioms	class_infix	HOL-Library.Lattice_Algebras
Landau_Real_Products.groupsort_primfun.group_sort_sumC	KEPT	Landau_Symbols.Landau_Real_Products
Interval_Integral.complex_interval_lebesgue_integrable	KEPT	HOL-Analysis.Interval_Integral
Initial_Value_Problem.unique_on_closed.subdivide_count	KEPT	Ordinary_Differential_Equations.Initial_Value_Problem
Infinite_Sum.topological_space_class.convergent_filter	KEPT	HOL-Analysis.Infinite_Sum
Hoeffding.iid_interval_bounded_random_variables_axioms	KEPT	HOL-Probability.Hoeffding
Geo_Real2.real2.neu.triangle_circumscription_principle	KEPT	MathBench_ProverBase.Geo_Real2
Gaussian_Integers_Pythagorean_Triples.prim_pyth_triple	KEPT	Gaussian_Integers.Gaussian_Integers_Pythagorean_Triples
Gaussian_Integers.times_gauss_int_inst.times_gauss_int	inst_infix	Gaussian_Integers.Gaussian_Integers
Gaussian_Integers.minus_gauss_int_inst.minus_gauss_int	inst_infix	Gaussian_Integers.Gaussian_Integers
Gaussian_Integers.equal_gauss_int_inst.equal_gauss_int	inst_infix	Gaussian_Integers.Gaussian_Integers
Gauss_Jordan_IArrays.least_non_zero_position_of_vector	KEPT	Gauss_Jordan.Gauss_Jordan_IArrays
Gauss_Jordan_Elimination.pivot_positions_main_gen_sumC	KEPT	Jordan_Normal_Form.Gauss_Jordan_Elimination
Functional_Spaces.ord_quasinorm_inst.less_eq_quasinorm	inst_infix	Lp.Functional_Spaces
Formal_Power_Series.uniformity_fps_inst.uniformity_fps	inst_infix	HOL-Computational_Algebra.Formal_Power_Series
Formal_Power_Series.fps_right_inverse_constructor_sumC	KEPT	HOL-Computational_Algebra.Formal_Power_Series
Formal_Power_Series.fps_left_inverse_constructor_graph	concealed	HOL-Computational_Algebra.Formal_Power_Series
Float.partial_term_of_float_inst.partial_term_of_float	inst_infix	HOL-Library.Float
Float.full_exhaustive_float_inst.full_exhaustive_float	inst_infix	HOL-Library.Float
Finite_Cartesian_Product.real_inner_vec_inst.inner_vec	inst_infix	HOL-Analysis.Finite_Cartesian_Product
Factorial_Ring.factorial_semiring_multiplicative_class	class_pred	HOL-Computational_Algebra.Factorial_Ring
Factorial_Ring.class.factorial_semiring_multiplicative	class_infix	HOL-Computational_Algebra.Factorial_Ring
Extended_Nonnegative_Real.top_ennreal_inst.top_ennreal	inst_infix	HOL-Library.Extended_Nonnegative_Real
Extended_Nonnegative_Real.sup_ennreal_inst.sup_ennreal	inst_infix	HOL-Library.Extended_Nonnegative_Real
Extended_Nonnegative_Real.one_ennreal_inst.one_ennreal	inst_infix	HOL-Library.Extended_Nonnegative_Real
Extended_Nonnegative_Real.inf_ennreal_inst.inf_ennreal	inst_infix	HOL-Library.Extended_Nonnegative_Real
Extended_Nonnegative_Real.bot_ennreal_inst.bot_ennreal	inst_infix	HOL-Library.Extended_Nonnegative_Real
Extended_Nonnegative_Real.Sup_ennreal_inst.Sup_ennreal	inst_infix	HOL-Library.Extended_Nonnegative_Real
Extended_Nonnegative_Real.Inf_ennreal_inst.Inf_ennreal	inst_infix	HOL-Library.Extended_Nonnegative_Real
Euclidean_Rings.class.unique_euclidean_semiring_axioms	class_infix	HOL.Euclidean_Rings
Euclidean_Rings.class.euclidean_semiring_cancel_axioms	class_infix	HOL.Euclidean_Rings
Dlist.partial_term_of_dlist_inst.partial_term_of_dlist	inst_infix	HOL-Library.Dlist
Dlist.full_exhaustive_dlist_inst.full_exhaustive_dlist	inst_infix	HOL-Library.Dlist
Dirichlet_Series_Analysis.nat_power_normed_field_class	class_pred	Dirichlet_Series.Dirichlet_Series_Analysis
Dirichlet_Series_Analysis.class.nat_power_normed_field	class_infix	Dirichlet_Series.Dirichlet_Series_Analysis
Conditionally_Complete_Lattices.linear_continuum_class	class_pred	HOL.Conditionally_Complete_Lattices
Conditionally_Complete_Lattices.class.linear_continuum	class_infix	HOL.Conditionally_Complete_Lattices
Commutative_Ring.raw_sum.pol.sum.Sum_Type.pred_raw_sum	concealed	HOL-Decision_Procs.Commutative_Ring
Code_Evaluation.term.term_IITN_term.Rep_term_IITN_term	concealed	HOL.Code_Evaluation
Code_Evaluation.term.term_IITN_term.Abs_term_IITN_term	concealed	HOL.Code_Evaluation
Catalan_Numbers.tree.tree_IITN_tree.Rep_tree_IITN_tree	concealed	Catalan_Numbers.Catalan_Numbers
Catalan_Numbers.tree.tree_IITN_tree.Abs_tree_IITN_tree	concealed	Catalan_Numbers.Catalan_Numbers
Cardinality.finite_UNIV_option_inst.finite_UNIV_option	inst_infix	HOL-Library.Cardinality
Cardinality.card_UNIV_finite_5_inst.card_UNIV_finite_5	inst_infix	HOL-Library.Cardinality
Cardinality.card_UNIV_finite_4_inst.card_UNIV_finite_4	inst_infix	HOL-Library.Cardinality
Cardinality.card_UNIV_finite_3_inst.card_UNIV_finite_3	inst_infix	HOL-Library.Cardinality
Cardinality.card_UNIV_finite_2_inst.card_UNIV_finite_2	inst_infix	HOL-Library.Cardinality
Cardinality.card_UNIV_finite_1_inst.card_UNIV_finite_1	inst_infix	HOL-Library.Cardinality
Bounded_Linear_Operator.times_blinop_inst.times_blinop	inst_infix	Ordinary_Differential_Equations.Bounded_Linear_Operator
Bounded_Linear_Operator.minus_blinop_inst.minus_blinop	inst_infix	Ordinary_Differential_Equations.Bounded_Linear_Operator
Bounded_Linear_Function.zero_blinfun_inst.zero_blinfun	inst_infix	HOL-Analysis.Bounded_Linear_Function
Bounded_Linear_Function.plus_blinfun_inst.plus_blinfun	inst_infix	HOL-Analysis.Bounded_Linear_Function
Bounded_Linear_Function.open_blinfun_inst.open_blinfun	inst_infix	HOL-Analysis.Bounded_Linear_Function
Bounded_Linear_Function.norm_blinfun_inst.norm_blinfun	inst_infix	HOL-Analysis.Bounded_Linear_Function
Bounded_Linear_Function.dist_blinfun_inst.dist_blinfun	inst_infix	HOL-Analysis.Bounded_Linear_Function
Bivariate_Polynomials.poly_y_x_hom.inv.inv.inv.vec_hom	KEPT	Algebraic_Numbers.Bivariate_Polynomials
Bivariate_Polynomials.poly_y_x_hom.inv.inv.inv.mat_hom	KEPT	Algebraic_Numbers.Bivariate_Polynomials
Bit_Operations.semiring_bit_operations_nat_inst.or_nat	inst_infix	HOL.Bit_Operations
Bit_Operations.semiring_bit_operations_int_inst.or_int	inst_infix	HOL.Bit_Operations
Bit_Operations.semiring_bit_operations_class.unset_bit	KEPT	HOL.Bit_Operations
Approximation_Bounds.ub_sin_cos_aux_lb_sin_cos_aux_rel	concealed	HOL-Decision_Procs.Approximation_Bounds
Approximation_Bounds.ub_sin_cos_aux_lb_sin_cos_aux_dom	infra_theory	HOL-Decision_Procs.Approximation_Bounds
Approximation_Bounds.ub_exp_horner_lb_exp_horner_graph	concealed	HOL-Decision_Procs.Approximation_Bounds
Approximation.random_floatarith_inst.random_floatarith	infra_theory	HOL-Decision_Procs.Approximation
Word.semiring_bit_operations_word_inst.unset_bit_word	inst_infix	HOL-Library.Word
Topological_Spaces.topological_space_class.convergent	KEPT	HOL.Topological_Spaces
Tarski_Neutral.Tarski_neutral_dimensionless.isosceles	KEPT	IsaGeoCoq.Tarski_Neutral
Tarski_Neutral.Tarski_neutral_dimensionless.TarskiLen	KEPT	IsaGeoCoq.Tarski_Neutral
Tarski_Neutral.Tarski_neutral_dimensionless.ReflectAt	KEPT	IsaGeoCoq.Tarski_Neutral
Tarski_Neutral.Tarski_neutral_dimensionless.Rectangle	KEPT	IsaGeoCoq.Tarski_Neutral
Tarski_Neutral.Tarski_neutral_dimensionless.QCongNull	KEPT	IsaGeoCoq.Tarski_Neutral
Tarski_Neutral.Tarski_neutral_dimensionless.ParStrict	KEPT	IsaGeoCoq.Tarski_Neutral
Tarski_Neutral.Tarski_neutral_dimensionless.EqLTarski	KEPT	IsaGeoCoq.Tarski_Neutral
Sum_Type.partial_term_of_sum_inst.partial_term_of_sum	inst_infix	HOL.Sum_Type
Sum_Type.full_exhaustive_sum_inst.full_exhaustive_sum	inst_infix	HOL.Sum_Type
String.partial_term_of_char_inst.partial_term_of_char	inst_infix	HOL.String
String.full_exhaustive_char_inst.full_exhaustive_char	inst_infix	HOL.String
Reflective_Field.narrowing_pexpr_inst.narrowing_pexpr	infra_theory	HOL-Decision_Procs.Reflective_Field
Reflective_Field.narrowing_fexpr_inst.narrowing_fexpr	infra_theory	HOL-Decision_Procs.Reflective_Field
Reflective_Field.mutual_random_auxpexpr_pexpr1_pexpr2	concealed	HOL-Decision_Procs.Reflective_Field
Reflected_Multivariate_Polynomial.poly_deriv_aux_sumC	infra_theory	HOL-Decision_Procs.Reflected_Multivariate_Polynomial
Reflected_Multivariate_Polynomial.poly.ctor_fold_poly	concealed	HOL-Decision_Procs.Reflected_Multivariate_Polynomial
Real_Vector_Spaces.class.real_normed_algebra_1_axioms	class_infix	HOL.Real_Vector_Spaces
Random_Permutations.fold_bind_random_permutation_sumC	KEPT	HOL-Probability.Random_Permutations
Quickcheck_Narrowing.narrowing_set_inst.narrowing_set	inst_infix	HOL.Quickcheck_Narrowing
Quickcheck_Narrowing.narrowing_int_inst.narrowing_int	inst_infix	HOL.Quickcheck_Narrowing
Probability_Mass_Function.measure_pmf.random_variable	KEPT	HOL-Probability.Probability_Mass_Function
Pratt_Certificate.efficient_power.efficient_power_rel	concealed	Pratt_Certificate.Pratt_Certificate
Pratt_Certificate.efficient_power.efficient_power_dom	KEPT	Pratt_Certificate.Pratt_Certificate
Poly_Mapping.zero_poly_mapping_inst.zero_poly_mapping	inst_infix	HOL-Library.Poly_Mapping
Poly_Mapping.size_poly_mapping_inst.size_poly_mapping	inst_infix	HOL-Library.Poly_Mapping
Poly_Mapping.plus_poly_mapping_inst.plus_poly_mapping	inst_infix	HOL-Library.Poly_Mapping
Picard_Lindeloef_Qualitative.ll_on_open.existence_ivl	KEPT	Ordinary_Differential_Equations.Picard_Lindeloef_Qualitative
Phantom_Type.narrowing_phantom_inst.narrowing_phantom	inst_infix	HOL-Library.Phantom_Type
Partial_Function.partial_function_definitions.lub_fun	KEPT	HOL.Partial_Function
Partial_Fraction_Decomposition.normalise_decomp_graph	concealed	Linear_Recurrences.Partial_Fraction_Decomposition
PMF_Impl.full_exhaustive_pmf_inst.full_exhaustive_pmf	inst_infix	HOL-Probability.PMF_Impl
Ordered_Euclidean_Space.ordered_euclidean_space_class	class_pred	HOL-Analysis.Ordered_Euclidean_Space
Ordered_Euclidean_Space.class.ordered_euclidean_space	class_infix	HOL-Analysis.Ordered_Euclidean_Space
Order.gorder.random_gorder_ext_inst.random_gorder_ext	inst_infix	HOL-Algebra.Order
Normalized_Fraction.fract_as_normalized_quot.cr_fract	KEPT	HOL-Computational_Algebra.Normalized_Fraction
Newton_Interpolation.newton_coefficients_main_int_rel	concealed	Polynomial_Interpolation.Newton_Interpolation
Newton_Interpolation.newton_coefficients_main_int_dom	KEPT	Polynomial_Interpolation.Newton_Interpolation
Newton_Interpolation.divided_differences_impl_int_rel	concealed	Polynomial_Interpolation.Newton_Interpolation
Newton_Interpolation.divided_differences_impl_int_dom	KEPT	Polynomial_Interpolation.Newton_Interpolation
Multiset_Permutations.permutations_of_list_impl_graph	concealed	HOL-Combinatorics.Multiset_Permutations
Multiset_Order.preorder.less_multiset\<^sub>H\<^sub>O	class_variant	HOL-Library.Multiset_Order
Multiset_Order.preorder.less_multiset\<^sub>D\<^sub>M	class_variant	HOL-Library.Multiset_Order
Multiseries_Expansion.ssig_msllist_v4.msllist.v4.Oper	concealed	HOL-Real_Asymp.Multiseries_Expansion
Multiseries_Expansion.ssig_msllist_v3.msllist.v3.Oper	concealed	HOL-Real_Asymp.Multiseries_Expansion
Multiseries_Expansion.ssig_msllist_v2.msllist.v2.Oper	concealed	HOL-Real_Asymp.Multiseries_Expansion
Multiseries_Expansion.ssig_msllist_v1.msllist.v1.Oper	concealed	HOL-Real_Asymp.Multiseries_Expansion
Multiseries_Expansion.ssig_msllist_v0.msllist.v0.Oper	concealed	HOL-Real_Asymp.Multiseries_Expansion
Multiseries_Expansion.sig_msllist_v4.msllist.v4.unsig	concealed	HOL-Real_Asymp.Multiseries_Expansion
Multiseries_Expansion.sig_msllist_v3.msllist.v3.unsig	concealed	HOL-Real_Asymp.Multiseries_Expansion
Multiseries_Expansion.sig_msllist_v2.msllist.v2.unsig	concealed	HOL-Real_Asymp.Multiseries_Expansion
Multiseries_Expansion.sig_msllist_v1.msllist.v1.unsig	concealed	HOL-Real_Asymp.Multiseries_Expansion
Multiseries_Expansion.sig_msllist_v0.msllist.v0.unsig	concealed	HOL-Real_Asymp.Multiseries_Expansion
Multiseries_Expansion.multiseries_real_inst.eval_real	inst_infix	HOL-Real_Asymp.Multiseries_Expansion
Multiseries_Expansion.multiseries_class.dominant_term	KEPT	HOL-Real_Asymp.Multiseries_Expansion
Landau_Real_Products.ord_primfun_inst.less_eq_primfun	inst_infix	Landau_Symbols.Landau_Real_Products
Landau_Real_Products.groupsort_primfun.part_aux_graph	concealed	Landau_Symbols.Landau_Real_Products
Landau_Real_Products.groupsort_primfun.group_sort_rel	concealed	Landau_Symbols.Landau_Real_Products
Landau_Real_Products.groupsort_primfun.group_sort_dom	KEPT	Landau_Symbols.Landau_Real_Products
Landau_Real_Products.groupsort_primfun.group_part_aux	KEPT	Landau_Symbols.Landau_Real_Products
Landau_Real_Products.equal_primfun_inst.equal_primfun	inst_infix	Landau_Symbols.Landau_Real_Products
Interval.exhaustive_interval_inst.exhaustive_interval	inst_infix	HOL-Library.Interval
Initial_Value_Problem.unique_on_bounded_closed_axioms	KEPT	Ordinary_Differential_Equations.Initial_Value_Problem
Information.prob_space.conditional_mutual_information	KEPT	HOL-Probability.Information
Information.information_space.conditional_entropy_Pow	KEPT	HOL-Probability.Information
Group.monoid.random_monoid_ext_inst.random_monoid_ext	inst_infix	HOL-Algebra.Group
Geo_Real2.real2.neu.weak_inverse_projection_postulate	KEPT	MathBench_ProverBase.Geo_Real2
Gauss_Jordan_Elimination.pivot_positions_main_gen_rel	concealed	Jordan_Normal_Form.Gauss_Jordan_Elimination
Gauss_Jordan_Elimination.pivot_positions_main_gen_dom	KEPT	Jordan_Normal_Form.Gauss_Jordan_Elimination
Formal_Power_Series.fps_right_inverse_constructor_rel	concealed	HOL-Computational_Algebra.Formal_Power_Series
Formal_Power_Series.fps_right_inverse_constructor_dom	KEPT	HOL-Computational_Algebra.Formal_Power_Series
Formal_Power_Series.fps_left_inverse_constructor_sumC	KEPT	HOL-Computational_Algebra.Formal_Power_Series
Finite_Cartesian_Product.typerep_vec_inst.typerep_vec	inst_infix	HOL-Analysis.Finite_Cartesian_Product
Finite_Cartesian_Product.term_of_vec_inst.term_of_vec	inst_infix	Gauss_Jordan.Code_Matrix
Ferrack.raw_sum.fm.sum2.sum2.sum.Sum_Type.set_raw_sum	concealed	HOL-Decision_Procs.Ferrack
Ferrack.raw_sum.fm.sum2.sum1.sum.Sum_Type.set_raw_sum	concealed	HOL-Decision_Procs.Ferrack
Ferrack.fm.typerep_fm_IITN_fm_inst.typerep_fm_IITN_fm	infra_theory	HOL-Decision_Procs.Ferrack
Factorial_Ring.factorial_semiring_class.prime_factors	KEPT	HOL-Computational_Algebra.Factorial_Ring
Factorial_Ring.factorial_semiring_class.lcm_factorial	KEPT	HOL-Computational_Algebra.Factorial_Ring
Factorial_Ring.factorial_semiring_class.gcd_factorial	KEPT	HOL-Computational_Algebra.Factorial_Ring
Factorial_Ring.factorial_semiring_class.Lcm_factorial	KEPT	HOL-Computational_Algebra.Factorial_Ring
Factorial_Ring.factorial_semiring_class.Gcd_factorial	KEPT	HOL-Computational_Algebra.Factorial_Ring
Factorial_Ring.factorial_semiring.prime_factorization	class_variant	HOL-Computational_Algebra.Factorial_Ring
Euclidean_Algorithm.euclidean_ring_gcd.euclid_ext_aux	class_variant	HOL-Computational_Algebra.Euclidean_Algorithm
Determinants_IArrays.Gauss_Jordan_upt_k_det_P_iarrays	KEPT	Gauss_Jordan.Determinants_IArrays
Determinants_IArrays.Gauss_Jordan_in_ij_det_P_iarrays	KEPT	Gauss_Jordan.Determinants_IArrays
Dense_Linear_Order.class_dense_linordered_field.Min.F	infra_theory	HOL-Decision_Procs.Dense_Linear_Order
Dense_Linear_Order.class_dense_linordered_field.Max.F	infra_theory	HOL-Decision_Procs.Dense_Linear_Order
Cooper.raw_sum.fm.sum2.sum1.sum.Sum_Type.pred_raw_sum	concealed	HOL-Decision_Procs.Cooper
Comparator.typerep_comparator_inst.typerep_comparator	inst_infix	HOL-Library.Comparator
Comparator.term_of_comparator_inst.term_of_comparator	inst_infix	HOL-Library.Comparator
Comparator.default_comparator_inst.default_comparator	inst_infix	HOL-Library.Comparator
Commutative_Ring.raw_sum.pol.sum.Sum_Type.set_raw_sum	concealed	HOL-Decision_Procs.Commutative_Ring
Commutative_Ring.raw_sum.pol.sum.Sum_Type.rel_raw_sum	concealed	HOL-Decision_Procs.Commutative_Ring
Commutative_Ring.raw_sum.pol.sum.Sum_Type.map_raw_sum	concealed	HOL-Decision_Procs.Commutative_Ring
Commutative_Ring.narrowing_polex_inst.narrowing_polex	infra_theory	HOL-Decision_Procs.Commutative_Ring
Coinductive_Stream.stream_from_llist_setup.pcr_stream	KEPT	Coinductive.Coinductive_Stream
Coinductive_List.narrowing_llist_inst.narrowing_llist	inst_infix	Coinductive.Coinductive_List
Code_Numeral.narrowing_natural_inst.narrowing_natural	inst_infix	HOL.Code_Numeral
Cartesian_Space.vector_space_over_itself.extend_basis	KEPT	HOL-Analysis.Cartesian_Space
Bit_Operations.semiring_bit_operations_class.take_bit	KEPT	HOL.Bit_Operations
Bit_Operations.semiring_bit_operations_class.push_bit	KEPT	HOL.Bit_Operations
Bit_Operations.semiring_bit_operations_class.flip_bit	KEPT	HOL.Bit_Operations
Bit_Operations.semiring_bit_operations_class.drop_bit	KEPT	HOL.Bit_Operations
Approximation_Bounds.ub_exp_horner_lb_exp_horner_sumC	infra_theory	HOL-Decision_Procs.Approximation_Bounds
Word.semiring_bit_operations_word_inst.take_bit_word	inst_infix	HOL-Library.Word
Word.semiring_bit_operations_word_inst.push_bit_word	inst_infix	HOL-Library.Word
Word.semiring_bit_operations_word_inst.flip_bit_word	inst_infix	HOL-Library.Word
Word.semiring_bit_operations_word_inst.drop_bit_word	inst_infix	HOL-Library.Word
Vector_Spaces.finite_dimensional_vector_space_pair_1	KEPT	HOL.Vector_Spaces
Vector_Spaces.finite_dimensional_vector_space_axioms	KEPT	HOL.Vector_Spaces
Unique_Factorization.comm_semiring_1_class.mk_monoid	KEPT	Berlekamp_Zassenhaus.Unique_Factorization
Topological_Spaces.uniform_space_class.cauchy_filter	KEPT	HOL.Topological_Spaces
Topological_Spaces.topological_space_class.connected	KEPT	HOL.Topological_Spaces
Topological_Spaces.topological_space_class.at_within	KEPT	HOL.Topological_Spaces
Tarski_Neutral.Tarski_neutral_dimensionless.Saccheri	KEPT	IsaGeoCoq.Tarski_Neutral
Tarski_Neutral.Tarski_neutral_dimensionless.ReflectL	KEPT	IsaGeoCoq.Tarski_Neutral
Tarski_Neutral.Tarski_neutral_dimensionless.Midpoint	KEPT	IsaGeoCoq.Tarski_Neutral
Tarski_Neutral.Tarski_neutral_dimensionless.IsLength	KEPT	IsaGeoCoq.Tarski_Neutral
Tarski_Neutral.Tarski_neutral_dimensionless.Coplanar	KEPT	IsaGeoCoq.Tarski_Neutral
Tarski_Neutral.Tarski_neutral_dimensionless.AngAcute	KEPT	IsaGeoCoq.Tarski_Neutral
Square_Matrix.uminus_sq_matrix_inst.uminus_sq_matrix	inst_infix	Cayley_Hamilton.Square_Matrix
Square_Matrix.scaleR_sq_matrix_inst.scaleR_sq_matrix	inst_infix	Cayley_Hamilton.Square_Matrix
Reflective_Field.pexpr_pexpr1_pexpr2.str_init_pexpr2	concealed	HOL-Decision_Procs.Reflective_Field
Reflective_Field.pexpr_pexpr1_pexpr2.str_init_pexpr1	concealed	HOL-Decision_Procs.Reflective_Field
Reflected_Multivariate_Polynomial.poly_deriv_aux_rel	concealed	HOL-Decision_Procs.Reflected_Multivariate_Polynomial
Reflected_Multivariate_Polynomial.poly_deriv_aux_dom	infra_theory	HOL-Decision_Procs.Reflected_Multivariate_Polynomial
Reflected_Multivariate_Polynomial.poly.str_init_poly	concealed	HOL-Decision_Procs.Reflected_Multivariate_Polynomial
Reflected_Multivariate_Polynomial.poly.ctor_rec_poly	concealed	HOL-Decision_Procs.Reflected_Multivariate_Polynomial
Reflected_Multivariate_Polynomial.coefficients_graph	concealed	HOL-Decision_Procs.Reflected_Multivariate_Polynomial
Record.tuple_isomorphism.ctor_fold_tuple_isomorphism	concealed	HOL.Record
Reachability_Analysis.typerep_sctn_inst.typerep_sctn	inst_infix	Ordinary_Differential_Equations.Reachability_Analysis
Reachability_Analysis.term_of_sctn_inst.term_of_sctn	inst_infix	Ordinary_Differential_Equations.Reachability_Analysis
Random_Permutations.fold_bind_random_permutation_rel	concealed	HOL-Probability.Random_Permutations
Random_Permutations.fold_bind_random_permutation_dom	KEPT	HOL-Probability.Random_Permutations
Quickcheck_Random.random_natural_inst.random_natural	inst_infix	HOL.Quickcheck_Random
Quickcheck_Random.random_literal_inst.random_literal	inst_infix	HOL.Quickcheck_Random
Quickcheck_Random.random_integer_inst.random_integer	inst_infix	HOL.Quickcheck_Random
Quickcheck_Narrowing.narrowing_dummy_partial_term_of	KEPT	HOL.Quickcheck_Narrowing
Quickcheck_Exhaustive.three_valued.dtor_three_valued	concealed	HOL.Quickcheck_Exhaustive
Quickcheck_Exhaustive.three_valued.ctor_three_valued	concealed	HOL.Quickcheck_Exhaustive
Quickcheck_Exhaustive.three_valued.case_three_valued	KEPT	HOL.Quickcheck_Exhaustive
Quickcheck_Exhaustive.full_exhaustive_natural'_graph	concealed	HOL.Quickcheck_Exhaustive
Quickcheck_Exhaustive.full_exhaustive_integer'_graph	concealed	HOL.Quickcheck_Exhaustive
Poly_Mapping.ord_poly_mapping_inst.less_poly_mapping	inst_infix	HOL-Library.Poly_Mapping
Partial_Function.partial_function_definitions.le_fun	KEPT	HOL.Partial_Function
Partial_Fraction_Decomposition.normalise_decomp_sumC	KEPT	Linear_Recurrences.Partial_Fraction_Decomposition
Partial_Fraction_Decomposition.normalise_decomp_poly	KEPT	Linear_Recurrences.Partial_Fraction_Decomposition
Parametric_Ferrante_Rackoff.random_tm_inst.random_tm	infra_theory	HOL-Decision_Procs.Parametric_Ferrante_Rackoff
Parametric_Ferrante_Rackoff.random_fm_inst.random_fm	infra_theory	HOL-Decision_Procs.Parametric_Ferrante_Rackoff
Multiset_Permutations.permutations_of_list_impl_sumC	KEPT	HOL-Combinatorics.Multiset_Permutations
Multiseries_Expansion.multiseries_ms_inst.trimmed_ms	inst_infix	HOL-Real_Asymp.Multiseries_Expansion
Multiseries_Expansion.multiseries_class.is_expansion	KEPT	HOL-Real_Asymp.Multiseries_Expansion
Module.module.equal_module_ext_inst.equal_module_ext	inst_infix	HOL-Algebra.Module
MIR.num.typerep_num_pre_num_inst.typerep_num_pre_num	infra_theory	HOL-Decision_Procs.MIR
Lazy_Eval.typerep_cmp_result_inst.typerep_cmp_result	inst_infix	HOL-Real_Asymp.Lazy_Eval
Lazy_Eval.term_of_cmp_result_inst.term_of_cmp_result	inst_infix	HOL-Real_Asymp.Lazy_Eval
Landau_Real_Products.groupsort_primfun.part_aux_sumC	hidden	Landau_Symbols.Landau_Real_Products
Interval_Integral.complex_interval_lebesgue_integral	KEPT	HOL-Analysis.Interval_Integral
Information.information_space.mutual_information_Pow	KEPT	HOL-Probability.Information
Hermite_Lindemann.algebraically_independent_over_rat	KEPT	Hermite_Lindemann.Hermite_Lindemann
Geo_Real2.real2.neu.weak_tarski_s_parallel_postulate	KEPT	MathBench_ProverBase.Geo_Real2
Geo_Real2.real2.neu.existential_playfair_s_postulate	KEPT	MathBench_ProverBase.Geo_Real2
Geo_Real2.real2.neu.alternative_playfair_s_postulate	KEPT	MathBench_ProverBase.Geo_Real2
Gaussian_Integers.zero_gauss_int_inst.zero_gauss_int	inst_infix	Gaussian_Integers.Gaussian_Integers
Gaussian_Integers.plus_gauss_int_inst.plus_gauss_int	inst_infix	Gaussian_Integers.Gaussian_Integers
Gauss_Jordan_Elimination.eliminate_entries_rec_graph	concealed	Jordan_Normal_Form.Gauss_Jordan_Elimination
Formal_Power_Series.fps_left_inverse_constructor_rel	concealed	HOL-Computational_Algebra.Formal_Power_Series
Formal_Power_Series.fps_left_inverse_constructor_dom	KEPT	HOL-Computational_Algebra.Formal_Power_Series
Finitely_Generated_Abelian_Groups.fin_gen_comm_group	KEPT	Finitely_Generated_Abelian_Groups.Finitely_Generated_Abelian_Groups
Field_as_Ring.unit_factor_real_inst.unit_factor_real	inst_infix	HOL-Computational_Algebra.Field_as_Ring
Ferrack.partial_term_of_num_inst.partial_term_of_num	infra_theory	HOL-Decision_Procs.Ferrack
Ferrack.full_exhaustive_num_inst.full_exhaustive_num	infra_theory	HOL-Decision_Procs.Ferrack
Factorial_Ring.factorial_semiring_class.multiplicity	KEPT	HOL-Computational_Algebra.Factorial_Ring
Euclidean_Space.euclidean_space_real_inst.Basis_real	inst_infix	HOL-Analysis.Euclidean_Space
Euclidean_Space.euclidean_space_prod_inst.Basis_prod	inst_infix	HOL-Analysis.Euclidean_Space
Euclidean_Rings.unit_factor_nat_inst.unit_factor_nat	inst_infix	HOL.Euclidean_Rings
Euclidean_Rings.unit_factor_int_inst.unit_factor_int	inst_infix	HOL.Euclidean_Rings
Elementary_Normed_Spaces.monoid_add_class.support_on	KEPT	HOL-Analysis.Elementary_Normed_Spaces
Countable_Set_Type.cset.Countable_Set_Type.pred_cset	KEPT	HOL-Library.Countable_Set_Type
Cooper.raw_sum.fm.sum2.sum2.sum.Sum_Type.set_raw_sum	concealed	HOL-Decision_Procs.Cooper
Cooper.raw_sum.fm.sum2.sum1.sum.Sum_Type.rel_raw_sum	concealed	HOL-Decision_Procs.Cooper
Cooper.raw_sum.fm.sum2.sum1.sum.Sum_Type.map_raw_sum	concealed	HOL-Decision_Procs.Cooper
Cooper.fm.typerep_fm_IITN_fm_inst.typerep_fm_IITN_fm	infra_theory	HOL-Decision_Procs.Cooper
Continued_Fractions.typerep_cfrac_inst.typerep_cfrac	inst_infix	Continued_Fractions.Continued_Fractions
Continued_Fractions.term_of_cfrac_inst.term_of_cfrac	inst_infix	Continued_Fractions.Continued_Fractions
Congruence.eq_object.eq_object_ext.Rep_eq_object_ext	abs_rep_name	HOL-Algebra.Congruence
Congruence.eq_object.eq_object_ext.Abs_eq_object_ext	abs_rep_name	HOL-Algebra.Congruence
Conditionally_Complete_Lattices.Sup_nat_inst.Sup_nat	inst_infix	HOL.Conditionally_Complete_Lattices
Conditionally_Complete_Lattices.Sup_int_inst.Sup_int	inst_infix	HOL.Conditionally_Complete_Lattices
Conditionally_Complete_Lattices.Inf_nat_inst.Inf_nat	inst_infix	HOL.Conditionally_Complete_Lattices
Conditionally_Complete_Lattices.Inf_int_inst.Inf_int	inst_infix	HOL.Conditionally_Complete_Lattices
Complex_Lexorder.complex_lex.sorted_list_of_multiset	KEPT	Hermite_Lindemann.Complex_Lexorder
Commutative_Ring.cring_class.Ipolex_polex_list_graph	concealed	HOL-Decision_Procs.Commutative_Ring
Coinductive_Stream.stream_from_llist_setup.cr_stream	KEPT	Coinductive.Coinductive_Stream
Cartesian_Space.vector_space_over_itself.independent	KEPT	HOL-Analysis.Cartesian_Space
Cardinality.card_UNIV_natural_inst.card_UNIV_natural	inst_infix	HOL-Library.Cardinality
Cardinality.card_UNIV_literal_inst.card_UNIV_literal	inst_infix	HOL-Library.Cardinality
Cardinality.card_UNIV_integer_inst.card_UNIV_integer	inst_infix	HOL-Library.Cardinality
Bounded_Linear_Operator.zero_blinop_inst.zero_blinop	inst_infix	Ordinary_Differential_Equations.Bounded_Linear_Operator
Bounded_Linear_Operator.plus_blinop_inst.plus_blinop	inst_infix	Ordinary_Differential_Equations.Bounded_Linear_Operator
Bounded_Linear_Operator.open_blinop_inst.open_blinop	inst_infix	Ordinary_Differential_Equations.Bounded_Linear_Operator
Bounded_Linear_Operator.norm_blinop_inst.norm_blinop	inst_infix	Ordinary_Differential_Equations.Bounded_Linear_Operator
Bounded_Linear_Operator.dist_blinop_inst.dist_blinop	inst_infix	Ordinary_Differential_Equations.Bounded_Linear_Operator
Bounded_Linear_Function.sgn_blinfun_inst.sgn_blinfun	inst_infix	HOL-Analysis.Bounded_Linear_Function
Bit_Operations.semiring_bit_operations_class.set_bit	KEPT	HOL.Bit_Operations
Approximation_Bounds.ub_ln_horner_lb_ln_horner_graph	concealed	HOL-Decision_Procs.Approximation_Bounds
Approximation_Bounds.ub_exp_horner_lb_exp_horner_rel	concealed	HOL-Decision_Procs.Approximation_Bounds
Approximation_Bounds.ub_exp_horner_lb_exp_horner_dom	infra_theory	HOL-Decision_Procs.Approximation_Bounds
Approximation.form.form_IITN_form.Rep_form_IITN_form	concealed	HOL-Decision_Procs.Approximation
Approximation.form.form_IITN_form.Abs_form_IITN_form	concealed	HOL-Decision_Procs.Approximation
Approximation.equal_floatarith_inst.equal_floatarith	infra_theory	HOL-Decision_Procs.Approximation
Abstract_Metric_Spaces.Metric_space.mtotally_bounded	KEPT	HOL-Analysis.Abstract_Metric_Spaces
Word.semiring_bit_operations_word_inst.set_bit_word	inst_infix	HOL-Library.Word
Word.partial_term_of_word_inst.partial_term_of_word	inst_infix	HOL-Library.Word
Word.full_exhaustive_word_inst.full_exhaustive_word	inst_infix	HOL-Library.Word
Unique_Factorization.comm_semiring_1.primitive_poly	class_variant	Berlekamp_Zassenhaus.Unique_Factorization
Unique_Factorization.comm_monoid_mult_class.coprime	KEPT	Berlekamp_Zassenhaus.Unique_Factorization
Tree.partial_term_of_tree_inst.partial_term_of_tree	inst_infix	HOL-Library.Tree
Tree.full_exhaustive_tree_inst.full_exhaustive_tree	inst_infix	HOL-Library.Tree
Tarski_Neutral_Continuous.Tarski_Neutral_Continuous	KEPT	IsaGeoCoq.Tarski_Neutral_Continuous
Tarski_Neutral.Tarski_neutral_dimensionless.TriSumA	KEPT	IsaGeoCoq.Tarski_Neutral
Tarski_Neutral.Tarski_neutral_dimensionless.SameDir	KEPT	IsaGeoCoq.Tarski_Neutral
Tarski_Neutral.Tarski_neutral_dimensionless.Rhombus	KEPT	IsaGeoCoq.Tarski_Neutral
Tarski_Neutral.Tarski_neutral_dimensionless.Reflect	KEPT	IsaGeoCoq.Tarski_Neutral
Tarski_Neutral.Tarski_neutral_dimensionless.PythRel	KEPT	IsaGeoCoq.Tarski_Neutral
Tarski_Neutral.Tarski_neutral_dimensionless.Lambert	KEPT	IsaGeoCoq.Tarski_Neutral
Tarski_Neutral.Tarski_neutral_dimensionless.InAngle	KEPT	IsaGeoCoq.Tarski_Neutral
Tarski_Neutral.Tarski_neutral_dimensionless.EqLcos3	KEPT	IsaGeoCoq.Tarski_Neutral
Tarski_Neutral.Tarski_neutral_dimensionless.EqLcos2	KEPT	IsaGeoCoq.Tarski_Neutral
Tarski_Neutral.Tarski_neutral_dimensionless.AngFlat	KEPT	IsaGeoCoq.Tarski_Neutral
Square_Free_Factorization.square_free_factorization	KEPT	Polynomial_Factorization.Square_Free_Factorization
Square_Free_Factorization.monic_factorization.bound	KEPT	Polynomial_Factorization.Square_Free_Factorization
Rings.class.semiring_no_zero_divisors_cancel_axioms	class_infix	HOL.Rings
Reflective_Field.typerep_pexpr2_inst.typerep_pexpr2	infra_theory	HOL-Decision_Procs.Reflective_Field
Reflective_Field.typerep_pexpr1_inst.typerep_pexpr1	infra_theory	HOL-Decision_Procs.Reflective_Field
Reflective_Field.term_of_pexpr2_inst.term_of_pexpr2	infra_theory	HOL-Decision_Procs.Reflective_Field
Reflective_Field.term_of_pexpr1_inst.term_of_pexpr1	infra_theory	HOL-Decision_Procs.Reflective_Field
Reflective_Field.pexpr_pexpr1_pexpr2.str_init_pexpr	concealed	HOL-Decision_Procs.Reflective_Field
Reflective_Field.pexpr_pexpr1_pexpr2.min_alg_pexpr2	concealed	HOL-Decision_Procs.Reflective_Field
Reflective_Field.pexpr_pexpr1_pexpr2.min_alg_pexpr1	concealed	HOL-Decision_Procs.Reflective_Field
Reflected_Multivariate_Polynomial.poly.min_alg_poly	concealed	HOL-Decision_Procs.Reflected_Multivariate_Polynomial
Reflected_Multivariate_Polynomial.isweaknpoly_graph	concealed	HOL-Decision_Procs.Reflected_Multivariate_Polynomial
Reflected_Multivariate_Polynomial.coefficients_sumC	infra_theory	HOL-Decision_Procs.Reflected_Multivariate_Polynomial
Record.tuple_isomorphism.str_init_tuple_isomorphism	concealed	HOL.Record
Record.tuple_isomorphism.ctor_rec_tuple_isomorphism	concealed	HOL.Record
Real_Vector_Spaces.class.real_normed_algebra_axioms	class_infix	HOL.Real_Vector_Spaces
Real_Vector_Spaces.class.ordered_real_vector_axioms	class_infix	HOL.Real_Vector_Spaces
Real.partial_term_of_real_inst.partial_term_of_real	inst_infix	HOL.Real
Real.full_exhaustive_real_inst.full_exhaustive_real	inst_infix	HOL.Real
Reachability_Analysis.c1_on_open_euclidean.flowpipe	KEPT	Ordinary_Differential_Equations.Reachability_Analysis
RatFPS.full_exhaustive_fps_inst.full_exhaustive_fps	inst_infix	Linear_Recurrences.RatFPS
Quickcheck_Narrowing.typerep_ffun_inst.typerep_ffun	inst_infix	HOL.Quickcheck_Narrowing
Quickcheck_Narrowing.typerep_cfun_inst.typerep_cfun	inst_infix	HOL.Quickcheck_Narrowing
Quickcheck_Narrowing.term_of_ffun_inst.term_of_ffun	inst_infix	HOL.Quickcheck_Narrowing
Quickcheck_Narrowing.term_of_cfun_inst.term_of_cfun	inst_infix	HOL.Quickcheck_Narrowing
Quickcheck_Exhaustive.three_valued.rec_three_valued	KEPT	HOL.Quickcheck_Exhaustive
Quickcheck_Exhaustive.three_valued.mor_three_valued	concealed	HOL.Quickcheck_Exhaustive
Quickcheck_Exhaustive.three_valued.alg_three_valued	concealed	HOL.Quickcheck_Exhaustive
Quickcheck_Exhaustive.three_valued.Rep_three_valued	concealed	HOL.Quickcheck_Exhaustive
Quickcheck_Exhaustive.three_valued.Abs_three_valued	concealed	HOL.Quickcheck_Exhaustive
Quickcheck_Exhaustive.full_exhaustive_natural'_sumC	KEPT	HOL.Quickcheck_Exhaustive
Quickcheck_Exhaustive.full_exhaustive_integer'_sumC	KEPT	HOL.Quickcheck_Exhaustive
Product_Vector.uniformity_prod_inst.uniformity_prod	inst_infix	HOL-Analysis.Product_Vector
Product_Vector.uniform_topological_monoid_add_class	class_pred	HOL-Analysis.Product_Vector
Product_Vector.finite_dimensional_vector_space_prod	KEPT	HOL-Analysis.Product_Vector
Product_Vector.class.uniform_topological_monoid_add	class_infix	HOL-Analysis.Product_Vector
Pratt_Certificate.mod_exp_nat.efficient_power_graph	concealed	Pratt_Certificate.Pratt_Certificate
Poly_Mapping.one_poly_mapping_inst.one_poly_mapping	inst_infix	HOL-Library.Poly_Mapping
Partial_Fraction_Decomposition.normalise_decomp_rel	concealed	Linear_Recurrences.Partial_Fraction_Decomposition
Partial_Fraction_Decomposition.normalise_decomp_dom	KEPT	Linear_Recurrences.Partial_Fraction_Decomposition
Parity.linordered_euclidean_semiring_division_class	class_pred	HOL.Parity
Parity.class.linordered_euclidean_semiring_division	class_infix	HOL.Parity
Order.gorder.equal_gorder_ext_inst.equal_gorder_ext	inst_infix	HOL-Algebra.Order
Numeral_Type.finite_UNIV_num1_inst.finite_UNIV_num1	inst_infix	HOL-Library.Numeral_Type
Numeral_Type.finite_UNIV_num0_inst.finite_UNIV_num0	inst_infix	HOL-Library.Numeral_Type
Numeral_Type.finite_UNIV_bit1_inst.finite_UNIV_bit1	inst_infix	HOL-Library.Numeral_Type
Numeral_Type.finite_UNIV_bit0_inst.finite_UNIV_bit0	inst_infix	HOL-Library.Numeral_Type
Newton_Interpolation.newton_coefficients_main_graph	concealed	Polynomial_Interpolation.Newton_Interpolation
Newton_Interpolation.divided_differences_impl_graph	concealed	Polynomial_Interpolation.Newton_Interpolation
Multiset_Permutations.permutations_of_set_aux_graph	concealed	HOL-Combinatorics.Multiset_Permutations
Multiset_Permutations.permutations_of_list_impl_rel	concealed	HOL-Combinatorics.Multiset_Permutations
Multiset_Permutations.permutations_of_list_impl_dom	KEPT	HOL-Combinatorics.Multiset_Permutations
Multiset_Permutations.permutations_of_list_impl_aux	KEPT	HOL-Combinatorics.Multiset_Permutations
Multiseries_Expansion.sig_msllist_v4.msllist.v4.Sig	concealed	HOL-Real_Asymp.Multiseries_Expansion
Multiseries_Expansion.sig_msllist_v3.msllist.v3.Sig	concealed	HOL-Real_Asymp.Multiseries_Expansion
Multiseries_Expansion.sig_msllist_v2.msllist.v2.Sig	concealed	HOL-Real_Asymp.Multiseries_Expansion
Multiseries_Expansion.sig_msllist_v1.msllist.v1.Sig	concealed	HOL-Real_Asymp.Multiseries_Expansion
Multiseries_Expansion.sig_msllist_v0.msllist.v0.Sig	concealed	HOL-Real_Asymp.Multiseries_Expansion
Multiseries_Expansion.multiseries_class.trimmed_pos	KEPT	HOL-Real_Asymp.Multiseries_Expansion
Multiseries_Expansion.multiseries_class.trimmed_neg	KEPT	HOL-Real_Asymp.Multiseries_Expansion
Multiseries_Expansion.msstream.dtor_unfold_msstream	concealed	HOL-Real_Asymp.Multiseries_Expansion
Multiseries_Expansion.expansion_with_remainder_term	KEPT	HOL-Real_Asymp.Multiseries_Expansion
Mod_Exp.euclidean_semiring_cancel_class.mod_exp_aux	KEPT	HOL-Number_Theory.Mod_Exp
List.partial_term_of_list_inst.partial_term_of_list	inst_infix	HOL.List
List.full_exhaustive_list_inst.full_exhaustive_list	inst_infix	HOL.List
Lazy_Sequence.lazy_sequence.ctor_fold_lazy_sequence	concealed	HOL.Lazy_Sequence
Lattice_Algebras.semilattice_sup_ab_group_add_class	class_pred	HOL-Library.Lattice_Algebras
Lattice_Algebras.semilattice_inf_ab_group_add_class	class_pred	HOL-Library.Lattice_Algebras
Lattice_Algebras.class.semilattice_sup_ab_group_add	class_infix	HOL-Library.Lattice_Algebras
Lattice_Algebras.class.semilattice_inf_ab_group_add	class_infix	HOL-Library.Lattice_Algebras
Landau_Real_Products.size_primfun_inst.size_primfun	inst_infix	Landau_Symbols.Landau_Real_Products
Landau_Real_Products.groupsort_primfun.part_aux_rel	concealed	Landau_Symbols.Landau_Real_Products
Landau_Real_Products.groupsort_primfun.part_aux_dom	hidden	Landau_Symbols.Landau_Real_Products
Inner_Product.real_inner_complex_inst.inner_complex	inst_infix	HOL-Analysis.Inner_Product
Groups.ordered_ab_semigroup_monoid_add_imp_le_class	class_pred	HOL.Groups
Groups.class.strict_ordered_ab_semigroup_add_axioms	class_infix	HOL.Groups
Groups.class.ordered_ab_semigroup_monoid_add_imp_le	class_infix	HOL.Groups
Groups.class.ordered_ab_semigroup_add_imp_le_axioms	class_infix	HOL.Groups
Group.monoid.equal_monoid_ext_inst.equal_monoid_ext	inst_infix	HOL-Algebra.Group
Gauss_Jordan_Elimination.eliminate_entries_rec_sumC	KEPT	Jordan_Normal_Form.Gauss_Jordan_Elimination
Functional_Spaces.ord_quasinorm_inst.less_quasinorm	inst_infix	Lp.Functional_Spaces
Finite_Cartesian_Product.uminus_vec_inst.uminus_vec	inst_infix	HOL-Analysis.Finite_Cartesian_Product
Finite_Cartesian_Product.scaleR_vec_inst.scaleR_vec	inst_infix	HOL-Analysis.Finite_Cartesian_Product
Ferrack.fm.typerep_fm_pre_fm_inst.typerep_fm_pre_fm	infra_theory	HOL-Decision_Procs.Ferrack
FSet.full_exhaustive_fset_inst.full_exhaustive_fset	inst_infix	HOL-Library.FSet
Extended.narrowing_extended_inst.narrowing_extended	inst_infix	HOL-Library.Extended
Enum.unit_factor_finite_3_inst.unit_factor_finite_3	inst_infix	HOL.Enum
Enum.unit_factor_finite_2_inst.unit_factor_finite_2	inst_infix	HOL.Enum
Elementary_Topology.topological_space_class.islimpt	KEPT	HOL-Analysis.Elementary_Topology
Elementary_Topology.second_countable_topology_class	class_pred	HOL-Analysis.Elementary_Topology
Elementary_Topology.class.second_countable_topology	class_infix	HOL-Analysis.Elementary_Topology
Elementary_Metric_Spaces.metric_space_class.bounded	KEPT	HOL-Analysis.Elementary_Metric_Spaces
Dual_Ordered_Lattice.typerep_dual_inst.typerep_dual	inst_infix	HOL-Library.Dual_Ordered_Lattice
Dual_Ordered_Lattice.term_of_dual_inst.term_of_dual	inst_infix	HOL-Library.Dual_Ordered_Lattice
Dirichlet_Series.nat_power_real_inst.nat_power_real	inst_infix	Dirichlet_Series.Dirichlet_Series
Cooper.partial_term_of_num_inst.partial_term_of_num	infra_theory	HOL-Decision_Procs.Cooper
Cooper.full_exhaustive_num_inst.full_exhaustive_num	infra_theory	HOL-Decision_Procs.Cooper
Conditionally_Complete_Lattices.preordering_bdd.bdd	KEPT	HOL.Conditionally_Complete_Lattices
Complex_Lexorder.complex_lex.sorted_key_list_of_set	KEPT	Hermite_Lindemann.Complex_Lexorder
Commutative_Ring.cring_class.Ipolex_polex_list_sumC	infra_theory	HOL-Decision_Procs.Commutative_Ring
Code_Numeral.semiring_bits_natural_inst.bit_natural	inst_infix	HOL.Code_Numeral
Code_Numeral.semiring_bits_integer_inst.bit_integer	inst_infix	HOL.Code_Numeral
Chebyshev_Polynomials.cheb_poly.clenshaw_aux'_graph	concealed	Chebyshev_Polynomials.Chebyshev_Polynomials
Bounded_Linear_Function.bounded_bilinear.prod_right	KEPT	HOL-Analysis.Bounded_Linear_Function
Bounded_Continuous_Function.bcontfun.apply_bcontfun	KEPT	HOL-Analysis.Bounded_Continuous_Function
Bit_Operations.ring_bit_operations_int_inst.not_int	inst_infix	HOL.Bit_Operations
Bit_Operations.class.semiring_bit_operations_axioms	class_infix	HOL.Bit_Operations
Approximation_Bounds.ub_ln_horner_lb_ln_horner_sumC	infra_theory	HOL-Decision_Procs.Approximation_Bounds
Abstract_Metric_Spaces.Metric_space.decreasing_dist	KEPT	HOL-Analysis.Abstract_Metric_Spaces
partial_term_of_itself_inst.partial_term_of_itself	inst_infix	Tools.Code_Generator
Vector_Spaces.finite_dimensional_vector_space_pair	KEPT	HOL.Vector_Spaces
UnivPoly.up_ring.up_ring_ext.up_ring_ext_Tuple_Iso	adt_record	HOL-Algebra.UnivPoly
Unique_Factorization_Poly.gcd_fract_inst.lcm_fract	inst_infix	Berlekamp_Zassenhaus.Unique_Factorization_Poly
Unique_Factorization_Poly.gcd_fract_inst.gcd_fract	inst_infix	Berlekamp_Zassenhaus.Unique_Factorization_Poly
Unique_Factorization_Poly.Gcd_fract_inst.Lcm_fract	inst_infix	Berlekamp_Zassenhaus.Unique_Factorization_Poly
Unique_Factorization_Poly.Gcd_fract_inst.Gcd_fract	inst_infix	Berlekamp_Zassenhaus.Unique_Factorization_Poly
Unique_Factorization.comm_semiring_1_class.factors	KEPT	Berlekamp_Zassenhaus.Unique_Factorization
Unique_Factorization.comm_monoid_gcd_class.listgcd	KEPT	Berlekamp_Zassenhaus.Unique_Factorization
Topology_Euclidean_Space.euclidean_space.eucl_less	class_variant	HOL-Analysis.Topology_Euclidean_Space
Topological_Spaces.topological_space_class.tendsto	KEPT	HOL.Topological_Spaces
Topological_Spaces.topological_space_class.compact	KEPT	HOL.Topological_Spaces
Topological_Spaces.linear_continuum_topology_class	class_pred	HOL.Topological_Spaces
Topological_Spaces.class.linear_continuum_topology	class_infix	HOL.Topological_Spaces
Tarski_Neutral.Tarski_neutral_dimensionless.Square	KEPT	IsaGeoCoq.Tarski_Neutral
Tarski_Neutral.Tarski_neutral_dimensionless.SignEq	KEPT	IsaGeoCoq.Tarski_Neutral
Tarski_Neutral.Tarski_neutral_dimensionless.QCongA	KEPT	IsaGeoCoq.Tarski_Neutral
Tarski_Neutral.Tarski_neutral_dimensionless.PerpAt	KEPT	IsaGeoCoq.Tarski_Neutral
Tarski_Neutral.Tarski_neutral_dimensionless.OrthAt	KEPT	IsaGeoCoq.Tarski_Neutral
Tarski_Neutral.Tarski_neutral_dimensionless.OppDir	KEPT	IsaGeoCoq.Tarski_Neutral
Tarski_Neutral.Tarski_neutral_dimensionless.Obtuse	KEPT	IsaGeoCoq.Tarski_Neutral
Tarski_Neutral.Tarski_neutral_dimensionless.Length	KEPT	IsaGeoCoq.Tarski_Neutral
Tarski_Neutral.Tarski_neutral_dimensionless.EqLcos	KEPT	IsaGeoCoq.Tarski_Neutral
Tarski_Neutral.Tarski_neutral_dimensionless.Defect	KEPT	IsaGeoCoq.Tarski_Neutral
Tarski_Neutral.Tarski_neutral_dimensionless.CongA3	KEPT	IsaGeoCoq.Tarski_Neutral
Square_Matrix.times_sq_matrix_inst.times_sq_matrix	inst_infix	Cayley_Hamilton.Square_Matrix
Square_Matrix.minus_sq_matrix_inst.minus_sq_matrix	inst_infix	Cayley_Hamilton.Square_Matrix
Sigma_Algebra.typerep_measure_inst.typerep_measure	inst_infix	HOL-Analysis.Sigma_Algebra
SG_Library_Complement.finite_borel_measure'_axioms	KEPT	Ergodic_Theory.SG_Library_Complement
Rings.class.linordered_comm_semiring_strict_axioms	class_infix	HOL.Rings
Reflective_Field.pre_pexpr2.pexpr2.set3_pre_pexpr2	concealed	HOL-Decision_Procs.Reflective_Field
Reflective_Field.pre_pexpr2.pexpr2.set2_pre_pexpr2	concealed	HOL-Decision_Procs.Reflective_Field
Reflective_Field.pre_pexpr2.pexpr2.set1_pre_pexpr2	concealed	HOL-Decision_Procs.Reflective_Field
Reflective_Field.pre_pexpr2.pexpr2.pred_pre_pexpr2	concealed	HOL-Decision_Procs.Reflective_Field
Reflective_Field.pre_pexpr1.pexpr1.set3_pre_pexpr1	concealed	HOL-Decision_Procs.Reflective_Field
Reflective_Field.pre_pexpr1.pexpr1.set2_pre_pexpr1	concealed	HOL-Decision_Procs.Reflective_Field
Reflective_Field.pre_pexpr1.pexpr1.set1_pre_pexpr1	concealed	HOL-Decision_Procs.Reflective_Field
Reflective_Field.pre_pexpr1.pexpr1.pred_pre_pexpr1	concealed	HOL-Decision_Procs.Reflective_Field
Reflective_Field.pexpr_pexpr1_pexpr2.min_alg_pexpr	concealed	HOL-Decision_Procs.Reflective_Field
Reflected_Multivariate_Polynomial.poly_deriv_graph	concealed	HOL-Decision_Procs.Reflected_Multivariate_Polynomial
Reflected_Multivariate_Polynomial.isweaknpoly_sumC	infra_theory	HOL-Decision_Procs.Reflected_Multivariate_Polynomial
Reflected_Multivariate_Polynomial.isconstant_graph	concealed	HOL-Decision_Procs.Reflected_Multivariate_Polynomial
Reflected_Multivariate_Polynomial.coefficients_rel	concealed	HOL-Decision_Procs.Reflected_Multivariate_Polynomial
Reflected_Multivariate_Polynomial.coefficients_dom	infra_theory	HOL-Decision_Procs.Reflected_Multivariate_Polynomial
Record.tuple_isomorphism.min_alg_tuple_isomorphism	concealed	HOL.Record
Real_Vector_Spaces.class.real_normed_vector_axioms	class_infix	HOL.Real_Vector_Spaces
Reachability_Analysis.random_sctn_inst.random_sctn	inst_infix	Ordinary_Differential_Equations.Reachability_Analysis
Reachability_Analysis.c1_on_open_euclidean.section	KEPT	Ordinary_Differential_Equations.Reachability_Analysis
Reachability_Analysis.c1_on_open_euclidean.flowsto	KEPT	Ordinary_Differential_Equations.Reachability_Analysis
Quickcheck_Random.random_itself_inst.random_itself	inst_infix	HOL.Quickcheck_Random
Quickcheck_Narrowing.narrowing_cons.Narrowing_cons	hidden	HOL.Quickcheck_Narrowing
Quickcheck_Exhaustive.full_exhaustive_natural'_rel	concealed	HOL.Quickcheck_Exhaustive
Quickcheck_Exhaustive.full_exhaustive_natural'_dom	KEPT	HOL.Quickcheck_Exhaustive
Quickcheck_Exhaustive.full_exhaustive_integer'_rel	concealed	HOL.Quickcheck_Exhaustive
Quickcheck_Exhaustive.full_exhaustive_integer'_dom	KEPT	HOL.Quickcheck_Exhaustive
Quickcheck_Exhaustive.check_all_class.enum_term_of	KEPT	HOL.Quickcheck_Exhaustive
Product_Vector.uniform_topological_group_add_class	class_pred	HOL-Analysis.Product_Vector
Product_Vector.class.uniform_topological_group_add	class_infix	HOL-Analysis.Product_Vector
Pratt_Certificate.typerep_pratt_inst.typerep_pratt	inst_infix	Pratt_Certificate.Pratt_Certificate
Pratt_Certificate.term_of_pratt_inst.term_of_pratt	inst_infix	Pratt_Certificate.Pratt_Certificate
Pratt_Certificate.mod_exp_nat.efficient_power_sumC	KEPT	Pratt_Certificate.Pratt_Certificate
Pratt_Certificate.check_prime_factors_subset_graph	concealed	Pratt_Certificate.Pratt_Certificate
Parametric_Ferrante_Rackoff.equal_tm_inst.equal_tm	infra_theory	HOL-Decision_Procs.Parametric_Ferrante_Rackoff
Parametric_Ferrante_Rackoff.equal_fm_inst.equal_fm	infra_theory	HOL-Decision_Procs.Parametric_Ferrante_Rackoff
Newton_Interpolation.newton_interpolation_poly_int	KEPT	Polynomial_Interpolation.Newton_Interpolation
Newton_Interpolation.newton_coefficients_main_sumC	KEPT	Polynomial_Interpolation.Newton_Interpolation
Newton_Interpolation.divided_differences_impl_sumC	KEPT	Polynomial_Interpolation.Newton_Interpolation
Multiset_Permutations.permutations_of_set_aux_sumC	KEPT	HOL-Combinatorics.Multiset_Permutations
Multiset_Permutations.permutations_of_set_aux_list	KEPT	HOL-Combinatorics.Multiset_Permutations
Multiseries_Expansion.msstream.dtor_corec_msstream	concealed	HOL-Real_Asymp.Multiseries_Expansion
Multiseries_Expansion.ms.ms_IITN_ms.Rep_ms_IITN_ms	concealed	HOL-Real_Asymp.Multiseries_Expansion
Multiseries_Expansion.ms.ms_IITN_ms.Abs_ms_IITN_ms	concealed	HOL-Real_Asymp.Multiseries_Expansion
More_Multivariate_Polynomial_HLW.mpoly_of_poly_aux	KEPT	Hermite_Lindemann.More_Multivariate_Polynomial_HLW
MIR.raw_sum.num.sum2.sum2.sum.Sum_Type.set_raw_sum	concealed	HOL-Decision_Procs.MIR
MIR.raw_sum.fm.sum2.sum2.sum.Sum_Type.pred_raw_sum	concealed	HOL-Decision_Procs.MIR
Lazy_Sequence.small_lazy_unit_inst.small_lazy_unit	inst_infix	HOL.Lazy_Sequence
Lazy_Sequence.small_lazy_prod_inst.small_lazy_prod	inst_infix	HOL.Lazy_Sequence
Lazy_Sequence.small_lazy_list_inst.small_lazy_list	inst_infix	HOL.Lazy_Sequence
Lazy_Sequence.lazy_sequence.str_init_lazy_sequence	concealed	HOL.Lazy_Sequence
Lazy_Sequence.lazy_sequence.ctor_rec_lazy_sequence	concealed	HOL.Lazy_Sequence
Lazy_Eval.random_cmp_result_inst.random_cmp_result	inst_infix	HOL-Real_Asymp.Lazy_Eval
Lattice_Constructions.typerep_top_inst.typerep_top	inst_infix	HOL-Library.Lattice_Constructions
Lattice_Constructions.typerep_bot_inst.typerep_bot	inst_infix	HOL-Library.Lattice_Constructions
Lattice_Constructions.term_of_top_inst.term_of_top	inst_infix	HOL-Library.Lattice_Constructions
Lattice_Constructions.term_of_bot_inst.term_of_bot	inst_infix	HOL-Library.Lattice_Constructions
Landau_Real_Products.ord_primfun_inst.less_primfun	inst_infix	Landau_Symbols.Landau_Real_Products
Landau_Real_Products.landau_dominating_chain_graph	concealed	Landau_Symbols.Landau_Real_Products
Landau_Real_Products.groupsort_primfun.group_graph	concealed	Landau_Symbols.Landau_Real_Products
Lagrange_Interpolation.lagrange_interpolation_poly	KEPT	Polynomial_Interpolation.Lagrange_Interpolation
HOL.partial_term_of_bool_inst.partial_term_of_bool	inst_infix	HOL.HOL
HOL.full_exhaustive_bool_inst.full_exhaustive_bool	inst_infix	HOL.Product_Type
Groups.class.canonically_ordered_monoid_add_axioms	class_infix	HOL.Groups
Geo_Real2.real2.neu.universal_posidonius_postulate	KEPT	MathBench_ProverBase.Geo_Real2
Gaussian_Integers.one_gauss_int_inst.one_gauss_int	inst_infix	Gaussian_Integers.Gaussian_Integers
Gaussian_Integers.gcd_gauss_int_inst.lcm_gauss_int	inst_infix	Gaussian_Integers.Gaussian_Integers
Gaussian_Integers.gcd_gauss_int_inst.gcd_gauss_int	inst_infix	Gaussian_Integers.Gaussian_Integers
Gaussian_Integers.Gcd_gauss_int_inst.Lcm_gauss_int	inst_infix	Gaussian_Integers.Gaussian_Integers
Gaussian_Integers.Gcd_gauss_int_inst.Gcd_gauss_int	inst_infix	Gaussian_Integers.Gaussian_Integers
Gauss_Jordan_IArrays.Gauss_Jordan_column_k_iarrays	KEPT	Gauss_Jordan.Gauss_Jordan_IArrays
Gauss_Jordan_Elimination.eliminate_entries_rec_rel	concealed	Jordan_Normal_Form.Gauss_Jordan_Elimination
Gauss_Jordan_Elimination.eliminate_entries_rec_dom	KEPT	Jordan_Normal_Form.Gauss_Jordan_Elimination
Function_Metric.uniformity_fun_inst.uniformity_fun	KEPT	HOL-Analysis.Function_Metric
Formal_Laurent_Series.typerep_fls_inst.typerep_fls	inst_infix	HOL-Computational_Algebra.Formal_Laurent_Series
Formal_Laurent_Series.term_of_fls_inst.term_of_fls	inst_infix	HOL-Computational_Algebra.Formal_Laurent_Series
Formal_Laurent_Series.inverse_fls_inst.inverse_fls	inst_infix	HOL-Computational_Algebra.Formal_Laurent_Series
Finite_Product_Measure.finite_product_sigma_finite	KEPT	HOL-Analysis.Finite_Product_Measure
Field_as_Ring.unit_factor_rat_inst.unit_factor_rat	inst_infix	HOL-Computational_Algebra.Field_as_Ring
Ferrack.raw_sum.num.sum2.sum.Sum_Type.pred_raw_sum	concealed	HOL-Decision_Procs.Ferrack
Ferrack.partial_term_of_fm_inst.partial_term_of_fm	infra_theory	HOL-Decision_Procs.Ferrack
Ferrack.full_exhaustive_fm_inst.full_exhaustive_fm	infra_theory	HOL-Decision_Procs.Ferrack
Factorial_Ring.class.factorial_semiring_gcd_axioms	class_infix	HOL-Computational_Algebra.Factorial_Ring
Extended_Real.narrowing_ereal_inst.narrowing_ereal	inst_infix	HOL-Library.Extended_Real
Divisibility.divisor_chain_condition_monoid_axioms	KEPT	HOL-Algebra.Divisibility
Distribution_Functions.finite_borel_measure_axioms	KEPT	HOL-Probability.Distribution_Functions
Discrete_Topology.open_discrete_inst.open_discrete	inst_infix	HOL-Probability.Discrete_Topology
Discrete_Topology.dist_discrete_inst.dist_discrete	inst_infix	HOL-Probability.Discrete_Topology
Cooper.fm.typerep_fm_pre_fm_inst.typerep_fm_pre_fm	infra_theory	HOL-Decision_Procs.Cooper
Continued_Fractions.random_cfrac_inst.random_cfrac	inst_infix	Continued_Fractions.Continued_Fractions
Continued_Fractions.pre_cfrac.cfrac.pred_pre_cfrac	concealed	Continued_Fractions.Continued_Fractions
Conjugate.conjugate_complex_inst.conjugate_complex	inst_infix	Jordan_Normal_Form.Conjugate
Conditionally_Complete_Lattices.preorder.bdd_below	class_variant	HOL.Conditionally_Complete_Lattices
Conditionally_Complete_Lattices.preorder.bdd_above	class_variant	HOL.Conditionally_Complete_Lattices
Complex.uniformity_complex_inst.uniformity_complex	inst_infix	HOL.Complex
Complete_Measure.locally_determined_measure_axioms	KEPT	HOL-Analysis.Complete_Measure
Commutative_Ring.pol.pol_IITN_pol.Rep_pol_IITN_pol	concealed	HOL-Decision_Procs.Commutative_Ring
Commutative_Ring.pol.pol_IITN_pol.Abs_pol_IITN_pol	concealed	HOL-Decision_Procs.Commutative_Ring
Commutative_Ring.mon.mon_IITN_mon.Rep_mon_IITN_mon	concealed	HOL-Decision_Procs.Commutative_Ring
Commutative_Ring.mon.mon_IITN_mon.Abs_mon_IITN_mon	concealed	HOL-Decision_Procs.Commutative_Ring
Commutative_Ring.cring_class.Ipolex_polex_list_rel	concealed	HOL-Decision_Procs.Commutative_Ring
Commutative_Ring.cring_class.Ipolex_polex_list_dom	infra_theory	HOL-Decision_Procs.Commutative_Ring
Chebyshev_Polynomials.clenshaw.clenshaw_aux'_graph	concealed	Chebyshev_Polynomials.Chebyshev_Polynomials
Chebyshev_Polynomials.cheb_poly.clenshaw_aux_graph	concealed	Chebyshev_Polynomials.Chebyshev_Polynomials
Chebyshev_Polynomials.cheb_poly.clenshaw_aux'_sumC	KEPT	Chebyshev_Polynomials.Chebyshev_Polynomials
Catalan_Numbers.narrowing_tree_inst.narrowing_tree	inst_infix	Catalan_Numbers.Catalan_Numbers
Cartesian_Space.vector_space_over_itself.dimension	KEPT	HOL-Analysis.Cartesian_Space
Cartesian_Space.vector_space_over_itself.dependent	KEPT	HOL-Analysis.Cartesian_Space
Cardinality.finite_UNIV_unit_inst.finite_UNIV_unit	inst_infix	HOL-Library.Cardinality
Cardinality.finite_UNIV_prod_inst.finite_UNIV_prod	inst_infix	HOL-Library.Cardinality
Cardinality.finite_UNIV_list_inst.finite_UNIV_list	inst_infix	HOL-Library.Cardinality
Cardinality.finite_UNIV_char_inst.finite_UNIV_char	inst_infix	HOL-Library.Cardinality
Cardinality.finite_UNIV_bool_inst.finite_UNIV_bool	inst_infix	HOL-Library.Cardinality
Cardinality.card_UNIV_option_inst.card_UNIV_option	inst_infix	HOL-Library.Cardinality
Bounded_Linear_Operator.sgn_blinop_inst.sgn_blinop	inst_infix	Ordinary_Differential_Equations.Bounded_Linear_Operator
Bounded_Linear_Operator.one_blinop_inst.one_blinop	inst_infix	Ordinary_Differential_Equations.Bounded_Linear_Operator
Bounded_Linear_Function.bounded_bilinear.prod_left	KEPT	HOL-Analysis.Bounded_Linear_Function
Boolean_Algebras.abstract_boolean_algebra_sym_diff	KEPT	HOL.Boolean_Algebras
Bivariate_Polynomials.poly_y_x_hom.inv.inv.vec_hom	KEPT	Algebraic_Numbers.Bivariate_Polynomials
Bivariate_Polynomials.poly_y_x_hom.inv.inv.mat_hom	KEPT	Algebraic_Numbers.Bivariate_Polynomials
Bit_Operations.ring_bit_operations.signed_take_bit	class_variant	HOL.Bit_Operations
Approximation_Bounds.ub_ln_horner_lb_ln_horner_rel	concealed	HOL-Decision_Procs.Approximation_Bounds
Approximation_Bounds.ub_ln_horner_lb_ln_horner_dom	infra_theory	HOL-Decision_Procs.Approximation_Bounds
Approximation.size_floatarith_inst.size_floatarith	infra_theory	HOL-Decision_Procs.Approximation
Approximation.form.form_pre_form.Rep_form_pre_form	concealed	HOL-Decision_Procs.Approximation
Approximation.form.form_pre_form.Abs_form_pre_form	concealed	HOL-Decision_Procs.Approximation
Algebraic_Numbers_Prelim.dvd_preserving_hom_axioms	KEPT	Algebraic_Numbers.Algebraic_Numbers_Prelim
Abstract_Topological_Spaces.quasi_component_of_set	KEPT	HOL-Analysis.Abstract_Topological_Spaces
Abstract_Metric_Spaces.completely_metrizable_space	KEPT	HOL-Analysis.Abstract_Metric_Spaces
Z2.semiring_bit_operations_bit_inst.unset_bit_bit	inst_infix	HOL-Library.Z2
Unique_Factorization.comm_semiring_1_class.factor	KEPT	Berlekamp_Zassenhaus.Unique_Factorization
Unique_Factorization.comm_semiring_1.properfactor	class_variant	Berlekamp_Zassenhaus.Unique_Factorization
Unique_Factorization.comm_semiring_1.mset_factors	class_variant	Berlekamp_Zassenhaus.Unique_Factorization
Unique_Factorization.class.comm_monoid_gcd_axioms	class_infix	Berlekamp_Zassenhaus.Unique_Factorization
Topological_Spaces.uniformity_class.uniformity_on	KEPT	HOL.Topological_Spaces
Topological_Spaces.topological_space_class.closed	KEPT	HOL.Topological_Spaces
Topological_Spaces.topological_space_class.LIMSEQ	KEPT	HOL.Topological_Spaces
Topological_Spaces.first_countable_topology_class	class_pred	HOL.Topological_Spaces
Topological_Spaces.class.first_countable_topology	class_infix	HOL.Topological_Spaces
Topological_Spaces.class.discrete_topology_axioms	class_infix	HOL.Topological_Spaces
Tarski_Neutral.Tarski_neutral_dimensionless.sum22	KEPT	IsaGeoCoq.Tarski_Neutral
Tarski_Neutral.Tarski_neutral_dimensionless.SuppA	KEPT	IsaGeoCoq.Tarski_Neutral
Tarski_Neutral.Tarski_neutral_dimensionless.QCong	KEPT	IsaGeoCoq.Tarski_Neutral
Tarski_Neutral.Tarski_neutral_dimensionless.Projp	KEPT	IsaGeoCoq.Tarski_Neutral
Tarski_Neutral.Tarski_neutral_dimensionless.Prodp	KEPT	IsaGeoCoq.Tarski_Neutral
Tarski_Neutral.Tarski_neutral_dimensionless.Prodg	KEPT	IsaGeoCoq.Tarski_Neutral
Tarski_Neutral.Tarski_neutral_dimensionless.Perp2	KEPT	IsaGeoCoq.Tarski_Neutral
Tarski_Neutral.Tarski_neutral_dimensionless.Lcos3	KEPT	IsaGeoCoq.Tarski_Neutral
Tarski_Neutral.Tarski_neutral_dimensionless.Lcos2	KEPT	IsaGeoCoq.Tarski_Neutral
Tarski_Neutral.Tarski_neutral_dimensionless.Inter	KEPT	IsaGeoCoq.Tarski_Neutral
Tarski_Neutral.Tarski_neutral_dimensionless.CongA	KEPT	IsaGeoCoq.Tarski_Neutral
Tarski_Neutral.Tarski_neutral_dimensionless.Cong3	KEPT	IsaGeoCoq.Tarski_Neutral
Tarski_Neutral.Tarski_neutral_dimensionless.Ar2p4	KEPT	IsaGeoCoq.Tarski_Neutral
Tarski_Neutral.Tarski_neutral_dimensionless.Acute	KEPT	IsaGeoCoq.Tarski_Neutral
Symmetric_Polynomials.check_symmetric_mpoly_graph	concealed	Symmetric_Polynomials.Symmetric_Polynomials
Signed_Division.signed_modulo_class.signed_modulo	KEPT	HOL-Library.Signed_Division
Signed_Division.signed_divide_class.signed_divide	KEPT	HOL-Library.Signed_Division
Reflective_Field.typerep_pexpr_inst.typerep_pexpr	infra_theory	HOL-Decision_Procs.Reflective_Field
Reflective_Field.typerep_fexpr_inst.typerep_fexpr	infra_theory	HOL-Decision_Procs.Reflective_Field
Reflective_Field.term_of_pexpr_inst.term_of_pexpr	infra_theory	HOL-Decision_Procs.Reflective_Field
Reflective_Field.term_of_fexpr_inst.term_of_fexpr	infra_theory	HOL-Decision_Procs.Reflective_Field
Reflective_Field.random_pexpr2_inst.random_pexpr2	infra_theory	HOL-Decision_Procs.Reflective_Field
Reflective_Field.random_pexpr1_inst.random_pexpr1	infra_theory	HOL-Decision_Procs.Reflective_Field
Reflective_Field.pre_pexpr2.pexpr2.wit_pre_pexpr2	concealed	HOL-Decision_Procs.Reflective_Field
Reflective_Field.pre_pexpr2.pexpr2.rel_pre_pexpr2	concealed	HOL-Decision_Procs.Reflective_Field
Reflective_Field.pre_pexpr2.pexpr2.map_pre_pexpr2	concealed	HOL-Decision_Procs.Reflective_Field
Reflective_Field.pre_pexpr1.pexpr1.wit_pre_pexpr1	concealed	HOL-Decision_Procs.Reflective_Field
Reflective_Field.pre_pexpr1.pexpr1.rel_pre_pexpr1	concealed	HOL-Decision_Procs.Reflective_Field
Reflective_Field.pre_pexpr1.pexpr1.map_pre_pexpr1	concealed	HOL-Decision_Procs.Reflective_Field
Reflected_Multivariate_Polynomial.random_aux_poly	concealed	HOL-Decision_Procs.Reflected_Multivariate_Polynomial
Reflected_Multivariate_Polynomial.poly_deriv_sumC	infra_theory	HOL-Decision_Procs.Reflected_Multivariate_Polynomial
Reflected_Multivariate_Polynomial.poly_cmul_graph	concealed	HOL-Decision_Procs.Reflected_Multivariate_Polynomial
Reflected_Multivariate_Polynomial.isweaknpoly_rel	concealed	HOL-Decision_Procs.Reflected_Multivariate_Polynomial
Reflected_Multivariate_Polynomial.isweaknpoly_dom	infra_theory	HOL-Decision_Procs.Reflected_Multivariate_Polynomial
Reflected_Multivariate_Polynomial.isconstant_sumC	infra_theory	HOL-Decision_Procs.Reflected_Multivariate_Polynomial
Reflected_Multivariate_Polynomial.headconst_graph	concealed	HOL-Decision_Procs.Reflected_Multivariate_Polynomial
Reachability_Analysis.pre_sctn.sctn.set2_pre_sctn	concealed	Ordinary_Differential_Equations.Reachability_Analysis
Reachability_Analysis.pre_sctn.sctn.set1_pre_sctn	concealed	Ordinary_Differential_Equations.Reachability_Analysis
Reachability_Analysis.pre_sctn.sctn.pred_pre_sctn	concealed	Ordinary_Differential_Equations.Reachability_Analysis
RatFPS.unit_factor_ratfps_inst.unit_factor_ratfps	inst_infix	Linear_Recurrences.RatFPS
Random_Permutations.fold_random_permutation_graph	concealed	HOL-Probability.Random_Permutations
Quickcheck_Exhaustive.exhaustive_class.exhaustive	KEPT	HOL.Quickcheck_Exhaustive
Probability_Mass_Function.pmf_as_function.pcr_pmf	KEPT	HOL-Probability.Probability_Mass_Function
Probability_Mass_Function.measure_pmf.expectation	KEPT	HOL-Probability.Probability_Mass_Function
Pratt_Certificate.pratt_tree.ctor_fold_pratt_tree	concealed	Pratt_Certificate.Pratt_Certificate
Pratt_Certificate.mod_exp_nat.efficient_power_rel	concealed	Pratt_Certificate.Pratt_Certificate
Pratt_Certificate.mod_exp_nat.efficient_power_dom	KEPT	Pratt_Certificate.Pratt_Certificate
Pratt_Certificate.efficient_power.efficient_power	KEPT	Pratt_Certificate.Pratt_Certificate
Pratt_Certificate.check_prime_factors_subset_sumC	KEPT	Pratt_Certificate.Pratt_Certificate
Polynomial.unit_factor_poly_inst.unit_factor_poly	inst_infix	HOL-Computational_Algebra.Polynomial
Phantom_Type.typerep_phantom_inst.typerep_phantom	inst_infix	HOL-Library.Phantom_Type
Phantom_Type.term_of_phantom_inst.term_of_phantom	inst_infix	HOL-Library.Phantom_Type
Phantom_Type.pre_phantom.phantom.set3_pre_phantom	concealed	HOL-Library.Phantom_Type
Phantom_Type.pre_phantom.phantom.set2_pre_phantom	concealed	HOL-Library.Phantom_Type
Phantom_Type.pre_phantom.phantom.set1_pre_phantom	concealed	HOL-Library.Phantom_Type
Phantom_Type.pre_phantom.phantom.pred_pre_phantom	concealed	HOL-Library.Phantom_Type
Parity.class.linordered_euclidean_semiring_axioms	class_infix	HOL.Parity
Parametric_Ferrante_Rackoff.pre_tm.tm.pred_pre_tm	concealed	HOL-Decision_Procs.Parametric_Ferrante_Rackoff
Parametric_Ferrante_Rackoff.pre_fm.fm.pred_pre_fm	concealed	HOL-Decision_Procs.Parametric_Ferrante_Rackoff
Order_Continuity.countable_complete_lattice.cclfp	class_variant	HOL-Library.Order_Continuity
Newton_Interpolation.newton_coefficients_main_rel	concealed	Polynomial_Interpolation.Newton_Interpolation
Newton_Interpolation.newton_coefficients_main_int	KEPT	Polynomial_Interpolation.Newton_Interpolation
Newton_Interpolation.newton_coefficients_main_dom	KEPT	Polynomial_Interpolation.Newton_Interpolation
Newton_Interpolation.divided_differences_impl_rel	concealed	Polynomial_Interpolation.Newton_Interpolation
Newton_Interpolation.divided_differences_impl_int	KEPT	Polynomial_Interpolation.Newton_Interpolation
Newton_Interpolation.divided_differences_impl_dom	KEPT	Polynomial_Interpolation.Newton_Interpolation
Multiset_Permutations.permutations_of_set_aux_rel	concealed	HOL-Combinatorics.Multiset_Permutations
Multiset_Permutations.permutations_of_set_aux_dom	KEPT	HOL-Combinatorics.Multiset_Permutations
Multiseries_Expansion.multiseries_ms_inst.eval_ms	inst_infix	HOL-Real_Asymp.Multiseries_Expansion
Multiseries_Expansion.msllist.dtor_unfold_msllist	concealed	HOL-Real_Asymp.Multiseries_Expansion
Multiseries_Expansion.REAL_ASYMP_EVAL_CONSTRUCTOR	KEPT	HOL-Real_Asymp.Multiseries_Expansion
MIR.raw_sum.fm.sum2.sum2.sum.Sum_Type.set_raw_sum	concealed	HOL-Decision_Procs.MIR
MIR.raw_sum.fm.sum2.sum2.sum.Sum_Type.rel_raw_sum	concealed	HOL-Decision_Procs.MIR
MIR.raw_sum.fm.sum2.sum2.sum.Sum_Type.map_raw_sum	concealed	HOL-Decision_Procs.MIR
MIR.fm.typerep_fm_IITN_fm_inst.typerep_fm_IITN_fm	infra_theory	HOL-Decision_Procs.MIR
Linear_Inhomogenous_Recurrences.lir_fps_numerator	KEPT	Linear_Recurrences.Linear_Inhomogenous_Recurrences
Lazy_Sequence.lazy_sequence.min_alg_lazy_sequence	concealed	HOL.Lazy_Sequence
Lazy_Sequence.lazy_sequence.lazy_sequence_of_list	KEPT	HOL.Lazy_Sequence
Lattice_Constructions.flat_complete_lattice.Value	KEPT	HOL-Library.Lattice_Constructions
Landau_Real_Products.landau_function_family_chain	KEPT	Landau_Symbols.Landau_Real_Products
Landau_Real_Products.landau_dominating_chain_sumC	KEPT	Landau_Symbols.Landau_Real_Products
Landau_Real_Products.groupsort_primfun.sort_graph	concealed	Landau_Symbols.Landau_Real_Products
Landau_Real_Products.groupsort_primfun.group_sumC	hidden	Landau_Symbols.Landau_Real_Products
Landau_Real_Products.groupsort_primfun.group_sort	KEPT	Landau_Symbols.Landau_Real_Products
Landau_Real_Products.groupsort_primfun.group_part	KEPT	Landau_Symbols.Landau_Real_Products
Kronecker_Approximation_Theorem.nontriv_exponents	KEPT	HOL-Analysis.Kronecker_Approximation_Theorem
Initial_Value_Problem.unique_on_closed.psolutions	KEPT	Ordinary_Differential_Equations.Initial_Value_Problem
Initial_Value_Problem.unique_on_closed.iter_space	KEPT	Ordinary_Differential_Equations.Initial_Value_Problem
Initial_Value_Problem.solution_in_cylinder_axioms	KEPT	Ordinary_Differential_Equations.Initial_Value_Problem
Hoeffding.interval_bounded_random_variable_axioms	KEPT	HOL-Probability.Hoeffding
Hoeffding.indep_interval_bounded_random_variables	KEPT	HOL-Probability.Hoeffding
Geo_Real2.real2.neu.legendre_s_parallel_postulate	KEPT	MathBench_ProverBase.Geo_Real2
Geo_Real2.real2.neu.alternative_proclus_postulate	KEPT	MathBench_ProverBase.Geo_Real2
Gaussian_Integers.gauss_int.dtor_unfold_gauss_int	concealed	Gaussian_Integers.Gaussian_Integers
Gauss_Jordan_Elimination.pivot_positions_main_gen	KEPT	Jordan_Normal_Form.Gauss_Jordan_Elimination
Formal_Power_Series.fps_right_inverse_constructor	KEPT	HOL-Computational_Algebra.Formal_Power_Series
Finite_Cartesian_Product.times_vec_inst.times_vec	inst_infix	HOL-Analysis.Finite_Cartesian_Product
Finite_Cartesian_Product.ord_vec_inst.less_eq_vec	inst_infix	HOL-Analysis.Finite_Cartesian_Product
Finite_Cartesian_Product.minus_vec_inst.minus_vec	inst_infix	HOL-Analysis.Finite_Cartesian_Product
Ferrack.raw_sum.num.sum2.sum.Sum_Type.set_raw_sum	concealed	HOL-Decision_Procs.Ferrack
Ferrack.raw_sum.num.sum2.sum.Sum_Type.rel_raw_sum	concealed	HOL-Decision_Procs.Ferrack
Ferrack.raw_sum.num.sum2.sum.Sum_Type.map_raw_sum	concealed	HOL-Decision_Procs.Ferrack
Ferrack.raw_sum.fm.sum2.sum.Sum_Type.pred_raw_sum	concealed	HOL-Decision_Procs.Ferrack
Falling_Factorial_Sum_Combinatorics.interleavings	KEPT	Falling_Factorial_Sum.Falling_Factorial_Sum_Combinatorics
Euclidean_Algorithm.euclidean_ring_gcd.euclid_ext	class_variant	HOL-Computational_Algebra.Euclidean_Algorithm
Elementary_Normed_Spaces.comm_monoid_add.supp_sum	class_variant	HOL-Analysis.Elementary_Normed_Spaces
Elementary_Metric_Spaces.class.heine_borel_axioms	class_infix	HOL-Analysis.Elementary_Metric_Spaces
Dual_Ordered_Lattice.uminus_dual_inst.uminus_dual	inst_infix	HOL-Library.Dual_Ordered_Lattice
Dirichlet_Series_Analysis.nonneg_dirichlet_series	KEPT	Dirichlet_Series.Dirichlet_Series_Analysis
Dirichlet_Series.nat_power_nat_inst.nat_power_nat	inst_infix	Dirichlet_Series.Dirichlet_Series
Countable_Set_Type.typerep_cset_inst.typerep_cset	inst_infix	HOL-Library.Countable_Set_Type
Countable_Set_Type.term_of_cset_inst.term_of_cset	inst_infix	HOL-Library.Countable_Set_Type
Cooper.raw_sum.num.sum2.sum.Sum_Type.pred_raw_sum	concealed	HOL-Decision_Procs.Cooper
Cooper.partial_term_of_fm_inst.partial_term_of_fm	infra_theory	HOL-Decision_Procs.Cooper
Cooper.full_exhaustive_fm_inst.full_exhaustive_fm	infra_theory	HOL-Decision_Procs.Cooper
Continued_Fractions.pre_cfrac.cfrac.wit_pre_cfrac	concealed	Continued_Fractions.Continued_Fractions
Continued_Fractions.pre_cfrac.cfrac.set_pre_cfrac	concealed	Continued_Fractions.Continued_Fractions
Continued_Fractions.pre_cfrac.cfrac.rel_pre_cfrac	concealed	Continued_Fractions.Continued_Fractions
Continued_Fractions.pre_cfrac.cfrac.map_pre_cfrac	concealed	Continued_Fractions.Continued_Fractions
Conditional_Expectation.finite_measure_subalgebra	KEPT	HOL-Probability.Conditional_Expectation
Complex_Transcendental.ln_complex_inst.ln_complex	inst_infix	HOL-Analysis.Complex_Transcendental
Comparator.equal_comparator_inst.equal_comparator	inst_infix	HOL-Library.Comparator
Comparator.comp.comp_IITN_comp.Rep_comp_IITN_comp	concealed	HOL-Library.Comparator
Comparator.comp.comp_IITN_comp.Abs_comp_IITN_comp	concealed	HOL-Library.Comparator
Commutative_Ring.typerep_polex_inst.typerep_polex	infra_theory	HOL-Decision_Procs.Commutative_Ring
Commutative_Ring.term_of_polex_inst.term_of_polex	infra_theory	HOL-Decision_Procs.Commutative_Ring
Commutative_Ring.narrowing_pol_inst.narrowing_pol	infra_theory	HOL-Decision_Procs.Commutative_Ring
Commutative_Ring.narrowing_mon_inst.narrowing_mon	infra_theory	HOL-Decision_Procs.Commutative_Ring
Coinductive_List.typerep_llist_inst.typerep_llist	inst_infix	Coinductive.Coinductive_List
Coinductive_List.term_of_llist_inst.term_of_llist	inst_infix	Coinductive.Coinductive_List
Coinductive_List.llist.Coinductive_List.wit_llist	adt_record	Coinductive.Coinductive_List
Code_Test.pre_xml_tree.xml_tree.pred_pre_xml_tree	concealed	HOL-Library.Code_Test
Code_Numeral.typerep_natural_inst.typerep_natural	inst_infix	HOL.Code_Numeral
Code_Numeral.typerep_integer_inst.typerep_integer	inst_infix	HOL.Code_Numeral
Code_Numeral.term_of_natural_inst.term_of_natural	inst_infix	HOL.Code_Numeral
Code_Numeral.term_of_integer_inst.term_of_integer	inst_infix	HOL.Code_Numeral
Chebyshev_Polynomials.clenshaw.clenshaw_aux_graph	concealed	Chebyshev_Polynomials.Chebyshev_Polynomials
Chebyshev_Polynomials.clenshaw.clenshaw_aux'_sumC	KEPT	Chebyshev_Polynomials.Chebyshev_Polynomials
Chebyshev_Polynomials.cheb_poly.clenshaw_aux_sumC	KEPT	Chebyshev_Polynomials.Chebyshev_Polynomials
Chebyshev_Polynomials.cheb_poly.clenshaw_aux'_rel	concealed	Chebyshev_Polynomials.Chebyshev_Polynomials
Chebyshev_Polynomials.cheb_poly.clenshaw_aux'_dom	KEPT	Chebyshev_Polynomials.Chebyshev_Polynomials
Cartesian_Space.vector_space_over_itself.subspace	KEPT	HOL-Analysis.Cartesian_Space
Bit_Operations.semiring_bit_operations_class.mask	KEPT	HOL.Bit_Operations
Abstract_Topological_Spaces.locally_compact_space	KEPT	HOL-Analysis.Abstract_Topological_Spaces
Z2.semiring_bit_operations_bit_inst.take_bit_bit	inst_infix	HOL-Library.Z2
Z2.semiring_bit_operations_bit_inst.push_bit_bit	inst_infix	HOL-Library.Z2
Z2.semiring_bit_operations_bit_inst.flip_bit_bit	inst_infix	HOL-Library.Z2
Z2.semiring_bit_operations_bit_inst.drop_bit_bit	inst_infix	HOL-Library.Z2
Word.signed.sorted_list_of_set.fold_insort_key.F	KEPT	HOL-Library.Word
Word.semiring_bit_operations_word_inst.mask_word	inst_infix	HOL-Library.Word
Unique_Factorization.comm_semiring_1_class.irred	KEPT	Berlekamp_Zassenhaus.Unique_Factorization
Topological_Spaces.uniform_space.totally_bounded	class_variant	HOL.Topological_Spaces
Topological_Spaces.order_topology_class.at_right	KEPT	HOL.Topological_Spaces
Tarski_Neutral.Tarski_neutral_dimensionless.sum4	KEPT	IsaGeoCoq.Tarski_Neutral
Tarski_Neutral.Tarski_neutral_dimensionless.sum3	KEPT	IsaGeoCoq.Tarski_Neutral
Tarski_Neutral.Tarski_neutral_dimensionless.Sump	KEPT	IsaGeoCoq.Tarski_Neutral
Tarski_Neutral.Tarski_neutral_dimensionless.Sumg	KEPT	IsaGeoCoq.Tarski_Neutral
Tarski_Neutral.Tarski_neutral_dimensionless.SumV	KEPT	IsaGeoCoq.Tarski_Neutral
Tarski_Neutral.Tarski_neutral_dimensionless.SumS	KEPT	IsaGeoCoq.Tarski_Neutral
Tarski_Neutral.Tarski_neutral_dimensionless.SumA	KEPT	IsaGeoCoq.Tarski_Neutral
Tarski_Neutral.Tarski_neutral_dimensionless.SAMS	KEPT	IsaGeoCoq.Tarski_Neutral
Tarski_Neutral.Tarski_neutral_dimensionless.Proj	KEPT	IsaGeoCoq.Tarski_Neutral
Tarski_Neutral.Tarski_neutral_dimensionless.Prod	KEPT	IsaGeoCoq.Tarski_Neutral
Tarski_Neutral.Tarski_neutral_dimensionless.Perp	KEPT	IsaGeoCoq.Tarski_Neutral
Tarski_Neutral.Tarski_neutral_dimensionless.Orth	KEPT	IsaGeoCoq.Tarski_Neutral
Tarski_Neutral.Tarski_neutral_dimensionless.OFSC	KEPT	IsaGeoCoq.Tarski_Neutral
Tarski_Neutral.Tarski_neutral_dimensionless.LtPs	KEPT	IsaGeoCoq.Tarski_Neutral
Tarski_Neutral.Tarski_neutral_dimensionless.Lcos	KEPT	IsaGeoCoq.Tarski_Neutral
Tarski_Neutral.Tarski_neutral_dimensionless.Kite	KEPT	IsaGeoCoq.Tarski_Neutral
Tarski_Neutral.Tarski_neutral_dimensionless.IFSC	KEPT	IsaGeoCoq.Tarski_Neutral
Tarski_Neutral.Tarski_neutral_dimensionless.Diff	KEPT	IsaGeoCoq.Tarski_Neutral
Tarski_Neutral.Tarski_neutral_dimensionless.BetS	KEPT	IsaGeoCoq.Tarski_Neutral
Tarski_Neutral.Tarski_neutral_dimensionless.Bet4	KEPT	IsaGeoCoq.Tarski_Neutral
Symmetric_Polynomials.check_symmetric_mpoly_sumC	KEPT	Symmetric_Polynomials.Symmetric_Polynomials
Square_Matrix.zero_sq_matrix_inst.zero_sq_matrix	inst_infix	Cayley_Hamilton.Square_Matrix
Square_Matrix.plus_sq_matrix_inst.plus_sq_matrix	inst_infix	Cayley_Hamilton.Square_Matrix
Set.partial_term_of_set_inst.partial_term_of_set	inst_infix	HOL.List
Rings.normalization_semidom_multiplicative_class	class_pred	HOL.Rings
Rings.class.normalization_semidom_multiplicative	class_infix	HOL.Rings
Ring.ring.typerep_ring_ext_inst.typerep_ring_ext	inst_infix	HOL-Algebra.Ring
Ring.ring.term_of_ring_ext_inst.term_of_ring_ext	inst_infix	HOL-Algebra.Ring
Reflected_Multivariate_Polynomial.polynate_graph	concealed	HOL-Decision_Procs.Reflected_Multivariate_Polynomial
Reflected_Multivariate_Polynomial.polydivide_aux	infra_theory	HOL-Decision_Procs.Reflected_Multivariate_Polynomial
Reflected_Multivariate_Polynomial.poly_deriv_rel	concealed	HOL-Decision_Procs.Reflected_Multivariate_Polynomial
Reflected_Multivariate_Polynomial.poly_deriv_dom	infra_theory	HOL-Decision_Procs.Reflected_Multivariate_Polynomial
Reflected_Multivariate_Polynomial.poly_deriv_aux	infra_theory	HOL-Decision_Procs.Reflected_Multivariate_Polynomial
Reflected_Multivariate_Polynomial.poly_cmul_sumC	infra_theory	HOL-Decision_Procs.Reflected_Multivariate_Polynomial
Reflected_Multivariate_Polynomial.poly.size_poly	infra_theory	HOL-Decision_Procs.Reflected_Multivariate_Polynomial
Reflected_Multivariate_Polynomial.poly.dtor_poly	concealed	HOL-Decision_Procs.Reflected_Multivariate_Polynomial
Reflected_Multivariate_Polynomial.poly.ctor_poly	concealed	HOL-Decision_Procs.Reflected_Multivariate_Polynomial
Reflected_Multivariate_Polynomial.poly.case_poly	KEPT	HOL-Decision_Procs.Reflected_Multivariate_Polynomial
Reflected_Multivariate_Polynomial.isnpolyh_graph	concealed	HOL-Decision_Procs.Reflected_Multivariate_Polynomial
Reflected_Multivariate_Polynomial.isconstant_rel	concealed	HOL-Decision_Procs.Reflected_Multivariate_Polynomial
Reflected_Multivariate_Polynomial.isconstant_dom	infra_theory	HOL-Decision_Procs.Reflected_Multivariate_Polynomial
Reflected_Multivariate_Polynomial.headconst_sumC	infra_theory	HOL-Decision_Procs.Reflected_Multivariate_Polynomial
Reflected_Multivariate_Polynomial.decrpoly_graph	concealed	HOL-Decision_Procs.Reflected_Multivariate_Polynomial
Real_Vector_Spaces.real_normed_div_algebra_class	class_pred	HOL.Real_Vector_Spaces
Real_Vector_Spaces.class.real_normed_div_algebra	class_infix	HOL.Real_Vector_Spaces
Reachability_Analysis.pre_sctn.sctn.wit_pre_sctn	concealed	Ordinary_Differential_Equations.Reachability_Analysis
Reachability_Analysis.pre_sctn.sctn.rel_pre_sctn	concealed	Ordinary_Differential_Equations.Reachability_Analysis
Reachability_Analysis.pre_sctn.sctn.map_pre_sctn	concealed	Ordinary_Differential_Equations.Reachability_Analysis
Reachability_Analysis.equal_sctn_inst.equal_sctn	inst_infix	Ordinary_Differential_Equations.Reachability_Analysis
Rat.partial_term_of_rat_inst.partial_term_of_rat	inst_infix	HOL.Rat
Rat.full_exhaustive_rat_inst.full_exhaustive_rat	inst_infix	HOL.Rat
Random_Permutations.fold_random_permutation_sumC	KEPT	HOL-Probability.Random_Permutations
Random_Permutations.fold_bind_random_permutation	KEPT	HOL-Probability.Random_Permutations
Quickcheck_Narrowing.property.ctor_fold_property	concealed	HOL.Quickcheck_Narrowing
Quickcheck_Narrowing.pre_ffun.ffun.pred_pre_ffun	concealed	HOL.Quickcheck_Narrowing
Quickcheck_Narrowing.pre_cfun.cfun.pred_pre_cfun	concealed	HOL.Quickcheck_Narrowing
Quickcheck_Exhaustive.three_valued.Unknown_value	KEPT	HOL.Quickcheck_Exhaustive
Quickcheck_Exhaustive.full_exhaustive_int'_graph	concealed	HOL.Quickcheck_Exhaustive
Quickcheck_Exhaustive.full_exhaustive_fun'_graph	concealed	HOL.Quickcheck_Exhaustive
Probability_Mass_Function.pmf_as_function.cr_pmf	KEPT	HOL-Probability.Probability_Mass_Function
Primes.enum_finite_field_class.enum_finite_field	KEPT	HOL-Computational_Algebra.Primes
Primes.check_prime_by_range_class.check_divisors	KEPT	HOL-Computational_Algebra.Primes
Prime_Factorization.prime_factorization_nat_main	KEPT	Polynomial_Factorization.Prime_Factorization
Predicate.pred.pred_IITN_pred.Rep_pred_IITN_pred	concealed	HOL.Predicate
Predicate.pred.pred_IITN_pred.Abs_pred_IITN_pred	concealed	HOL.Predicate
Pratt_Certificate.random_pratt_inst.random_pratt	inst_infix	Pratt_Certificate.Pratt_Certificate
Pratt_Certificate.pre_pratt.pratt.pred_pre_pratt	concealed	Pratt_Certificate.Pratt_Certificate
Pratt_Certificate.pratt_tree.str_init_pratt_tree	concealed	Pratt_Certificate.Pratt_Certificate
Pratt_Certificate.pratt_tree.ctor_rec_pratt_tree	concealed	Pratt_Certificate.Pratt_Certificate
Pratt_Certificate.check_prime_factors_subset_rel	concealed	Pratt_Certificate.Pratt_Certificate
Pratt_Certificate.check_prime_factors_subset_dom	KEPT	Pratt_Certificate.Pratt_Certificate
Poincare_Map.c1_on_open_euclidean.Dpoincare_map'	KEPT	Ordinary_Differential_Equations.Poincare_Map
Phantom_Type.pre_phantom.phantom.wit_pre_phantom	concealed	HOL-Library.Phantom_Type
Phantom_Type.pre_phantom.phantom.rel_pre_phantom	concealed	HOL-Library.Phantom_Type
Phantom_Type.pre_phantom.phantom.map_pre_phantom	concealed	HOL-Library.Phantom_Type
Partial_Fraction_Decomposition.divmod_field_poly	KEPT	Linear_Recurrences.Partial_Fraction_Decomposition
Parametric_Ferrante_Rackoff.size_tm_inst.size_tm	infra_theory	HOL-Decision_Procs.Parametric_Ferrante_Rackoff
Parametric_Ferrante_Rackoff.size_fm_inst.size_fm	infra_theory	HOL-Decision_Procs.Parametric_Ferrante_Rackoff
Parametric_Ferrante_Rackoff.pre_tm.tm.wit_pre_tm	concealed	HOL-Decision_Procs.Parametric_Ferrante_Rackoff
Parametric_Ferrante_Rackoff.pre_tm.tm.set_pre_tm	concealed	HOL-Decision_Procs.Parametric_Ferrante_Rackoff
Parametric_Ferrante_Rackoff.pre_tm.tm.rel_pre_tm	concealed	HOL-Decision_Procs.Parametric_Ferrante_Rackoff
Parametric_Ferrante_Rackoff.pre_tm.tm.map_pre_tm	concealed	HOL-Decision_Procs.Parametric_Ferrante_Rackoff
Parametric_Ferrante_Rackoff.pre_fm.fm.wit_pre_fm	concealed	HOL-Decision_Procs.Parametric_Ferrante_Rackoff
Parametric_Ferrante_Rackoff.pre_fm.fm.set_pre_fm	concealed	HOL-Decision_Procs.Parametric_Ferrante_Rackoff
Parametric_Ferrante_Rackoff.pre_fm.fm.rel_pre_fm	concealed	HOL-Decision_Procs.Parametric_Ferrante_Rackoff
Parametric_Ferrante_Rackoff.pre_fm.fm.map_pre_fm	concealed	HOL-Decision_Procs.Parametric_Ferrante_Rackoff
Num.partial_term_of_num_inst.partial_term_of_num	inst_infix	HOL.Num
Num.full_exhaustive_num_inst.full_exhaustive_num	inst_infix	HOL.Num
Nonnegative_Lebesgue_Integration.uniform_measure	KEPT	HOL-Analysis.Nonnegative_Lebesgue_Integration
Nonnegative_Lebesgue_Integration.simple_integral	KEPT	HOL-Analysis.Nonnegative_Lebesgue_Integration
Nonnegative_Lebesgue_Integration.simple_function	KEPT	HOL-Analysis.Nonnegative_Lebesgue_Integration
Nat.partial_term_of_nat_inst.partial_term_of_nat	inst_infix	HOL.Nat
Multiseries_Expansion.typerep_ms_inst.typerep_ms	inst_infix	HOL-Real_Asymp.Multiseries_Expansion
Multiseries_Expansion.term_of_ms_inst.term_of_ms	inst_infix	HOL-Real_Asymp.Multiseries_Expansion
Multiseries_Expansion.msllist.dtor_corec_msllist	concealed	HOL-Real_Asymp.Multiseries_Expansion
Multiseries_Expansion.ms.ms_pre_ms.Rep_ms_pre_ms	concealed	HOL-Real_Asymp.Multiseries_Expansion
Multiseries_Expansion.ms.ms_pre_ms.Abs_ms_pre_ms	concealed	HOL-Real_Asymp.Multiseries_Expansion
Multiseries_Expansion.inverse_ms_inst.inverse_ms	inst_infix	HOL-Real_Asymp.Multiseries_Expansion
Multiplicative_Function.multiplicative_function'	KEPT	Dirichlet_Series.Multiplicative_Function
MIR.partial_term_of_num_inst.partial_term_of_num	infra_theory	HOL-Decision_Procs.MIR
MIR.full_exhaustive_num_inst.full_exhaustive_num	infra_theory	HOL-Decision_Procs.MIR
Lazy_Sequence.small_lazy_int_inst.small_lazy_int	inst_infix	HOL.Lazy_Sequence
Lazy_Eval.equal_cmp_result_inst.equal_cmp_result	inst_infix	HOL-Real_Asymp.Lazy_Eval
Lattice_Constructions.random_top_inst.random_top	inst_infix	HOL-Library.Lattice_Constructions
Lattice_Constructions.random_bot_inst.random_bot	inst_infix	HOL-Library.Lattice_Constructions
Lattice_Algebras.lattice_ab_group_add_class.pprt	KEPT	HOL-Library.Lattice_Algebras
Lattice_Algebras.lattice_ab_group_add_class.nprt	KEPT	HOL-Library.Lattice_Algebras
Landau_Real_Products.landau_function_family_pair	KEPT	Landau_Symbols.Landau_Real_Products
Landau_Real_Products.landau_dominating_chain_rel	concealed	Landau_Symbols.Landau_Real_Products
Landau_Real_Products.landau_dominating_chain_dom	KEPT	Landau_Symbols.Landau_Real_Products
Landau_Real_Products.groupsort_primfun.sort_sumC	hidden	Landau_Symbols.Landau_Real_Products
Landau_Real_Products.groupsort_primfun.group_rel	concealed	Landau_Symbols.Landau_Real_Products
Landau_Real_Products.groupsort_primfun.group_dom	hidden	Landau_Symbols.Landau_Real_Products
Is_Rat_To_Rat.is_rat_complex_inst.to_rat_complex	inst_infix	Polynomial_Interpolation.Is_Rat_To_Rat
Is_Rat_To_Rat.is_rat_complex_inst.is_rat_complex	inst_infix	Polynomial_Interpolation.Is_Rat_To_Rat
Int.partial_term_of_int_inst.partial_term_of_int	inst_infix	HOL.Int
Initial_Value_Problem.unique_on_closed.psolution	KEPT	Ordinary_Differential_Equations.Initial_Value_Problem
Infinite_Sum.topological_space.convergent_filter	class_variant	HOL-Analysis.Infinite_Sum
Infinite_Sum.class.complete_uniform_space_axioms	class_infix	HOL-Analysis.Infinite_Sum
Groups_Big_Fun.comm_monoid_mult_class.Prod_any.G	KEPT	HOL-Library.Groups_Big_Fun
Group_On_With.local_typedef_ab_group_add_on_with	KEPT	HOL-Types_To_Sets.Group_On_With
Geo_Real2.real2.neu.inverse_projection_postulate	KEPT	MathBench_ProverBase.Geo_Real2
Geo_Real2.real2.neu.existential_thales_postulate	KEPT	MathBench_ProverBase.Geo_Real2
Geo_Real2.real2.neu.decidability_of_intersection	KEPT	MathBench_ProverBase.Geo_Real2
Gaussian_Integers.prime_factors_gauss_int_of_nat	KEPT	Gaussian_Integers.Gaussian_Integers
Gaussian_Integers.gauss_int.dtor_corec_gauss_int	concealed	Gaussian_Integers.Gaussian_Integers
Gauss_Jordan_Elimination.gauss_jordan_main_graph	concealed	Jordan_Normal_Form.Gauss_Jordan_Elimination
Gamma_Function.Gamma_complex_inst.rGamma_complex	inst_infix	HOL-Analysis.Gamma_Function
Formal_Power_Series.typerep_fps_inst.typerep_fps	inst_infix	HOL-Computational_Algebra.Formal_Power_Series
Formal_Power_Series.term_of_fps_inst.term_of_fps	inst_infix	Linear_Recurrences.RatFPS
Formal_Power_Series.inverse_fps_inst.inverse_fps	inst_infix	HOL-Computational_Algebra.Formal_Power_Series
Formal_Power_Series.fps_left_inverse_constructor	KEPT	HOL-Computational_Algebra.Formal_Power_Series
Formal_Laurent_Series.uminus_fls_inst.uminus_fls	inst_infix	HOL-Computational_Algebra.Formal_Laurent_Series
Formal_Laurent_Series.divide_fls_inst.divide_fls	inst_infix	HOL-Computational_Algebra.Formal_Laurent_Series
Field_as_Ring.modulo_complex_inst.modulo_complex	inst_infix	HOL-Computational_Algebra.Field_as_Ring
Ferrack.raw_sum.fm.sum2.sum.Sum_Type.rel_raw_sum	concealed	HOL-Decision_Procs.Ferrack
Ferrack.raw_sum.fm.sum2.sum.Sum_Type.map_raw_sum	concealed	HOL-Decision_Procs.Ferrack
Factorial_Ring.normalization_semidom_class.prime	KEPT	HOL-Computational_Algebra.Factorial_Ring
Factorial_Ring.comm_semiring_1_class.irreducible	KEPT	HOL-Computational_Algebra.Factorial_Ring
Extended_Real.infinity_ereal_inst.infinity_ereal	inst_infix	HOL-Library.Extended_Real
Extended.pre_extended.extended.set2_pre_extended	concealed	HOL-Library.Extended
Extended.pre_extended.extended.set1_pre_extended	concealed	HOL-Library.Extended
Extended.pre_extended.extended.pred_pre_extended	concealed	HOL-Library.Extended
Euclidean_Algorithm.euclidean_semiring_gcd_class	class_pred	HOL-Computational_Algebra.Euclidean_Algorithm
Euclidean_Algorithm.class.euclidean_semiring_gcd	class_infix	HOL-Computational_Algebra.Euclidean_Algorithm
Dual_Order.dual_wellorder.sorted_key_list_of_set	KEPT	Rank_Nullity_Theorem.Dual_Order
Dirichlet_Series_Analysis.dirichlet_series_class	class_pred	Dirichlet_Series.Dirichlet_Series_Analysis
Dirichlet_Series_Analysis.class.dirichlet_series	class_infix	Dirichlet_Series.Dirichlet_Series_Analysis
Dirichlet_Product.multiplicative_dirichlet_prod'	KEPT	Dirichlet_Series.Dirichlet_Product
Cooper.raw_sum.num.sum2.sum.Sum_Type.set_raw_sum	concealed	HOL-Decision_Procs.Cooper
Cooper.raw_sum.num.sum2.sum.Sum_Type.rel_raw_sum	concealed	HOL-Decision_Procs.Cooper
Cooper.raw_sum.num.sum2.sum.Sum_Type.map_raw_sum	concealed	HOL-Decision_Procs.Cooper
Continued_Fractions.equal_cfrac_inst.equal_cfrac	inst_infix	Continued_Fractions.Continued_Fractions
Conjugate.class.conjugatable_ordered_ring_axioms	class_infix	Jordan_Normal_Form.Conjugate
Complex_Lexorder.complex_lex.greaterThanLessThan	KEPT	Hermite_Lindemann.Complex_Lexorder
Complex.narrowing_complex_inst.narrowing_complex	inst_infix	HOL.Complex
Complete_Lattices.complete_distrib_lattice_class	class_pred	HOL.Complete_Lattices
Complete_Lattices.complete_boolean_algebra_class	class_pred	HOL.Complete_Lattices
Complete_Lattices.class.complete_distrib_lattice	class_infix	HOL.Complete_Lattices
Complete_Lattices.class.complete_boolean_algebra	class_infix	HOL.Complete_Lattices
Commutative_Ring.pol.pol_pre_pol.Rep_pol_pre_pol	concealed	HOL-Decision_Procs.Commutative_Ring
Commutative_Ring.pol.pol_pre_pol.Abs_pol_pre_pol	concealed	HOL-Decision_Procs.Commutative_Ring
Commutative_Ring.mon.mon_pre_mon.Rep_mon_pre_mon	concealed	HOL-Decision_Procs.Commutative_Ring
Commutative_Ring.mon.mon_pre_mon.Abs_mon_pre_mon	concealed	HOL-Decision_Procs.Commutative_Ring
Commutative_Ring.cring_class.Imon_pol_list_graph	concealed	HOL-Decision_Procs.Commutative_Ring
Code_Test.typerep_xml_tree_inst.typerep_xml_tree	inst_infix	HOL-Library.Code_Test
Code_Test.term_of_xml_tree_inst.term_of_xml_tree	inst_infix	HOL-Library.Code_Test
Code_Test.pre_xml_tree.xml_tree.wit_pre_xml_tree	concealed	HOL-Library.Code_Test
Code_Test.pre_xml_tree.xml_tree.set_pre_xml_tree	concealed	HOL-Library.Code_Test
Code_Test.pre_xml_tree.xml_tree.rel_pre_xml_tree	concealed	HOL-Library.Code_Test
Code_Test.pre_xml_tree.xml_tree.map_pre_xml_tree	concealed	HOL-Library.Code_Test
Chebyshev_Polynomials.clenshaw.clenshaw_aux_sumC	KEPT	Chebyshev_Polynomials.Chebyshev_Polynomials
Chebyshev_Polynomials.clenshaw.clenshaw_aux'_rel	concealed	Chebyshev_Polynomials.Chebyshev_Polynomials
Chebyshev_Polynomials.clenshaw.clenshaw_aux'_dom	KEPT	Chebyshev_Polynomials.Chebyshev_Polynomials
Chebyshev_Polynomials.cheb_poly.clenshaw_aux_rel	concealed	Chebyshev_Polynomials.Chebyshev_Polynomials
Chebyshev_Polynomials.cheb_poly.clenshaw_aux_dom	KEPT	Chebyshev_Polynomials.Chebyshev_Polynomials
Characteristic_Functions.std_normal_distribution	KEPT	HOL-Probability.Characteristic_Functions
Cardinality.finite_UNIV_sum_inst.finite_UNIV_sum	inst_infix	HOL-Library.Cardinality
Cardinality.finite_UNIV_set_inst.finite_UNIV_set	inst_infix	HOL-Library.Cardinality
Cardinality.finite_UNIV_nat_inst.finite_UNIV_nat	inst_infix	HOL-Library.Cardinality
Cardinality.finite_UNIV_int_inst.finite_UNIV_int	inst_infix	HOL-Library.Cardinality
Cardinality.finite_UNIV_fun_inst.finite_UNIV_fun	KEPT	HOL-Library.Cardinality
Bounded_Linear_Function.strong_operator_topology	KEPT	HOL-Analysis.Bounded_Linear_Function
Boolean_Algebras.abstract_boolean_algebra_axioms	KEPT	HOL.Boolean_Algebras
Bit_Operations.semiring_bit_operations_class.xor	KEPT	HOL.Bit_Operations
Bit_Operations.semiring_bit_operations_class.and	KEPT	HOL.Bit_Operations
Archimedean_Field.class.archimedean_field_axioms	class_infix	HOL.Archimedean_Field
Algebraic_Numbers_Prelim.poly_uminus_inner_graph	concealed	Algebraic_Numbers.Algebraic_Numbers_Prelim
Z2.semiring_bit_operations_bit_inst.set_bit_bit	inst_infix	HOL-Library.Z2
Z2.partial_term_of_bit_inst.partial_term_of_bit	inst_infix	HOL-Library.Z2
Word.semiring_bit_operations_word_inst.xor_word	inst_infix	HOL-Library.Word
Word.semiring_bit_operations_word_inst.and_word	inst_infix	HOL-Library.Word
Weierstrass_Factorization.weierstrass_product.f	KEPT	HOL-Complex_Analysis.Weierstrass_Factorization
Unique_Factorization.unit_preserving_hom_axioms	KEPT	Berlekamp_Zassenhaus.Unique_Factorization
Transitive_Closure_Table.rtrancl_tab_FooB_i_o_i	KEPT	HOL-Library.Transitive_Closure_Table
Transitive_Closure_Table.rtrancl_tab_FooB_i_i_o	KEPT	HOL-Library.Transitive_Closure_Table
Transitive_Closure_Table.rtrancl_tab_FooB_i_i_i	KEPT	HOL-Library.Transitive_Closure_Table
Transitive_Closure_Table.rtrancl_tab_FioB_i_i_o	KEPT	HOL-Library.Transitive_Closure_Table
Transitive_Closure_Table.rtrancl_tab_FioB_i_i_i	KEPT	HOL-Library.Transitive_Closure_Table
Topological_Spaces.uniform_space_class.complete	KEPT	HOL.Topological_Spaces
Topological_Spaces.topological_space_class.nhds	KEPT	HOL.Topological_Spaces
Topological_Spaces.topological_space.convergent	class_variant	HOL.Topological_Spaces
Topological_Spaces.order_topology_class.at_left	KEPT	HOL.Topological_Spaces
Tarski_Neutral.Tarski_neutral_dimensionless.TSP	KEPT	IsaGeoCoq.Tarski_Neutral
Tarski_Neutral.Tarski_neutral_dimensionless.Sum	KEPT	IsaGeoCoq.Tarski_Neutral
Tarski_Neutral.Tarski_neutral_dimensionless.Plg	KEPT	IsaGeoCoq.Tarski_Neutral
Tarski_Neutral.Tarski_neutral_dimensionless.Per	KEPT	IsaGeoCoq.Tarski_Neutral
Tarski_Neutral.Tarski_neutral_dimensionless.Par	KEPT	IsaGeoCoq.Tarski_Neutral
Tarski_Neutral.Tarski_neutral_dimensionless.Out	KEPT	IsaGeoCoq.Tarski_Neutral
Tarski_Neutral.Tarski_neutral_dimensionless.Opp	KEPT	IsaGeoCoq.Tarski_Neutral
Tarski_Neutral.Tarski_neutral_dimensionless.OSP	KEPT	IsaGeoCoq.Tarski_Neutral
Tarski_Neutral.Tarski_neutral_dimensionless.LtP	KEPT	IsaGeoCoq.Tarski_Neutral
Tarski_Neutral.Tarski_neutral_dimensionless.LtA	KEPT	IsaGeoCoq.Tarski_Neutral
Tarski_Neutral.Tarski_neutral_dimensionless.LeP	KEPT	IsaGeoCoq.Tarski_Neutral
Tarski_Neutral.Tarski_neutral_dimensionless.LeA	KEPT	IsaGeoCoq.Tarski_Neutral
Tarski_Neutral.Tarski_neutral_dimensionless.GtA	KEPT	IsaGeoCoq.Tarski_Neutral
Tarski_Neutral.Tarski_neutral_dimensionless.FSC	KEPT	IsaGeoCoq.Tarski_Neutral
Tarski_Neutral.Tarski_neutral_dimensionless.EqV	KEPT	IsaGeoCoq.Tarski_Neutral
Tarski_Neutral.Tarski_neutral_dimensionless.EqA	KEPT	IsaGeoCoq.Tarski_Neutral
Tarski_Neutral.Tarski_neutral_dimensionless.Col	KEPT	IsaGeoCoq.Tarski_Neutral
Tarski_Neutral.Tarski_neutral_dimensionless.Ar2	KEPT	IsaGeoCoq.Tarski_Neutral
Tarski_Neutral.Tarski_neutral_dimensionless.Ar1	KEPT	IsaGeoCoq.Tarski_Neutral
Tarski_Neutral.Tarski_neutral_dimensionless.Ang	KEPT	IsaGeoCoq.Tarski_Neutral
Symmetric_Polynomials.check_symmetric_mpoly_rel	concealed	Symmetric_Polynomials.Symmetric_Polynomials
Symmetric_Polynomials.check_symmetric_mpoly_dom	KEPT	Symmetric_Polynomials.Symmetric_Polynomials
Square_Free_Factorization.monic_factorization.D	KEPT	Polynomial_Factorization.Square_Free_Factorization
Square_Free_Factorization.monic_factorization.C	KEPT	Polynomial_Factorization.Square_Free_Factorization
Square_Free_Factorization.monic_factorization.B	KEPT	Polynomial_Factorization.Square_Free_Factorization
Square_Free_Factorization.monic_factorization.A	KEPT	Polynomial_Factorization.Square_Free_Factorization
Rings.class.ordered_comm_semiring_strict_axioms	class_infix	HOL.Rings
Reflective_Field.random_pexpr_inst.random_pexpr	infra_theory	HOL-Decision_Procs.Reflective_Field
Reflective_Field.random_fexpr_inst.random_fexpr	infra_theory	HOL-Decision_Procs.Reflective_Field
Reflective_Field.pre_pexpr.pexpr.wit2_pre_pexpr	concealed	HOL-Decision_Procs.Reflective_Field
Reflective_Field.pre_pexpr.pexpr.wit1_pre_pexpr	concealed	HOL-Decision_Procs.Reflective_Field
Reflective_Field.pre_pexpr.pexpr.set3_pre_pexpr	concealed	HOL-Decision_Procs.Reflective_Field
Reflective_Field.pre_pexpr.pexpr.set2_pre_pexpr	concealed	HOL-Decision_Procs.Reflective_Field
Reflective_Field.pre_pexpr.pexpr.set1_pre_pexpr	concealed	HOL-Decision_Procs.Reflective_Field
Reflective_Field.pre_pexpr.pexpr.pred_pre_pexpr	concealed	HOL-Decision_Procs.Reflective_Field
Reflective_Field.pre_fexpr.fexpr.pred_pre_fexpr	concealed	HOL-Decision_Procs.Reflective_Field
Reflective_Field.equal_pexpr2_inst.equal_pexpr2	infra_theory	HOL-Decision_Procs.Reflective_Field
Reflective_Field.equal_pexpr1_inst.equal_pexpr1	infra_theory	HOL-Decision_Procs.Reflective_Field
Reflected_Multivariate_Polynomial.polypow_graph	concealed	HOL-Decision_Procs.Reflected_Multivariate_Polynomial
Reflected_Multivariate_Polynomial.polyneg_graph	concealed	HOL-Decision_Procs.Reflected_Multivariate_Polynomial
Reflected_Multivariate_Polynomial.polynate_sumC	infra_theory	HOL-Decision_Procs.Reflected_Multivariate_Polynomial
Reflected_Multivariate_Polynomial.polymul_graph	concealed	HOL-Decision_Procs.Reflected_Multivariate_Polynomial
Reflected_Multivariate_Polynomial.polyadd_graph	concealed	HOL-Decision_Procs.Reflected_Multivariate_Polynomial
Reflected_Multivariate_Polynomial.poly_cmul_rel	concealed	HOL-Decision_Procs.Reflected_Multivariate_Polynomial
Reflected_Multivariate_Polynomial.poly_cmul_dom	infra_theory	HOL-Decision_Procs.Reflected_Multivariate_Polynomial
Reflected_Multivariate_Polynomial.poly.rec_poly	KEPT	HOL-Decision_Procs.Reflected_Multivariate_Polynomial
Reflected_Multivariate_Polynomial.poly.mor_poly	concealed	HOL-Decision_Procs.Reflected_Multivariate_Polynomial
Reflected_Multivariate_Polynomial.poly.alg_poly	concealed	HOL-Decision_Procs.Reflected_Multivariate_Polynomial
Reflected_Multivariate_Polynomial.poly.Rep_poly	concealed	HOL-Decision_Procs.Reflected_Multivariate_Polynomial
Reflected_Multivariate_Polynomial.poly.Abs_poly	concealed	HOL-Decision_Procs.Reflected_Multivariate_Polynomial
Reflected_Multivariate_Polynomial.isnpolyh_sumC	infra_theory	HOL-Decision_Procs.Reflected_Multivariate_Polynomial
Reflected_Multivariate_Polynomial.isnonconstant	infra_theory	HOL-Decision_Procs.Reflected_Multivariate_Polynomial
Reflected_Multivariate_Polynomial.headconst_rel	concealed	HOL-Decision_Procs.Reflected_Multivariate_Polynomial
Reflected_Multivariate_Polynomial.headconst_dom	infra_theory	HOL-Decision_Procs.Reflected_Multivariate_Polynomial
Reflected_Multivariate_Polynomial.degreen_graph	concealed	HOL-Decision_Procs.Reflected_Multivariate_Polynomial
Reflected_Multivariate_Polynomial.decrpoly_sumC	infra_theory	HOL-Decision_Procs.Reflected_Multivariate_Polynomial
Record.tuple_isomorphism.size_tuple_isomorphism	adt_record	HOL.Record
Record.tuple_isomorphism.dtor_tuple_isomorphism	concealed	HOL.Record
Record.tuple_isomorphism.ctor_tuple_isomorphism	concealed	HOL.Record
Record.tuple_isomorphism.case_tuple_isomorphism	KEPT	HOL.Record
Real_Vector_Spaces.scaleR_real_inst.scaleR_real	inst_infix	HOL.Real_Vector_Spaces
Rational_FPS_Asymptotics.ratfps_has_asymptotics	KEPT	Linear_Recurrences.Rational_FPS_Asymptotics
RatFPS.exhaustive_ratfps_inst.exhaustive_ratfps	inst_infix	Linear_Recurrences.RatFPS
Random_Permutations.fold_random_permutation_rel	concealed	HOL-Probability.Random_Permutations
Random_Permutations.fold_random_permutation_dom	KEPT	HOL-Probability.Random_Permutations
Quickcheck_Narrowing.property.str_init_property	concealed	HOL.Quickcheck_Narrowing
Quickcheck_Narrowing.property.ctor_rec_property	concealed	HOL.Quickcheck_Narrowing
Quickcheck_Narrowing.pre_ffun.ffun.wit_pre_ffun	concealed	HOL.Quickcheck_Narrowing
Quickcheck_Narrowing.pre_ffun.ffun.set_pre_ffun	concealed	HOL.Quickcheck_Narrowing
Quickcheck_Narrowing.pre_ffun.ffun.rel_pre_ffun	concealed	HOL.Quickcheck_Narrowing
Quickcheck_Narrowing.pre_ffun.ffun.map_pre_ffun	concealed	HOL.Quickcheck_Narrowing
Quickcheck_Narrowing.pre_cfun.cfun.wit_pre_cfun	concealed	HOL.Quickcheck_Narrowing
Quickcheck_Narrowing.pre_cfun.cfun.set_pre_cfun	concealed	HOL.Quickcheck_Narrowing
Quickcheck_Narrowing.pre_cfun.cfun.rel_pre_cfun	concealed	HOL.Quickcheck_Narrowing
Quickcheck_Narrowing.pre_cfun.cfun.map_pre_cfun	concealed	HOL.Quickcheck_Narrowing
Quickcheck_Narrowing.equal_ffun_inst.equal_ffun	inst_infix	HOL.Quickcheck_Narrowing
Quickcheck_Narrowing.equal_cfun_inst.equal_cfun	inst_infix	HOL.Quickcheck_Narrowing
Quickcheck_Exhaustive.unknown.ctor_fold_unknown	concealed	HOL.Quickcheck_Exhaustive
Quickcheck_Exhaustive.full_exhaustive_set_graph	concealed	HOL.Quickcheck_Exhaustive
Quickcheck_Exhaustive.full_exhaustive_int'_sumC	KEPT	HOL.Quickcheck_Exhaustive
Quickcheck_Exhaustive.full_exhaustive_fun'_sumC	KEPT	HOL.Quickcheck_Exhaustive
Quickcheck_Exhaustive.exhaustive_natural'_graph	concealed	HOL.Quickcheck_Exhaustive
Quickcheck_Exhaustive.exhaustive_integer'_graph	concealed	HOL.Quickcheck_Exhaustive
Quickcheck_Exhaustive.check_all_class.check_all	KEPT	HOL.Quickcheck_Exhaustive
Product_Type.narrowing_unit_inst.narrowing_unit	inst_infix	HOL.Product_Type
Product_Type.narrowing_prod_inst.narrowing_prod	inst_infix	HOL.Product_Type
Probability_Mass_Function.pmf_as_measure.cr_pmf	KEPT	HOL-Probability.Probability_Mass_Function
Pratt_Certificate.pre_pratt.pratt.wit_pre_pratt	concealed	Pratt_Certificate.Pratt_Certificate
Pratt_Certificate.pre_pratt.pratt.set_pre_pratt	concealed	Pratt_Certificate.Pratt_Certificate
Pratt_Certificate.pre_pratt.pratt.rel_pre_pratt	concealed	Pratt_Certificate.Pratt_Certificate
Pratt_Certificate.pre_pratt.pratt.map_pre_pratt	concealed	Pratt_Certificate.Pratt_Certificate
Pratt_Certificate.pratt_tree.min_alg_pratt_tree	concealed	Pratt_Certificate.Pratt_Certificate
Polynomial.exhaustive_poly_inst.exhaustive_poly	inst_infix	HOL-Computational_Algebra.Polynomial
Poincare_Map.c1_on_open_euclidean.Dpoincare_map	KEPT	Ordinary_Differential_Equations.Poincare_Map
Phantom_Type.random_phantom_inst.random_phantom	inst_infix	HOL-Library.Phantom_Type
Partial_Fraction_Decomposition.pfd_homomorphism	KEPT	Linear_Recurrences.Partial_Fraction_Decomposition
Partial_Fraction_Decomposition.normalise_decomp	KEPT	Linear_Recurrences.Partial_Fraction_Decomposition
Partial_Fraction_Decomposition.decompose'_graph	concealed	Linear_Recurrences.Partial_Fraction_Decomposition
Numeral_Type.card_UNIV_num1_inst.card_UNIV_num1	inst_infix	HOL-Library.Numeral_Type
Numeral_Type.card_UNIV_num0_inst.card_UNIV_num0	inst_infix	HOL-Library.Numeral_Type
Numeral_Type.card_UNIV_bit1_inst.card_UNIV_bit1	inst_infix	HOL-Library.Numeral_Type
Numeral_Type.card_UNIV_bit0_inst.card_UNIV_bit0	inst_infix	HOL-Library.Numeral_Type
Nitpick.pre_pair_box.pair_box.pred_pre_pair_box	concealed	HOL.Nitpick
Multiset_Permutations.permutations_of_list_impl	KEPT	HOL-Combinatorics.Multiset_Permutations
Multiset.typerep_multiset_inst.typerep_multiset	inst_infix	HOL-Library.Multiset
Multiset.term_of_multiset_inst.term_of_multiset	inst_infix	HOL-Library.Multiset
Multiset.linorder_class.sorted_list_of_multiset	KEPT	HOL-Library.Multiset
Multiseries_Expansion.multiseries_class.trimmed	KEPT	HOL-Real_Asymp.Multiseries_Expansion
Multiseries_Expansion.msstream.recover_msstream	concealed	HOL-Real_Asymp.Multiseries_Expansion
Multiplicative_Function.multiplicative_function	KEPT	Dirichlet_Series.Multiplicative_Function
Mod_Exp.euclidean_semiring_cancel_class.mod_exp	KEPT	HOL-Number_Theory.Mod_Exp
Missing_Polynomial.mult_zero_class.zero_divisor	KEPT	Polynomial_Interpolation.Missing_Polynomial
MIR.fm.typerep_fm_pre_fm_inst.typerep_fm_pre_fm	infra_theory	HOL-Decision_Procs.MIR
Linear_Homogenous_Recurrences.lhr_fps_numerator	KEPT	Linear_Recurrences.Linear_Homogenous_Recurrences
Lattice_Constructions.flat_complete_lattice.Top	KEPT	HOL-Library.Lattice_Constructions
Lattice_Constructions.flat_complete_lattice.Bot	KEPT	HOL-Library.Lattice_Constructions
Lattice_Algebras.lattice_ab_group_add_abs_class	class_pred	HOL-Library.Lattice_Algebras
Lattice_Algebras.class.lattice_ab_group_add_abs	class_infix	HOL-Library.Lattice_Algebras
Landau_Real_Products.groupsort_primfun.sort_rel	concealed	Landau_Symbols.Landau_Real_Products
Landau_Real_Products.groupsort_primfun.sort_dom	hidden	Landau_Symbols.Landau_Real_Products
Landau_Real_Products.groupsort_primfun.part_aux	hidden	Landau_Symbols.Landau_Real_Products
Interval.typerep_interval_inst.typerep_interval	inst_infix	HOL-Library.Interval
Interval.term_of_interval_inst.term_of_interval	inst_infix	HOL-Library.Interval
Initial_Value_Problem.unique_on_closed.solution	KEPT	Ordinary_Differential_Equations.Initial_Value_Problem
Hoeffding.iid_interval_bounded_random_variables	KEPT	HOL-Probability.Hoeffding
Hermite_Lindemann.linearly_independent_over_int	KEPT	Hermite_Lindemann.Hermite_Lindemann
Groups.linordered_cancel_ab_semigroup_add_class	class_pred	HOL.Groups
Groups.class.linordered_cancel_ab_semigroup_add	class_infix	HOL.Groups
Group_Closure.ab_group_add_class.group_closurep	KEPT	HOL-Computational_Algebra.Group_Closure
Geo_Real2.real2.neu.tarski_s_parallel_postulate	KEPT	MathBench_ProverBase.Geo_Real2
Geo_Real2.real2.neu.midpoint_converse_postulate	KEPT	MathBench_ProverBase.Geo_Real2
Geo_Real2.real2.neu.euclid_s_parallel_postulate	KEPT	MathBench_ProverBase.Geo_Real2
Gauss_Jordan_IArrays.vector_all_zero_from_index	KEPT	Gauss_Jordan.Gauss_Jordan_IArrays
Gauss_Jordan_IArrays.Gauss_Jordan_upt_k_iarrays	KEPT	Gauss_Jordan.Gauss_Jordan_IArrays
Gauss_Jordan_IArrays.Gauss_Jordan_in_ij_iarrays	KEPT	Gauss_Jordan.Gauss_Jordan_IArrays
Gauss_Jordan_Elimination.gauss_jordan_main_sumC	KEPT	Jordan_Normal_Form.Gauss_Jordan_Elimination
Fraction_Field.typerep_fract_inst.typerep_fract	inst_infix	HOL-Computational_Algebra.Fraction_Field
Fraction_Field.inverse_fract_inst.inverse_fract	inst_infix	HOL-Computational_Algebra.Fraction_Field
Finite_Cartesian_Product.zero_vec_inst.zero_vec	inst_infix	HOL-Analysis.Finite_Cartesian_Product
Finite_Cartesian_Product.plus_vec_inst.plus_vec	inst_infix	HOL-Analysis.Finite_Cartesian_Product
Finite_Cartesian_Product.open_vec_inst.open_vec	inst_infix	HOL-Analysis.Finite_Cartesian_Product
Finite_Cartesian_Product.norm_vec_inst.norm_vec	inst_infix	HOL-Analysis.Finite_Cartesian_Product
Finite_Cartesian_Product.dist_vec_inst.dist_vec	inst_infix	HOL-Analysis.Finite_Cartesian_Product
Factorial_Ring.factorial_semiring.prime_factors	class_variant	HOL-Computational_Algebra.Factorial_Ring
Factorial_Ring.factorial_semiring.lcm_factorial	class_variant	HOL-Computational_Algebra.Factorial_Ring
Factorial_Ring.factorial_semiring.gcd_factorial	class_variant	HOL-Computational_Algebra.Factorial_Ring
Factorial_Ring.factorial_semiring.Lcm_factorial	class_variant	HOL-Computational_Algebra.Factorial_Ring
Factorial_Ring.factorial_semiring.Gcd_factorial	class_variant	HOL-Computational_Algebra.Factorial_Ring
Factorial_Ring.comm_semiring_1_class.prime_elem	KEPT	HOL-Computational_Algebra.Factorial_Ring
Extraction.typerep_sumbool_inst.typerep_sumbool	inst_infix	HOL.Extraction
Extraction.term_of_sumbool_inst.term_of_sumbool	inst_infix	HOL.Extraction
Extraction.pre_sumbool.sumbool.pred_pre_sumbool	concealed	HOL.Extraction
Extended_Nat.narrowing_enat_inst.narrowing_enat	inst_infix	HOL-Library.Extended_Nat
Extended.typerep_extended_inst.typerep_extended	inst_infix	HOL-Library.Extended
Extended.term_of_extended_inst.term_of_extended	inst_infix	HOL-Library.Extended
Extended.pre_extended.extended.wit_pre_extended	concealed	HOL-Library.Extended
Extended.pre_extended.extended.rel_pre_extended	concealed	HOL-Library.Extended
Extended.pre_extended.extended.map_pre_extended	concealed	HOL-Library.Extended
Euclidean_Space.real_inner_prod_inst.inner_prod	inst_infix	HOL-Analysis.Euclidean_Space
Euclidean_Rings.unique_euclidean_semiring_class	class_pred	HOL.Euclidean_Rings
Euclidean_Rings.euclidean_semiring_cancel_class	class_pred	HOL.Euclidean_Rings
Euclidean_Rings.class.unique_euclidean_semiring	class_infix	HOL.Euclidean_Rings
Euclidean_Rings.class.euclidean_semiring_cancel	class_infix	HOL.Euclidean_Rings
Euclidean_Rings.class.euclidean_semiring_axioms	class_infix	HOL.Euclidean_Rings
Enum.narrowing_finite_5_inst.narrowing_finite_5	inst_infix	HOL.Enum
Enum.narrowing_finite_4_inst.narrowing_finite_4	inst_infix	HOL.Enum
Enum.narrowing_finite_3_inst.narrowing_finite_3	inst_infix	HOL.Enum
Enum.narrowing_finite_2_inst.narrowing_finite_2	inst_infix	HOL.Enum
Enum.narrowing_finite_1_inst.narrowing_finite_1	inst_infix	HOL.Enum
Dual_Ordered_Lattice.ord_dual_inst.less_eq_dual	inst_infix	HOL-Library.Dual_Ordered_Lattice
Dual_Ordered_Lattice.minus_dual_inst.minus_dual	inst_infix	HOL-Library.Dual_Ordered_Lattice
Dual_Ordered_Lattice.equal_dual_inst.equal_dual	inst_infix	HOL-Library.Dual_Ordered_Lattice
Distribution_Functions.real_distribution_axioms	KEPT	HOL-Probability.Distribution_Functions
Dirichlet_Product.multiplicative_dirichlet_prod	KEPT	Dirichlet_Series.Dirichlet_Product
Determinants_IArrays.Gauss_Jordan_det_P_iarrays	KEPT	Gauss_Jordan.Determinants_IArrays
Dense_Linear_Order.constr_dense_linorder_axioms	infra_theory	HOL-Decision_Procs.Dense_Linear_Order
Conditionally_Complete_Lattices.preordering_bdd	KEPT	HOL.Conditionally_Complete_Lattices
Conditional_Expectation.sigma_finite_subalgebra	KEPT	HOL-Probability.Conditional_Expectation
Complex_Lexorder.complex_lex.strict_antimono_on	KEPT	Hermite_Lindemann.Complex_Lexorder
Complex_Lexorder.complex_lex.sorted_list_of_set	KEPT	Hermite_Lindemann.Complex_Lexorder
Complete_Lattices.class.complete_lattice_axioms	class_infix	HOL.Complete_Lattices
Commutative_Ring.random_polex_inst.random_polex	infra_theory	HOL-Decision_Procs.Commutative_Ring
Commutative_Ring.pre_polex.polex.pred_pre_polex	concealed	HOL-Decision_Procs.Commutative_Ring
Commutative_Ring.cring_class.Imon_pol_list_sumC	infra_theory	HOL-Decision_Procs.Commutative_Ring
Coinductive_List.random_llist_inst.random_llist	inst_infix	Coinductive.Coinductive_List
Coinductive_List.pre_llist.llist.set2_pre_llist	concealed	Coinductive.Coinductive_List
Coinductive_List.pre_llist.llist.set1_pre_llist	concealed	Coinductive.Coinductive_List
Coinductive_List.pre_llist.llist.pred_pre_llist	concealed	Coinductive.Coinductive_List
Code_Numeral.uminus_integer_inst.uminus_integer	inst_infix	HOL.Code_Numeral
Code_Numeral.modulo_natural_inst.modulo_natural	inst_infix	HOL.Code_Numeral
Code_Numeral.modulo_integer_inst.modulo_integer	inst_infix	HOL.Code_Numeral
Code_Numeral.divide_natural_inst.divide_natural	inst_infix	HOL.Code_Numeral
Code_Numeral.divide_integer_inst.divide_integer	inst_infix	HOL.Code_Numeral
Chebyshev_Polynomials.clenshaw.clenshaw_aux_rel	concealed	Chebyshev_Polynomials.Chebyshev_Polynomials
Chebyshev_Polynomials.clenshaw.clenshaw_aux_dom	KEPT	Chebyshev_Polynomials.Chebyshev_Polynomials
Bit_Operations.semiring_bits_class.possible_bit	KEPT	HOL.Bit_Operations
Bit_Operations.semiring_bit_operations_class.or	KEPT	HOL.Bit_Operations
Bit_Operations.class.ring_bit_operations_axioms	class_infix	HOL.Bit_Operations
Algebraic_Numbers_Prelim.poly_uminus_inner_sumC	KEPT	Algebraic_Numbers.Algebraic_Numbers_Prelim
Abstract_Topological_Spaces.quasi_components_of	KEPT	HOL-Analysis.Abstract_Topological_Spaces
Abstract_Topological_Spaces.Kolmogorov_quotient	KEPT	HOL-Analysis.Abstract_Topological_Spaces
Abstract_Metric_Spaces.uniformly_continuous_map	KEPT	HOL-Analysis.Abstract_Metric_Spaces
Abstract_Metric_Spaces.Metric_space.capped_dist	KEPT	HOL-Analysis.Abstract_Metric_Spaces
Abstract_Metric_Spaces.Lipschitz_continuous_map	KEPT	HOL-Analysis.Abstract_Metric_Spaces
Word.semiring_bit_operations_word_inst.or_word	inst_infix	HOL-Library.Word
While_Combinator.rtrancl_while_invariant_graph	concealed	HOL-Library.While_Combinator
Weierstrass_Factorization.weierstrass_product'	KEPT	HOL-Complex_Analysis.Weierstrass_Factorization
Unique_Factorization_Poly.normalize_content_ff	KEPT	Berlekamp_Zassenhaus.Unique_Factorization_Poly
Unique_Factorization.irreducibility_hom_axioms	KEPT	Berlekamp_Zassenhaus.Unique_Factorization
Unique_Factorization.comm_semiring_1.mk_monoid	class_variant	Berlekamp_Zassenhaus.Unique_Factorization
Type_Length.len0_finite_3_inst.len_of_finite_3	inst_infix	HOL-Library.Type_Length
Type_Length.len0_finite_2_inst.len_of_finite_2	inst_infix	HOL-Library.Type_Length
Type_Length.len0_finite_1_inst.len_of_finite_1	inst_infix	HOL-Library.Type_Length
Topological_Spaces.uniformity_class.uniformity	KEPT	HOL.Topological_Spaces
Topological_Spaces.uniform_space.cauchy_filter	class_variant	HOL.Topological_Spaces
Topological_Spaces.topological_space.connected	class_variant	HOL.Topological_Spaces
Topological_Spaces.topological_space.at_within	class_variant	HOL.Topological_Spaces
Topological_Spaces.class.order_topology_axioms	class_infix	HOL.Topological_Spaces
Tarski_Neutral.Tarski_neutral_dimensionless.TS	KEPT	IsaGeoCoq.Tarski_Neutral
Tarski_Neutral.Tarski_neutral_dimensionless.Ps	KEPT	IsaGeoCoq.Tarski_Neutral
Tarski_Neutral.Tarski_neutral_dimensionless.Pj	KEPT	IsaGeoCoq.Tarski_Neutral
Tarski_Neutral.Tarski_neutral_dimensionless.OS	KEPT	IsaGeoCoq.Tarski_Neutral
Tarski_Neutral.Tarski_neutral_dimensionless.Ng	KEPT	IsaGeoCoq.Tarski_Neutral
Tarski_Neutral.Tarski_neutral_dimensionless.Lt	KEPT	IsaGeoCoq.Tarski_Neutral
Tarski_Neutral.Tarski_neutral_dimensionless.Le	KEPT	IsaGeoCoq.Tarski_Neutral
Tarski_Neutral.Tarski_neutral_dimensionless.Gt	KEPT	IsaGeoCoq.Tarski_Neutral
Tarski_Neutral.Tarski_neutral_dimensionless.Ge	KEPT	IsaGeoCoq.Tarski_Neutral
Tarski_Euclidean_2D.Tarski_Euclidean_2D_axioms	KEPT	IsaGeoCoq.Tarski_Euclidean_2D
Square_Matrix.one_sq_matrix_inst.one_sq_matrix	inst_infix	Cayley_Hamilton.Square_Matrix
Rings.class.linordered_nonzero_semiring_axioms	class_infix	HOL.Rings
Rings.class.discrete_linordered_semidom_axioms	class_infix	HOL.Rings
Ring_Hom_Poly.map_poly_inj_comm_monoid_add_hom	KEPT	Polynomial_Interpolation.Ring_Hom_Poly
Ring.ring.random_ring_ext_inst.random_ring_ext	inst_infix	HOL-Algebra.Ring
Reflective_Field.pre_pexpr.pexpr.rel_pre_pexpr	concealed	HOL-Decision_Procs.Reflective_Field
Reflective_Field.pre_pexpr.pexpr.map_pre_pexpr	concealed	HOL-Decision_Procs.Reflective_Field
Reflective_Field.pre_fexpr.fexpr.wit_pre_fexpr	concealed	HOL-Decision_Procs.Reflective_Field
Reflective_Field.pre_fexpr.fexpr.set_pre_fexpr	concealed	HOL-Decision_Procs.Reflective_Field
Reflective_Field.pre_fexpr.fexpr.rel_pre_fexpr	concealed	HOL-Decision_Procs.Reflective_Field
Reflective_Field.pre_fexpr.fexpr.map_pre_fexpr	concealed	HOL-Decision_Procs.Reflective_Field
Reflected_Multivariate_Polynomial.polypow_sumC	infra_theory	HOL-Decision_Procs.Reflected_Multivariate_Polynomial
Reflected_Multivariate_Polynomial.polyneg_sumC	infra_theory	HOL-Decision_Procs.Reflected_Multivariate_Polynomial
Reflected_Multivariate_Polynomial.polynate_rel	concealed	HOL-Decision_Procs.Reflected_Multivariate_Polynomial
Reflected_Multivariate_Polynomial.polynate_dom	infra_theory	HOL-Decision_Procs.Reflected_Multivariate_Polynomial
Reflected_Multivariate_Polynomial.polymul_sumC	infra_theory	HOL-Decision_Procs.Reflected_Multivariate_Polynomial
Reflected_Multivariate_Polynomial.polydivideby	infra_theory	HOL-Decision_Procs.Reflected_Multivariate_Polynomial
Reflected_Multivariate_Polynomial.polyadd_sumC	infra_theory	HOL-Decision_Procs.Reflected_Multivariate_Polynomial
Reflected_Multivariate_Polynomial.isnpolyh_rel	concealed	HOL-Decision_Procs.Reflected_Multivariate_Polynomial
Reflected_Multivariate_Polynomial.isnpolyh_dom	infra_theory	HOL-Decision_Procs.Reflected_Multivariate_Polynomial
Reflected_Multivariate_Polynomial.degreen_sumC	infra_theory	HOL-Decision_Procs.Reflected_Multivariate_Polynomial
Reflected_Multivariate_Polynomial.degree_graph	concealed	HOL-Decision_Procs.Reflected_Multivariate_Polynomial
Reflected_Multivariate_Polynomial.decrpoly_rel	concealed	HOL-Decision_Procs.Reflected_Multivariate_Polynomial
Reflected_Multivariate_Polynomial.decrpoly_dom	infra_theory	HOL-Decision_Procs.Reflected_Multivariate_Polynomial
Reflected_Multivariate_Polynomial.coefficients	infra_theory	HOL-Decision_Procs.Reflected_Multivariate_Polynomial
Reflected_Multivariate_Polynomial.behead_graph	concealed	HOL-Decision_Procs.Reflected_Multivariate_Polynomial
Reflected_Multivariate_Polynomial.Ipoly_syntax	infra_theory	HOL-Decision_Procs.Reflected_Multivariate_Polynomial
Record.tuple_isomorphism.rec_tuple_isomorphism	KEPT	HOL.Record
Record.tuple_isomorphism.mor_tuple_isomorphism	concealed	HOL.Record
Record.tuple_isomorphism.alg_tuple_isomorphism	concealed	HOL.Record
Record.tuple_isomorphism.Rep_tuple_isomorphism	concealed	HOL.Record
Record.tuple_isomorphism.Abs_tuple_isomorphism	concealed	HOL.Record
Real_Vector_Spaces.real_normed_algebra_1_class	class_pred	HOL.Real_Vector_Spaces
Real_Vector_Spaces.class.real_normed_algebra_1	class_infix	HOL.Real_Vector_Spaces
Real_Vector_Spaces.class.complete_space_axioms	class_infix	HOL.Real_Vector_Spaces
Reachability_Analysis.size_sctn_inst.size_sctn	inst_infix	Ordinary_Differential_Equations.Reachability_Analysis
Quickcheck_Random.random_char_inst.random_char	inst_infix	HOL.Quickcheck_Random
Quickcheck_Random.random_bool_inst.random_bool	inst_infix	HOL.Quickcheck_Random
Quickcheck_Narrowing.property.min_alg_property	concealed	HOL.Quickcheck_Narrowing
Quickcheck_Narrowing.narrowing_dummy_narrowing	KEPT	HOL.Quickcheck_Narrowing
Quickcheck_Narrowing.narrowing_class.narrowing	KEPT	HOL.Quickcheck_Narrowing
Quickcheck_Exhaustive.unknown.str_init_unknown	concealed	HOL.Quickcheck_Exhaustive
Quickcheck_Exhaustive.unknown.ctor_rec_unknown	concealed	HOL.Quickcheck_Exhaustive
Quickcheck_Exhaustive.full_exhaustive_set_sumC	KEPT	HOL.Quickcheck_Exhaustive
Quickcheck_Exhaustive.full_exhaustive_natural'	KEPT	HOL.Quickcheck_Exhaustive
Quickcheck_Exhaustive.full_exhaustive_integer'	KEPT	HOL.Quickcheck_Exhaustive
Quickcheck_Exhaustive.full_exhaustive_int'_rel	concealed	HOL.Quickcheck_Exhaustive
Quickcheck_Exhaustive.full_exhaustive_int'_dom	KEPT	HOL.Quickcheck_Exhaustive
Quickcheck_Exhaustive.full_exhaustive_fun'_rel	concealed	HOL.Quickcheck_Exhaustive
Quickcheck_Exhaustive.full_exhaustive_fun'_dom	KEPT	HOL.Quickcheck_Exhaustive
Quickcheck_Exhaustive.exhaustive_natural'_sumC	KEPT	HOL.Quickcheck_Exhaustive
Quickcheck_Exhaustive.exhaustive_integer'_sumC	KEPT	HOL.Quickcheck_Exhaustive
Projective_Family.projective_family.generatorp	KEPT	HOL-Probability.Projective_Family
Probability_Measure.prob_space.random_variable	KEPT	HOL-Probability.Probability_Measure
Probability_Mass_Function.measure_pmf.variance	KEPT	HOL-Probability.Probability_Mass_Function
Pratt_Certificate.equal_pratt_inst.equal_pratt	inst_infix	Pratt_Certificate.Pratt_Certificate
Picard_Lindeloef_Qualitative.ll_on_open_axioms	KEPT	Ordinary_Differential_Equations.Picard_Lindeloef_Qualitative
Permutations.inverse_permutation_of_list_graph	concealed	HOL-Combinatorics.Permutations
Partial_Fraction_Decomposition.poly_pfd_simple	KEPT	Linear_Recurrences.Partial_Fraction_Decomposition
Partial_Fraction_Decomposition.decompose_graph	concealed	Linear_Recurrences.Partial_Fraction_Decomposition
Partial_Fraction_Decomposition.decompose'_sumC	KEPT	Linear_Recurrences.Partial_Fraction_Decomposition
Ordered_Euclidean_Space.abs_prod_inst.abs_prod	inst_infix	HOL-Analysis.Ordered_Euclidean_Space
Nonnegative_Lebesgue_Integration.point_measure	KEPT	HOL-Analysis.Nonnegative_Lebesgue_Integration
Nitpick.word.word_IITN_word.Rep_word_IITN_word	concealed	HOL.Nitpick
Nitpick.word.word_IITN_word.Abs_word_IITN_word	concealed	HOL.Nitpick
Nitpick.typerep_pair_box_inst.typerep_pair_box	inst_infix	HOL.Nitpick
Nitpick.pre_pair_box.pair_box.wit_pre_pair_box	concealed	HOL.Nitpick
Nitpick.pre_pair_box.pair_box.set_pre_pair_box	concealed	HOL.Nitpick
Nitpick.pre_pair_box.pair_box.rel_pre_pair_box	concealed	HOL.Nitpick
Nitpick.pre_pair_box.pair_box.map_pre_pair_box	concealed	HOL.Nitpick
Newton_Interpolation.newton_interpolation_poly	KEPT	Polynomial_Interpolation.Newton_Interpolation
Multiset_Permutations.permutations_of_set_list	KEPT	HOL-Combinatorics.Multiset_Permutations
Multiset_Permutations.permutations_of_multiset	KEPT	HOL-Combinatorics.Multiset_Permutations
Multiseries_Expansion.uminus_ms_inst.uminus_ms	inst_infix	HOL-Real_Asymp.Multiseries_Expansion
Multiseries_Expansion.random_ms_inst.random_ms	inst_infix	HOL-Real_Asymp.Multiseries_Expansion
Multiseries_Expansion.msstream.isNode_msstream	concealed	HOL-Real_Asymp.Multiseries_Expansion
Multiseries_Expansion.divide_ms_inst.divide_ms	inst_infix	HOL-Real_Asymp.Multiseries_Expansion
Multiseries_Expansion.arctan_series_stream_aux	KEPT	HOL-Real_Asymp.Multiseries_Expansion
More_Multivariate_Polynomial_HLW.mpoly_of_poly	KEPT	Hermite_Lindemann.More_Multivariate_Polynomial_HLW
Measure_Space.ord_measure_inst.less_eq_measure	inst_infix	HOL-Analysis.Measure_Space
MIR.raw_sum.num.sum2.sum.Sum_Type.pred_raw_sum	concealed	HOL-Decision_Procs.MIR
MIR.partial_term_of_fm_inst.partial_term_of_fm	infra_theory	HOL-Decision_Procs.MIR
MIR.full_exhaustive_fm_inst.full_exhaustive_fm	infra_theory	HOL-Decision_Procs.MIR
Linear_Inhomogenous_Recurrences.polyexp_ratfps	KEPT	Linear_Recurrences.Linear_Inhomogenous_Recurrences
Limits.class.topological_semigroup_mult_axioms	class_infix	HOL.Limits
Lazy_Sequence.lazy_sequence.dtor_lazy_sequence	concealed	HOL.Lazy_Sequence
Lazy_Sequence.lazy_sequence.ctor_lazy_sequence	concealed	HOL.Lazy_Sequence
Lazy_Sequence.lazy_sequence.case_lazy_sequence	KEPT	HOL.Lazy_Sequence
Lazy_Eval.size_cmp_result_inst.size_cmp_result	inst_infix	HOL-Real_Asymp.Lazy_Eval
Lattice_Constructions.pre_top.top.set2_pre_top	concealed	HOL-Library.Lattice_Constructions
Lattice_Constructions.pre_top.top.set1_pre_top	concealed	HOL-Library.Lattice_Constructions
Lattice_Constructions.pre_top.top.pred_pre_top	concealed	HOL-Library.Lattice_Constructions
Lattice_Constructions.pre_bot.bot.set2_pre_bot	concealed	HOL-Library.Lattice_Constructions
Lattice_Constructions.pre_bot.bot.set1_pre_bot	concealed	HOL-Library.Lattice_Constructions
Lattice_Constructions.pre_bot.bot.pred_pre_bot	concealed	HOL-Library.Lattice_Constructions
Lattice_Constructions.ord_top_inst.less_eq_top	inst_infix	HOL-Library.Lattice_Constructions
Lattice_Constructions.ord_bot_inst.less_eq_bot	inst_infix	HOL-Library.Lattice_Constructions
Lattice_Constructions.equal_top_inst.equal_top	inst_infix	HOL-Library.Lattice_Constructions
Lattice_Constructions.equal_bot_inst.equal_bot	inst_infix	HOL-Library.Lattice_Constructions
Landau_Real_Products.primfun.ctor_fold_primfun	concealed	Landau_Symbols.Landau_Real_Products
Landau_Real_Products.nonneg_primfun_list_graph	concealed	Landau_Symbols.Landau_Real_Products
Landau_Real_Products.iszero_primfun_list_graph	concealed	Landau_Symbols.Landau_Real_Products
Kronecker_Approximation_Theorem.uniq_exponents	KEPT	HOL-Analysis.Kronecker_Approximation_Theorem
Kronecker_Approximation_Theorem.nonzero_coeffs	KEPT	HOL-Analysis.Kronecker_Approximation_Theorem
Interval_Integral.interval_lebesgue_integrable	KEPT	HOL-Analysis.Interval_Integral
Initial_Value_Problem.unique_on_closed.P_inner	KEPT	Ordinary_Differential_Equations.Initial_Value_Problem
Initial_Value_Problem.unique_on_bounded_closed	KEPT	Ordinary_Differential_Equations.Initial_Value_Problem
Groups_Big_Fun.comm_monoid_mult_class.Prod_any	KEPT	HOL-Library.Groups_Big_Fun
Groups_Big_Fun.comm_monoid_add_class.Sum_any.G	KEPT	HOL-Library.Groups_Big_Fun
Group_Closure.ab_group_add_class.group_closure	KEPT	HOL-Computational_Algebra.Group_Closure
Geo_Real2.real2.neu.hyperbolic_plane_postulate	KEPT	MathBench_ProverBase.Geo_Real2
Geo_Real2.real2.neu.bachmann_s_lotschnittaxiom	KEPT	MathBench_ProverBase.Geo_Real2
Gauss_Jordan_Elimination.gauss_jordan_main_rel	concealed	Jordan_Normal_Form.Gauss_Jordan_Elimination
Gauss_Jordan_Elimination.gauss_jordan_main_dom	KEPT	Jordan_Normal_Form.Gauss_Jordan_Elimination
Gauss_Jordan_Elimination.find_base_vectors_gen	KEPT	Jordan_Normal_Form.Gauss_Jordan_Elimination
Gauss_Jordan_Elimination.eliminate_entries_rec	KEPT	Jordan_Normal_Form.Gauss_Jordan_Elimination
Gauss_Jordan_Elimination.eliminate_entries_gen	KEPT	Jordan_Normal_Form.Gauss_Jordan_Elimination
Function_Division.inverse_fun_inst.inverse_fun	KEPT	HOL-Library.Function_Division
Formal_Power_Series.uminus_fps_inst.uminus_fps	inst_infix	HOL-Computational_Algebra.Formal_Power_Series
Formal_Power_Series.modulo_fps_inst.modulo_fps	inst_infix	HOL-Computational_Algebra.Formal_Power_Series
Formal_Power_Series.divide_fps_inst.divide_fps	inst_infix	HOL-Computational_Algebra.Formal_Power_Series
Formal_Laurent_Series.times_fls_inst.times_fls	inst_infix	HOL-Computational_Algebra.Formal_Laurent_Series
Formal_Laurent_Series.minus_fls_inst.minus_fls	inst_infix	HOL-Computational_Algebra.Formal_Laurent_Series
Finite_Cartesian_Product.ord_vec_inst.less_vec	inst_infix	HOL-Analysis.Finite_Cartesian_Product
Field_as_Ring.field_class.euclidean_size_field	KEPT	HOL-Computational_Algebra.Field_as_Ring
Factorial_Ring.factorial_semiring.multiplicity	class_variant	HOL-Computational_Algebra.Factorial_Ring
Factorial_Ring.class.factorial_semiring_axioms	class_infix	HOL-Computational_Algebra.Factorial_Ring
Extraction.pre_sumbool.sumbool.wit_pre_sumbool	concealed	HOL.Extraction
Extraction.pre_sumbool.sumbool.set_pre_sumbool	concealed	HOL.Extraction
Extraction.pre_sumbool.sumbool.rel_pre_sumbool	concealed	HOL.Extraction
Extraction.pre_sumbool.sumbool.map_pre_sumbool	concealed	HOL.Extraction
Extended_Real.typerep_ereal_inst.typerep_ereal	inst_infix	HOL-Library.Extended_Real
Extended_Real.term_of_ereal_inst.term_of_ereal	inst_infix	HOL-Library.Extended_Real
Extended_Real.inverse_ereal_inst.inverse_ereal	inst_infix	HOL-Library.Extended_Real
Elementary_Normed_Spaces.monoid_add.support_on	class_variant	HOL-Analysis.Elementary_Normed_Spaces
Divisibility.primeness_condition_monoid_axioms	KEPT	HOL-Algebra.Divisibility
Continued_Fractions.zero_cfrac_inst.zero_cfrac	inst_infix	Continued_Fractions.Continued_Fractions
Continued_Fractions.size_cfrac_inst.size_cfrac	inst_infix	Continued_Fractions.Continued_Fractions
Complex_Order.ord_complex_inst.less_eq_complex	inst_infix	HOL-Library.Complex_Order
Complex_Lexorder.complex_lex.insort_insert_key	KEPT	Hermite_Lindemann.Complex_Lexorder
Complex_Lexorder.complex_lex.greaterThanAtMost	KEPT	Hermite_Lindemann.Complex_Lexorder
Commutative_Ring.pre_polex.polex.wit_pre_polex	concealed	HOL-Decision_Procs.Commutative_Ring
Commutative_Ring.pre_polex.polex.set_pre_polex	concealed	HOL-Decision_Procs.Commutative_Ring
Commutative_Ring.pre_polex.polex.rel_pre_polex	concealed	HOL-Decision_Procs.Commutative_Ring
Commutative_Ring.pre_polex.polex.map_pre_polex	concealed	HOL-Decision_Procs.Commutative_Ring
Commutative_Ring.cring_class.Ipolex_polex_list	infra_theory	HOL-Decision_Procs.Commutative_Ring
Commutative_Ring.cring_class.Imon_pol_list_rel	concealed	HOL-Decision_Procs.Commutative_Ring
Commutative_Ring.cring_class.Imon_pol_list_dom	infra_theory	HOL-Decision_Procs.Commutative_Ring
Commutative_Ring.cring.Ipolex_polex_list_graph	concealed	HOL-Decision_Procs.Commutative_Ring
Coinductive_List.pre_llist.llist.wit_pre_llist	concealed	Coinductive.Coinductive_List
Coinductive_List.pre_llist.llist.rel_pre_llist	concealed	Coinductive.Coinductive_List
Coinductive_List.pre_llist.llist.map_pre_llist	concealed	Coinductive.Coinductive_List
Code_Evaluation.typerep_term_inst.typerep_term	infra_theory	HOL.Code_Evaluation
Code_Evaluation.term_of_term_inst.term_of_term	infra_theory	HOL.Code_Evaluation
Catalan_Numbers.typerep_tree_inst.typerep_tree	inst_infix	Catalan_Numbers.Catalan_Numbers
Catalan_Numbers.term_of_tree_inst.term_of_tree	inst_infix	Catalan_Numbers.Catalan_Numbers
Cardinality.card_UNIV_unit_inst.card_UNIV_unit	inst_infix	HOL-Library.Cardinality
Cardinality.card_UNIV_prod_inst.card_UNIV_prod	inst_infix	HOL-Library.Cardinality
Cardinality.card_UNIV_list_inst.card_UNIV_list	inst_infix	HOL-Library.Cardinality
Cardinality.card_UNIV_char_inst.card_UNIV_char	inst_infix	HOL-Library.Cardinality
Cardinality.card_UNIV_bool_inst.card_UNIV_bool	inst_infix	HOL-Library.Cardinality
Bivariate_Polynomials.poly_y_x_hom.inv.vec_hom	KEPT	Algebraic_Numbers.Bivariate_Polynomials
Bivariate_Polynomials.poly_y_x_hom.inv.mat_hom	KEPT	Algebraic_Numbers.Bivariate_Polynomials
Approximation_Bounds.lb_arctan_ub_arctan_graph	concealed	HOL-Decision_Procs.Approximation_Bounds
Algebraic_Numbers_Prelim.poly_uminus_inner_rel	concealed	Algebraic_Numbers.Algebraic_Numbers_Prelim
Algebraic_Numbers_Prelim.poly_uminus_inner_dom	KEPT	Algebraic_Numbers.Algebraic_Numbers_Prelim
Abstract_Topology_2.connected_component_of_set	KEPT	HOL-Analysis.Abstract_Topology_2
Abstract_Topological_Spaces.quasi_component_of	KEPT	HOL-Analysis.Abstract_Topological_Spaces
Abstract_Metric_Spaces.Met_TC.mtotally_bounded	KEPT	HOL-Analysis.Abstract_Metric_Spaces
While_Combinator.rtrancl_while_invariant_sumC	KEPT	HOL-Library.While_Combinator
Weierstrass_Theorems.real_polynomial_function	KEPT	HOL-Analysis.Weierstrass_Theorems
Weierstrass_Factorization.weierstrass_product	KEPT	HOL-Complex_Analysis.Weierstrass_Factorization
Vector_Spaces.finite_dimensional_vector_space	KEPT	HOL.Vector_Spaces
Unique_Factorization.comm_monoid_mult.coprime	class_variant	Berlekamp_Zassenhaus.Unique_Factorization
Topological_Spaces.uniform_space_class.Cauchy	KEPT	HOL.Topological_Spaces
Topological_Spaces.topological_space_class.at	KEPT	HOL.Topological_Spaces
Topological_Spaces.class.uniform_space_axioms	class_infix	HOL.Topological_Spaces
Topological_Spaces.class.perfect_space_axioms	class_infix	HOL.Topological_Spaces
Symmetric_Polynomials.fund_sym_poly_wit_graph	concealed	Symmetric_Polynomials.Symmetric_Polynomials
String.char.char_IITN_char.Rep_char_IITN_char	concealed	HOL.String
String.char.char_IITN_char.Abs_char_IITN_char	concealed	HOL.String
Stream.narrowing_stream_inst.narrowing_stream	inst_infix	HOL-Library.Stream
Square_Free_Factorization.monic_factorization	KEPT	Polynomial_Factorization.Square_Free_Factorization
Sigma_Algebra.semiring_of_sets.generated_ring	KEPT	HOL-Analysis.Sigma_Algebra
Rings.class.semidom_divide_unit_factor_axioms	class_infix	HOL.Rings
Rings.class.linordered_semiring_strict_axioms	class_infix	HOL.Rings
Reflective_Field.size_pexpr2_inst.size_pexpr2	infra_theory	HOL-Decision_Procs.Reflective_Field
Reflective_Field.size_pexpr1_inst.size_pexpr1	infra_theory	HOL-Decision_Procs.Reflective_Field
Reflective_Field.equal_pexpr_inst.equal_pexpr	infra_theory	HOL-Decision_Procs.Reflective_Field
Reflective_Field.equal_fexpr_inst.equal_fexpr	infra_theory	HOL-Decision_Procs.Reflective_Field
Reflected_Multivariate_Polynomial.polypow_rel	concealed	HOL-Decision_Procs.Reflected_Multivariate_Polynomial
Reflected_Multivariate_Polynomial.polypow_dom	infra_theory	HOL-Decision_Procs.Reflected_Multivariate_Polynomial
Reflected_Multivariate_Polynomial.polyneg_rel	concealed	HOL-Decision_Procs.Reflected_Multivariate_Polynomial
Reflected_Multivariate_Polynomial.polyneg_dom	infra_theory	HOL-Decision_Procs.Reflected_Multivariate_Polynomial
Reflected_Multivariate_Polynomial.polymul_rel	concealed	HOL-Decision_Procs.Reflected_Multivariate_Polynomial
Reflected_Multivariate_Polynomial.polymul_dom	infra_theory	HOL-Decision_Procs.Reflected_Multivariate_Polynomial
Reflected_Multivariate_Polynomial.polyadd_rel	concealed	HOL-Decision_Procs.Reflected_Multivariate_Polynomial
Reflected_Multivariate_Polynomial.polyadd_dom	infra_theory	HOL-Decision_Procs.Reflected_Multivariate_Polynomial
Reflected_Multivariate_Polynomial.isweaknpoly	infra_theory	HOL-Decision_Procs.Reflected_Multivariate_Polynomial
Reflected_Multivariate_Polynomial.headn_graph	concealed	HOL-Decision_Procs.Reflected_Multivariate_Polynomial
Reflected_Multivariate_Polynomial.degreen_rel	concealed	HOL-Decision_Procs.Reflected_Multivariate_Polynomial
Reflected_Multivariate_Polynomial.degreen_dom	infra_theory	HOL-Decision_Procs.Reflected_Multivariate_Polynomial
Reflected_Multivariate_Polynomial.degree_sumC	infra_theory	HOL-Decision_Procs.Reflected_Multivariate_Polynomial
Reflected_Multivariate_Polynomial.behead_sumC	infra_theory	HOL-Decision_Procs.Reflected_Multivariate_Polynomial
Real_Vector_Spaces.real_vector.representation	KEPT	HOL.Real_Vector_Spaces
Quickcheck_Exhaustive.unknown.min_alg_unknown	concealed	HOL.Quickcheck_Exhaustive
Quickcheck_Exhaustive.full_exhaustive_set_rel	concealed	HOL.Quickcheck_Exhaustive
Quickcheck_Exhaustive.full_exhaustive_set_dom	KEPT	HOL.Quickcheck_Exhaustive
Quickcheck_Exhaustive.exhaustive_natural'_rel	concealed	HOL.Quickcheck_Exhaustive
Quickcheck_Exhaustive.exhaustive_natural'_dom	KEPT	HOL.Quickcheck_Exhaustive
Quickcheck_Exhaustive.exhaustive_integer'_rel	concealed	HOL.Quickcheck_Exhaustive
Quickcheck_Exhaustive.exhaustive_integer'_dom	KEPT	HOL.Quickcheck_Exhaustive
Quickcheck_Exhaustive.check_all_subsets_graph	concealed	HOL.Quickcheck_Exhaustive
Quickcheck_Exhaustive.check_all_n_lists_graph	concealed	HOL.Quickcheck_Exhaustive
Projective_Family.projective_family.generator	KEPT	HOL-Probability.Projective_Family
Probability_Measure.product_prob_space_axioms	KEPT	HOL-Probability.Probability_Measure
Probability_Measure.finite_product_prob_space	KEPT	HOL-Probability.Probability_Measure
Pratt_Certificate.mod_exp_nat.efficient_power	KEPT	Pratt_Certificate.Pratt_Certificate
Picard_Lindeloef_Qualitative.ll_on_open.csols	KEPT	Ordinary_Differential_Equations.Picard_Lindeloef_Qualitative
Phantom_Type.equal_phantom_inst.equal_phantom	inst_infix	HOL-Library.Phantom_Type
Permutations.inverse_permutation_of_list_sumC	KEPT	HOL-Combinatorics.Permutations
Partial_Function.partial_function_definitions	KEPT	HOL.Partial_Function
Partial_Fraction_Decomposition.decompose_sumC	KEPT	Linear_Recurrences.Partial_Fraction_Decomposition
Partial_Fraction_Decomposition.decompose'_rel	concealed	Linear_Recurrences.Partial_Fraction_Decomposition
Partial_Fraction_Decomposition.decompose'_dom	KEPT	Linear_Recurrences.Partial_Fraction_Decomposition
Option.narrowing_option_inst.narrowing_option	inst_infix	HOL.Option
Newton_Interpolation.newton_coefficients_main	KEPT	Polynomial_Interpolation.Newton_Interpolation
Newton_Interpolation.horner_composition_graph	concealed	Polynomial_Interpolation.Newton_Interpolation
Newton_Interpolation.divided_differences_impl	KEPT	Polynomial_Interpolation.Newton_Interpolation
Multivariate_Taylor.second_derivative_within'	KEPT	Ordinary_Differential_Equations.Multivariate_Taylor
Multivariate_Taylor.second_derivative_on_open	KEPT	Ordinary_Differential_Equations.Multivariate_Taylor
Multiset_Permutations.permutations_of_set_aux	KEPT	HOL-Combinatorics.Multiset_Permutations
Multiset_Order.sup_multiset_inst.sup_multiset	inst_infix	HOL-Library.Multiset_Order
Multiset_Order.inf_multiset_inst.inf_multiset	inst_infix	HOL-Library.Multiset_Order
Multiset_Order.bot_multiset_inst.bot_multiset	inst_infix	HOL-Library.Multiset_Order
Multiset.random_multiset_inst.random_multiset	inst_infix	HOL-Library.Multiset
Multiseries_Expansion.multiseries.trimmed_pos	class_variant	HOL-Real_Asymp.Multiseries_Expansion
Multiseries_Expansion.multiseries.trimmed_neg	class_variant	HOL-Real_Asymp.Multiseries_Expansion
Multiseries_Expansion.msstream.lsbis_msstream	concealed	HOL-Real_Asymp.Multiseries_Expansion
Multiseries_Expansion.msstream.corec_msstream	KEPT	HOL-Real_Asymp.Multiseries_Expansion
Multiseries_Expansion.msstream.coalg_msstream	concealed	HOL-Real_Asymp.Multiseries_Expansion
Multiseries_Expansion.msllist.recover_msllist	concealed	HOL-Real_Asymp.Multiseries_Expansion
Module.module.module_ext.module_ext_Tuple_Iso	adt_record	HOL-Algebra.Module
Mod_Exp.euclidean_semiring_cancel.mod_exp_aux	class_variant	HOL-Number_Theory.Mod_Exp
MIR.raw_sum.num.sum2.sum.Sum_Type.set_raw_sum	concealed	HOL-Decision_Procs.MIR
MIR.raw_sum.num.sum2.sum.Sum_Type.rel_raw_sum	concealed	HOL-Decision_Procs.MIR
MIR.raw_sum.num.sum2.sum.Sum_Type.map_raw_sum	concealed	HOL-Decision_Procs.MIR
Linear_Recurrences_Common.lr_fps_denominator'	KEPT	Linear_Recurrences.Linear_Recurrences_Common
Lazy_Sequence.lazy_sequence.rec_lazy_sequence	KEPT	HOL.Lazy_Sequence
Lazy_Sequence.lazy_sequence.mor_lazy_sequence	concealed	HOL.Lazy_Sequence
Lazy_Sequence.lazy_sequence.alg_lazy_sequence	concealed	HOL.Lazy_Sequence
Lazy_Sequence.lazy_sequence.Rep_lazy_sequence	concealed	HOL.Lazy_Sequence
Lazy_Sequence.lazy_sequence.Abs_lazy_sequence	concealed	HOL.Lazy_Sequence
Lattice_Constructions.pre_top.top.wit_pre_top	concealed	HOL-Library.Lattice_Constructions
Lattice_Constructions.pre_top.top.rel_pre_top	concealed	HOL-Library.Lattice_Constructions
Lattice_Constructions.pre_top.top.map_pre_top	concealed	HOL-Library.Lattice_Constructions
Lattice_Constructions.pre_bot.bot.wit_pre_bot	concealed	HOL-Library.Lattice_Constructions
Lattice_Constructions.pre_bot.bot.rel_pre_bot	concealed	HOL-Library.Lattice_Constructions
Lattice_Constructions.pre_bot.bot.map_pre_bot	concealed	HOL-Library.Lattice_Constructions
Landau_Real_Products.primfun.str_init_primfun	concealed	Landau_Symbols.Landau_Real_Products
Landau_Real_Products.primfun.ctor_rec_primfun	concealed	Landau_Symbols.Landau_Real_Products
Landau_Real_Products.nonneg_primfun_list_sumC	KEPT	Landau_Symbols.Landau_Real_Products
Landau_Real_Products.landau_dominating_chain'	KEPT	Landau_Symbols.Landau_Real_Products
Landau_Real_Products.iszero_primfun_list_sumC	KEPT	Landau_Symbols.Landau_Real_Products
Interval.uminus_interval_inst.uminus_interval	inst_infix	HOL-Library.Interval
Interval.random_interval_inst.random_interval	inst_infix	HOL-Library.Interval
Inner_Product.real_inner_real_inst.inner_real	inst_infix	HOL-Analysis.Inner_Product
Initial_Value_Problem.compact_interval_axioms	KEPT	Ordinary_Differential_Equations.Initial_Value_Problem
IArray_Addenda.minus_iarray_inst.minus_iarray	inst_infix	Gauss_Jordan.IArray_Addenda
IArray.narrowing_iarray_inst.narrowing_iarray	inst_infix	HOL-Library.IArray
Group_On_With.ab_semigroup_add_on_with_axioms	KEPT	HOL-Types_To_Sets.Group_On_With
Geo_Real2.real2.neu.thales_converse_postulate	KEPT	MathBench_ProverBase.Geo_Real2
Geo_Real2.real2.neu.strong_parallel_postulate	KEPT	MathBench_ProverBase.Geo_Real2
Gaussian_Integers.prime_square_sum_nat_decomp	KEPT	Gaussian_Integers.Gaussian_Integers
Gaussian_Integers.gauss_int.recover_gauss_int	concealed	Gaussian_Integers.Gaussian_Integers
Gauss_Jordan_Elimination.pivot_positions_main	KEPT	Jordan_Normal_Form.Gauss_Jordan_Elimination
Fraction_Field.uminus_fract_inst.uminus_fract	inst_infix	HOL-Computational_Algebra.Fraction_Field
Fraction_Field.divide_fract_inst.divide_fract	inst_infix	HOL-Computational_Algebra.Fraction_Field
Finite_Cartesian_Product.sgn_vec_inst.sgn_vec	inst_infix	HOL-Analysis.Finite_Cartesian_Product
Finite_Cartesian_Product.one_vec_inst.one_vec	inst_infix	HOL-Analysis.Finite_Cartesian_Product
Ferrack.raw_sum.num.sum.Sum_Type.pred_raw_sum	concealed	HOL-Decision_Procs.Ferrack
Extended_Nat.infinity_enat_inst.infinity_enat	inst_infix	HOL-Library.Extended_Nat
Extended.uminus_extended_inst.uminus_extended	inst_infix	HOL-Library.Extended
Extended.random_extended_inst.random_extended	inst_infix	HOL-Library.Extended
Executable_Euclidean_Space.blinfun_of_vmatrix	KEPT	Affine_Arithmetic.Executable_Euclidean_Space
Equivalence_Measurable_On_Borel.measurable_on	KEPT	HOL-Analysis.Equivalence_Measurable_On_Borel
Elementary_Topology.topological_space.islimpt	class_variant	HOL-Analysis.Elementary_Topology
Elementary_Operations.interchange_columns_row	KEPT	Gauss_Jordan.Elementary_Operations
Elementary_Metric_Spaces.metric_space.bounded	class_variant	HOL-Analysis.Elementary_Metric_Spaces
Elementary_Metric_Spaces.Cauchy_continuous_on	KEPT	HOL-Analysis.Elementary_Metric_Spaces
Efficient_Discrete_Sqrt.newton_sqrt_aux_graph	concealed	Pell.Efficient_Discrete_Sqrt
Dual_Order.dual_wellorder.greaterThanLessThan	KEPT	Rank_Nullity_Theorem.Dual_Order
Dirichlet_Series.typerep_fds_inst.typerep_fds	inst_infix	Dirichlet_Series.Dirichlet_Series
Dirichlet_Series.term_of_fds_inst.term_of_fds	inst_infix	Dirichlet_Series.Dirichlet_Series
Dirichlet_Series.inverse_fds_inst.inverse_fds	inst_infix	Dirichlet_Series.Dirichlet_Series
Dirichlet_Series.class.nat_power_field_axioms	class_infix	Dirichlet_Series.Dirichlet_Series
Countable_Set_Type.ord_cset_inst.less_eq_cset	inst_infix	HOL-Library.Countable_Set_Type
Countable_Set_Type.minus_cset_inst.minus_cset	inst_infix	HOL-Library.Countable_Set_Type
Complex_Singularities.isolated_singularity_at	KEPT	HOL-Complex_Analysis.Complex_Singularities
Complete_Lattice.weak_complete_lattice_axioms	KEPT	HOL-Algebra.Complete_Lattice
Comparator.narrowing_comp_inst.narrowing_comp	inst_infix	HOL-Library.Comparator
Commutative_Ring.typerep_pol_inst.typerep_pol	infra_theory	HOL-Decision_Procs.Commutative_Ring
Commutative_Ring.typerep_mon_inst.typerep_mon	infra_theory	HOL-Decision_Procs.Commutative_Ring
Commutative_Ring.term_of_pol_inst.term_of_pol	infra_theory	HOL-Decision_Procs.Commutative_Ring
Commutative_Ring.term_of_mon_inst.term_of_mon	infra_theory	HOL-Decision_Procs.Commutative_Ring
Commutative_Ring.equal_polex_inst.equal_polex	infra_theory	HOL-Decision_Procs.Commutative_Ring
Commutative_Ring.cring.Ipolex_polex_list_sumC	infra_theory	HOL-Decision_Procs.Commutative_Ring
Coinductive_List.equal_llist_inst.equal_llist	inst_infix	Coinductive.Coinductive_List
Code_Test.yxml_of_term.ctor_fold_yxml_of_term	concealed	HOL-Library.Code_Test
Code_Numeral.times_natural_inst.times_natural	inst_infix	HOL.Code_Numeral
Code_Numeral.times_integer_inst.times_integer	inst_infix	HOL.Code_Numeral
Code_Numeral.ord_natural_inst.less_eq_natural	inst_infix	HOL.Code_Numeral
Code_Numeral.ord_integer_inst.less_eq_integer	inst_infix	HOL.Code_Numeral
Code_Numeral.minus_natural_inst.minus_natural	inst_infix	HOL.Code_Numeral
Code_Numeral.minus_integer_inst.minus_integer	inst_infix	HOL.Code_Numeral
Code_Numeral.equal_natural_inst.equal_natural	inst_infix	HOL.Code_Numeral
Code_Numeral.equal_integer_inst.equal_integer	inst_infix	HOL.Code_Numeral
Chebyshev_Polynomials.cheb_poly.clenshaw_aux'	KEPT	Chebyshev_Polynomials.Chebyshev_Polynomials
Cartesian_Space.vector_space_over_itself.span	KEPT	HOL-Analysis.Cartesian_Space
Bourbaki_Witt_Fixpoint.bourbaki_witt_fixpoint	KEPT	HOL-Library.Bourbaki_Witt_Fixpoint
Bounded_Linear_Function.blinfun.blinfun_apply	KEPT	HOL-Analysis.Bounded_Linear_Function
Bounded_Continuous_Function.bcontfun.Bcontfun	KEPT	HOL-Analysis.Bounded_Continuous_Function
Boolean_Algebras.uminus_bool_inst.uminus_bool	inst_infix	HOL.Boolean_Algebras
Boolean_Algebras.class.boolean_algebra_axioms	class_infix	HOL.Boolean_Algebras
Bochner_Integration.simple_bochner_integrable	KEPT	HOL-Analysis.Bochner_Integration
Bit_Operations.semiring_bits_nat_inst.bit_nat	inst_infix	HOL.Bit_Operations
Bit_Operations.semiring_bits_int_inst.bit_int	inst_infix	HOL.Bit_Operations
Bernoulli_FPS.akiyama_tanigawa_step_aux_graph	concealed	Bernoulli.Bernoulli_FPS
Approximation_Bounds.lb_arctan_ub_arctan_sumC	infra_theory	HOL-Decision_Procs.Approximation_Bounds
Approximation.floatarith.ctor_fold_floatarith	concealed	HOL-Decision_Procs.Approximation
Abstract_Topological_Spaces.separated_between	KEPT	HOL-Analysis.Abstract_Topological_Spaces
Abstract_Metric_Spaces.Metric_space.mtopology	KEPT	HOL-Analysis.Abstract_Metric_Spaces
Abstract_Metric_Spaces.Metric_space.mcomplete	KEPT	HOL-Analysis.Abstract_Metric_Spaces
Abstract_Metric_Spaces.Met_TC.decreasing_dist	KEPT	HOL-Analysis.Abstract_Metric_Spaces
Z2.semiring_bit_operations_bit_inst.mask_bit	inst_infix	HOL-Library.Z2
While_Combinator.rtrancl_while_invariant_rel	concealed	HOL-Library.While_Combinator
While_Combinator.rtrancl_while_invariant_dom	KEPT	HOL-Library.While_Combinator
Weierstrass_Factorization.weierstrass_factor	KEPT	HOL-Complex_Analysis.Weierstrass_Factorization
Uprod.exhaustive_uprod_inst.exhaustive_uprod	inst_infix	HOL-Library.Uprod
UnivPoly.up_ring.up_ring_ext.Rep_up_ring_ext	abs_rep_name	HOL-Algebra.UnivPoly
UnivPoly.up_ring.up_ring_ext.Abs_up_ring_ext	abs_rep_name	HOL-Algebra.UnivPoly
Unique_Factorization.comm_semiring_1.factors	class_variant	Berlekamp_Zassenhaus.Unique_Factorization
Unique_Factorization.comm_monoid_gcd.listgcd	class_variant	Berlekamp_Zassenhaus.Unique_Factorization
Typerep.typerep_typerep_inst.typerep_typerep	inst_infix	HOL.Typerep
Typerep.term_of_typerep_inst.term_of_typerep	inst_infix	HOL.Typerep
Typerep.pre_typerep.typerep.pred_pre_typerep	concealed	HOL.Typerep
Topological_Spaces.topological_space.tendsto	class_variant	HOL.Topological_Spaces
Topological_Spaces.topological_space.compact	class_variant	HOL.Topological_Spaces
Symmetric_Polynomials.fund_sym_poly_wit_sumC	KEPT	Symmetric_Polynomials.Symmetric_Polynomials
State_Monad.typerep_state_inst.typerep_state	inst_infix	HOL-Library.State_Monad
State_Monad.term_of_state_inst.term_of_state	inst_infix	HOL-Library.State_Monad
Signed_Division.class.signed_division_axioms	class_infix	HOL-Library.Signed_Division
Rings.semiring_no_zero_divisors_cancel_class	class_pred	HOL.Rings
Rings.class.semiring_no_zero_divisors_cancel	class_infix	HOL.Rings
Rings.class.semiring_no_zero_divisors_axioms	class_infix	HOL.Rings
Ring_Hom_Poly.map_poly_inj_comm_semiring_hom	KEPT	Polynomial_Interpolation.Ring_Hom_Poly
Ring.ring.equal_ring_ext_inst.equal_ring_ext	inst_infix	HOL-Algebra.Ring
Reflected_Multivariate_Polynomial.polysubst0	infra_theory	HOL-Decision_Procs.Reflected_Multivariate_Polynomial
Reflected_Multivariate_Polynomial.polydivide	infra_theory	HOL-Decision_Procs.Reflected_Multivariate_Polynomial
Reflected_Multivariate_Polynomial.polybound0	infra_theory	HOL-Decision_Procs.Reflected_Multivariate_Polynomial
Reflected_Multivariate_Polynomial.poly_deriv	infra_theory	HOL-Decision_Procs.Reflected_Multivariate_Polynomial
Reflected_Multivariate_Polynomial.poly.Bound	KEPT	HOL-Decision_Procs.Reflected_Multivariate_Polynomial
Reflected_Multivariate_Polynomial.isconstant	infra_theory	HOL-Decision_Procs.Reflected_Multivariate_Polynomial
Reflected_Multivariate_Polynomial.headn_sumC	infra_theory	HOL-Decision_Procs.Reflected_Multivariate_Polynomial
Reflected_Multivariate_Polynomial.head_graph	concealed	HOL-Decision_Procs.Reflected_Multivariate_Polynomial
Reflected_Multivariate_Polynomial.degree_rel	concealed	HOL-Decision_Procs.Reflected_Multivariate_Polynomial
Reflected_Multivariate_Polynomial.degree_dom	infra_theory	HOL-Decision_Procs.Reflected_Multivariate_Polynomial
Reflected_Multivariate_Polynomial.behead_rel	concealed	HOL-Decision_Procs.Reflected_Multivariate_Polynomial
Reflected_Multivariate_Polynomial.behead_dom	infra_theory	HOL-Decision_Procs.Reflected_Multivariate_Polynomial
Record.iso_tuple_update_accessor_cong_assist	KEPT	HOL.Record
Real_Vector_Spaces.real_normed_algebra_class	class_pred	HOL.Real_Vector_Spaces
Real_Vector_Spaces.ordered_real_vector_class	class_pred	HOL.Real_Vector_Spaces
Real_Vector_Spaces.class.real_normed_algebra	class_infix	HOL.Real_Vector_Spaces
Real_Vector_Spaces.class.real_algebra_axioms	class_infix	HOL.Real_Vector_Spaces
Real_Vector_Spaces.class.ordered_real_vector	class_infix	HOL.Real_Vector_Spaces
Real_Vector_Spaces.class.metric_space_axioms	class_infix	HOL.Real_Vector_Spaces
Rational_FPS_Solver.inverse_irred_power_poly	KEPT	Linear_Recurrences.Rational_FPS_Solver
Quotient_Type.typerep_quot_inst.typerep_quot	inst_infix	HOL-Library.Quotient_Type
Quickcheck_Random.random_set_inst.random_set	inst_infix	HOL.Quickcheck_Random
Quickcheck_Random.random_nat_inst.random_nat	inst_infix	HOL.Quickcheck_Random
Quickcheck_Random.random_int_inst.random_int	inst_infix	HOL.Quickcheck_Random
Quickcheck_Random.random_fun_inst.random_fun	KEPT	HOL.Quickcheck_Random
Quickcheck_Exhaustive.check_all_subsets_sumC	KEPT	HOL.Quickcheck_Exhaustive
Quickcheck_Exhaustive.check_all_n_lists_sumC	KEPT	HOL.Quickcheck_Exhaustive
Probability_Mass_Function.measure_pmf.events	KEPT	HOL-Probability.Probability_Mass_Function
Pratt_Certificate.size_pratt_inst.size_pratt	inst_infix	Pratt_Certificate.Pratt_Certificate
Pratt_Certificate.pratt_tree.size_pratt_tree	adt_record	Pratt_Certificate.Pratt_Certificate
Pratt_Certificate.pratt_tree.dtor_pratt_tree	concealed	Pratt_Certificate.Pratt_Certificate
Pratt_Certificate.pratt_tree.ctor_pratt_tree	concealed	Pratt_Certificate.Pratt_Certificate
Pratt_Certificate.pratt_tree.case_pratt_tree	KEPT	Pratt_Certificate.Pratt_Certificate
Pratt_Certificate.check_prime_factors_subset	KEPT	Pratt_Certificate.Pratt_Certificate
Polynomial_List.semiring_0_class.nonconstant	infra_theory	HOL-Decision_Procs.Polynomial_List
Polynomial_Factorial.gcd_poly_code_aux_graph	concealed	HOL-Computational_Algebra.Polynomial_Factorial
Picard_Lindeloef_Qualitative.ll_on_open.flow	KEPT	Ordinary_Differential_Equations.Picard_Lindeloef_Qualitative
Picard_Lindeloef_Qualitative.ll_on_open.csol	KEPT	Ordinary_Differential_Equations.Picard_Lindeloef_Qualitative
Permutations.inverse_permutation_of_list_rel	concealed	HOL-Combinatorics.Permutations
Permutations.inverse_permutation_of_list_dom	KEPT	HOL-Combinatorics.Permutations
Partial_Fraction_Decomposition.decompose_rel	concealed	Linear_Recurrences.Partial_Fraction_Decomposition
Partial_Fraction_Decomposition.decompose_dom	KEPT	Linear_Recurrences.Partial_Fraction_Decomposition
Partial_Fraction_Decomposition.decompose_aux	KEPT	Linear_Recurrences.Partial_Fraction_Decomposition
Ordered_Euclidean_Space.sup_vec_inst.sup_vec	inst_infix	HOL-Analysis.Ordered_Euclidean_Space
Ordered_Euclidean_Space.inf_vec_inst.inf_vec	inst_infix	HOL-Analysis.Ordered_Euclidean_Space
Ordered_Euclidean_Space.abs_vec_inst.abs_vec	inst_infix	HOL-Analysis.Ordered_Euclidean_Space
Ordered_Euclidean_Space.Sup_vec_inst.Sup_vec	inst_infix	HOL-Analysis.Ordered_Euclidean_Space
Ordered_Euclidean_Space.Inf_vec_inst.Inf_vec	inst_infix	HOL-Analysis.Ordered_Euclidean_Space
Order.gorder.gorder_ext.gorder_ext_Tuple_Iso	adt_record	HOL-Algebra.Order
Nonnegative_Lebesgue_Integration.nn_integral	KEPT	HOL-Analysis.Nonnegative_Lebesgue_Integration
Nitpick.typerep_fun_box_inst.typerep_fun_box	inst_infix	HOL.Nitpick
Nitpick.pre_fun_box.fun_box.pred_pre_fun_box	concealed	HOL.Nitpick
Newton_Interpolation.newton_coefficients_int	KEPT	Polynomial_Interpolation.Newton_Interpolation
Newton_Interpolation.horner_composition_sumC	KEPT	Polynomial_Interpolation.Newton_Interpolation
Multivariate_Taylor.second_derivative_within	KEPT	Ordinary_Differential_Equations.Multivariate_Taylor
Multiseries_Expansion.times_ms_inst.times_ms	inst_infix	HOL-Real_Asymp.Multiseries_Expansion
Multiseries_Expansion.multiseries_class.eval	KEPT	HOL-Real_Asymp.Multiseries_Expansion
Multiseries_Expansion.msstream.strT_msstream	concealed	HOL-Real_Asymp.Multiseries_Expansion
Multiseries_Expansion.msstream.pred_msstream	KEPT	HOL-Real_Asymp.Multiseries_Expansion
Multiseries_Expansion.msstream.dtor_msstream	concealed	HOL-Real_Asymp.Multiseries_Expansion
Multiseries_Expansion.msstream.ctor_msstream	concealed	HOL-Real_Asymp.Multiseries_Expansion
Multiseries_Expansion.msstream.case_msstream	KEPT	HOL-Real_Asymp.Multiseries_Expansion
Multiseries_Expansion.msstream.carT_msstream	concealed	HOL-Real_Asymp.Multiseries_Expansion
Multiseries_Expansion.msllist.isNode_msllist	concealed	HOL-Real_Asymp.Multiseries_Expansion
Multiseries_Expansion.minus_ms_inst.minus_ms	inst_infix	HOL-Real_Asymp.Multiseries_Expansion
Multiseries_Expansion.equal_ms_inst.equal_ms	inst_infix	HOL-Real_Asymp.Multiseries_Expansion
Mapping.typerep_mapping_inst.typerep_mapping	inst_infix	HOL-Library.Mapping
Mapping.term_of_mapping_inst.term_of_mapping	inst_infix	HOL-Library.Mapping
MIR.raw_sum.fm.sum2.sum.Sum_Type.set_raw_sum	concealed	HOL-Decision_Procs.MIR
Linear_Temporal_Logic_on_Streams.holds_graph	concealed	HOL-Library.Linear_Temporal_Logic_on_Streams
Linear_Recurrences_Common.lr_fps_denominator	KEPT	Linear_Recurrences.Linear_Recurrences_Common
Linear_Inhomogenous_Recurrences.eval_polyexp	KEPT	Linear_Recurrences.Linear_Inhomogenous_Recurrences
Lattices_Big.semilattice_sup_class.Sup_fin.F	KEPT	HOL.Lattices_Big
Lattices_Big.semilattice_inf_class.Inf_fin.F	KEPT	HOL.Lattices_Big
Lattice_Constructions.size_top_inst.size_top	inst_infix	HOL-Library.Lattice_Constructions
Lattice_Constructions.size_bot_inst.size_bot	inst_infix	HOL-Library.Lattice_Constructions
Landau_Real_Products.primfun.min_alg_primfun	concealed	Landau_Symbols.Landau_Real_Products
Landau_Real_Products.nonneg_primfun_list_rel	concealed	Landau_Symbols.Landau_Real_Products
Landau_Real_Products.nonneg_primfun_list_dom	KEPT	Landau_Symbols.Landau_Real_Products
Landau_Real_Products.landau_dominating_chain	KEPT	Landau_Symbols.Landau_Real_Products
Landau_Real_Products.iszero_primfun_list_rel	concealed	Landau_Symbols.Landau_Real_Products
Landau_Real_Products.iszero_primfun_list_dom	KEPT	Landau_Symbols.Landau_Real_Products
Landau_Real_Products.groupsort_primfun.group	hidden	Landau_Symbols.Landau_Real_Products
Isolated.topological_space_class.isolated_in	KEPT	HOL-Analysis.Isolated
Isolated.metric_space_class.uniform_discrete	KEPT	HOL-Analysis.Isolated
Interval_Integral.interval_lebesgue_integral	KEPT	HOL-Analysis.Interval_Integral
Integral_Test.antimono_fun_sum_integral_diff	KEPT	HOL-Analysis.Integral_Test
Initial_Value_Problem.unique_on_strip_axioms	KEPT	Ordinary_Differential_Equations.Initial_Value_Problem
Information.information_space.finite_entropy	KEPT	HOL-Probability.Information
Groups_List.comm_semiring_0_class.horner_sum	KEPT	HOL.Groups_List
Groups_Big_Fun.comm_monoid_add_class.Sum_any	KEPT	HOL-Library.Groups_Big_Fun
Groups.strict_ordered_ab_semigroup_add_class	class_pred	HOL.Groups
Groups.ordered_cancel_comm_monoid_diff_class	class_pred	HOL.Groups
Groups.ordered_cancel_ab_semigroup_add_class	class_pred	HOL.Groups
Groups.ordered_ab_semigroup_add_imp_le_class	class_pred	HOL.Groups
Groups.class.strict_ordered_ab_semigroup_add	class_infix	HOL.Groups
Groups.class.ordered_cancel_comm_monoid_diff	class_infix	HOL.Groups
Groups.class.ordered_cancel_ab_semigroup_add	class_infix	HOL.Groups
Groups.class.ordered_ab_semigroup_add_imp_le	class_infix	HOL.Groups
Groups.class.ordered_ab_semigroup_add_axioms	class_infix	HOL.Groups
Groups.class.ordered_ab_group_add_abs_axioms	class_infix	HOL.Groups
Group_On_With.comm_monoid_add_on_with_axioms	KEPT	HOL-Types_To_Sets.Group_On_With
Group.monoid.monoid_ext.monoid_ext_Tuple_Iso	adt_record	HOL-Algebra.Group
Geo_Real2.real2.neu.plane_intersection_axiom	KEPT	MathBench_ProverBase.Geo_Real2
Geo_Real2.real2.neu.orthonormal_family_axiom	KEPT	MathBench_ProverBase.Geo_Real2
Gaussian_Integers.gauss_int.isNode_gauss_int	concealed	Gaussian_Integers.Gaussian_Integers
Gaussian_Integers.factor_gauss_int_prime_nat	KEPT	Gaussian_Integers.Gaussian_Integers
Gauss_Jordan_Elimination.pivot_positions_gen	KEPT	Jordan_Normal_Form.Gauss_Jordan_Elimination
Gauss_Jordan_Elimination.gauss_jordan_single	KEPT	Jordan_Normal_Form.Gauss_Jordan_Elimination
Functional_Spaces.scaleR_fun_inst.scaleR_fun	KEPT	Lp.Functional_Spaces
Function_Division.divide_fun_inst.divide_fun	KEPT	HOL-Library.Function_Division
Formal_Power_Series.times_fps_inst.times_fps	inst_infix	HOL-Computational_Algebra.Formal_Power_Series
Formal_Power_Series.minus_fps_inst.minus_fps	inst_infix	HOL-Computational_Algebra.Formal_Power_Series
Formal_Laurent_Series.zero_fls_inst.zero_fls	inst_infix	HOL-Computational_Algebra.Formal_Laurent_Series
Formal_Laurent_Series.plus_fls_inst.plus_fls	inst_infix	HOL-Computational_Algebra.Formal_Laurent_Series
Formal_Laurent_Series.open_fls_inst.open_fls	inst_infix	HOL-Computational_Algebra.Formal_Laurent_Series
Formal_Laurent_Series.fls_base_factor_to_fps	KEPT	HOL-Computational_Algebra.Formal_Laurent_Series
Formal_Laurent_Series.dist_fls_inst.dist_fls	inst_infix	HOL-Computational_Algebra.Formal_Laurent_Series
Float.exhaustive_float_inst.exhaustive_float	inst_infix	HOL-Library.Float
Finite_And_Cyclic_Groups.finite_group_axioms	KEPT	Finitely_Generated_Abelian_Groups.Finite_And_Cyclic_Groups
Finite_And_Cyclic_Groups.finite_cyclic_group	KEPT	Finitely_Generated_Abelian_Groups.Finite_And_Cyclic_Groups
Finite_And_Cyclic_Groups.cyclic_group_axioms	KEPT	Finitely_Generated_Abelian_Groups.Finite_And_Cyclic_Groups
Finite_And_Cyclic_Groups.INTEG.R.add.get_exp	KEPT	Finitely_Generated_Abelian_Groups.Finite_And_Cyclic_Groups
Finite_And_Cyclic_Groups.INTEG.P.add.get_exp	KEPT	Finitely_Generated_Abelian_Groups.Finite_And_Cyclic_Groups
Fin_Map.uniformity_fmap_inst.uniformity_fmap	inst_infix	HOL-Probability.Fin_Map
Ferrack.raw_sum.num.sum.Sum_Type.set_raw_sum	concealed	HOL-Decision_Procs.Ferrack
Ferrack.raw_sum.num.sum.Sum_Type.rel_raw_sum	concealed	HOL-Decision_Procs.Ferrack
Ferrack.raw_sum.num.sum.Sum_Type.map_raw_sum	concealed	HOL-Decision_Procs.Ferrack
Extended_Real.uminus_ereal_inst.uminus_ereal	inst_infix	HOL-Library.Extended_Real
Extended_Real.random_ereal_inst.random_ereal	inst_infix	HOL-Library.Extended_Real
Extended_Real.pre_ereal.ereal.pred_pre_ereal	concealed	HOL-Library.Extended_Real
Extended_Real.divide_ereal_inst.divide_ereal	inst_infix	HOL-Library.Extended_Real
Extended_Nonnegative_Real.ennreal.e2ennreal'	KEPT	HOL-Library.Extended_Nonnegative_Real
Euclidean_Space.class.euclidean_space_axioms	class_infix	HOL-Analysis.Euclidean_Space
Euclidean_Algorithm.euclidean_ring_gcd_class	class_pred	HOL-Computational_Algebra.Euclidean_Algorithm
Euclidean_Algorithm.class.euclidean_ring_gcd	class_infix	HOL-Computational_Algebra.Euclidean_Algorithm
Enum.pre_finite_5.finite_5.pred_pre_finite_5	concealed	HOL.Enum
Enum.pre_finite_4.finite_4.pred_pre_finite_4	concealed	HOL.Enum
Enum.pre_finite_3.finite_3.pred_pre_finite_3	concealed	HOL.Enum
Enum.pre_finite_2.finite_2.pred_pre_finite_2	concealed	HOL.Enum
Enum.pre_finite_1.finite_1.pred_pre_finite_1	concealed	HOL.Enum
Efficient_Discrete_Sqrt.newton_sqrt_aux_sumC	KEPT	Pell.Efficient_Discrete_Sqrt
E_Transcendental.lindemann_weierstrass_aux.I	KEPT	E_Transcendental.E_Transcendental
Dual_Ordered_Lattice.ord_dual_inst.less_dual	inst_infix	HOL-Library.Dual_Ordered_Lattice
Dual_Order.dual_wellorder.strict_antimono_on	KEPT	Rank_Nullity_Theorem.Dual_Order
Dual_Order.dual_wellorder.sorted_list_of_set	KEPT	Rank_Nullity_Theorem.Dual_Order
Dlist.exhaustive_dlist_inst.exhaustive_dlist	inst_infix	HOL-Library.Dlist
Cooper.raw_sum.num.sum.Sum_Type.pred_raw_sum	concealed	HOL-Decision_Procs.Cooper
Continued_Fractions.one_cfrac_inst.one_cfrac	inst_infix	Continued_Fractions.Continued_Fractions
Conjugate.conjugate_real_inst.conjugate_real	inst_infix	Jordan_Normal_Form.Conjugate
Congruence.partial_object.partial_object_ext	KEPT	HOL-Algebra.Congruence
Cong.unique_euclidean_semiring_class.notcong	KEPT	HOL-Number_Theory.Cong
Complex_Lexorder.complex_lex.stable_sort_key	KEPT	Hermite_Lindemann.Complex_Lexorder
Complex_Lexorder.complex_lex.atLeastLessThan	KEPT	Hermite_Lindemann.Complex_Lexorder
Complex.typerep_complex_inst.typerep_complex	inst_infix	HOL.Complex
Complex.term_of_complex_inst.term_of_complex	inst_infix	HOL.Complex
Complex.pre_complex.complex.pred_pre_complex	concealed	HOL.Complex
Complex.inverse_complex_inst.inverse_complex	inst_infix	HOL.Complex
Commutative_Ring.cring.Ipolex_polex_list_rel	concealed	HOL-Decision_Procs.Commutative_Ring
Commutative_Ring.cring.Ipolex_polex_list_dom	infra_theory	HOL-Decision_Procs.Commutative_Ring
Code_Test.yxml_of_term.str_init_yxml_of_term	concealed	HOL-Library.Code_Test
Code_Test.yxml_of_term.ctor_rec_yxml_of_term	concealed	HOL-Library.Code_Test
Code_Evaluation.term_of_fun_inst.term_of_fun	infra_theory	HOL.Code_Evaluation
Chebyshev_Polynomials.clenshaw.clenshaw_aux'	KEPT	Chebyshev_Polynomials.Chebyshev_Polynomials
Chebyshev_Polynomials.cheb_poly.clenshaw_aux	KEPT	Chebyshev_Polynomials.Chebyshev_Polynomials
Catalan_Numbers.random_tree_inst.random_tree	inst_infix	Catalan_Numbers.Catalan_Numbers
Cartesian_Space.vector_space_over_itself.dim	KEPT	HOL-Analysis.Cartesian_Space
Cardinality.card_UNIV_sum_inst.card_UNIV_sum	inst_infix	HOL-Library.Cardinality
Cardinality.card_UNIV_set_inst.card_UNIV_set	inst_infix	HOL-Library.Cardinality
Cardinality.card_UNIV_nat_inst.card_UNIV_nat	inst_infix	HOL-Library.Cardinality
Cardinality.card_UNIV_int_inst.card_UNIV_int	inst_infix	HOL-Library.Cardinality
Cardinality.card_UNIV_fun_inst.card_UNIV_fun	KEPT	HOL-Library.Cardinality
Bounded_Linear_Function.blinfun_scaleR_right	KEPT	HOL-Analysis.Bounded_Linear_Function
Bit_Operations.semiring_bit_operations_class	class_pred	HOL.Bit_Operations
Bit_Operations.ring_bit_operations_class.not	KEPT	HOL.Bit_Operations
Bit_Operations.class.semiring_bit_operations	class_infix	HOL.Bit_Operations
Bernoulli_FPS.akiyama_tanigawa_step_aux_sumC	KEPT	Bernoulli.Bernoulli_FPS
Archimedean_Field.class.floor_ceiling_axioms	class_infix	HOL.Archimedean_Field
Approximation_Bounds.powr_float_interval_aux	concealed	HOL-Decision_Procs.Approximation_Bounds
Approximation_Bounds.lb_arctan_ub_arctan_rel	concealed	HOL-Decision_Procs.Approximation_Bounds
Approximation_Bounds.lb_arctan_ub_arctan_dom	infra_theory	HOL-Decision_Procs.Approximation_Bounds
Approximation.typerep_form_inst.typerep_form	infra_theory	HOL-Decision_Procs.Approximation
Approximation.term_of_form_inst.term_of_form	infra_theory	HOL-Decision_Procs.Approximation
Approximation.floatarith.str_init_floatarith	concealed	HOL-Decision_Procs.Approximation
Approximation.floatarith.ctor_rec_floatarith	concealed	HOL-Decision_Procs.Approximation
Approximation.approx_form'_approx_form_graph	concealed	HOL-Decision_Procs.Approximation
Algebraic_Numbers.poly_x_minus_y_hom.vec_hom	KEPT	Algebraic_Numbers.Algebraic_Numbers
Algebraic_Numbers.poly_x_minus_y_hom.mat_hom	KEPT	Algebraic_Numbers.Algebraic_Numbers
Abstract_Topological_Spaces.second_countable	KEPT	HOL-Analysis.Abstract_Topological_Spaces
Abstract_Metric_Spaces.Metric_space.mbounded	KEPT	HOL-Analysis.Abstract_Metric_Spaces
Abstract_Metric_Spaces.Cauchy_continuous_map	KEPT	HOL-Analysis.Abstract_Metric_Spaces
Z2.semiring_bit_operations_bit_inst.xor_bit	inst_infix	HOL-Library.Z2
Z2.semiring_bit_operations_bit_inst.and_bit	inst_infix	HOL-Library.Z2
Word.ring_bit_operations_word_inst.not_word	inst_infix	HOL-Library.Word
Weierstrass_Theorems.function_ring_on.normf	KEPT	HOL-Analysis.Weierstrass_Theorems
Unique_Factorization.comm_semiring_1.factor	class_variant	Berlekamp_Zassenhaus.Unique_Factorization
Typerep.pre_typerep.typerep.wit_pre_typerep	concealed	HOL.Typerep
Typerep.pre_typerep.typerep.set_pre_typerep	concealed	HOL.Typerep
Typerep.pre_typerep.typerep.rel_pre_typerep	concealed	HOL.Typerep
Typerep.pre_typerep.typerep.map_pre_typerep	concealed	HOL.Typerep
Tree.tree.tree_IITN_tree.Rep_tree_IITN_tree	concealed	HOL-Library.Tree
Tree.tree.tree_IITN_tree.Abs_tree_IITN_tree	concealed	HOL-Library.Tree
Topological_Spaces.uniformity.uniformity_on	class_variant	HOL.Topological_Spaces
Topological_Spaces.topological_space.closed	class_variant	HOL.Topological_Spaces
Topological_Spaces.topological_space.LIMSEQ	class_variant	HOL.Topological_Spaces
Topological_Spaces.open_prod_inst.open_prod	inst_infix	HOL.Topological_Spaces
Topological_Spaces.open_bool_inst.open_bool	inst_infix	HOL.Topological_Spaces
Time_Functions.T_size_list_inst.T_size_list	inst_infix	HOL-Library.Time_Functions
Tarski_Neutral.Tarski_neutral_dimensionless	KEPT	IsaGeoCoq.Tarski_Neutral
Symmetric_Polynomials.fund_sym_poly_wit_rel	concealed	Symmetric_Polynomials.Symmetric_Polynomials
Symmetric_Polynomials.fund_sym_poly_wit_dom	KEPT	Symmetric_Polynomials.Symmetric_Polynomials
Symmetric_Polynomials.check_symmetric_mpoly	KEPT	Symmetric_Polynomials.Symmetric_Polynomials
String.typerep_literal_inst.typerep_literal	inst_infix	HOL.String
String.term_of_literal_inst.term_of_literal	inst_infix	HOL.String
String.char.char_pre_char.Rep_char_pre_char	concealed	HOL.String
String.char.char_pre_char.Abs_char_pre_char	concealed	HOL.String
Square_Free_Factorization.yun_factorization	KEPT	Polynomial_Factorization.Square_Free_Factorization
SG_Library_Complement.finite_borel_measure'	KEPT	Ergodic_Theory.SG_Library_Complement
Rings.normalization_semidom_class.normalize	KEPT	HOL.Rings
Rings.linordered_comm_semiring_strict_class	class_pred	HOL.Rings
Rings.class.linordered_comm_semiring_strict	class_infix	HOL.Rings
Reflective_Field.size_pexpr_inst.size_pexpr	infra_theory	HOL-Decision_Procs.Reflective_Field
Reflective_Field.size_fexpr_inst.size_fexpr	infra_theory	HOL-Decision_Procs.Reflective_Field
Reflected_Multivariate_Polynomial.polypoly'	infra_theory	HOL-Decision_Procs.Reflected_Multivariate_Polynomial
Reflected_Multivariate_Polynomial.poly_nate	infra_theory	HOL-Decision_Procs.Reflected_Multivariate_Polynomial
Reflected_Multivariate_Polynomial.poly_cmul	infra_theory	HOL-Decision_Procs.Reflected_Multivariate_Polynomial
Reflected_Multivariate_Polynomial.headn_rel	concealed	HOL-Decision_Procs.Reflected_Multivariate_Polynomial
Reflected_Multivariate_Polynomial.headn_dom	infra_theory	HOL-Decision_Procs.Reflected_Multivariate_Polynomial
Reflected_Multivariate_Polynomial.headconst	infra_theory	HOL-Decision_Procs.Reflected_Multivariate_Polynomial
Reflected_Multivariate_Polynomial.head_sumC	infra_theory	HOL-Decision_Procs.Reflected_Multivariate_Polynomial
Real_Vector_Spaces.real_vector.extend_basis	KEPT	HOL.Real_Vector_Spaces
Real_Vector_Spaces.real_normed_vector_class	class_pred	HOL.Real_Vector_Spaces
Real_Vector_Spaces.open_real_inst.open_real	inst_infix	HOL.Real_Vector_Spaces
Real_Vector_Spaces.norm_real_inst.norm_real	inst_infix	HOL.Real_Vector_Spaces
Real_Vector_Spaces.dist_real_inst.dist_real	inst_infix	HOL.Real_Vector_Spaces
Real_Vector_Spaces.class.real_vector_axioms	class_infix	HOL.Real_Vector_Spaces
Real_Vector_Spaces.class.real_normed_vector	class_infix	HOL.Real_Vector_Spaces
Random_Permutations.fold_random_permutation	KEPT	HOL-Probability.Random_Permutations
Quickcheck_Narrowing.property.dtor_property	concealed	HOL.Quickcheck_Narrowing
Quickcheck_Narrowing.property.ctor_property	concealed	HOL.Quickcheck_Narrowing
Quickcheck_Narrowing.property.case_property	KEPT	HOL.Quickcheck_Narrowing
Quickcheck_Exhaustive.three_valued.No_value	KEPT	HOL.Quickcheck_Exhaustive
Quickcheck_Exhaustive.full_exhaustive_class	class_pred	HOL.Quickcheck_Exhaustive
Quickcheck_Exhaustive.fast_exhaustive_class	class_pred	HOL.Quickcheck_Exhaustive
Quickcheck_Exhaustive.exhaustive_int'_graph	concealed	HOL.Quickcheck_Exhaustive
Quickcheck_Exhaustive.exhaustive_fun'_graph	concealed	HOL.Quickcheck_Exhaustive
Quickcheck_Exhaustive.check_all_subsets_rel	concealed	HOL.Quickcheck_Exhaustive
Quickcheck_Exhaustive.check_all_subsets_dom	KEPT	HOL.Quickcheck_Exhaustive
Quickcheck_Exhaustive.check_all_n_lists_rel	concealed	HOL.Quickcheck_Exhaustive
Quickcheck_Exhaustive.check_all_n_lists_dom	KEPT	HOL.Quickcheck_Exhaustive
Product_Vector.scaleR_prod_inst.scaleR_prod	inst_infix	HOL-Analysis.Product_Vector
Product_Type.typerep_unit_inst.typerep_unit	inst_infix	HOL.Product_Type
Product_Type.typerep_prod_inst.typerep_prod	inst_infix	HOL.Product_Type
Product_Type.term_of_unit_inst.term_of_unit	inst_infix	HOL.Product_Type
Product_Type.term_of_prod_inst.term_of_prod	inst_infix	HOL.Product_Type
Product_Type.default_unit_inst.default_unit	inst_infix	HOL.Product_Type
Prime_Factorization.prime_factorization_nat	KEPT	Polynomial_Factorization.Prime_Factorization
Predicate.seq.seq_IITN_seq.Rep_seq_IITN_seq	concealed	HOL.Predicate
Predicate.seq.seq_IITN_seq.Abs_seq_IITN_seq	concealed	HOL.Predicate
Pratt_Certificate.pratt_tree.rec_pratt_tree	KEPT	Pratt_Certificate.Pratt_Certificate
Pratt_Certificate.pratt_tree.mor_pratt_tree	concealed	Pratt_Certificate.Pratt_Certificate
Pratt_Certificate.pratt_tree.alg_pratt_tree	concealed	Pratt_Certificate.Pratt_Certificate
Pratt_Certificate.pratt_tree.Rep_pratt_tree	concealed	Pratt_Certificate.Pratt_Certificate
Pratt_Certificate.pratt_tree.Abs_pratt_tree	concealed	Pratt_Certificate.Pratt_Certificate
Polynomial_List.semiring_0_class.pnormalize	infra_theory	HOL-Decision_Procs.Polynomial_List
Polynomial_Factorial.gcd_poly_inst.lcm_poly	inst_infix	HOL-Computational_Algebra.Polynomial_Factorial
Polynomial_Factorial.gcd_poly_inst.gcd_poly	inst_infix	HOL-Computational_Algebra.Polynomial_Factorial
Polynomial_Factorial.gcd_poly_code_aux_sumC	KEPT	HOL-Computational_Algebra.Polynomial_Factorial
Polynomial_Factorial.Gcd_poly_inst.Lcm_poly	inst_infix	HOL-Computational_Algebra.Polynomial_Factorial
Polynomial_Factorial.Gcd_poly_inst.Gcd_poly	inst_infix	HOL-Computational_Algebra.Polynomial_Factorial
Phantom_Type.size_phantom_inst.size_phantom	inst_infix	HOL-Library.Phantom_Type
Parametric_Ferrante_Rackoff.tm.ctor_fold_tm	concealed	HOL-Decision_Procs.Parametric_Ferrante_Rackoff
Parametric_Ferrante_Rackoff.msubstpos_graph	concealed	HOL-Decision_Procs.Parametric_Ferrante_Rackoff
Parametric_Ferrante_Rackoff.msubstneg_graph	concealed	HOL-Decision_Procs.Parametric_Ferrante_Rackoff
Parametric_Ferrante_Rackoff.fm.ctor_fold_fm	concealed	HOL-Decision_Procs.Parametric_Ferrante_Rackoff
Parametric_Ferrante_Rackoff.disjuncts_graph	concealed	HOL-Decision_Procs.Parametric_Ferrante_Rackoff
Parametric_Ferrante_Rackoff.conjuncts_graph	concealed	HOL-Decision_Procs.Parametric_Ferrante_Rackoff
Parallel.typerep_future_inst.typerep_future	inst_infix	HOL-Library.Parallel
Parallel.term_of_future_inst.term_of_future	inst_infix	HOL-Library.Parallel
Old_Datatype.typerep_node_inst.typerep_node	inst_infix	HOL-Library.Old_Datatype
Numeral_Type.typerep_num1_inst.typerep_num1	inst_infix	HOL-Library.Numeral_Type
Numeral_Type.typerep_num0_inst.typerep_num0	inst_infix	HOL-Library.Numeral_Type
Numeral_Type.typerep_bit1_inst.typerep_bit1	inst_infix	HOL-Library.Numeral_Type
Numeral_Type.typerep_bit0_inst.typerep_bit0	inst_infix	HOL-Library.Numeral_Type
Numeral_Type.term_of_num1_inst.term_of_num1	inst_infix	HOL-Library.Numeral_Type
Numeral_Type.term_of_num0_inst.term_of_num0	inst_infix	HOL-Library.Numeral_Type
Numeral_Type.term_of_bit1_inst.term_of_bit1	inst_infix	HOL-Library.Numeral_Type
Numeral_Type.term_of_bit0_inst.term_of_bit0	inst_infix	HOL-Library.Numeral_Type
Nitpick.pre_fun_box.fun_box.wit_pre_fun_box	concealed	HOL.Nitpick
Nitpick.pre_fun_box.fun_box.set_pre_fun_box	concealed	HOL.Nitpick
Nitpick.pre_fun_box.fun_box.rel_pre_fun_box	concealed	HOL.Nitpick
Nitpick.pre_fun_box.fun_box.map_pre_fun_box	concealed	HOL.Nitpick
Newton_Interpolation.horner_composition_rel	concealed	Polynomial_Interpolation.Newton_Interpolation
Newton_Interpolation.horner_composition_dom	KEPT	Polynomial_Interpolation.Newton_Interpolation
Multiset.ord_multiset_inst.less_eq_multiset	inst_infix	HOL-Library.Multiset
Multiset.minus_multiset_inst.minus_multiset	inst_infix	HOL-Library.Multiset
Multiset.equal_multiset_inst.equal_multiset	inst_infix	HOL-Library.Multiset
Multiset.comm_monoid_mult_class.prod_mset.F	KEPT	HOL-Library.Multiset
Multiseries_Expansion.sin_series_stream_aux	KEPT	HOL-Real_Asymp.Multiseries_Expansion
Multiseries_Expansion.pre_ms.ms.set2_pre_ms	concealed	HOL-Real_Asymp.Multiseries_Expansion
Multiseries_Expansion.pre_ms.ms.set1_pre_ms	concealed	HOL-Real_Asymp.Multiseries_Expansion
Multiseries_Expansion.pre_ms.ms.pred_pre_ms	concealed	HOL-Real_Asymp.Multiseries_Expansion
Multiseries_Expansion.msstream.set_msstream	KEPT	HOL-Real_Asymp.Multiseries_Expansion
Multiseries_Expansion.msstream.rel_msstream	KEPT	HOL-Real_Asymp.Multiseries_Expansion
Multiseries_Expansion.msstream.mor_msstream	concealed	HOL-Real_Asymp.Multiseries_Expansion
Multiseries_Expansion.msstream.map_msstream	KEPT	HOL-Real_Asymp.Multiseries_Expansion
Multiseries_Expansion.msstream.col_msstream	concealed	HOL-Real_Asymp.Multiseries_Expansion
Multiseries_Expansion.msstream.bis_msstream	concealed	HOL-Real_Asymp.Multiseries_Expansion
Multiseries_Expansion.msstream.beh_msstream	concealed	HOL-Real_Asymp.Multiseries_Expansion
Multiseries_Expansion.msstream.Rep_msstream	concealed	HOL-Real_Asymp.Multiseries_Expansion
Multiseries_Expansion.msstream.Lev_msstream	concealed	HOL-Real_Asymp.Multiseries_Expansion
Multiseries_Expansion.msstream.Abs_msstream	concealed	HOL-Real_Asymp.Multiseries_Expansion
Multiseries_Expansion.msllist.v4.proto_sctr	concealed	HOL-Real_Asymp.Multiseries_Expansion
Multiseries_Expansion.msllist.v3.proto_sctr	concealed	HOL-Real_Asymp.Multiseries_Expansion
Multiseries_Expansion.msllist.v2.proto_sctr	concealed	HOL-Real_Asymp.Multiseries_Expansion
Multiseries_Expansion.msllist.v1.proto_sctr	concealed	HOL-Real_Asymp.Multiseries_Expansion
Multiseries_Expansion.msllist.lsbis_msllist	concealed	HOL-Real_Asymp.Multiseries_Expansion
Multiseries_Expansion.msllist.corec_msllist	KEPT	HOL-Real_Asymp.Multiseries_Expansion
Multiseries_Expansion.msllist.coalg_msllist	concealed	HOL-Real_Asymp.Multiseries_Expansion
Multiseries_Expansion.exp_series_stream_aux	KEPT	HOL-Real_Asymp.Multiseries_Expansion
Measure_Space.ord_measure_inst.less_measure	inst_infix	HOL-Analysis.Measure_Space
Matrix_To_IArray.interchange_columns_iarray	KEPT	Gauss_Jordan.Matrix_To_IArray
MPoly_Type.typerep_mpoly_inst.typerep_mpoly	inst_infix	Polynomials.MPoly_Type
MPoly_Type.term_of_mpoly_inst.term_of_mpoly	inst_infix	Polynomials.MPoly_Type
List.list.list_IITN_list.Rep_list_IITN_list	concealed	HOL.List
List.list.list_IITN_list.Abs_list_IITN_list	concealed	HOL.List
Linear_Temporal_Logic_on_Streams.holds_sumC	KEPT	HOL-Library.Linear_Temporal_Logic_on_Streams
Linear_Inhomogenous_Recurrences.polyexp_fps	KEPT	Linear_Recurrences.Linear_Inhomogenous_Recurrences
Lattice_Constructions.ord_top_inst.less_top	inst_infix	HOL-Library.Lattice_Constructions
Lattice_Constructions.ord_bot_inst.less_bot	inst_infix	HOL-Library.Lattice_Constructions
Lattice_Algebras.lattice_ab_group_add_class	class_pred	HOL-Library.Lattice_Algebras
Lattice_Algebras.class.lattice_ab_group_add	class_infix	HOL-Library.Lattice_Algebras
Landau_Real_Products.pos_primfun_list_graph	concealed	Landau_Symbols.Landau_Real_Products
Landau_Real_Products.landau_function_family	KEPT	Landau_Symbols.Landau_Real_Products
Landau_Real_Products.groupsort_primfun.sort	hidden	Landau_Symbols.Landau_Real_Products
Landau_Real_Products.groupsort_primfun.part	hidden	Landau_Symbols.Landau_Real_Products
Interval.times_interval_inst.times_interval	inst_infix	HOL-Library.Interval
Interval.ord_interval_inst.less_eq_interval	inst_infix	HOL-Library.Interval
Interval.minus_interval_inst.minus_interval	inst_infix	HOL-Library.Interval
Interval.equal_interval_inst.equal_interval	inst_infix	HOL-Library.Interval
Initial_Value_Problem.unique_on_closed.step	KEPT	Ordinary_Differential_Equations.Initial_Value_Problem
Initial_Value_Problem.compact_interval.tmin	KEPT	Ordinary_Differential_Equations.Initial_Value_Problem
Initial_Value_Problem.compact_interval.tmax	KEPT	Ordinary_Differential_Equations.Initial_Value_Problem
IArray_Addenda.plus_iarray_inst.plus_iarray	inst_infix	Gauss_Jordan.IArray_Addenda
Henstock_Kurzweil_Integration.integrable_on	KEPT	HOL-Analysis.Henstock_Kurzweil_Integration
Groups.strict_ordered_comm_monoid_add_class	class_pred	HOL.Groups
Groups.ordered_cancel_comm_monoid_add_class	class_pred	HOL.Groups
Groups.class.strict_ordered_comm_monoid_add	class_infix	HOL.Groups
Groups.class.ordered_cancel_comm_monoid_add	class_infix	HOL.Groups
Groups.class.canonically_ordered_monoid_add	class_infix	HOL.Groups
Groups.class.cancel_ab_semigroup_add_axioms	class_infix	HOL.Groups
Groups.canonically_ordered_monoid_add_class	class_pred	HOL.Groups
Gaussian_Integers.gauss_int.lsbis_gauss_int	concealed	Gaussian_Integers.Gaussian_Integers
Gaussian_Integers.gauss_int.corec_gauss_int	KEPT	Gaussian_Integers.Gaussian_Integers
Gaussian_Integers.gauss_int.coalg_gauss_int	concealed	Gaussian_Integers.Gaussian_Integers
Gauss_Sums_Auxiliary.dirichlet_prod_neutral	KEPT	Gauss_Sums.Gauss_Sums_Auxiliary
Gauss_Jordan_Elimination.non_pivot_base_gen	KEPT	Jordan_Normal_Form.Gauss_Jordan_Elimination
Fraction_Field.times_fract_inst.times_fract	inst_infix	HOL-Computational_Algebra.Fraction_Field
Fraction_Field.ord_fract_inst.less_eq_fract	inst_infix	HOL-Computational_Algebra.Fraction_Field
Fraction_Field.minus_fract_inst.minus_fract	inst_infix	HOL-Computational_Algebra.Fraction_Field
Finite_Product_Measure.product_sigma_finite	KEPT	HOL-Analysis.Finite_Product_Measure
Finite_Map.fun.Finite_Map.fmap.fun.pred_fun	KEPT	HOL-Library.Finite_Map
Finite_Cartesian_Product.vector_scalar_mult	KEPT	HOL-Analysis.Finite_Cartesian_Product
Finite_Cartesian_Product.vector_matrix_mult	KEPT	HOL-Analysis.Finite_Cartesian_Product
Finite_Cartesian_Product.matrix_vector_mult	KEPT	HOL-Analysis.Finite_Cartesian_Product
Finite_Cartesian_Product.matrix_matrix_mult	KEPT	HOL-Analysis.Finite_Cartesian_Product
Field_as_Ring.field_class.unit_factor_field	KEPT	HOL-Computational_Algebra.Field_as_Ring
Factorial_Ring.factorial_semiring_gcd_class	class_pred	HOL-Computational_Algebra.Factorial_Ring
Factorial_Ring.class.factorial_semiring_gcd	class_infix	HOL-Computational_Algebra.Factorial_Ring
Extraction.equal_sumbool_inst.equal_sumbool	inst_infix	HOL.Extraction
Extended_Real.pre_ereal.ereal.wit_pre_ereal	concealed	HOL-Library.Extended_Real
Extended_Real.pre_ereal.ereal.set_pre_ereal	concealed	HOL-Library.Extended_Real
Extended_Real.pre_ereal.ereal.rel_pre_ereal	concealed	HOL-Library.Extended_Real
Extended_Real.pre_ereal.ereal.map_pre_ereal	concealed	HOL-Library.Extended_Real
Extended_Nonnegative_Real.ennreal.enn2ereal	KEPT	HOL-Library.Extended_Nonnegative_Real
Extended_Nat.typerep_enat_inst.typerep_enat	inst_infix	HOL-Library.Extended_Nat
Extended_Nat.term_of_enat_inst.term_of_enat	inst_infix	HOL-Library.Extended_Nat
Extended.ord_extended_inst.less_eq_extended	inst_infix	HOL-Library.Extended
Extended.minus_extended_inst.minus_extended	inst_infix	HOL-Library.Extended
Extended.equal_extended_inst.equal_extended	inst_infix	HOL-Library.Extended
Euclidean_Space.euclidean_space_class.Basis	KEPT	HOL-Analysis.Euclidean_Space
Euclidean_Rings.unique_euclidean_ring_class	class_pred	HOL.Euclidean_Rings
Euclidean_Rings.euclidean_ring_cancel_class	class_pred	HOL.Euclidean_Rings
Euclidean_Rings.class.unique_euclidean_ring	class_infix	HOL.Euclidean_Rings
Euclidean_Rings.class.euclidean_ring_cancel	class_infix	HOL.Euclidean_Rings
Enum.typerep_finite_5_inst.typerep_finite_5	inst_infix	HOL.Enum
Enum.typerep_finite_4_inst.typerep_finite_4	inst_infix	HOL.Enum
Enum.typerep_finite_3_inst.typerep_finite_3	inst_infix	HOL.Enum
Enum.typerep_finite_2_inst.typerep_finite_2	inst_infix	HOL.Enum
Enum.typerep_finite_1_inst.typerep_finite_1	inst_infix	HOL.Enum
Enum.term_of_finite_5_inst.term_of_finite_5	inst_infix	HOL.Enum
Enum.term_of_finite_4_inst.term_of_finite_4	inst_infix	HOL.Enum
Enum.term_of_finite_3_inst.term_of_finite_3	inst_infix	HOL.Enum
Enum.term_of_finite_2_inst.term_of_finite_2	inst_infix	HOL.Enum
Enum.term_of_finite_1_inst.term_of_finite_1	inst_infix	HOL.Enum
Enum.pre_finite_5.finite_5.wit_pre_finite_5	concealed	HOL.Enum
Enum.pre_finite_5.finite_5.set_pre_finite_5	concealed	HOL.Enum
Enum.pre_finite_5.finite_5.rel_pre_finite_5	concealed	HOL.Enum
Enum.pre_finite_5.finite_5.map_pre_finite_5	concealed	HOL.Enum
Enum.pre_finite_4.finite_4.wit_pre_finite_4	concealed	HOL.Enum
Enum.pre_finite_4.finite_4.set_pre_finite_4	concealed	HOL.Enum
Enum.pre_finite_4.finite_4.rel_pre_finite_4	concealed	HOL.Enum
Enum.pre_finite_4.finite_4.map_pre_finite_4	concealed	HOL.Enum
Enum.pre_finite_3.finite_3.wit_pre_finite_3	concealed	HOL.Enum
Enum.pre_finite_3.finite_3.set_pre_finite_3	concealed	HOL.Enum
Enum.pre_finite_3.finite_3.rel_pre_finite_3	concealed	HOL.Enum
Enum.pre_finite_3.finite_3.map_pre_finite_3	concealed	HOL.Enum
Enum.pre_finite_2.finite_2.wit_pre_finite_2	concealed	HOL.Enum
Enum.pre_finite_2.finite_2.set_pre_finite_2	concealed	HOL.Enum
Enum.pre_finite_2.finite_2.rel_pre_finite_2	concealed	HOL.Enum
Enum.pre_finite_2.finite_2.map_pre_finite_2	concealed	HOL.Enum
Enum.pre_finite_1.finite_1.wit_pre_finite_1	concealed	HOL.Enum
Enum.pre_finite_1.finite_1.set_pre_finite_1	concealed	HOL.Enum
Enum.pre_finite_1.finite_1.rel_pre_finite_1	concealed	HOL.Enum
Enum.pre_finite_1.finite_1.map_pre_finite_1	concealed	HOL.Enum
Enum.inverse_finite_3_inst.inverse_finite_3	inst_infix	HOL.Enum
Enum.inverse_finite_2_inst.inverse_finite_2	inst_infix	HOL.Enum
Enum.inverse_finite_1_inst.inverse_finite_1	inst_infix	HOL.Enum
Efficient_Discrete_Sqrt.newton_sqrt_aux_rel	concealed	Pell.Efficient_Discrete_Sqrt
Efficient_Discrete_Sqrt.newton_sqrt_aux_dom	KEPT	Pell.Efficient_Discrete_Sqrt
Dual_Ordered_Lattice.top_dual_inst.top_dual	inst_infix	HOL-Library.Dual_Ordered_Lattice
Dual_Ordered_Lattice.sup_dual_inst.sup_dual	inst_infix	HOL-Library.Dual_Ordered_Lattice
Dual_Ordered_Lattice.inf_dual_inst.inf_dual	inst_infix	HOL-Library.Dual_Ordered_Lattice
Dual_Ordered_Lattice.bot_dual_inst.bot_dual	inst_infix	HOL-Library.Dual_Ordered_Lattice
Dual_Ordered_Lattice.Sup_dual_inst.Sup_dual	inst_infix	HOL-Library.Dual_Ordered_Lattice
Dual_Ordered_Lattice.Inf_dual_inst.Inf_dual	inst_infix	HOL-Library.Dual_Ordered_Lattice
Dual_Order.dual_wellorder.insort_insert_key	KEPT	Rank_Nullity_Theorem.Dual_Order
Dual_Order.dual_wellorder.greaterThanAtMost	KEPT	Rank_Nullity_Theorem.Dual_Order
Divisibility.divisor_chain_condition_monoid	KEPT	HOL-Algebra.Divisibility
Distribution_Functions.finite_borel_measure	KEPT	HOL-Probability.Distribution_Functions
Dirichlet_Series_Analysis.abs_conv_abscissa	KEPT	Dirichlet_Series.Dirichlet_Series_Analysis
Dirichlet_Series.uminus_fds_inst.uminus_fds	inst_infix	Dirichlet_Series.Dirichlet_Series
Dirichlet_Series.scaleR_fds_inst.scaleR_fds	inst_infix	Dirichlet_Series.Dirichlet_Series
Dirichlet_Series.divide_fds_inst.divide_fds	inst_infix	Dirichlet_Series.Dirichlet_Series
Cooper.raw_sum.num.sum.Sum_Type.set_raw_sum	concealed	HOL-Decision_Procs.Cooper
Cooper.raw_sum.num.sum.Sum_Type.rel_raw_sum	concealed	HOL-Decision_Procs.Cooper
Cooper.raw_sum.num.sum.Sum_Type.map_raw_sum	concealed	HOL-Decision_Procs.Cooper
Cooper.raw_sum.fm.sum.Sum_Type.pred_raw_sum	concealed	HOL-Decision_Procs.Cooper
Continued_Fractions.cfrac_list_of_rat_graph	concealed	Continued_Fractions.Continued_Fractions
Confluent_Quotient.wide_intersection_finite	KEPT	HOL-Library.Confluent_Quotient
Complex_Order.ord_complex_inst.less_complex	inst_infix	HOL-Library.Complex_Order
Complex_Lexorder.complex_lex.strict_mono_on	KEPT	Hermite_Lindemann.Complex_Lexorder
Complex.pre_complex.complex.wit_pre_complex	concealed	HOL.Complex
Complex.pre_complex.complex.set_pre_complex	concealed	HOL.Complex
Complex.pre_complex.complex.rel_pre_complex	concealed	HOL.Complex
Complex.pre_complex.complex.map_pre_complex	concealed	HOL.Complex
Complete_Partial_Order.ccpo_class.iteratesp	KEPT	HOL.Complete_Partial_Order
Complete_Measure.locally_determined_measure	KEPT	HOL-Analysis.Complete_Measure
Commutative_Ring.size_polex_inst.size_polex	infra_theory	HOL-Decision_Procs.Commutative_Ring
Commutative_Ring.random_pol_inst.random_pol	infra_theory	HOL-Decision_Procs.Commutative_Ring
Commutative_Ring.random_mon_inst.random_mon	infra_theory	HOL-Decision_Procs.Commutative_Ring
Coinductive_List.monoid_add_class.lsum_list	KEPT	Coinductive.Coinductive_List
Code_Test.yxml_of_term.min_alg_yxml_of_term	concealed	HOL-Library.Code_Test
Code_Numeral.zero_natural_inst.zero_natural	inst_infix	HOL.Code_Numeral
Code_Numeral.zero_integer_inst.zero_integer	inst_infix	HOL.Code_Numeral
Code_Numeral.size_natural_inst.size_natural	inst_infix	HOL.Code_Numeral
Code_Numeral.plus_natural_inst.plus_natural	inst_infix	HOL.Code_Numeral
Code_Numeral.plus_integer_inst.plus_integer	inst_infix	HOL.Code_Numeral
Code_Evaluation.pre_term.term.pred_pre_term	concealed	HOL.Code_Evaluation
Chebyshev_Polynomials.gen_cheb_poly.f_graph	concealed	Chebyshev_Polynomials.Chebyshev_Polynomials
Chebyshev_Polynomials.gen_cheb_poly.P_graph	concealed	Chebyshev_Polynomials.Chebyshev_Polynomials
Chebyshev_Polynomials.clenshaw.clenshaw_aux	KEPT	Chebyshev_Polynomials.Chebyshev_Polynomials
Catalan_Numbers.pre_tree.tree.pred_pre_tree	concealed	Catalan_Numbers.Catalan_Numbers
Bounded_Linear_Function.blinfun_scaleR_left	KEPT	HOL-Analysis.Bounded_Linear_Function
Bounded_Linear_Function.blinfun_inner_right	KEPT	HOL-Analysis.Bounded_Linear_Function
Boolean_Algebras.minus_bool_inst.minus_bool	inst_infix	HOL.Boolean_Algebras
Bochner_Integration.simple_bochner_integral	KEPT	HOL-Analysis.Bochner_Integration
Bivariate_Polynomials.poly_lift_hom.vec_hom	KEPT	Algebraic_Numbers.Bivariate_Polynomials
Bivariate_Polynomials.poly_lift_hom.mat_hom	KEPT	Algebraic_Numbers.Bivariate_Polynomials
Bernoulli_FPS.akiyama_tanigawa_step_aux_rel	concealed	Bernoulli.Bernoulli_FPS
Bernoulli_FPS.akiyama_tanigawa_step_aux_dom	KEPT	Bernoulli.Bernoulli_FPS
Archimedean_Field.floor_ceiling_class.floor	KEPT	HOL.Archimedean_Field
Approximation.floatarith.min_alg_floatarith	concealed	HOL-Decision_Procs.Approximation
Approximation.approx_form'_approx_form_sumC	infra_theory	HOL-Decision_Procs.Approximation
Algebraic_Numbers_Prelim.poly_mult_rat_main	KEPT	Algebraic_Numbers.Algebraic_Numbers_Prelim
Algebraic_Numbers_Prelim.dvd_preserving_hom	KEPT	Algebraic_Numbers.Algebraic_Numbers_Prelim
Algebraic_Numbers.poly_x_mult_y_hom.vec_hom	KEPT	Algebraic_Numbers.Algebraic_Numbers
Algebraic_Numbers.poly_x_mult_y_hom.mat_hom	KEPT	Algebraic_Numbers.Algebraic_Numbers
Abstract_Topology_2.connected_components_of	KEPT	HOL-Analysis.Abstract_Topology_2
Abstract_Topological_Spaces.separable_space	KEPT	HOL-Analysis.Abstract_Topological_Spaces
Abstract_Topological_Spaces.first_countable	KEPT	HOL-Analysis.Abstract_Topological_Spaces
Abstract_Metric_Spaces.Metric_space.MCauchy	KEPT	HOL-Analysis.Abstract_Metric_Spaces
Z2.semiring_bit_operations_bit_inst.or_bit	inst_infix	HOL-Library.Z2
Uprod.typerep_commute_inst.typerep_commute	inst_infix	HOL-Library.Uprod
Uprod.term_of_commute_inst.term_of_commute	inst_infix	HOL-Library.Uprod
Unique_Factorization_Poly.some_gcd_ff_list	KEPT	Berlekamp_Zassenhaus.Unique_Factorization_Poly
Unique_Factorization.factor_preserving_hom	KEPT	Berlekamp_Zassenhaus.Unique_Factorization
Unique_Factorization.comm_semiring_1.irred	class_variant	Berlekamp_Zassenhaus.Unique_Factorization
Unique_Factorization.comm_monoid_gcd_class	class_pred	Berlekamp_Zassenhaus.Unique_Factorization
Unique_Factorization.class.comm_monoid_gcd	class_infix	Berlekamp_Zassenhaus.Unique_Factorization
Transitive_Closure_Table.rtranclp_FooB_o_i	KEPT	HOL-Library.Transitive_Closure_Table
Transitive_Closure_Table.rtranclp_FooB_i_o	KEPT	HOL-Library.Transitive_Closure_Table
Transitive_Closure_Table.rtranclp_FooB_i_i	KEPT	HOL-Library.Transitive_Closure_Table
Transitive_Closure_Table.rtranclp_FioB_i_o	KEPT	HOL-Library.Transitive_Closure_Table
Transitive_Closure_Table.rtranclp_FioB_i_i	KEPT	HOL-Library.Transitive_Closure_Table
Topological_Spaces.uniformly_continuous_on	KEPT	HOL.Topological_Spaces
Topological_Spaces.topological_space_class	class_pred	HOL.Topological_Spaces
Topological_Spaces.order_topology.at_right	class_variant	HOL.Topological_Spaces
Topological_Spaces.linorder_topology_class	class_pred	HOL.Topological_Spaces
Topological_Spaces.discrete_topology_class	class_pred	HOL.Topological_Spaces
Topological_Spaces.class.topological_space	class_infix	HOL.Topological_Spaces
Topological_Spaces.class.linorder_topology	class_infix	HOL.Topological_Spaces
Topological_Spaces.class.discrete_topology	class_infix	HOL.Topological_Spaces
Tarski_Neutral_2D.Tarski_neutral_2D_axioms	KEPT	IsaGeoCoq.Tarski_Neutral_2D
Tagged_Division.tagged_partial_division_of	KEPT	HOL-Analysis.Tagged_Division
Sturm_Multiple_Roots.changes_itv_smods_ext	KEPT	Budan_Fourier.Sturm_Multiple_Roots
State_Monad.random_state_inst.random_state	inst_infix	HOL-Library.State_Monad
State_Monad.pre_state.state.set2_pre_state	concealed	HOL-Library.State_Monad
State_Monad.pre_state.state.set1_pre_state	concealed	HOL-Library.State_Monad
State_Monad.pre_state.state.pred_pre_state	concealed	HOL-Library.State_Monad
Square_Free_Factorization.square_free_poly	KEPT	Polynomial_Factorization.Square_Free_Factorization
Set_Interval.ord_class.greaterThanLessThan	KEPT	HOL.Set_Interval
Set_Integral.complex_set_lebesgue_integral	KEPT	HOL-Analysis.Set_Integral
Rings.class.ordered_semiring_strict_axioms	class_infix	HOL.Rings
Ring_Hom_Poly.map_poly_inj_idom_divide_hom	KEPT	Polynomial_Interpolation.Ring_Hom_Poly
Ring_Hom_Poly.map_poly_comm_monoid_add_hom	KEPT	Polynomial_Interpolation.Ring_Hom_Poly
Reflected_Multivariate_Polynomial.swapnorm	infra_theory	HOL-Decision_Procs.Reflected_Multivariate_Polynomial
Reflected_Multivariate_Polynomial.polysize	infra_theory	HOL-Decision_Procs.Reflected_Multivariate_Polynomial
Reflected_Multivariate_Polynomial.polypoly	infra_theory	HOL-Decision_Procs.Reflected_Multivariate_Polynomial
Reflected_Multivariate_Polynomial.polynate	infra_theory	HOL-Decision_Procs.Reflected_Multivariate_Polynomial
Reflected_Multivariate_Polynomial.poly_pow	infra_theory	HOL-Decision_Procs.Reflected_Multivariate_Polynomial
Reflected_Multivariate_Polynomial.poly.Sub	KEPT	HOL-Decision_Procs.Reflected_Multivariate_Polynomial
Reflected_Multivariate_Polynomial.poly.Neg	KEPT	HOL-Decision_Procs.Reflected_Multivariate_Polynomial
Reflected_Multivariate_Polynomial.poly.Mul	KEPT	HOL-Decision_Procs.Reflected_Multivariate_Polynomial
Reflected_Multivariate_Polynomial.poly.Add	KEPT	HOL-Decision_Procs.Reflected_Multivariate_Polynomial
Reflected_Multivariate_Polynomial.maxindex	infra_theory	HOL-Decision_Procs.Reflected_Multivariate_Polynomial
Reflected_Multivariate_Polynomial.isnpolyh	infra_theory	HOL-Decision_Procs.Reflected_Multivariate_Polynomial
Reflected_Multivariate_Polynomial.head_rel	concealed	HOL-Decision_Procs.Reflected_Multivariate_Polynomial
Reflected_Multivariate_Polynomial.head_dom	infra_theory	HOL-Decision_Procs.Reflected_Multivariate_Polynomial
Reflected_Multivariate_Polynomial.decrpoly	infra_theory	HOL-Decision_Procs.Reflected_Multivariate_Polynomial
Record.tuple_isomorphism.Tuple_Isomorphism	KEPT	HOL.Record
Record.iso_tuple_update_accessor_eq_assist	KEPT	HOL.Record
Real_Vector_Spaces.real_vector.independent	KEPT	HOL.Real_Vector_Spaces
Real_Vector_Spaces.real_normed_field_class	class_pred	HOL.Real_Vector_Spaces
Real_Vector_Spaces.class.real_normed_field	class_infix	HOL.Real_Vector_Spaces
Rational_FPS_Solver.solve_factored_ratfps'	KEPT	Linear_Recurrences.Rational_FPS_Solver
Rational_FPS_Solver.interp_ratfps_solution	KEPT	Linear_Recurrences.Rational_FPS_Solver
Quickcheck_Narrowing.property.rec_property	KEPT	HOL.Quickcheck_Narrowing
Quickcheck_Narrowing.property.mor_property	concealed	HOL.Quickcheck_Narrowing
Quickcheck_Narrowing.property.alg_property	concealed	HOL.Quickcheck_Narrowing
Quickcheck_Narrowing.property.Rep_property	concealed	HOL.Quickcheck_Narrowing
Quickcheck_Narrowing.property.Abs_property	concealed	HOL.Quickcheck_Narrowing
Quickcheck_Narrowing.partial_term_of_class	class_pred	HOL.Quickcheck_Narrowing
Quickcheck_Exhaustive.unknown.dtor_unknown	concealed	HOL.Quickcheck_Exhaustive
Quickcheck_Exhaustive.unknown.ctor_unknown	concealed	HOL.Quickcheck_Exhaustive
Quickcheck_Exhaustive.unknown.case_unknown	KEPT	HOL.Quickcheck_Exhaustive
Quickcheck_Exhaustive.throw_Counterexample	KEPT	HOL.Quickcheck_Exhaustive
Quickcheck_Exhaustive.pos_bound_cps_single	KEPT	HOL.Quickcheck_Exhaustive
Quickcheck_Exhaustive.neg_bound_cps_single	KEPT	HOL.Quickcheck_Exhaustive
Quickcheck_Exhaustive.full_exhaustive_int'	KEPT	HOL.Quickcheck_Exhaustive
Quickcheck_Exhaustive.full_exhaustive_fun'	KEPT	HOL.Quickcheck_Exhaustive
Quickcheck_Exhaustive.exhaustive_set_graph	concealed	HOL.Quickcheck_Exhaustive
Quickcheck_Exhaustive.exhaustive_int'_sumC	KEPT	HOL.Quickcheck_Exhaustive
Quickcheck_Exhaustive.exhaustive_fun'_sumC	KEPT	HOL.Quickcheck_Exhaustive
Quickcheck_Exhaustive.catch_Counterexample	KEPT	HOL.Quickcheck_Exhaustive
Quickcheck_Exhaustive.bounded_forall_class	class_pred	HOL.Quickcheck_Exhaustive
Projective_Limit.polish_product_prob_space	KEPT	HOL-Probability.Projective_Limit
Probability_Measure.prob_space.expectation	KEPT	HOL-Probability.Probability_Measure
Probability_Mass_Function.neg_binomial_pmf	KEPT	HOL-Probability.Probability_Mass_Function
Probability_Mass_Function.measure_pmf.prob	KEPT	HOL-Probability.Probability_Mass_Function
Primes.check_prime_by_range.check_divisors	class_variant	HOL-Computational_Algebra.Primes
Polynomial_Factorial.gcd_poly_code_aux_rel	concealed	HOL-Computational_Algebra.Polynomial_Factorial
Polynomial_Factorial.gcd_poly_code_aux_dom	KEPT	HOL-Computational_Algebra.Polynomial_Factorial
Polynomial.divmod_poly_one_main_list_graph	concealed	HOL-Computational_Algebra.Polynomial
Poly_Mapping.poly_mapping.Abs_poly_mapping	abs_rep_name	HOL-Library.Poly_Mapping
Picard_Lindeloef_Qualitative.ll_on_open_it	KEPT	Ordinary_Differential_Equations.Picard_Lindeloef_Qualitative
Parity.linordered_euclidean_semiring_class	class_pred	HOL.Parity
Parity.class.linordered_euclidean_semiring	class_infix	HOL.Parity
Parametric_Ferrante_Rackoff.tm.str_init_tm	concealed	HOL-Decision_Procs.Parametric_Ferrante_Rackoff
Parametric_Ferrante_Rackoff.tm.ctor_rec_tm	concealed	HOL-Decision_Procs.Parametric_Ferrante_Rackoff
Parametric_Ferrante_Rackoff.msubstpos_sumC	infra_theory	HOL-Decision_Procs.Parametric_Ferrante_Rackoff
Parametric_Ferrante_Rackoff.msubstneg_sumC	infra_theory	HOL-Decision_Procs.Parametric_Ferrante_Rackoff
Parametric_Ferrante_Rackoff.minusinf_graph	concealed	HOL-Decision_Procs.Parametric_Ferrante_Rackoff
Parametric_Ferrante_Rackoff.fm.str_init_fm	concealed	HOL-Decision_Procs.Parametric_Ferrante_Rackoff
Parametric_Ferrante_Rackoff.fm.ctor_rec_fm	concealed	HOL-Decision_Procs.Parametric_Ferrante_Rackoff
Parametric_Ferrante_Rackoff.disjuncts_sumC	infra_theory	HOL-Decision_Procs.Parametric_Ferrante_Rackoff
Parametric_Ferrante_Rackoff.conjuncts_sumC	infra_theory	HOL-Decision_Procs.Parametric_Ferrante_Rackoff
Parametric_Ferrante_Rackoff.allpolys_graph	concealed	HOL-Decision_Procs.Parametric_Ferrante_Rackoff
Parallel.pre_future.future.set2_pre_future	concealed	HOL-Library.Parallel
Parallel.pre_future.future.set1_pre_future	concealed	HOL-Library.Parallel
Parallel.pre_future.future.pred_pre_future	concealed	HOL-Library.Parallel
Multiseries_Expansion.size_ms_inst.size_ms	inst_infix	HOL-Real_Asymp.Multiseries_Expansion
Multiseries_Expansion.pre_ms.ms.wit_pre_ms	concealed	HOL-Real_Asymp.Multiseries_Expansion
Multiseries_Expansion.pre_ms.ms.rel_pre_ms	concealed	HOL-Real_Asymp.Multiseries_Expansion
Multiseries_Expansion.pre_ms.ms.map_pre_ms	concealed	HOL-Real_Asymp.Multiseries_Expansion
Multiseries_Expansion.plus_ms_inst.plus_ms	inst_infix	HOL-Real_Asymp.Multiseries_Expansion
Multiseries_Expansion.msstream.un_MSSCons2	KEPT	HOL-Real_Asymp.Multiseries_Expansion
Multiseries_Expansion.msstream.un_MSSCons1	KEPT	HOL-Real_Asymp.Multiseries_Expansion
Multiseries_Expansion.msstream.bd_msstream	adt_record	HOL-Real_Asymp.Multiseries_Expansion
Multiseries_Expansion.msllist.v4.eval_core	concealed	HOL-Real_Asymp.Multiseries_Expansion
Multiseries_Expansion.msllist.v3.eval_core	concealed	HOL-Real_Asymp.Multiseries_Expansion
Multiseries_Expansion.msllist.v2.eval_core	concealed	HOL-Real_Asymp.Multiseries_Expansion
Multiseries_Expansion.msllist.v1.eval_core	concealed	HOL-Real_Asymp.Multiseries_Expansion
Multiseries_Expansion.msllist.v0.eval_core	concealed	HOL-Real_Asymp.Multiseries_Expansion
Multiseries_Expansion.msllist.strT_msllist	concealed	HOL-Real_Asymp.Multiseries_Expansion
Multiseries_Expansion.msllist.pred_msllist	KEPT	HOL-Real_Asymp.Multiseries_Expansion
Multiseries_Expansion.msllist.dtor_msllist	concealed	HOL-Real_Asymp.Multiseries_Expansion
Multiseries_Expansion.msllist.ctor_msllist	concealed	HOL-Real_Asymp.Multiseries_Expansion
Multiseries_Expansion.msllist.case_msllist	KEPT	HOL-Real_Asymp.Multiseries_Expansion
Multiseries_Expansion.msllist.carT_msllist	concealed	HOL-Real_Asymp.Multiseries_Expansion
Multiseries_Expansion.ln_series_stream_aux	KEPT	HOL-Real_Asymp.Multiseries_Expansion
Multiseries_Expansion.inverse_ms_aux_graph	concealed	HOL-Real_Asymp.Multiseries_Expansion
Multiseries_Expansion.gbinomial_series_aux	KEPT	HOL-Real_Asymp.Multiseries_Expansion
Multiseries_Expansion.dominant_term_ms_aux	KEPT	HOL-Real_Asymp.Multiseries_Expansion
Multiseries_Expansion.arctan_series_stream	KEPT	HOL-Real_Asymp.Multiseries_Expansion
Multiplicative_Characters.character_axioms	KEPT	Dirichlet_L.Multiplicative_Characters
Measure_Space.top_measure_inst.top_measure	inst_infix	HOL-Analysis.Measure_Space
Measure_Space.sup_measure_inst.sup_measure	inst_infix	HOL-Analysis.Measure_Space
Measure_Space.inf_measure_inst.inf_measure	inst_infix	HOL-Analysis.Measure_Space
Measure_Space.bot_measure_inst.bot_measure	inst_infix	HOL-Analysis.Measure_Space
Measure_Space.Sup_measure_inst.Sup_measure	inst_infix	HOL-Analysis.Measure_Space
Measure_Space.Inf_measure_inst.Inf_measure	inst_infix	HOL-Analysis.Measure_Space
Matrix_To_IArray.vector_matrix_mult_iarray	KEPT	Gauss_Jordan.Matrix_To_IArray
Matrix_To_IArray.matrix_vector_mult_iarray	KEPT	Gauss_Jordan.Matrix_To_IArray
Matrix_To_IArray.matrix_matrix_mult_iarray	KEPT	Gauss_Jordan.Matrix_To_IArray
List.linorder_class.sorted_key_list_of_set	KEPT	HOL.List
Linear_Temporal_Logic_on_Streams.nxt_graph	concealed	HOL-Library.Linear_Temporal_Logic_on_Streams
Linear_Temporal_Logic_on_Streams.holds_rel	concealed	HOL-Library.Linear_Temporal_Logic_on_Streams
Linear_Temporal_Logic_on_Streams.holds_dom	KEPT	HOL-Library.Linear_Temporal_Logic_on_Streams
Linear_Algebra.real_inner_class.orthogonal	KEPT	HOL-Analysis.Linear_Algebra
Limits.class.topological_monoid_add_axioms	class_infix	HOL.Limits
Lattices_Big.semilattice_sup_class.Sup_fin	KEPT	HOL.Lattices_Big
Lattices_Big.semilattice_inf_class.Inf_fin	KEPT	HOL.Lattices_Big
Lattices.class.bounded_semilattice_sup_bot	class_infix	HOL.Lattices
Lattices.class.bounded_semilattice_inf_top	class_infix	HOL.Lattices
Lattices.bounded_semilattice_sup_bot_class	class_pred	HOL.Lattices
Lattices.bounded_semilattice_inf_top_class	class_pred	HOL.Lattices
Lattice_Constructions.top_top_inst.top_top	inst_infix	HOL-Library.Lattice_Constructions
Lattice_Constructions.top_bot_inst.top_bot	inst_infix	HOL-Library.Lattice_Constructions
Lattice_Constructions.sup_top_inst.sup_top	inst_infix	HOL-Library.Lattice_Constructions
Lattice_Constructions.sup_bot_inst.sup_bot	inst_infix	HOL-Library.Lattice_Constructions
Lattice_Constructions.inf_top_inst.inf_top	inst_infix	HOL-Library.Lattice_Constructions
Lattice_Constructions.inf_bot_inst.inf_bot	inst_infix	HOL-Library.Lattice_Constructions
Lattice_Constructions.bot_top_inst.bot_top	inst_infix	HOL-Library.Lattice_Constructions
Lattice_Constructions.bot_bot_inst.bot_bot	inst_infix	HOL-Library.Lattice_Constructions
Lattice_Algebras.lattice_ab_group_add.pprt	class_variant	HOL-Library.Lattice_Algebras
Lattice_Algebras.lattice_ab_group_add.nprt	class_variant	HOL-Library.Lattice_Algebras
Landau_Real_Products.pos_primfun_list_sumC	KEPT	Landau_Symbols.Landau_Real_Products
Landau_Real_Products.less_eq_primfun_graph	concealed	Landau_Symbols.Landau_Real_Products
Landau_Real_Products.inverse_primfun_graph	concealed	Landau_Symbols.Landau_Real_Products
Lagrange_Interpolation.lagrange_basis_poly	KEPT	Polynomial_Interpolation.Lagrange_Interpolation
Kronecker_Approximation_Theorem.approx_set	KEPT	HOL-Analysis.Kronecker_Approximation_Theorem
Is_Rat_To_Rat.is_rat_real_inst.to_rat_real	inst_infix	Polynomial_Interpolation.Is_Rat_To_Rat
Is_Rat_To_Rat.is_rat_real_inst.is_rat_real	inst_infix	Polynomial_Interpolation.Is_Rat_To_Rat
Initial_Value_Problem.solution_in_cylinder	KEPT	Ordinary_Differential_Equations.Initial_Value_Problem
Information.prob_space.conditional_entropy	KEPT	HOL-Probability.Information
Independent_Family.prob_space.indep_events	KEPT	HOL-Probability.Independent_Family
Hoeffding.interval_bounded_random_variable	KEPT	HOL-Probability.Hoeffding
Henstock_Kurzweil_Integration.has_integral	KEPT	HOL-Analysis.Henstock_Kurzweil_Integration
Group_On_With.comm_monoid_add_on_with.pls'	hidden	HOL-Types_To_Sets.Group_On_With
Geo_Real2.real2.neu.two_points_line_circle	KEPT	MathBench_ProverBase.Geo_Real2
Geo_Real2.real2.neu.space_separation_axiom	KEPT	MathBench_ProverBase.Geo_Real2
Gaussian_Integers.noninert_gauss_int_prime	KEPT	Gaussian_Integers.Gaussian_Integers
Gaussian_Integers.gauss_int.strT_gauss_int	concealed	Gaussian_Integers.Gaussian_Integers
Gaussian_Integers.gauss_int.dtor_gauss_int	concealed	Gaussian_Integers.Gaussian_Integers
Gaussian_Integers.gauss_int.ctor_gauss_int	concealed	Gaussian_Integers.Gaussian_Integers
Gaussian_Integers.gauss_int.case_gauss_int	KEPT	Gaussian_Integers.Gaussian_Integers
Gaussian_Integers.gauss_int.carT_gauss_int	concealed	Gaussian_Integers.Gaussian_Integers
Gauss_Jordan_Elimination.gauss_jordan_main	KEPT	Jordan_Normal_Form.Gauss_Jordan_Elimination
Gauss_Jordan_Elimination.find_base_vectors	KEPT	Jordan_Normal_Form.Gauss_Jordan_Elimination
Gauss_Jordan_Elimination.eliminate_entries	KEPT	Jordan_Normal_Form.Gauss_Jordan_Elimination
Gamma_Function.Gamma_real_inst.rGamma_real	inst_infix	HOL-Analysis.Gamma_Function
Function_Algebras.times_fun_inst.times_fun	KEPT	HOL-Library.Function_Algebras
Formal_Power_Series.zero_fps_inst.zero_fps	inst_infix	HOL-Computational_Algebra.Formal_Power_Series
Formal_Power_Series.plus_fps_inst.plus_fps	inst_infix	HOL-Computational_Algebra.Formal_Power_Series
Formal_Power_Series.open_fps_inst.open_fps	inst_infix	HOL-Computational_Algebra.Formal_Power_Series
Formal_Power_Series.dist_fps_inst.dist_fps	inst_infix	HOL-Computational_Algebra.Formal_Power_Series
Formal_Laurent_Series.one_fls_inst.one_fls	inst_infix	HOL-Computational_Algebra.Formal_Laurent_Series
Flow.compact_continuously_diff.onorm_bound	KEPT	Ordinary_Differential_Equations.Flow
Finite_Map.fun.Finite_Map.fmap.fun.wit_fun	KEPT	HOL-Library.Finite_Map
Finite_Map.fun.Finite_Map.fmap.fun.set_fun	KEPT	HOL-Library.Finite_Map
Finite_Map.fun.Finite_Map.fmap.fun.rel_fun	KEPT	HOL-Library.Finite_Map
Finite_Map.fun.Finite_Map.fmap.fun.map_fun	KEPT	HOL-Library.Finite_Map
Finite_Fourier_Series.finite_fourier_poly'	KEPT	Gauss_Sums.Finite_Fourier_Series
Finite_And_Cyclic_Groups.finite_comm_group	KEPT	Finitely_Generated_Abelian_Groups.Finite_And_Cyclic_Groups
Field_as_Ring.modulo_real_inst.modulo_real	inst_infix	HOL-Computational_Algebra.Field_as_Ring
Field_as_Ring.gcd_complex_inst.lcm_complex	inst_infix	HOL-Computational_Algebra.Field_as_Ring
Field_as_Ring.gcd_complex_inst.gcd_complex	inst_infix	HOL-Computational_Algebra.Field_as_Ring
Field_as_Ring.Gcd_complex_inst.Lcm_complex	inst_infix	HOL-Computational_Algebra.Field_as_Ring
Field_as_Ring.Gcd_complex_inst.Gcd_complex	inst_infix	HOL-Computational_Algebra.Field_as_Ring
Factorial_Ring.normalization_semidom.prime	class_variant	HOL-Computational_Algebra.Factorial_Ring
Factorial_Ring.comm_semiring_1.irreducible	class_variant	HOL-Computational_Algebra.Factorial_Ring
Factorial.comm_semiring_1_class.pochhammer	KEPT	HOL.Factorial
Extended_Real.times_ereal_inst.times_ereal	inst_infix	HOL-Library.Extended_Real
Extended_Real.ord_ereal_inst.less_eq_ereal	inst_infix	HOL-Library.Extended_Real
Extended_Real.minus_ereal_inst.minus_ereal	inst_infix	HOL-Library.Extended_Real
Extended_Real.equal_ereal_inst.equal_ereal	inst_infix	HOL-Library.Extended_Real
Euclidean_Rings.modulo_nat_inst.modulo_nat	inst_infix	HOL.Euclidean_Rings
Euclidean_Rings.modulo_int_inst.modulo_int	inst_infix	HOL.Euclidean_Rings
Euclidean_Rings.divide_nat_inst.divide_nat	inst_infix	HOL.Euclidean_Rings
Euclidean_Rings.divide_int_inst.divide_int	inst_infix	HOL.Euclidean_Rings
Elementary_Topology.countable_basis_axioms	KEPT	HOL-Analysis.Elementary_Topology
Elementary_Operations.interchange_rows_row	KEPT	Gauss_Jordan.Elementary_Operations
Elementary_Metric_Spaces.heine_borel_class	class_pred	HOL-Analysis.Elementary_Metric_Spaces
Elementary_Metric_Spaces.class.heine_borel	class_infix	HOL-Analysis.Elementary_Metric_Spaces
Dirichlet_Series.nat_power_class.nat_power	KEPT	Dirichlet_Series.Dirichlet_Series
Countable_Set_Type.ord_cset_inst.less_cset	inst_infix	HOL-Library.Countable_Set_Type
Cooper.raw_sum.fm.sum.Sum_Type.set_raw_sum	concealed	HOL-Decision_Procs.Cooper
Cooper.raw_sum.fm.sum.Sum_Type.rel_raw_sum	concealed	HOL-Decision_Procs.Cooper
Cooper.raw_sum.fm.sum.Sum_Type.map_raw_sum	concealed	HOL-Decision_Procs.Cooper
Continued_Fractions.cfrac_list_of_rat_sumC	KEPT	Continued_Fractions.Continued_Fractions
Conjugate.conjugate_rat_inst.conjugate_rat	inst_infix	Jordan_Normal_Form.Conjugate
Conjugate.conjugate_int_inst.conjugate_int	inst_infix	Jordan_Normal_Form.Conjugate
Conjugate.conjugatable_ordered_field_class	class_pred	Jordan_Normal_Form.Conjugate
Conjugate.class.conjugatable_ordered_field	class_infix	Jordan_Normal_Form.Conjugate
Complex_Lexorder.complex_lex.insort_insert	KEPT	Hermite_Lindemann.Complex_Lexorder
Complex_Lexorder.complex_lex.bdd_below.bdd	KEPT	Hermite_Lindemann.Complex_Lexorder
Complex_Lexorder.complex_lex.bdd_above.bdd	KEPT	Hermite_Lindemann.Complex_Lexorder
Complex_Lexorder.complex_lex.atLeastAtMost	KEPT	Hermite_Lindemann.Complex_Lexorder
Complex.uminus_complex_inst.uminus_complex	inst_infix	HOL.Complex
Complex.scaleR_complex_inst.scaleR_complex	inst_infix	HOL.Complex
Complex.random_complex_inst.random_complex	inst_infix	HOL.Complex
Complex.divide_complex_inst.divide_complex	inst_infix	HOL.Complex
Complete_Partial_Order.ccpo_class.iterates	KEPT	HOL.Complete_Partial_Order
Commutative_Ring.cring_class.Imon_pol_list	infra_theory	HOL-Decision_Procs.Commutative_Ring
Commutative_Ring.cring.Imon_pol_list_graph	concealed	HOL-Decision_Procs.Commutative_Ring
Code_Numeral.ord_natural_inst.less_natural	inst_infix	HOL.Code_Numeral
Code_Numeral.ord_integer_inst.less_integer	inst_infix	HOL.Code_Numeral
Code_Evaluation.pre_term.term.wit_pre_term	concealed	HOL.Code_Evaluation
Code_Evaluation.pre_term.term.set_pre_term	concealed	HOL.Code_Evaluation
Code_Evaluation.pre_term.term.rel_pre_term	concealed	HOL.Code_Evaluation
Code_Evaluation.pre_term.term.map_pre_term	concealed	HOL.Code_Evaluation
Chebyshev_Polynomials.gen_cheb_poly.f_sumC	KEPT	Chebyshev_Polynomials.Chebyshev_Polynomials
Chebyshev_Polynomials.gen_cheb_poly.P_sumC	KEPT	Chebyshev_Polynomials.Chebyshev_Polynomials
Catalan_Numbers.pre_tree.tree.wit_pre_tree	concealed	Catalan_Numbers.Catalan_Numbers
Catalan_Numbers.pre_tree.tree.set_pre_tree	concealed	Catalan_Numbers.Catalan_Numbers
Catalan_Numbers.pre_tree.tree.rel_pre_tree	concealed	Catalan_Numbers.Catalan_Numbers
Catalan_Numbers.pre_tree.tree.map_pre_tree	concealed	Catalan_Numbers.Catalan_Numbers
Catalan_Numbers.equal_tree_inst.equal_tree	inst_infix	Catalan_Numbers.Catalan_Numbers
Bounded_Linear_Function.blinfun_mult_right	KEPT	HOL-Analysis.Bounded_Linear_Function
Bounded_Linear_Function.blinfun_inner_left	KEPT	HOL-Analysis.Bounded_Linear_Function
Bounded_Linear_Function.blinfun.prod_right	KEPT	HOL-Analysis.Bounded_Linear_Function
Bounded_Continuous_Function.const_bcontfun	KEPT	HOL-Analysis.Bounded_Continuous_Function
Bivariate_Polynomials.poly_y_x_hom.vec_hom	KEPT	Algebraic_Numbers.Bivariate_Polynomials
Bivariate_Polynomials.poly_y_x_hom.mat_hom	KEPT	Algebraic_Numbers.Bivariate_Polynomials
Approximation_Bounds.ub_sqrt_lb_sqrt_graph	concealed	HOL-Decision_Procs.Approximation_Bounds
Approximation_Bounds.ln_float_interval_aux	concealed	HOL-Decision_Procs.Approximation_Bounds
Approximation_Bounds.arctan_float_interval	infra_theory	HOL-Decision_Procs.Approximation_Bounds
Approximation.random_form_inst.random_form	infra_theory	HOL-Decision_Procs.Approximation
Approximation.approx_form'_approx_form_rel	concealed	HOL-Decision_Procs.Approximation
Approximation.approx_form'_approx_form_dom	infra_theory	HOL-Decision_Procs.Approximation
Algebraic_Numbers_Prelim.poly_uminus_inner	KEPT	Algebraic_Numbers.Algebraic_Numbers_Prelim
Abstract_Topology_2.connected_component_of	KEPT	HOL-Analysis.Abstract_Topology_2
Abstract_Metric_Spaces.Metric_space.mcball	KEPT	HOL-Analysis.Abstract_Metric_Spaces
While_Combinator.rtrancl_while_test_graph	concealed	HOL-Library.While_Combinator
While_Combinator.rtrancl_while_step_graph	concealed	HOL-Library.While_Combinator
Vector_Spaces.vector_space_pair.construct	KEPT	HOL.Vector_Spaces
Tree.tree.tree_pre_tree.Rep_tree_pre_tree	concealed	HOL-Library.Tree
Tree.tree.tree_pre_tree.Abs_tree_pre_tree	concealed	HOL-Library.Tree
Topological_Spaces.uniform_space.complete	class_variant	HOL.Topological_Spaces
Topological_Spaces.topological_space.nhds	class_variant	HOL.Topological_Spaces
Topological_Spaces.order_topology.at_left	class_variant	HOL.Topological_Spaces
Topological_Spaces.open_nat_inst.open_nat	inst_infix	HOL.Topological_Spaces
Topological_Spaces.open_int_inst.open_int	inst_infix	HOL.Topological_Spaces
Symmetric_Polynomials.fund_sym_step_monom	KEPT	Symmetric_Polynomials.Symmetric_Polynomials
Symmetric_Polynomials.fund_sym_step_coeff	KEPT	Symmetric_Polynomials.Symmetric_Polynomials
Sum_Type.narrowing_sum_inst.narrowing_sum	inst_infix	HOL.Sum_Type
Sublist.sublist_order.greaterThanLessThan	KEPT	HOL-Library.Sublist
Sturm_Multiple_Roots.changes_le_smods_ext	KEPT	Budan_Fourier.Sturm_Multiple_Roots
Sturm_Multiple_Roots.changes_gt_smods_ext	KEPT	Budan_Fourier.Sturm_Multiple_Roots
String.narrowing_char_inst.narrowing_char	inst_infix	HOL.String
Stream.typerep_stream_inst.typerep_stream	inst_infix	HOL-Library.Stream
Stream.term_of_stream_inst.term_of_stream	inst_infix	HOL-Library.Stream
State_Monad.pre_state.state.wit_pre_state	concealed	HOL-Library.State_Monad
State_Monad.pre_state.state.rel_pre_state	concealed	HOL-Library.State_Monad
State_Monad.pre_state.state.map_pre_state	concealed	HOL-Library.State_Monad
Set_Interval.fold_atLeastAtMost_nat_graph	concealed	HOL.Set_Interval
Rings.class.comm_semiring_1_cancel_axioms	class_infix	HOL.Rings
Reflective_Field.field_class.nth_el_graph	concealed	HOL-Decision_Procs.Reflective_Field
Reflected_Multivariate_Polynomial.polysub	infra_theory	HOL-Decision_Procs.Reflected_Multivariate_Polynomial
Reflected_Multivariate_Polynomial.polypow	infra_theory	HOL-Decision_Procs.Reflected_Multivariate_Polynomial
Reflected_Multivariate_Polynomial.polyneg	infra_theory	HOL-Decision_Procs.Reflected_Multivariate_Polynomial
Reflected_Multivariate_Polynomial.polymul	infra_theory	HOL-Decision_Procs.Reflected_Multivariate_Polynomial
Reflected_Multivariate_Polynomial.polyadd	infra_theory	HOL-Decision_Procs.Reflected_Multivariate_Polynomial
Reflected_Multivariate_Polynomial.poly.Pw	KEPT	HOL-Decision_Procs.Reflected_Multivariate_Polynomial
Reflected_Multivariate_Polynomial.poly.CN	KEPT	HOL-Decision_Procs.Reflected_Multivariate_Polynomial
Reflected_Multivariate_Polynomial.isnpoly	infra_theory	HOL-Decision_Procs.Reflected_Multivariate_Polynomial
Reflected_Multivariate_Polynomial.degreen	infra_theory	HOL-Decision_Procs.Reflected_Multivariate_Polynomial
Real_Vector_Spaces.real_div_algebra_class	class_pred	HOL.Real_Vector_Spaces
Real_Vector_Spaces.class.real_div_algebra	class_infix	HOL.Real_Vector_Spaces
Real.exhaustive_real_inst.exhaustive_real	inst_infix	HOL.Real
Reachability_Analysis.sctn.ctor_fold_sctn	concealed	Ordinary_Differential_Equations.Reachability_Analysis
Rational_FPS_Solver.solve_factored_ratfps	KEPT	Linear_Recurrences.Rational_FPS_Solver
RatFPS.typerep_ratfps_inst.typerep_ratfps	inst_infix	Linear_Recurrences.RatFPS
RatFPS.term_of_ratfps_inst.term_of_ratfps	inst_infix	Linear_Recurrences.RatFPS
RatFPS.inverse_ratfps_inst.inverse_ratfps	inst_infix	Linear_Recurrences.RatFPS
RatFPS.exhaustive_fps_inst.exhaustive_fps	inst_infix	Linear_Recurrences.RatFPS
Quickcheck_Narrowing.property.Existential	KEPT	HOL.Quickcheck_Narrowing
Quickcheck_Exhaustive.valtermify_absdummy	hidden	HOL.Quickcheck_Exhaustive
Quickcheck_Exhaustive.unknown.rec_unknown	KEPT	HOL.Quickcheck_Exhaustive
Quickcheck_Exhaustive.unknown.mor_unknown	concealed	HOL.Quickcheck_Exhaustive
Quickcheck_Exhaustive.unknown.alg_unknown	concealed	HOL.Quickcheck_Exhaustive
Quickcheck_Exhaustive.unknown.Rep_unknown	concealed	HOL.Quickcheck_Exhaustive
Quickcheck_Exhaustive.unknown.Abs_unknown	concealed	HOL.Quickcheck_Exhaustive
Quickcheck_Exhaustive.pos_bound_cps_empty	KEPT	HOL.Quickcheck_Exhaustive
Quickcheck_Exhaustive.neg_bound_cps_empty	KEPT	HOL.Quickcheck_Exhaustive
Quickcheck_Exhaustive.exhaustive_set_sumC	KEPT	HOL.Quickcheck_Exhaustive
Quickcheck_Exhaustive.exhaustive_natural'	KEPT	HOL.Quickcheck_Exhaustive
Quickcheck_Exhaustive.exhaustive_integer'	KEPT	HOL.Quickcheck_Exhaustive
Quickcheck_Exhaustive.exhaustive_int'_rel	concealed	HOL.Quickcheck_Exhaustive
Quickcheck_Exhaustive.exhaustive_int'_dom	KEPT	HOL.Quickcheck_Exhaustive
Quickcheck_Exhaustive.exhaustive_fun'_rel	concealed	HOL.Quickcheck_Exhaustive
Quickcheck_Exhaustive.exhaustive_fun'_dom	KEPT	HOL.Quickcheck_Exhaustive
Projective_Limit.finmap_seqs_into_compact	KEPT	HOL-Probability.Projective_Limit
Product_Type.uminus_unit_inst.uminus_unit	inst_infix	HOL.Product_Type
Product_Type.random_unit_inst.random_unit	inst_infix	HOL.Product_Type
Product_Type.random_prod_inst.random_prod	inst_infix	HOL.Product_Type
Product_Plus.uminus_prod_inst.uminus_prod	inst_infix	HOL-Library.Product_Plus
Probability_Mass_Function.pmf_of_multiset	KEPT	HOL-Probability.Probability_Mass_Function
Probability_Mass_Function.pmf.measure_pmf	KEPT	HOL-Probability.Probability_Mass_Function
Predicate.seq.seq_pre_seq.Rep_seq_pre_seq	concealed	HOL.Predicate
Predicate.seq.seq_pre_seq.Abs_seq_pre_seq	concealed	HOL.Predicate
Pratt_Certificate.pratt_tree_number_graph	concealed	Pratt_Certificate.Pratt_Certificate
Polynomial_Factorial.primitive_part_fract	KEPT	HOL-Computational_Algebra.Polynomial_Factorial
Polynomial.typerep_poly_inst.typerep_poly	inst_infix	HOL-Computational_Algebra.Polynomial
Polynomial.term_of_poly_inst.term_of_poly	inst_infix	HOL-Computational_Algebra.Polynomial
Polynomial.divmod_poly_one_main_list_sumC	KEPT	HOL-Computational_Algebra.Polynomial
Polynomial.class.field_unit_factor_axioms	class_infix	HOL-Computational_Algebra.Polynomial
Poincare_Map.auto_ll_on_open.poincare_map	KEPT	Ordinary_Differential_Equations.Poincare_Map
Partial_Fraction_Decomposition.decompose'	KEPT	Linear_Recurrences.Partial_Fraction_Decomposition
Parametric_Ferrante_Rackoff.tm.min_alg_tm	concealed	HOL-Decision_Procs.Parametric_Ferrante_Rackoff
Parametric_Ferrante_Rackoff.random_aux_tm	concealed	HOL-Decision_Procs.Parametric_Ferrante_Rackoff
Parametric_Ferrante_Rackoff.random_aux_fm	concealed	HOL-Decision_Procs.Parametric_Ferrante_Rackoff
Parametric_Ferrante_Rackoff.plusinf_graph	concealed	HOL-Decision_Procs.Parametric_Ferrante_Rackoff
Parametric_Ferrante_Rackoff.msubstpos_rel	concealed	HOL-Decision_Procs.Parametric_Ferrante_Rackoff
Parametric_Ferrante_Rackoff.msubstpos_dom	infra_theory	HOL-Decision_Procs.Parametric_Ferrante_Rackoff
Parametric_Ferrante_Rackoff.msubstneg_rel	concealed	HOL-Decision_Procs.Parametric_Ferrante_Rackoff
Parametric_Ferrante_Rackoff.msubstneg_dom	infra_theory	HOL-Decision_Procs.Parametric_Ferrante_Rackoff
Parametric_Ferrante_Rackoff.minusinf_sumC	infra_theory	HOL-Decision_Procs.Parametric_Ferrante_Rackoff
Parametric_Ferrante_Rackoff.incrtm0_graph	concealed	HOL-Decision_Procs.Parametric_Ferrante_Rackoff
Parametric_Ferrante_Rackoff.fm.min_alg_fm	concealed	HOL-Decision_Procs.Parametric_Ferrante_Rackoff
Parametric_Ferrante_Rackoff.disjuncts_rel	concealed	HOL-Decision_Procs.Parametric_Ferrante_Rackoff
Parametric_Ferrante_Rackoff.disjuncts_dom	infra_theory	HOL-Decision_Procs.Parametric_Ferrante_Rackoff
Parametric_Ferrante_Rackoff.decrtm0_graph	concealed	HOL-Decision_Procs.Parametric_Ferrante_Rackoff
Parametric_Ferrante_Rackoff.conjuncts_rel	concealed	HOL-Decision_Procs.Parametric_Ferrante_Rackoff
Parametric_Ferrante_Rackoff.conjuncts_dom	infra_theory	HOL-Decision_Procs.Parametric_Ferrante_Rackoff
Parametric_Ferrante_Rackoff.allpolys_sumC	infra_theory	HOL-Decision_Procs.Parametric_Ferrante_Rackoff
Parallel.random_future_inst.random_future	inst_infix	HOL-Library.Parallel
Parallel.pre_future.future.wit_pre_future	concealed	HOL-Library.Parallel
Parallel.pre_future.future.rel_pre_future	concealed	HOL-Library.Parallel
Parallel.pre_future.future.map_pre_future	concealed	HOL-Library.Parallel
Option_ord.ord_option_inst.less_eq_option	inst_infix	HOL-Library.Option_ord
Option.typerep_option_inst.typerep_option	inst_infix	HOL.Option
Option.term_of_option_inst.term_of_option	inst_infix	HOL.Option
Numeral_Type.uminus_num1_inst.uminus_num1	inst_infix	HOL-Library.Numeral_Type
Numeral_Type.uminus_bit1_inst.uminus_bit1	inst_infix	HOL-Library.Numeral_Type
Numeral_Type.uminus_bit0_inst.uminus_bit0	inst_infix	HOL-Library.Numeral_Type
Numeral_Type.enum_num1_inst.enum_all_num1	inst_infix	HOL-Library.Numeral_Type
Numeral_Type.enum_bit1_inst.enum_all_bit1	inst_infix	HOL-Library.Numeral_Type
Numeral_Type.enum_bit0_inst.enum_all_bit0	inst_infix	HOL-Library.Numeral_Type
Newton_Interpolation.newton_poly_impl_int	KEPT	Polynomial_Interpolation.Newton_Interpolation
Multiset_Permutations.permutations_of_set	KEPT	HOL-Combinatorics.Multiset_Permutations
Multiset.zero_multiset_inst.zero_multiset	inst_infix	HOL-Library.Multiset
Multiset.size_multiset_inst.size_multiset	inst_infix	HOL-Library.Multiset
Multiset.plus_multiset_inst.plus_multiset	inst_infix	HOL-Library.Multiset
Multiset.linorder.sorted_list_of_multiset	class_variant	HOL-Library.Multiset
Multiset.comm_monoid_mult_class.prod_mset	KEPT	HOL-Library.Multiset
Multiset.comm_monoid_add_class.sum_mset.F	KEPT	HOL-Library.Multiset
Multiseries_Expansion.times_ms_aux.v4.rho	KEPT	HOL-Real_Asymp.Multiseries_Expansion
Multiseries_Expansion.random_aux_msstream	concealed	HOL-Real_Asymp.Multiseries_Expansion
Multiseries_Expansion.pre_ms.ms.bd_pre_ms	concealed	HOL-Real_Asymp.Multiseries_Expansion
Multiseries_Expansion.msllist_of_msstream	KEPT	HOL-Real_Asymp.Multiseries_Expansion
Multiseries_Expansion.msllist.un_MSLCons2	KEPT	HOL-Real_Asymp.Multiseries_Expansion
Multiseries_Expansion.msllist.un_MSLCons1	KEPT	HOL-Real_Asymp.Multiseries_Expansion
Multiseries_Expansion.msllist.set_msllist	KEPT	HOL-Real_Asymp.Multiseries_Expansion
Multiseries_Expansion.msllist.rel_msllist	KEPT	HOL-Real_Asymp.Multiseries_Expansion
Multiseries_Expansion.msllist.mor_msllist	concealed	HOL-Real_Asymp.Multiseries_Expansion
Multiseries_Expansion.msllist.col_msllist	concealed	HOL-Real_Asymp.Multiseries_Expansion
Multiseries_Expansion.msllist.bis_msllist	concealed	HOL-Real_Asymp.Multiseries_Expansion
Multiseries_Expansion.msllist.beh_msllist	concealed	HOL-Real_Asymp.Multiseries_Expansion
Multiseries_Expansion.msllist.Rep_msllist	concealed	HOL-Real_Asymp.Multiseries_Expansion
Multiseries_Expansion.msllist.Lev_msllist	concealed	HOL-Real_Asymp.Multiseries_Expansion
Multiseries_Expansion.msllist.Abs_msllist	concealed	HOL-Real_Asymp.Multiseries_Expansion
Multiseries_Expansion.inverse_ms_aux_sumC	KEPT	HOL-Real_Asymp.Multiseries_Expansion
Multiseries_Expansion.compare_lists_graph	concealed	HOL-Real_Asymp.Multiseries_Expansion
More_Homomorphisms.coeff_lift_hom.vec_hom	KEPT	Subresultants.More_Homomorphisms
More_Homomorphisms.coeff_lift_hom.mat_hom	KEPT	Subresultants.More_Homomorphisms
Mod_Exp.euclidean_semiring_cancel.mod_exp	class_variant	HOL-Number_Theory.Mod_Exp
Missing_Unsorted.max_list_non_empty_graph	concealed	Polynomial_Interpolation.Missing_Unsorted
Missing_Polynomial.mult_zero.zero_divisor	class_variant	Polynomial_Interpolation.Missing_Polynomial
MPoly_Type.uminus_mpoly_inst.uminus_mpoly	inst_infix	Polynomials.MPoly_Type
MIR.raw_sum.num.sum.Sum_Type.pred_raw_sum	concealed	HOL-Decision_Procs.MIR
Linear_Temporal_Logic_on_Streams.nxt_sumC	KEPT	HOL-Library.Linear_Temporal_Logic_on_Streams
Limits.topological_comm_monoid_mult_class	class_pred	HOL.Limits
Limits.class.topological_group_add_axioms	class_infix	HOL.Limits
Limits.class.topological_comm_monoid_mult	class_infix	HOL.Limits
Lazy_Sequence.small_lazy_class.small_lazy	KEPT	HOL.Lazy_Sequence
Lazy_Eval.cmp_result.ctor_fold_cmp_result	concealed	HOL-Real_Asymp.Lazy_Eval
Laurent_Convergence.has_laurent_expansion	KEPT	HOL-Complex_Analysis.Laurent_Convergence
Landau_Real_Products.primfun.size_primfun	adt_record	Landau_Symbols.Landau_Real_Products
Landau_Real_Products.primfun.dtor_primfun	concealed	Landau_Symbols.Landau_Real_Products
Landau_Real_Products.primfun.ctor_primfun	concealed	Landau_Symbols.Landau_Real_Products
Landau_Real_Products.primfun.case_primfun	KEPT	Landau_Symbols.Landau_Real_Products
Landau_Real_Products.pos_primfun_list_rel	concealed	Landau_Symbols.Landau_Real_Products
Landau_Real_Products.pos_primfun_list_dom	KEPT	Landau_Symbols.Landau_Real_Products
Landau_Real_Products.less_eq_primfun_sumC	KEPT	Landau_Symbols.Landau_Real_Products
Landau_Real_Products.inverse_primfun_sumC	KEPT	Landau_Symbols.Landau_Real_Products
Isolated.topological_space_class.discrete	KEPT	HOL-Analysis.Isolated
Interval_Float.inverse_float_interval_aux	concealed	HOL-Library.Interval_Float
Interval.zero_interval_inst.zero_interval	inst_infix	HOL-Library.Interval
Interval.plus_interval_inst.plus_interval	inst_infix	HOL-Library.Interval
Interval.open_interval_inst.open_interval	inst_infix	HOL-Library.Interval
Initial_Value_Problem.self_mapping_axioms	KEPT	Ordinary_Differential_Equations.Initial_Value_Problem
Information.prob_space.mutual_information	KEPT	HOL-Probability.Information
Information.information_space.entropy_Pow	KEPT	HOL-Probability.Information
Infinite_Sum.complete_uniform_space_class	class_pred	HOL-Analysis.Infinite_Sum
Infinite_Sum.class.complete_uniform_space	class_infix	HOL-Analysis.Infinite_Sum
Infinite_Product_Measure.sequence_space.S	KEPT	HOL-Probability.Infinite_Product_Measure
Independent_Family.prob_space.tail_events	KEPT	HOL-Probability.Independent_Family
Independent_Family.prob_space.indep_event	KEPT	HOL-Probability.Independent_Family
IArray.typerep_iarray_inst.typerep_iarray	inst_infix	HOL-Library.IArray
IArray.term_of_iarray_inst.term_of_iarray	inst_infix	HOL-Library.IArray
Groups_List.monoid_mult_class.prod_list.F	KEPT	HOL.Groups_List
Group_Sort.groupsort.group_part_aux_graph	concealed	Landau_Symbols.Group_Sort
Group_On_With.ab_group_add_on_with_axioms	KEPT	HOL-Types_To_Sets.Group_On_With
Group_Closure.ab_group_add.group_closurep	class_variant	HOL-Computational_Algebra.Group_Closure
Geo_Real2.real2.neu.one_point_line_circle	KEPT	MathBench_ProverBase.Geo_Real2
Geo_Real2.Tarski_Euclidean_2D_Continuous'	KEPT	MathBench_ProverBase.Geo_Real2
Gaussian_Integers.prime_factors_gauss_int	KEPT	Gaussian_Integers.Gaussian_Integers
Gaussian_Integers.gauss_int.mor_gauss_int	concealed	Gaussian_Integers.Gaussian_Integers
Gaussian_Integers.gauss_int.bis_gauss_int	concealed	Gaussian_Integers.Gaussian_Integers
Gaussian_Integers.gauss_int.beh_gauss_int	concealed	Gaussian_Integers.Gaussian_Integers
Gaussian_Integers.gauss_int.Rep_gauss_int	concealed	Gaussian_Integers.Gaussian_Integers
Gaussian_Integers.gauss_int.Lev_gauss_int	concealed	Gaussian_Integers.Gaussian_Integers
Gaussian_Integers.gauss_int.Abs_gauss_int	concealed	Gaussian_Integers.Gaussian_Integers
Gauss_Sums.dcharacter.primitive_extension	KEPT	Gauss_Sums.Gauss_Sums
Gauss_Jordan_IArrays.Gauss_Jordan_iarrays	KEPT	Gauss_Jordan.Gauss_Jordan_IArrays
Gauss_Jordan_Elimination.row_echelon_form	KEPT	Jordan_Normal_Form.Gauss_Jordan_Elimination
Gauss_Jordan_Elimination.find_base_vector	KEPT	Jordan_Normal_Form.Gauss_Jordan_Elimination
Functional_Spaces.quasinorm.Rep_quasinorm	abs_rep_name	Lp.Functional_Spaces
Fraction_Field.zero_fract_inst.zero_fract	inst_infix	HOL-Computational_Algebra.Fraction_Field
Fraction_Field.plus_fract_inst.plus_fract	inst_infix	HOL-Computational_Algebra.Fraction_Field
Finite_Map.typerep_fmap_inst.typerep_fmap	inst_infix	HOL-Library.Finite_Map
Finite_Map.term_of_fmap_inst.term_of_fmap	inst_infix	HOL-Library.Finite_Map
Finite_Map.fun.Finite_Map.fmap.fun.bd_fun	KEPT	HOL-Library.Finite_Map
Finite_Fourier_Series.finite_fourier_poly	KEPT	Gauss_Sums.Finite_Fourier_Series
Filter.typerep_filter_inst.typerep_filter	inst_infix	HOL.Filter
Filter.term_of_filter_inst.term_of_filter	inst_infix	HOL.Filter
Field_as_Ring.field_class.normalize_field	KEPT	HOL-Computational_Algebra.Field_as_Ring
Ferrack.num.num_IITN_num.Rep_num_IITN_num	concealed	HOL-Decision_Procs.Ferrack
Ferrack.num.num_IITN_num.Abs_num_IITN_num	concealed	HOL-Decision_Procs.Ferrack
Factorial_Ring.comm_semiring_1.prime_elem	class_variant	HOL-Computational_Algebra.Factorial_Ring
FSet.exhaustive_fset_inst.exhaustive_fset	inst_infix	HOL-Library.FSet
Extended_Real_Limits.order_class.mono_set	KEPT	HOL-Analysis.Extended_Real_Limits
Extended_Nonnegative_Real.ennreal_of_enat	KEPT	HOL-Library.Extended_Nonnegative_Real
Extended_Nat.random_enat_inst.random_enat	inst_infix	HOL-Library.Extended_Nat
Extended.zero_extended_inst.zero_extended	inst_infix	HOL-Library.Extended
Extended.size_extended_inst.size_extended	inst_infix	HOL-Library.Extended
Extended.plus_extended_inst.plus_extended	inst_infix	HOL-Library.Extended
Executable_Euclidean_Space.blinfun_scaleR	KEPT	Affine_Arithmetic.Executable_Euclidean_Space
Enum.uminus_finite_4_inst.uminus_finite_4	inst_infix	HOL.Enum
Enum.uminus_finite_3_inst.uminus_finite_3	inst_infix	HOL.Enum
Enum.uminus_finite_2_inst.uminus_finite_2	inst_infix	HOL.Enum
Enum.uminus_finite_1_inst.uminus_finite_1	inst_infix	HOL.Enum
Enum.random_finite_5_inst.random_finite_5	inst_infix	HOL.Enum
Enum.random_finite_4_inst.random_finite_4	inst_infix	HOL.Enum
Enum.random_finite_3_inst.random_finite_3	inst_infix	HOL.Enum
Enum.random_finite_2_inst.random_finite_2	inst_infix	HOL.Enum
Enum.random_finite_1_inst.random_finite_1	inst_infix	HOL.Enum
Enum.modulo_finite_3_inst.modulo_finite_3	inst_infix	HOL.Enum
Enum.modulo_finite_2_inst.modulo_finite_2	inst_infix	HOL.Enum
Enum.modulo_finite_1_inst.modulo_finite_1	inst_infix	HOL.Enum
Enum.enum_finite_5_inst.enum_all_finite_5	inst_infix	HOL.Enum
Enum.enum_finite_4_inst.enum_all_finite_4	inst_infix	HOL.Enum
Enum.enum_finite_3_inst.enum_all_finite_3	inst_infix	HOL.Enum
Enum.enum_finite_2_inst.enum_all_finite_2	inst_infix	HOL.Enum
Enum.enum_finite_1_inst.enum_all_finite_1	inst_infix	HOL.Enum
Enum.divide_finite_3_inst.divide_finite_3	inst_infix	HOL.Enum
Enum.divide_finite_2_inst.divide_finite_2	inst_infix	HOL.Enum
Enum.divide_finite_1_inst.divide_finite_1	inst_infix	HOL.Enum
Elementary_Operations.interchange_columns	KEPT	Gauss_Jordan.Elementary_Operations
Dual_Order.dual_wellorder.stable_sort_key	KEPT	Rank_Nullity_Theorem.Dual_Order
Dual_Order.dual_wellorder.atLeastLessThan	KEPT	Rank_Nullity_Theorem.Dual_Order
Dirichlet_Series.times_fds_inst.times_fds	inst_infix	Dirichlet_Series.Dirichlet_Series
Dirichlet_Series.minus_fds_inst.minus_fds	inst_infix	Dirichlet_Series.Dirichlet_Series
Dirichlet_Product.dirichlet_inverse_graph	concealed	Dirichlet_Series.Dirichlet_Product
Determinants2.Gauss_Jordan_column_k_det_P	KEPT	Gauss_Jordan.Determinants2
Derivative.piecewise_C1_differentiable_on	KEPT	HOL-Analysis.Derivative
Dense_Linear_Order.linorder_stupid_syntax	infra_theory	HOL-Decision_Procs.Dense_Linear_Order
Countable_Set_Type.sup_cset_inst.sup_cset	inst_infix	HOL-Library.Countable_Set_Type
Countable_Set_Type.inf_cset_inst.inf_cset	inst_infix	HOL-Library.Countable_Set_Type
Countable_Set_Type.bot_cset_inst.bot_cset	inst_infix	HOL-Library.Countable_Set_Type
Contour_Integration.contour_integrable_on	KEPT	HOL-Complex_Analysis.Contour_Integration
Continued_Fractions.cfrac_of_real_alt_aux	KEPT	Continued_Fractions.Continued_Fractions
Continued_Fractions.cfrac_list_of_rat_rel	concealed	Continued_Fractions.Continued_Fractions
Continued_Fractions.cfrac_list_of_rat_dom	KEPT	Continued_Fractions.Continued_Fractions
Continued_Fractions.cfrac.ctor_fold_cfrac	concealed	Continued_Fractions.Continued_Fractions
Conjugate.conjugatable_ordered_ring_class	class_pred	Jordan_Normal_Form.Conjugate
Conjugate.class.conjugatable_ordered_ring	class_infix	Jordan_Normal_Form.Conjugate
Cong.unique_euclidean_semiring_class.cong	KEPT	HOL-Number_Theory.Cong
Complete_Lattices.complete_linorder_class	class_pred	HOL.Complete_Lattices
Complete_Lattices.class.complete_linorder	class_infix	HOL.Complete_Lattices
Comparator.typerep_comp_inst.typerep_comp	inst_infix	HOL-Library.Comparator
Comparator.term_of_comp_inst.term_of_comp	inst_infix	HOL-Library.Comparator
Commutative_Ring.pre_pol.pol.pred_pre_pol	concealed	HOL-Decision_Procs.Commutative_Ring
Commutative_Ring.pre_mon.mon.pred_pre_mon	concealed	HOL-Decision_Procs.Commutative_Ring
Commutative_Ring.equal_pol_inst.equal_pol	infra_theory	HOL-Decision_Procs.Commutative_Ring
Commutative_Ring.equal_mon_inst.equal_mon	infra_theory	HOL-Decision_Procs.Commutative_Ring
Commutative_Ring.cring.Imon_pol_list_sumC	infra_theory	HOL-Decision_Procs.Commutative_Ring
Column_Operations.swap_row_to_front_graph	concealed	Jordan_Normal_Form.Column_Operations
Column_Operations.swap_col_to_front_graph	concealed	Jordan_Normal_Form.Column_Operations
Code_Numeral.sgn_integer_inst.sgn_integer	inst_infix	HOL.Code_Numeral
Code_Numeral.one_natural_inst.one_natural	inst_infix	HOL.Code_Numeral
Code_Numeral.one_integer_inst.one_integer	inst_infix	HOL.Code_Numeral
Code_Numeral.abs_integer_inst.abs_integer	inst_infix	HOL.Code_Numeral
Chebyshev_Polynomials.gen_cheb_poly.f_rel	concealed	Chebyshev_Polynomials.Chebyshev_Polynomials
Chebyshev_Polynomials.gen_cheb_poly.f_dom	KEPT	Chebyshev_Polynomials.Chebyshev_Polynomials
Chebyshev_Polynomials.gen_cheb_poly.P_rel	concealed	Chebyshev_Polynomials.Chebyshev_Polynomials
Chebyshev_Polynomials.gen_cheb_poly.P_dom	KEPT	Chebyshev_Polynomials.Chebyshev_Polynomials
Chebyshev_Polynomials.cheb_eval_aux_graph	concealed	Chebyshev_Polynomials.Chebyshev_Polynomials
Cardinality.finite_UNIV_class.finite_UNIV	KEPT	HOL-Library.Cardinality
Bounded_Linear_Operator.blinop.prod_right	KEPT	Ordinary_Differential_Equations.Bounded_Linear_Operator
Bounded_Linear_Operator.blinop.Rep_blinop	abs_rep_name	Ordinary_Differential_Equations.Bounded_Linear_Operator
Bounded_Linear_Operator.blinop.Abs_blinop	abs_rep_name	Ordinary_Differential_Equations.Bounded_Linear_Operator
Bounded_Linear_Function.blinfun_of_matrix	KEPT	HOL-Analysis.Bounded_Linear_Function
Bounded_Linear_Function.blinfun_mult_left	KEPT	HOL-Analysis.Bounded_Linear_Function
Bounded_Linear_Function.blinfun.prod_left	KEPT	HOL-Analysis.Bounded_Linear_Function
Borel_Space.topological_space_class.borel	KEPT	HOL-Analysis.Borel_Space
Boolean_Algebras.abstract_boolean_algebra	KEPT	HOL.Boolean_Algebras
Bit_Operations.semiring_bits.possible_bit	class_variant	HOL.Bit_Operations
Bit_Operations.class.semiring_bits_axioms	class_infix	HOL.Bit_Operations
BNF_Wellorder_Constructions.ord_to_filter	KEPT	HOL.BNF_Wellorder_Constructions
BNF_Cardinal_Order_Relation.card_order_on	internal_prefix	HOL.BNF_Cardinal_Order_Relation
Archimedean_Field.class.archimedean_field	class_infix	HOL.Archimedean_Field
Archimedean_Field.archimedean_field_class	class_pred	HOL.Archimedean_Field
Approximation_Bounds.ub_sqrt_lb_sqrt_sumC	infra_theory	HOL-Decision_Procs.Approximation_Bounds
Approximation_Bounds.sqrt_iteration_graph	concealed	HOL-Decision_Procs.Approximation_Bounds
Approximation_Bounds.power_float_interval	infra_theory	HOL-Decision_Procs.Approximation_Bounds
Approximation.pre_form.form.pred_pre_form	concealed	HOL-Decision_Procs.Approximation
Algebraic_Numbers_Prelim.real_of_rat_poly	KEPT	Algebraic_Numbers.Algebraic_Numbers_Prelim
Algebraic_Numbers_Prelim.real_of_int_poly	KEPT	Algebraic_Numbers.Algebraic_Numbers_Prelim
Abstract_Topological_Spaces.regular_space	KEPT	HOL-Analysis.Abstract_Topological_Spaces
Abstract_Metric_Spaces.metric.dest_metric	KEPT	HOL-Analysis.Abstract_Metric_Spaces
Abstract_Metric_Spaces.discrete_metric.dd	KEPT	HOL-Analysis.Abstract_Metric_Spaces
Abstract_Metric_Spaces.Metric_space.mopen	KEPT	HOL-Analysis.Abstract_Metric_Spaces
Abstract_Metric_Spaces.Metric_space.mball	KEPT	HOL-Analysis.Abstract_Metric_Spaces
Abstract_Metric_Spaces.Met_TC.capped_dist	KEPT	HOL-Analysis.Abstract_Metric_Spaces
While_Combinator.rtrancl_while_test_sumC	KEPT	HOL-Library.While_Combinator
While_Combinator.rtrancl_while_step_sumC	KEPT	HOL-Library.While_Combinator
While_Combinator.rtrancl_while_invariant	KEPT	HOL-Library.While_Combinator
Weierstrass_Theorems.polynomial_function	KEPT	HOL-Analysis.Weierstrass_Theorems
Weak_Convergence.right_continuous_mono.I	KEPT	HOL-Probability.Weak_Convergence
Unique_Factorization.unit_preserving_hom	KEPT	Berlekamp_Zassenhaus.Unique_Factorization
Unique_Factorization.comm_semiring_1_hom	KEPT	Berlekamp_Zassenhaus.Unique_Factorization
Typerep.equal_typerep_inst.equal_typerep	inst_infix	HOL.Typerep
Topological_Spaces.open_uniformity_class	class_pred	HOL.Topological_Spaces
Topological_Spaces.class.t4_space_axioms	class_infix	HOL.Topological_Spaces
Topological_Spaces.class.t3_space_axioms	class_infix	HOL.Topological_Spaces
Topological_Spaces.class.t2_space_axioms	class_infix	HOL.Topological_Spaces
Topological_Spaces.class.t1_space_axioms	class_infix	HOL.Topological_Spaces
Topological_Spaces.class.t0_space_axioms	class_infix	HOL.Topological_Spaces
Topological_Spaces.class.open_uniformity	class_infix	HOL.Topological_Spaces
Tarski_Euclidean.Tarski_Euclidean_axioms	KEPT	IsaGeoCoq.Tarski_Euclidean
Symmetric_Polynomials.fund_sym_step_poly	KEPT	Symmetric_Polynomials.Symmetric_Polynomials
Sublist.suffix_order.greaterThanLessThan	KEPT	HOL-Library.Sublist
Sublist.subseq_order.greaterThanLessThan	KEPT	HOL-Library.Sublist
Sublist.sublist_order.strict_antimono_on	KEPT	HOL-Library.Sublist
Sublist.prefix_order.greaterThanLessThan	KEPT	HOL-Library.Sublist
Sturm_Multiple_Roots.changes_R_smods_ext	KEPT	Budan_Fourier.Sturm_Multiple_Roots
Stream.pre_stream.stream.set2_pre_stream	concealed	HOL-Library.Stream
Stream.pre_stream.stream.set1_pre_stream	concealed	HOL-Library.Stream
Stream.pre_stream.stream.pred_pre_stream	concealed	HOL-Library.Stream
State_Monad.pre_state.state.bd_pre_state	concealed	HOL-Library.State_Monad
State_Monad.equal_state_inst.equal_state	inst_infix	HOL-Library.State_Monad
Set_Interval.ord_class.greaterThanAtMost	KEPT	HOL.Set_Interval
Set_Interval.fold_atLeastAtMost_nat_sumC	KEPT	HOL.Set_Interval
Rings.ordered_comm_semiring_strict_class	class_pred	HOL.Rings
Rings.ordered_cancel_comm_semiring_class	class_pred	HOL.Rings
Rings.linordered_semiring_1_strict_class	class_pred	HOL.Rings
Rings.class.ordered_comm_semiring_strict	class_infix	HOL.Rings
Rings.class.ordered_comm_semiring_axioms	class_infix	HOL.Rings
Rings.class.ordered_cancel_comm_semiring	class_infix	HOL.Rings
Rings.class.normalization_semidom_axioms	class_infix	HOL.Rings
Rings.class.linordered_semiring_1_strict	class_infix	HOL.Rings
Ring_Hom_Poly.map_poly_inj_comm_ring_hom	KEPT	Polynomial_Interpolation.Ring_Hom_Poly
Ring_Hom_Poly.map_poly_comm_semiring_hom	KEPT	Polynomial_Interpolation.Ring_Hom_Poly
Residue_Primitive_Roots.residue_primroot	KEPT	HOL-Number_Theory.Residue_Primitive_Roots
Reflective_Field.pexpr2.ctor_fold_pexpr2	concealed	HOL-Decision_Procs.Reflective_Field
Reflective_Field.pexpr1.ctor_fold_pexpr1	concealed	HOL-Decision_Procs.Reflective_Field
Reflective_Field.field_class.peval_graph	concealed	HOL-Decision_Procs.Reflective_Field
Reflective_Field.field_class.nth_el_sumC	infra_theory	HOL-Decision_Procs.Reflective_Field
Reflected_Multivariate_Polynomial.shift1	infra_theory	HOL-Decision_Procs.Reflected_Multivariate_Polynomial
Reflected_Multivariate_Polynomial.poly_p	infra_theory	HOL-Decision_Procs.Reflected_Multivariate_Polynomial
Reflected_Multivariate_Polynomial.poly_0	infra_theory	HOL-Decision_Procs.Reflected_Multivariate_Polynomial
Reflected_Multivariate_Polynomial.poly.C	KEPT	HOL-Decision_Procs.Reflected_Multivariate_Polynomial
Reflected_Multivariate_Polynomial.funpow	infra_theory	HOL-Decision_Procs.Reflected_Multivariate_Polynomial
Reflected_Multivariate_Polynomial.degree	infra_theory	HOL-Decision_Procs.Reflected_Multivariate_Polynomial
Reflected_Multivariate_Polynomial.behead	infra_theory	HOL-Decision_Procs.Reflected_Multivariate_Polynomial
Record.iso_tuple_surjective_proof_assist	KEPT	HOL.Record
Real_Vector_Spaces.uniformity_dist_class	class_pred	HOL.Real_Vector_Spaces
Real_Vector_Spaces.real_vector.dependent	KEPT	HOL.Real_Vector_Spaces
Real_Vector_Spaces.real_vector.construct	KEPT	HOL.Real_Vector_Spaces
Real_Vector_Spaces.class.uniformity_dist	class_infix	HOL.Real_Vector_Spaces
Real_Vector_Spaces.bounded_linear_axioms	KEPT	HOL.Real_Vector_Spaces
Reachability_Analysis.sctn.str_init_sctn	concealed	Ordinary_Differential_Equations.Reachability_Analysis
Reachability_Analysis.sctn.ctor_rec_sctn	concealed	Ordinary_Differential_Equations.Reachability_Analysis
Quickcheck_Narrowing.ffun.ctor_fold_ffun	concealed	HOL.Quickcheck_Narrowing
Quickcheck_Narrowing.cfun.ctor_fold_cfun	concealed	HOL.Quickcheck_Narrowing
Quickcheck_Exhaustive.valtermify_fun_upd	hidden	HOL.Quickcheck_Exhaustive
Quickcheck_Exhaustive.three_valued.Value	KEPT	HOL.Quickcheck_Exhaustive
Quickcheck_Exhaustive.pos_bound_cps_plus	KEPT	HOL.Quickcheck_Exhaustive
Quickcheck_Exhaustive.pos_bound_cps_bind	KEPT	HOL.Quickcheck_Exhaustive
Quickcheck_Exhaustive.neg_bound_cps_plus	KEPT	HOL.Quickcheck_Exhaustive
Quickcheck_Exhaustive.neg_bound_cps_bind	KEPT	HOL.Quickcheck_Exhaustive
Quickcheck_Exhaustive.exhaustive_set_rel	concealed	HOL.Quickcheck_Exhaustive
Quickcheck_Exhaustive.exhaustive_set_dom	KEPT	HOL.Quickcheck_Exhaustive
Projective_Family.projective_family.mu_G	KEPT	HOL-Probability.Projective_Family
Product_Order.ord_prod_inst.less_eq_prod	inst_infix	HOL-Library.Product_Order
Probability_Mass_Function.pmf_of_list_wf	KEPT	HOL-Probability.Probability_Mass_Function
Primes.class.check_prime_by_range_axioms	class_infix	HOL-Computational_Algebra.Primes
Predicate.typerep_pred_inst.typerep_pred	inst_infix	HOL.Predicate
Predicate.term_of_pred_inst.term_of_pred	inst_infix	HOL.Predicate
Pratt_Certificate.valid_pratt_tree_graph	concealed	Pratt_Certificate.Pratt_Certificate
Pratt_Certificate.pratt_tree_number_sumC	KEPT	Pratt_Certificate.Pratt_Certificate
Power_Sum_Polynomials_Library.poly_roots	KEPT	Power_Sum_Polynomials.Power_Sum_Polynomials_Library
Power_By_Squaring.efficient_funpow_graph	concealed	HOL-Library.Power_By_Squaring
Polynomial_List.semiring_0_class.pnormal	infra_theory	HOL-Decision_Procs.Polynomial_List
Polynomial_List.semiring_0_class.divides	infra_theory	HOL-Decision_Procs.Polynomial_List
Polynomial_List.ring_1_class.rsquarefree	infra_theory	HOL-Decision_Procs.Polynomial_List
Polynomial.pseudo_divmod_main_list_graph	concealed	HOL-Computational_Algebra.Polynomial
Polynomial.divmod_poly_one_main_list_rel	concealed	HOL-Computational_Algebra.Polynomial
Polynomial.divmod_poly_one_main_list_dom	KEPT	HOL-Computational_Algebra.Polynomial
Polynomial.class.alg_closed_field_axioms	class_infix	HOL-Computational_Algebra.Polynomial
Poincare_Map.auto_ll_on_open.return_time	KEPT	Ordinary_Differential_Equations.Poincare_Map
Permutations.inverse_permutation_of_list	KEPT	HOL-Combinatorics.Permutations
Partial_Fraction_Decomposition.decompose	KEPT	Linear_Recurrences.Partial_Fraction_Decomposition
Parametric_Ferrante_Rackoff.split0_graph	concealed	HOL-Decision_Procs.Parametric_Ferrante_Rackoff
Parametric_Ferrante_Rackoff.simptm_graph	concealed	HOL-Decision_Procs.Parametric_Ferrante_Rackoff
Parametric_Ferrante_Rackoff.simpfm_graph	concealed	HOL-Decision_Procs.Parametric_Ferrante_Rackoff
Parametric_Ferrante_Rackoff.plusinf_sumC	infra_theory	HOL-Decision_Procs.Parametric_Ferrante_Rackoff
Parametric_Ferrante_Rackoff.msubst_graph	concealed	HOL-Decision_Procs.Parametric_Ferrante_Rackoff
Parametric_Ferrante_Rackoff.minusinf_rel	concealed	HOL-Decision_Procs.Parametric_Ferrante_Rackoff
Parametric_Ferrante_Rackoff.minusinf_dom	infra_theory	HOL-Decision_Procs.Parametric_Ferrante_Rackoff
Parametric_Ferrante_Rackoff.isatom_graph	concealed	HOL-Decision_Procs.Parametric_Ferrante_Rackoff
Parametric_Ferrante_Rackoff.incrtm0_sumC	infra_theory	HOL-Decision_Procs.Parametric_Ferrante_Rackoff
Parametric_Ferrante_Rackoff.decrtm0_sumC	infra_theory	HOL-Decision_Procs.Parametric_Ferrante_Rackoff
Parametric_Ferrante_Rackoff.bound0_graph	concealed	HOL-Decision_Procs.Parametric_Ferrante_Rackoff
Parametric_Ferrante_Rackoff.allpolys_rel	concealed	HOL-Decision_Procs.Parametric_Ferrante_Rackoff
Parametric_Ferrante_Rackoff.allpolys_dom	infra_theory	HOL-Decision_Procs.Parametric_Ferrante_Rackoff
Parallel.pre_future.future.bd_pre_future	concealed	HOL-Library.Parallel
Orderings.unbounded_dense_linorder_class	class_pred	HOL.Orderings
Orderings.class.unbounded_dense_linorder	class_infix	HOL.Orderings
Option.pre_option.option.set2_pre_option	concealed	HOL.Option
Option.pre_option.option.set1_pre_option	concealed	HOL.Option
Option.pre_option.option.pred_pre_option	concealed	HOL.Option
ODE_Auxiliarities.one_prod_inst.one_prod	inst_infix	Ordinary_Differential_Equations.ODE_Auxiliarities
Numeral_Type.enum_num1_inst.enum_ex_num1	inst_infix	HOL-Library.Numeral_Type
Numeral_Type.enum_bit1_inst.enum_ex_bit1	inst_infix	HOL-Library.Numeral_Type
Numeral_Type.enum_bit0_inst.enum_ex_bit0	inst_infix	HOL-Library.Numeral_Type
Nonnegative_Lebesgue_Integration.density	KEPT	HOL-Analysis.Nonnegative_Lebesgue_Integration
Newton_Interpolation.newton_coefficients	KEPT	Polynomial_Interpolation.Newton_Interpolation
Multiset.subset_mset.greaterThanLessThan	KEPT	HOL-Library.Multiset
Multiset.ord_multiset_inst.less_multiset	inst_infix	HOL-Library.Multiset
Multiseries_Expansion.scale_shift_ms_aux	KEPT	HOL-Real_Asymp.Multiseries_Expansion
Multiseries_Expansion.random_aux_msllist	concealed	HOL-Real_Asymp.Multiseries_Expansion
Multiseries_Expansion.power_ms_aux_graph	concealed	HOL-Real_Asymp.Multiseries_Expansion
Multiseries_Expansion.plus_ms_aux.v1.rho	KEPT	HOL-Real_Asymp.Multiseries_Expansion
Multiseries_Expansion.msllist.v4.cutSsig	concealed	HOL-Real_Asymp.Multiseries_Expansion
Multiseries_Expansion.msllist.v4.corecUU	concealed	HOL-Real_Asymp.Multiseries_Expansion
Multiseries_Expansion.msllist.v4.congclp	KEPT	HOL-Real_Asymp.Multiseries_Expansion
Multiseries_Expansion.msllist.v3.cutSsig	concealed	HOL-Real_Asymp.Multiseries_Expansion
Multiseries_Expansion.msllist.v3.corecUU	concealed	HOL-Real_Asymp.Multiseries_Expansion
Multiseries_Expansion.msllist.v3.congclp	KEPT	HOL-Real_Asymp.Multiseries_Expansion
Multiseries_Expansion.msllist.v2.cutSsig	concealed	HOL-Real_Asymp.Multiseries_Expansion
Multiseries_Expansion.msllist.v2.corecUU	concealed	HOL-Real_Asymp.Multiseries_Expansion
Multiseries_Expansion.msllist.v2.congclp	KEPT	HOL-Real_Asymp.Multiseries_Expansion
Multiseries_Expansion.msllist.v1.cutSsig	concealed	HOL-Real_Asymp.Multiseries_Expansion
Multiseries_Expansion.msllist.v1.corecUU	concealed	HOL-Real_Asymp.Multiseries_Expansion
Multiseries_Expansion.msllist.v1.congclp	KEPT	HOL-Real_Asymp.Multiseries_Expansion
Multiseries_Expansion.msllist.v0.cutSsig	concealed	HOL-Real_Asymp.Multiseries_Expansion
Multiseries_Expansion.msllist.v0.corecUU	concealed	HOL-Real_Asymp.Multiseries_Expansion
Multiseries_Expansion.msllist.v0.congclp	KEPT	HOL-Real_Asymp.Multiseries_Expansion
Multiseries_Expansion.msllist.bd_msllist	adt_record	HOL-Real_Asymp.Multiseries_Expansion
Multiseries_Expansion.inverse_ms_aux_rel	concealed	HOL-Real_Asymp.Multiseries_Expansion
Multiseries_Expansion.inverse_ms_aux_dom	KEPT	HOL-Real_Asymp.Multiseries_Expansion
Multiseries_Expansion.convergent_powser'	KEPT	HOL-Real_Asymp.Multiseries_Expansion
Multiseries_Expansion.compare_lists_sumC	KEPT	HOL-Real_Asymp.Multiseries_Expansion
Multiseries_Expansion.compare_expansions	KEPT	HOL-Real_Asymp.Multiseries_Expansion
Multiplicative_Characters.principal_char	KEPT	Dirichlet_L.Multiplicative_Characters
Missing_Unsorted.max_list_non_empty_sumC	KEPT	Polynomial_Interpolation.Missing_Unsorted
Measure_Space.fmeasurable.generated_ring	KEPT	HOL-Analysis.Measure_Space
Matrix_To_IArray.interchange_rows_iarray	KEPT	Gauss_Jordan.Matrix_To_IArray
Mapping.equal_mapping_inst.equal_mapping	inst_infix	HOL-Library.Mapping
MIR.raw_sum.num.sum.Sum_Type.set_raw_sum	concealed	HOL-Decision_Procs.MIR
MIR.raw_sum.num.sum.Sum_Type.rel_raw_sum	concealed	HOL-Decision_Procs.MIR
MIR.raw_sum.num.sum.Sum_Type.map_raw_sum	concealed	HOL-Decision_Procs.MIR
Locally.weakly_locally_path_connected_at	KEPT	HOL-Analysis.Locally
Linear_Temporal_Logic_on_Streams.nxt_rel	concealed	HOL-Library.Linear_Temporal_Logic_on_Streams
Linear_Temporal_Logic_on_Streams.nxt_dom	KEPT	HOL-Library.Linear_Temporal_Logic_on_Streams
Linear_Temporal_Logic_on_Streams.HLD_nxt	KEPT	HOL-Library.Linear_Temporal_Logic_on_Streams
Linear_Algebra.orthogonal_transformation	KEPT	HOL-Analysis.Linear_Algebra
Limits.topological_comm_monoid_add_class	class_pred	HOL.Limits
Limits.class.topological_comm_monoid_add	class_infix	HOL.Limits
Lazy_Eval.cmp_result.str_init_cmp_result	concealed	HOL-Real_Asymp.Lazy_Eval
Lazy_Eval.cmp_result.ctor_rec_cmp_result	concealed	HOL-Real_Asymp.Lazy_Eval
Lattices_Big.semilattice_order_neutr_set	KEPT	HOL.Lattices_Big
Landau_Real_Products.primfun.rec_primfun	KEPT	Landau_Symbols.Landau_Real_Products
Landau_Real_Products.primfun.mor_primfun	concealed	Landau_Symbols.Landau_Real_Products
Landau_Real_Products.primfun.alg_primfun	concealed	Landau_Symbols.Landau_Real_Products
Landau_Real_Products.primfun.Rep_primfun	concealed	Landau_Symbols.Landau_Real_Products
Landau_Real_Products.primfun.Abs_primfun	concealed	Landau_Symbols.Landau_Real_Products
Landau_Real_Products.nonneg_primfun_list	KEPT	Landau_Symbols.Landau_Real_Products
Landau_Real_Products.merge_primfun_graph	concealed	Landau_Symbols.Landau_Real_Products
Landau_Real_Products.less_eq_primfun_rel	concealed	Landau_Symbols.Landau_Real_Products
Landau_Real_Products.less_eq_primfun_dom	KEPT	Landau_Symbols.Landau_Real_Products
Landau_Real_Products.iszero_primfun_list	KEPT	Landau_Symbols.Landau_Real_Products
Landau_Real_Products.inverse_primfun_rel	concealed	Landau_Symbols.Landau_Real_Products
Landau_Real_Products.inverse_primfun_dom	KEPT	Landau_Symbols.Landau_Real_Products
Landau_Real_Products.eval_primfun'_graph	concealed	Landau_Symbols.Landau_Real_Products
Is_Rat_To_Rat.is_rat_rat_inst.to_rat_rat	inst_infix	Polynomial_Interpolation.Is_Rat_To_Rat
Is_Rat_To_Rat.is_rat_rat_inst.is_rat_rat	inst_infix	Polynomial_Interpolation.Is_Rat_To_Rat
Interval_Float.interval_list_union_graph	concealed	HOL-Library.Interval_Float
Interval.ord_interval_inst.less_interval	inst_infix	HOL-Library.Interval
Initial_Value_Problem.unique_on_cylinder	KEPT	Ordinary_Differential_Equations.Initial_Value_Problem
Initial_Value_Problem.unique_on_closed.P	KEPT	Ordinary_Differential_Equations.Initial_Value_Problem
Initial_Value_Problem.derivative_on_prod	KEPT	Ordinary_Differential_Equations.Initial_Value_Problem
Independent_Family.prob_space.indep_vars	KEPT	HOL-Probability.Independent_Family
Independent_Family.prob_space.indep_sets	KEPT	HOL-Probability.Independent_Family
IArray.pre_iarray.iarray.set2_pre_iarray	concealed	HOL-Library.IArray
IArray.pre_iarray.iarray.set1_pre_iarray	concealed	HOL-Library.IArray
IArray.pre_iarray.iarray.pred_pre_iarray	concealed	HOL-Library.IArray
Henstock_Kurzweil_Integration.negligible	KEPT	HOL-Analysis.Henstock_Kurzweil_Integration
Groups_Big_Fun.comm_monoid_mult.Prod_any	class_variant	HOL-Library.Groups_Big_Fun
Groups_Big.comm_monoid_mult_class.prod.G	KEPT	HOL.Groups_Big
Groups_Big.comm_monoid_mult_class.prod.F	KEPT	HOL.Groups_Big
Groups.linordered_ab_semigroup_add_class	class_pred	HOL.Groups
Groups.class.linordered_ab_semigroup_add	class_infix	HOL.Groups
Groups.class.cancel_semigroup_add_axioms	class_infix	HOL.Groups
Group_Sort.groupsort.group_part_aux_sumC	KEPT	Landau_Symbols.Group_Sort
Group_Closure.ab_group_add.group_closure	class_variant	HOL-Computational_Algebra.Group_Closure
Geo_Real2.real2.neu.posidonius_postulate	KEPT	MathBench_ProverBase.Geo_Real2
Geo_Real2.real2.neu.playfair_s_postulate	KEPT	MathBench_ProverBase.Geo_Real2
Gaussian_Integers.is_nth_power_upto_unit	KEPT	Gaussian_Integers.Gaussian_Integers
Gauss_Jordan_PA.row_add_iterate_PA_graph	concealed	Gauss_Jordan.Gauss_Jordan_PA
Gauss_Jordan_PA.Gauss_Jordan_column_k_PA	KEPT	Gauss_Jordan.Gauss_Jordan_PA
Gauss_Jordan_Elimination.pivot_positions	KEPT	Jordan_Normal_Form.Gauss_Jordan_Elimination
Gauss_Jordan_Elimination.mat_multrow_gen	KEPT	Jordan_Normal_Form.Gauss_Jordan_Elimination
Gamma_Function.rGamma_series_Weierstrass	KEPT	HOL-Analysis.Gamma_Function
Functional_Spaces.quasinorm_intersection	KEPT	Lp.Functional_Spaces
Functional_Spaces.quasinorm.quasinorm_of	KEPT	Lp.Functional_Spaces
Function_Topology.open_fun_inst.open_fun	KEPT	HOL-Analysis.Function_Topology
Function_Algebras.zero_fun_inst.zero_fun	KEPT	HOL-Library.Function_Algebras
Function_Algebras.plus_fun_inst.plus_fun	KEPT	HOL-Library.Function_Algebras
Fraction_Field.ord_fract_inst.less_fract	inst_infix	HOL-Computational_Algebra.Fraction_Field
Formal_Power_Series.one_fps_inst.one_fps	inst_infix	HOL-Computational_Algebra.Formal_Power_Series
Formal_Power_Series.gcd_fps_inst.lcm_fps	inst_infix	HOL-Computational_Algebra.Formal_Power_Series
Formal_Power_Series.gcd_fps_inst.gcd_fps	inst_infix	HOL-Computational_Algebra.Formal_Power_Series
Formal_Power_Series.Gcd_fps_inst.Lcm_fps	inst_infix	HOL-Computational_Algebra.Formal_Power_Series
Formal_Power_Series.Gcd_fps_inst.Gcd_fps	inst_infix	HOL-Computational_Algebra.Formal_Power_Series
Formal_Laurent_Series.fls_regpart_as_fls	KEPT	HOL-Computational_Algebra.Formal_Laurent_Series
Flow.unique_on_compact_continuously_diff	KEPT	Ordinary_Differential_Equations.Flow
Finite_And_Cyclic_Groups.int.add.get_exp	KEPT	Finitely_Generated_Abelian_Groups.Finite_And_Cyclic_Groups
Field_as_Ring.modulo_rat_inst.modulo_rat	inst_infix	HOL-Computational_Algebra.Field_as_Ring
Field_as_Ring.field.euclidean_size_field	class_variant	HOL-Computational_Algebra.Field_as_Ring
Ferrack.narrowing_num_inst.narrowing_num	infra_theory	HOL-Decision_Procs.Ferrack
Extended_Real.zero_ereal_inst.zero_ereal	inst_infix	HOL-Library.Extended_Real
Extended_Real.size_ereal_inst.size_ereal	inst_infix	HOL-Library.Extended_Real
Extended_Real.plus_ereal_inst.plus_ereal	inst_infix	HOL-Library.Extended_Real
Extended_Real.open_ereal_inst.open_ereal	inst_infix	HOL-Library.Extended_Real
Extended.ord_extended_inst.less_extended	inst_infix	HOL-Library.Extended
Euclidean_Rings.euclidean_semiring_class	class_pred	HOL.Euclidean_Rings
Euclidean_Rings.class.euclidean_semiring	class_infix	HOL.Euclidean_Rings
Enum.enum_finite_5_inst.enum_ex_finite_5	inst_infix	HOL.Enum
Enum.enum_finite_4_inst.enum_ex_finite_4	inst_infix	HOL.Enum
Enum.enum_finite_3_inst.enum_ex_finite_3	inst_infix	HOL.Enum
Enum.enum_finite_2_inst.enum_ex_finite_2	inst_infix	HOL.Enum
Enum.enum_finite_1_inst.enum_ex_finite_1	inst_infix	HOL.Enum
Dual_Order.dual_wellorder.strict_mono_on	KEPT	Rank_Nullity_Theorem.Dual_Order
Divisibility.gcd_condition_monoid_axioms	KEPT	HOL-Algebra.Divisibility
Distribution_Functions.real_distribution	KEPT	HOL-Probability.Distribution_Functions
Dirichlet_Product.dirichlet_inverse_sumC	KEPT	Dirichlet_Series.Dirichlet_Product
Diagonal_Subsequence.subseqs.fold_reduce	KEPT	HOL-Library.Diagonal_Subsequence
Dense_Linear_Order.linorder_no_ub_axioms	infra_theory	HOL-Decision_Procs.Dense_Linear_Order
Dense_Linear_Order.linorder_no_lb_axioms	infra_theory	HOL-Decision_Procs.Dense_Linear_Order
Dense_Linear_Order.constr_dense_linorder	infra_theory	HOL-Decision_Procs.Dense_Linear_Order
Cooper.num.num_IITN_num.Rep_num_IITN_num	concealed	HOL-Decision_Procs.Cooper
Cooper.num.num_IITN_num.Abs_num_IITN_num	concealed	HOL-Decision_Procs.Cooper
Contour_Integration.has_contour_integral	KEPT	HOL-Complex_Analysis.Contour_Integration
Continued_Fractions.cfrac.str_init_cfrac	concealed	Continued_Fractions.Continued_Fractions
Continued_Fractions.cfrac.ctor_rec_cfrac	concealed	Continued_Fractions.Continued_Fractions
Conjugate.class.conjugatable_ring_axioms	class_infix	Jordan_Normal_Form.Conjugate
Congruence.partial_object.carrier_update	KEPT	HOL-Algebra.Congruence
Complex_Singularities.isolated_points_of	KEPT	HOL-Complex_Analysis.Complex_Singularities
Complex_Lexorder.complex_lex.strict_mono	KEPT	Hermite_Lindemann.Complex_Lexorder
Complex_Lexorder.complex_lex.greaterThan	KEPT	Hermite_Lindemann.Complex_Lexorder
Complex_Lexorder.complex_lex.antimono_on	KEPT	Hermite_Lindemann.Complex_Lexorder
Complex.times_complex_inst.times_complex	inst_infix	HOL.Complex
Complex.minus_complex_inst.minus_complex	inst_infix	HOL.Complex
Complex.equal_complex_inst.equal_complex	inst_infix	HOL.Complex
Complete_Partial_Order.class.ccpo_axioms	class_infix	HOL.Complete_Partial_Order
Complete_Lattices.complete_lattice_class	class_pred	HOL.Complete_Lattices
Complete_Lattices.class.complete_lattice	class_infix	HOL.Complete_Lattices
Complete_Lattices.Sup_bool_inst.Sup_bool	inst_infix	HOL.Complete_Lattices
Complete_Lattices.Inf_bool_inst.Inf_bool	inst_infix	HOL.Complete_Lattices
Complete_Lattice.complete_lattice_axioms	KEPT	HOL-Algebra.Complete_Lattice
Commutative_Ring.pre_pol.pol.wit_pre_pol	concealed	HOL-Decision_Procs.Commutative_Ring
Commutative_Ring.pre_pol.pol.set_pre_pol	concealed	HOL-Decision_Procs.Commutative_Ring
Commutative_Ring.pre_pol.pol.rel_pre_pol	concealed	HOL-Decision_Procs.Commutative_Ring
Commutative_Ring.pre_pol.pol.map_pre_pol	concealed	HOL-Decision_Procs.Commutative_Ring
Commutative_Ring.pre_mon.mon.wit_pre_mon	concealed	HOL-Decision_Procs.Commutative_Ring
Commutative_Ring.pre_mon.mon.set_pre_mon	concealed	HOL-Decision_Procs.Commutative_Ring
Commutative_Ring.pre_mon.mon.rel_pre_mon	concealed	HOL-Decision_Procs.Commutative_Ring
Commutative_Ring.pre_mon.mon.map_pre_mon	concealed	HOL-Decision_Procs.Commutative_Ring
Commutative_Ring.cring.Ipolex_polex_list	infra_theory	HOL-Decision_Procs.Commutative_Ring
Commutative_Ring.cring.Imon_pol_list_rel	concealed	HOL-Decision_Procs.Commutative_Ring
Commutative_Ring.cring.Imon_pol_list_dom	infra_theory	HOL-Decision_Procs.Commutative_Ring
Column_Operations.swap_row_to_front_sumC	KEPT	Jordan_Normal_Form.Column_Operations
Column_Operations.swap_col_to_front_sumC	KEPT	Jordan_Normal_Form.Column_Operations
Coinductive_List.llist.dtor_unfold_llist	concealed	Coinductive.Coinductive_List
Code_Test.yxml_of_term.dtor_yxml_of_term	concealed	HOL-Library.Code_Test
Code_Test.yxml_of_term.ctor_yxml_of_term	concealed	HOL-Library.Code_Test
Code_Test.yxml_of_term.case_yxml_of_term	KEPT	HOL-Library.Code_Test
Code_Lazy.typerep_lazy_inst.typerep_lazy	inst_infix	HOL-Library.Code_Lazy
Code_Lazy.term_of_lazy_inst.term_of_lazy	inst_infix	HOL-Library.Code_Lazy
Chebyshev_Polynomials.cheb_poly.clenshaw	KEPT	Chebyshev_Polynomials.Chebyshev_Polynomials
Chebyshev_Polynomials.cheb_poly'.f_graph	concealed	Chebyshev_Polynomials.Chebyshev_Polynomials
Chebyshev_Polynomials.cheb_poly'.P_graph	concealed	Chebyshev_Polynomials.Chebyshev_Polynomials
Chebyshev_Polynomials.cheb_eval_aux_sumC	KEPT	Chebyshev_Polynomials.Chebyshev_Polynomials
Cauchy_Index_Theorem.finite_ReZ_segments	KEPT	Winding_Number_Eval.Cauchy_Index_Theorem
Catalan_Numbers.size_tree_inst.size_tree	inst_infix	Catalan_Numbers.Catalan_Numbers
Bounded_Linear_Operator.blinop.prod_left	KEPT	Ordinary_Differential_Equations.Bounded_Linear_Operator
Bounded_Continuous_Function.pcr_bcontfun	KEPT	HOL-Analysis.Bounded_Continuous_Function
Bochner_Integration.has_bochner_integral	KEPT	HOL-Analysis.Bochner_Integration
Bit_Operations.ring_bit_operations_class	class_pred	HOL.Bit_Operations
Bit_Operations.class.ring_bit_operations	class_infix	HOL.Bit_Operations
Binary_Product_Measure.pair_sigma_finite	KEPT	HOL-Analysis.Binary_Product_Measure
Bernoulli_FPS.gen_akiyama_tanigawa_graph	concealed	Bernoulli.Bernoulli_FPS
Approximation_Bounds.ub_sqrt_lb_sqrt_rel	concealed	HOL-Decision_Procs.Approximation_Bounds
Approximation_Bounds.ub_sqrt_lb_sqrt_dom	infra_theory	HOL-Decision_Procs.Approximation_Bounds
Approximation_Bounds.ub_exp_lb_exp_graph	concealed	HOL-Decision_Procs.Approximation_Bounds
Approximation_Bounds.sqrt_iteration_sumC	infra_theory	HOL-Decision_Procs.Approximation_Bounds
Approximation_Bounds.sqrt_float_interval	infra_theory	HOL-Decision_Procs.Approximation_Bounds
Approximation_Bounds.powr_float_interval	infra_theory	HOL-Decision_Procs.Approximation_Bounds
Approximation_Bounds.plus_float_interval	infra_theory	HOL-Decision_Procs.Approximation_Bounds
Approximation_Bounds.mult_float_interval	infra_theory	HOL-Decision_Procs.Approximation_Bounds
Approximation.pre_form.form.wit_pre_form	concealed	HOL-Decision_Procs.Approximation
Approximation.pre_form.form.set_pre_form	concealed	HOL-Decision_Procs.Approximation
Approximation.pre_form.form.rel_pre_form	concealed	HOL-Decision_Procs.Approximation
Approximation.pre_form.form.map_pre_form	concealed	HOL-Decision_Procs.Approximation
Approximation.interpret_floatarith_graph	concealed	HOL-Decision_Procs.Approximation
Approximation.floatarith.size_floatarith	infra_theory	HOL-Decision_Procs.Approximation
Approximation.floatarith.dtor_floatarith	concealed	HOL-Decision_Procs.Approximation
Approximation.floatarith.ctor_floatarith	concealed	HOL-Decision_Procs.Approximation
Approximation.floatarith.case_floatarith	KEPT	HOL-Decision_Procs.Approximation
Approximation.equal_form_inst.equal_form	infra_theory	HOL-Decision_Procs.Approximation
Abstract_Topology_2.path_connected_space	KEPT	HOL-Analysis.Abstract_Topology_2
Abstract_Topological_Spaces.normal_space	KEPT	HOL-Analysis.Abstract_Topological_Spaces
Abstract_Topological_Spaces.monotone_map	KEPT	HOL-Analysis.Abstract_Topological_Spaces
Abstract_Topological_Spaces.hereditarily	KEPT	HOL-Analysis.Abstract_Topological_Spaces
Abstract_Metric_Spaces.Metric_space.Self	KEPT	HOL-Analysis.Abstract_Metric_Spaces
Abstract_Euclidean_Space.Euclidean_space	KEPT	HOL-Analysis.Abstract_Euclidean_Space
Z2.ring_bit_operations_bit_inst.not_bit	inst_infix	HOL-Library.Z2
While_Combinator.rtrancl_while_test_rel	concealed	HOL-Library.While_Combinator
While_Combinator.rtrancl_while_test_dom	KEPT	HOL-Library.While_Combinator
While_Combinator.rtrancl_while_step_rel	concealed	HOL-Library.While_Combinator
While_Combinator.rtrancl_while_step_dom	KEPT	HOL-Library.While_Combinator
Vector_Spaces.vector_space.extend_basis	KEPT	HOL.Vector_Spaces
Unique_Factorization_Poly.content_ff_ff	KEPT	Berlekamp_Zassenhaus.Unique_Factorization_Poly
Unique_Factorization.irreducibility_hom	KEPT	Berlekamp_Zassenhaus.Unique_Factorization
Unique_Factorization.dvd_class.some_gcd	KEPT	Berlekamp_Zassenhaus.Unique_Factorization
Tree.narrowing_tree_inst.narrowing_tree	inst_infix	HOL-Library.Tree
Transfer_Cayley_Hamilton.to_fun_vec_vec	KEPT	Lie_Groups.Transfer_Cayley_Hamilton
Topological_Spaces.uniform_space.Cauchy	class_variant	HOL.Topological_Spaces
Topological_Spaces.topological_space.at	class_variant	HOL.Topological_Spaces
Topological_Spaces.order_topology_class	class_pred	HOL.Topological_Spaces
Topological_Spaces.class.order_topology	class_infix	HOL.Topological_Spaces
Tarski_Euclidean_2D.Tarski_Euclidean_2D	KEPT	IsaGeoCoq.Tarski_Euclidean_2D
Symmetric_Polynomials.ring_homomorphism	KEPT	Symmetric_Polynomials.Symmetric_Polynomials
Symmetric_Polynomials.fund_sym_poly_wit	KEPT	Symmetric_Polynomials.Symmetric_Polynomials
Sublist.suffix_order.strict_antimono_on	KEPT	HOL-Library.Sublist
Sublist.subseq_order.strict_antimono_on	KEPT	HOL-Library.Sublist
Sublist.sublist_order.greaterThanAtMost	KEPT	HOL-Library.Sublist
Sublist.prefix_order.strict_antimono_on	KEPT	HOL-Library.Sublist
String.ord_literal_inst.less_eq_literal	inst_infix	HOL.String
String.equal_literal_inst.equal_literal	inst_infix	HOL.String
Stream.random_stream_inst.random_stream	inst_infix	HOL-Library.Stream
Stream.pre_stream.stream.wit_pre_stream	concealed	HOL-Library.Stream
Stream.pre_stream.stream.rel_pre_stream	concealed	HOL-Library.Stream
Stream.pre_stream.stream.map_pre_stream	concealed	HOL-Library.Stream
Set_Interval.fold_atLeastAtMost_nat_rel	concealed	HOL.Set_Interval
Set_Interval.fold_atLeastAtMost_nat_dom	KEPT	HOL.Set_Interval
Rings.semiring_1_no_zero_divisors_class	class_pred	HOL.Rings
Rings.linordered_nonzero_semiring_class	class_pred	HOL.Rings
Rings.discrete_linordered_semidom_class	class_pred	HOL.Rings
Rings.class.semiring_1_no_zero_divisors	class_infix	HOL.Rings
Rings.class.linordered_nonzero_semiring	class_infix	HOL.Rings
Rings.class.discrete_linordered_semidom	class_infix	HOL.Rings
Reflective_Field.pexpr2.ctor_rec_pexpr2	concealed	HOL-Decision_Procs.Reflective_Field
Reflective_Field.pexpr1.ctor_rec_pexpr1	concealed	HOL-Decision_Procs.Reflective_Field
Reflective_Field.field_class.peval_sumC	infra_theory	HOL-Decision_Procs.Reflective_Field
Reflective_Field.field_class.nth_el_rel	concealed	HOL-Decision_Procs.Reflective_Field
Reflective_Field.field_class.nth_el_dom	infra_theory	HOL-Decision_Procs.Reflective_Field
Reflected_Multivariate_Polynomial.wf_bs	infra_theory	HOL-Decision_Procs.Reflected_Multivariate_Polynomial
Reflected_Multivariate_Polynomial.monic	infra_theory	HOL-Decision_Procs.Reflected_Multivariate_Polynomial
Reflected_Multivariate_Polynomial.headn	infra_theory	HOL-Decision_Procs.Reflected_Multivariate_Polynomial
Reflected_Multivariate_Polynomial.Ipoly	infra_theory	HOL-Decision_Procs.Reflected_Multivariate_Polynomial
Real_Vector_Spaces.scaleR_class.divideR	KEPT	HOL.Real_Vector_Spaces
Real_Vector_Spaces.real_vector.subspace	KEPT	HOL.Real_Vector_Spaces
Real_Vector_Spaces.real_algebra_1_class	class_pred	HOL.Real_Vector_Spaces
Real_Vector_Spaces.complete_space_class	class_pred	HOL.Real_Vector_Spaces
Real_Vector_Spaces.class.real_algebra_1	class_infix	HOL.Real_Vector_Spaces
Real_Vector_Spaces.class.complete_space	class_infix	HOL.Real_Vector_Spaces
Real.narrowing_real_inst.narrowing_real	inst_infix	HOL.Real
Real.floor_ceiling_real_inst.floor_real	inst_infix	HOL.Real
Reachability_Analysis.sctn.min_alg_sctn	concealed	Ordinary_Differential_Equations.Reachability_Analysis
Reachability_Analysis.sbelow_halfspaces	KEPT	Ordinary_Differential_Equations.Reachability_Analysis
Reachability_Analysis.sabove_halfspaces	KEPT	Ordinary_Differential_Equations.Reachability_Analysis
RatFPS.uminus_ratfps_inst.uminus_ratfps	inst_infix	Linear_Recurrences.RatFPS
RatFPS.random_ratfps_inst.random_ratfps	inst_infix	Linear_Recurrences.RatFPS
RatFPS.modulo_ratfps_inst.modulo_ratfps	inst_infix	Linear_Recurrences.RatFPS
RatFPS.divide_ratfps_inst.divide_ratfps	inst_infix	Linear_Recurrences.RatFPS
Quickcheck_Narrowing.property.Universal	KEPT	HOL.Quickcheck_Narrowing
Quickcheck_Narrowing.ffun.str_init_ffun	concealed	HOL.Quickcheck_Narrowing
Quickcheck_Narrowing.ffun.ctor_rec_ffun	concealed	HOL.Quickcheck_Narrowing
Quickcheck_Narrowing.cfun.str_init_cfun	concealed	HOL.Quickcheck_Narrowing
Quickcheck_Narrowing.cfun.ctor_rec_cfun	concealed	HOL.Quickcheck_Narrowing
Quickcheck_Exhaustive.pos_bound_cps_not	KEPT	HOL.Quickcheck_Exhaustive
Quickcheck_Exhaustive.neg_bound_cps_not	KEPT	HOL.Quickcheck_Exhaustive
Quickcheck_Exhaustive.check_all_subsets	KEPT	HOL.Quickcheck_Exhaustive
Quickcheck_Exhaustive.check_all_n_lists	KEPT	HOL.Quickcheck_Exhaustive
Projective_Family.projective_family.lim	KEPT	HOL-Probability.Projective_Family
Projective_Family.projective_family.emb	KEPT	HOL-Probability.Projective_Family
Product_Vector.norm_prod_inst.norm_prod	inst_infix	HOL-Analysis.Product_Vector
Product_Vector.dist_prod_inst.dist_prod	inst_infix	HOL-Analysis.Product_Vector
Product_Type.ord_unit_inst.less_eq_unit	inst_infix	HOL.Product_Type
Product_Type.minus_unit_inst.minus_unit	inst_infix	HOL.Product_Type
Product_Type.equal_unit_inst.equal_unit	inst_infix	HOL.Product_Type
Product_Type.equal_prod_inst.equal_prod	inst_infix	HOL.Product_Type
Product_Type.equal_bool_inst.equal_bool	inst_infix	HOL.Product_Type
Product_Plus.minus_prod_inst.minus_prod	inst_infix	HOL-Library.Product_Plus
Probability_Measure.prob_space.variance	KEPT	HOL-Probability.Probability_Measure
Probability_Mass_Function.replicate_pmf	KEPT	HOL-Probability.Probability_Mass_Function
Probability_Mass_Function.geometric_pmf	KEPT	HOL-Probability.Probability_Mass_Function
Probability_Mass_Function.bernoulli_pmf	KEPT	HOL-Probability.Probability_Mass_Function
Primes.class.semiring_prime_char_axioms	class_infix	HOL-Computational_Algebra.Primes
Prime_Factorization.remove_prime_factor	KEPT	Polynomial_Factorization.Prime_Factorization
Prime_Factorization.candidate_invariant	KEPT	Polynomial_Factorization.Prime_Factorization
Pratt_Certificate.valid_pratt_tree_sumC	KEPT	Pratt_Certificate.Pratt_Certificate
Pratt_Certificate.pratt_tree_number_rel	concealed	Pratt_Certificate.Pratt_Certificate
Pratt_Certificate.pratt_tree_number_dom	KEPT	Pratt_Certificate.Pratt_Certificate
Pratt_Certificate.pratt_tree.Pratt_Node	KEPT	Pratt_Certificate.Pratt_Certificate
Pratt_Certificate.pratt.ctor_fold_pratt	concealed	Pratt_Certificate.Pratt_Certificate
Power_By_Squaring.efficient_funpow_sumC	KEPT	HOL-Library.Power_By_Squaring
Polynomial_List.semiring_0_class.mulexp	infra_theory	HOL-Decision_Procs.Polynomial_List
Polynomial_List.semiring_0_class.degree	infra_theory	HOL-Decision_Procs.Polynomial_List
Polynomial_List.ring_1_class.poly_minus	infra_theory	HOL-Decision_Procs.Polynomial_List
Polynomial.uminus_poly_inst.uminus_poly	inst_infix	HOL-Computational_Algebra.Polynomial
Polynomial.random_poly_inst.random_poly	inst_infix	HOL-Computational_Algebra.Polynomial
Polynomial.pseudo_divmod_main_list_sumC	KEPT	HOL-Computational_Algebra.Polynomial
Polynomial.modulo_poly_inst.modulo_poly	inst_infix	HOL-Computational_Algebra.Polynomial
Polynomial.mod_poly_one_main_list_graph	concealed	HOL-Computational_Algebra.Polynomial
Polynomial.divide_poly_inst.divide_poly	inst_infix	HOL-Computational_Algebra.Polynomial
Poincare_Map.auto_ll_on_open.returns_to	KEPT	Ordinary_Differential_Equations.Poincare_Map
Picard_Lindeloef_Qualitative.ll_on_open	KEPT	Ordinary_Differential_Equations.Picard_Lindeloef_Qualitative
Permutations.permutes_bij_finite_axioms	KEPT	HOL-Combinatorics.Permutations
Periodic_Arithmetic.periodic_arithmetic	KEPT	Gauss_Sums.Periodic_Arithmetic
Parametric_Ferrante_Rackoff.tmmul_graph	concealed	HOL-Decision_Procs.Parametric_Ferrante_Rackoff
Parametric_Ferrante_Rackoff.tmadd_graph	concealed	HOL-Decision_Procs.Parametric_Ferrante_Rackoff
Parametric_Ferrante_Rackoff.split0_sumC	infra_theory	HOL-Decision_Procs.Parametric_Ferrante_Rackoff
Parametric_Ferrante_Rackoff.simptm_sumC	infra_theory	HOL-Decision_Procs.Parametric_Ferrante_Rackoff
Parametric_Ferrante_Rackoff.simpfm_sumC	infra_theory	HOL-Decision_Procs.Parametric_Ferrante_Rackoff
Parametric_Ferrante_Rackoff.qfree_graph	concealed	HOL-Decision_Procs.Parametric_Ferrante_Rackoff
Parametric_Ferrante_Rackoff.qelim_graph	concealed	HOL-Decision_Procs.Parametric_Ferrante_Rackoff
Parametric_Ferrante_Rackoff.plusinf_rel	concealed	HOL-Decision_Procs.Parametric_Ferrante_Rackoff
Parametric_Ferrante_Rackoff.plusinf_dom	infra_theory	HOL-Decision_Procs.Parametric_Ferrante_Rackoff
Parametric_Ferrante_Rackoff.msubstltpos	infra_theory	HOL-Decision_Procs.Parametric_Ferrante_Rackoff
Parametric_Ferrante_Rackoff.msubstltneg	infra_theory	HOL-Decision_Procs.Parametric_Ferrante_Rackoff
Parametric_Ferrante_Rackoff.msubstlepos	infra_theory	HOL-Decision_Procs.Parametric_Ferrante_Rackoff
Parametric_Ferrante_Rackoff.msubstleneg	infra_theory	HOL-Decision_Procs.Parametric_Ferrante_Rackoff
Parametric_Ferrante_Rackoff.msubst_sumC	infra_theory	HOL-Decision_Procs.Parametric_Ferrante_Rackoff
Parametric_Ferrante_Rackoff.islin_graph	concealed	HOL-Decision_Procs.Parametric_Ferrante_Rackoff
Parametric_Ferrante_Rackoff.isatom_sumC	infra_theory	HOL-Decision_Procs.Parametric_Ferrante_Rackoff
Parametric_Ferrante_Rackoff.incrtm0_rel	concealed	HOL-Decision_Procs.Parametric_Ferrante_Rackoff
Parametric_Ferrante_Rackoff.incrtm0_dom	infra_theory	HOL-Decision_Procs.Parametric_Ferrante_Rackoff
Parametric_Ferrante_Rackoff.decrtm0_rel	concealed	HOL-Decision_Procs.Parametric_Ferrante_Rackoff
Parametric_Ferrante_Rackoff.decrtm0_dom	infra_theory	HOL-Decision_Procs.Parametric_Ferrante_Rackoff
Parametric_Ferrante_Rackoff.decr0_graph	concealed	HOL-Decision_Procs.Parametric_Ferrante_Rackoff
Parametric_Ferrante_Rackoff.conjs_graph	concealed	HOL-Decision_Procs.Parametric_Ferrante_Rackoff
Parametric_Ferrante_Rackoff.bound0_sumC	infra_theory	HOL-Decision_Procs.Parametric_Ferrante_Rackoff
Parallel.equal_future_inst.equal_future	inst_infix	HOL-Library.Parallel
Option.random_option_inst.random_option	inst_infix	HOL.Option
Option.pre_option.option.wit_pre_option	concealed	HOL.Option
Option.pre_option.option.rel_pre_option	concealed	HOL.Option
Option.pre_option.option.map_pre_option	concealed	HOL.Option
ODE_Auxiliarities.no_real_inner.zerosnd	KEPT	Ordinary_Differential_Equations.ODE_Auxiliarities
ODE_Auxiliarities.no_real_inner.fstzero	KEPT	Ordinary_Differential_Equations.ODE_Auxiliarities
Numeral_Type.times_num1_inst.times_num1	inst_infix	HOL-Library.Numeral_Type
Numeral_Type.times_bit1_inst.times_bit1	inst_infix	HOL-Library.Numeral_Type
Numeral_Type.times_bit0_inst.times_bit0	inst_infix	HOL-Library.Numeral_Type
Numeral_Type.ord_num1_inst.less_eq_num1	inst_infix	HOL-Library.Numeral_Type
Numeral_Type.ord_bit1_inst.less_eq_bit1	inst_infix	HOL-Library.Numeral_Type
Numeral_Type.ord_bit0_inst.less_eq_bit0	inst_infix	HOL-Library.Numeral_Type
Numeral_Type.minus_num1_inst.minus_num1	inst_infix	HOL-Library.Numeral_Type
Numeral_Type.minus_bit1_inst.minus_bit1	inst_infix	HOL-Library.Numeral_Type
Numeral_Type.minus_bit0_inst.minus_bit0	inst_infix	HOL-Library.Numeral_Type
Numeral_Type.equal_num1_inst.equal_num1	inst_infix	HOL-Library.Numeral_Type
Numeral_Type.equal_num0_inst.equal_num0	inst_infix	HOL-Library.Numeral_Type
Numeral_Type.equal_bit1_inst.equal_bit1	inst_infix	HOL-Library.Numeral_Type
Numeral_Type.equal_bit0_inst.equal_bit0	inst_infix	HOL-Library.Numeral_Type
Newton_Interpolation.horner_composition	KEPT	Polynomial_Interpolation.Newton_Interpolation
Multiset.subset_mset.strict_antimono_on	KEPT	HOL-Library.Multiset
Multiset.comm_monoid_add_class.sum_mset	KEPT	HOL-Library.Multiset
Multiset.Sup_multiset_inst.Sup_multiset	inst_infix	HOL-Library.Multiset
Multiset.Inf_multiset_inst.Inf_multiset	inst_infix	HOL-Library.Multiset
Multiseries_Expansion.sin_series_stream	KEPT	HOL-Real_Asymp.Multiseries_Expansion
Multiseries_Expansion.powr_ms_aux_graph	concealed	HOL-Real_Asymp.Multiseries_Expansion
Multiseries_Expansion.power_ms_aux_sumC	KEPT	HOL-Real_Asymp.Multiseries_Expansion
Multiseries_Expansion.multiseries_class	class_pred	HOL-Real_Asymp.Multiseries_Expansion
Multiseries_Expansion.msllist.v4.corecU	concealed	HOL-Real_Asymp.Multiseries_Expansion
Multiseries_Expansion.msllist.v4.algrho	concealed	HOL-Real_Asymp.Multiseries_Expansion
Multiseries_Expansion.msllist.v4.algLam	concealed	HOL-Real_Asymp.Multiseries_Expansion
Multiseries_Expansion.msllist.v3.corecU	concealed	HOL-Real_Asymp.Multiseries_Expansion
Multiseries_Expansion.msllist.v3.algLam	concealed	HOL-Real_Asymp.Multiseries_Expansion
Multiseries_Expansion.msllist.v2.corecU	concealed	HOL-Real_Asymp.Multiseries_Expansion
Multiseries_Expansion.msllist.v2.algrho	concealed	HOL-Real_Asymp.Multiseries_Expansion
Multiseries_Expansion.msllist.v2.algLam	concealed	HOL-Real_Asymp.Multiseries_Expansion
Multiseries_Expansion.msllist.v1.corecU	concealed	HOL-Real_Asymp.Multiseries_Expansion
Multiseries_Expansion.msllist.v1.algrho	concealed	HOL-Real_Asymp.Multiseries_Expansion
Multiseries_Expansion.msllist.v1.algLam	concealed	HOL-Real_Asymp.Multiseries_Expansion
Multiseries_Expansion.msllist.v0.corecU	concealed	HOL-Real_Asymp.Multiseries_Expansion
Multiseries_Expansion.msllist.v0.algLam	concealed	HOL-Real_Asymp.Multiseries_Expansion
Multiseries_Expansion.exp_series_stream	KEPT	HOL-Real_Asymp.Multiseries_Expansion
Multiseries_Expansion.cos_series_stream	KEPT	HOL-Real_Asymp.Multiseries_Expansion
Multiseries_Expansion.convergent_powser	KEPT	HOL-Real_Asymp.Multiseries_Expansion
Multiseries_Expansion.compare_lists_rel	concealed	HOL-Real_Asymp.Multiseries_Expansion
Multiseries_Expansion.compare_lists_dom	KEPT	HOL-Real_Asymp.Multiseries_Expansion
Multiseries_Expansion.class.multiseries	class_infix	HOL-Real_Asymp.Multiseries_Expansion
Multiseries_Expansion.REAL_ASYMP_CUSTOM	KEPT	HOL-Real_Asymp.Multiseries_Expansion
Multiplicative_Characters.restrict_char	KEPT	Dirichlet_L.Multiplicative_Characters
Multiplicative_Characters.inv_character	KEPT	Dirichlet_L.Multiplicative_Characters
More_Homomorphisms.to_fract_hom.vec_hom	KEPT	Subresultants.More_Homomorphisms
More_Homomorphisms.to_fract_hom.mat_hom	KEPT	Subresultants.More_Homomorphisms
Module.module.module_ext.Rep_module_ext	abs_rep_name	HOL-Algebra.Module
Module.module.module_ext.Abs_module_ext	abs_rep_name	HOL-Algebra.Module
Missing_Unsorted.max_list_non_empty_rel	concealed	Polynomial_Interpolation.Missing_Unsorted
Missing_Unsorted.max_list_non_empty_dom	KEPT	Polynomial_Interpolation.Missing_Unsorted
Missing_List.subtract_list_sorted_graph	concealed	Polynomial_Factorization.Missing_List
Matrix.conjugate_vec_inst.conjugate_vec	inst_infix	Jordan_Normal_Form.Matrix
MPoly_Type.times_mpoly_inst.times_mpoly	inst_infix	Polynomials.MPoly_Type
MPoly_Type.minus_mpoly_inst.minus_mpoly	inst_infix	Polynomials.MPoly_Type
ListVector.uminus_list_inst.uminus_list	inst_infix	HOL-Library.ListVector
List.narrowing_list_inst.narrowing_list	inst_infix	HOL.List
Linear_Temporal_Logic_on_Streams.suntil	KEPT	HOL-Library.Linear_Temporal_Logic_on_Streams
Linear_Inhomogenous_Recurrences.lir_fps	KEPT	Linear_Recurrences.Linear_Inhomogenous_Recurrences
Linear_Homogenous_Recurrences.lhr_graph	concealed	Linear_Recurrences.Linear_Homogenous_Recurrences
Limits.topological_semigroup_mult_class	class_pred	HOL.Limits
Limits.comm_real_normed_algebra_1_class	class_pred	HOL.Limits
Limits.class.topological_semigroup_mult	class_infix	HOL.Limits
Limits.class.comm_real_normed_algebra_1	class_infix	HOL.Limits
Lazy_Eval.cmp_result.min_alg_cmp_result	concealed	HOL-Real_Asymp.Lazy_Eval
Lattice_Constructions.top.ctor_fold_top	concealed	HOL-Library.Lattice_Constructions
Lattice_Constructions.bot.ctor_fold_bot	concealed	HOL-Library.Lattice_Constructions
Landau_Real_Products.random_aux_primfun	concealed	Landau_Symbols.Landau_Real_Products
Landau_Real_Products.powr_primfun_graph	concealed	Landau_Symbols.Landau_Real_Products
Landau_Real_Products.merge_primfun_sumC	KEPT	Landau_Symbols.Landau_Real_Products
Landau_Real_Products.less_primfun_graph	concealed	Landau_Symbols.Landau_Real_Products
Landau_Real_Products.eventually_nonzero	KEPT	Landau_Symbols.Landau_Real_Products
Landau_Real_Products.eval_primfun_graph	concealed	Landau_Symbols.Landau_Real_Products
Landau_Real_Products.eval_primfun'_sumC	KEPT	Landau_Symbols.Landau_Real_Products
Interval_Float.subdivide_interval_graph	concealed	HOL-Library.Interval_Float
Interval_Float.interval_list_union_sumC	KEPT	HOL-Library.Interval_Float
Interval.sup_interval_inst.sup_interval	inst_infix	HOL-Library.Interval
Interval.one_interval_inst.one_interval	inst_infix	HOL-Library.Interval
Initial_Value_Problem.half_open_segment	KEPT	Ordinary_Differential_Equations.Initial_Value_Problem
Infinite_Sum.countably_generated_filter	KEPT	HOL-Analysis.Infinite_Sum
Infinite_Product_Measure.sequence_space	KEPT	HOL-Probability.Infinite_Product_Measure
Independent_Family.prob_space.indep_var	KEPT	HOL-Probability.Independent_Family
Independent_Family.prob_space.indep_set	KEPT	HOL-Probability.Independent_Family
IArray.random_iarray_inst.random_iarray	inst_infix	HOL-Library.IArray
IArray.pre_iarray.iarray.wit_pre_iarray	concealed	HOL-Library.IArray
IArray.pre_iarray.iarray.rel_pre_iarray	concealed	HOL-Library.IArray
IArray.pre_iarray.iarray.map_pre_iarray	concealed	HOL-Library.IArray
Groups_List.monoid_mult_class.prod_list	KEPT	HOL.Groups_List
Groups_List.monoid_add_class.sum_list.F	KEPT	HOL.Groups_List
Groups_Big.comm_monoid_mult_class.prod'	KEPT	HOL.Groups_Big
Group_Sort.groupsort.group_part_aux_rel	concealed	Landau_Symbols.Group_Sort
Group_Sort.groupsort.group_part_aux_dom	KEPT	Landau_Symbols.Group_Sort
Geo_Real2.real2.neu.median_planes_axiom	KEPT	MathBench_ProverBase.Geo_Real2
Geo_Real2.real2.neu.circle_circle_axiom	KEPT	MathBench_ProverBase.Geo_Real2
Geo_Real2.real2.neu.ParallelogramStrict	KEPT	MathBench_ProverBase.Geo_Real2
Gauss_Jordan_PA.row_add_iterate_PA_sumC	KEPT	Gauss_Jordan.Gauss_Jordan_PA
Gauss_Jordan_Elimination.non_pivot_base	KEPT	Jordan_Normal_Form.Gauss_Jordan_Elimination
Gauss_Jordan_Elimination.mat_addrow_gen	KEPT	Jordan_Normal_Form.Gauss_Jordan_Elimination
Gamma_Function.Gamma_series_Weierstrass	KEPT	HOL-Analysis.Gamma_Function
Fundamental_Theorem_Algebra.offset_poly	KEPT	HOL-Computational_Algebra.Fundamental_Theorem_Algebra
Fraction_Field.sup_fract_inst.sup_fract	inst_infix	HOL-Computational_Algebra.Fraction_Field
Fraction_Field.sgn_fract_inst.sgn_fract	inst_infix	HOL-Computational_Algebra.Fraction_Field
Fraction_Field.one_fract_inst.one_fract	inst_infix	HOL-Computational_Algebra.Fraction_Field
Fraction_Field.inf_fract_inst.inf_fract	inst_infix	HOL-Computational_Algebra.Fraction_Field
Fraction_Field.abs_fract_inst.abs_fract	inst_infix	HOL-Computational_Algebra.Fraction_Field
Formal_Power_Series.fps_nth_deriv_graph	concealed	HOL-Computational_Algebra.Formal_Power_Series
Formal_Laurent_Series.fls_right_inverse	KEPT	HOL-Computational_Algebra.Formal_Laurent_Series
Formal_Laurent_Series.fls_prpart_as_fls	KEPT	HOL-Computational_Algebra.Formal_Laurent_Series
Formal_Laurent_Series.fls_compose_power	KEPT	HOL-Computational_Algebra.Formal_Laurent_Series
Finite_Map.random_fmap_inst.random_fmap	inst_infix	HOL-Library.Finite_Map
Finite_Cartesian_Product.vec.vec_lambda	KEPT	HOL-Analysis.Finite_Cartesian_Product
Finite_Cartesian_Product.scalar_product	KEPT	HOL-Analysis.Finite_Cartesian_Product
Ferrack.num.num_pre_num.Rep_num_pre_num	concealed	HOL-Decision_Procs.Ferrack
Ferrack.num.num_pre_num.Abs_num_pre_num	concealed	HOL-Decision_Procs.Ferrack
Factorizations.interp_alt_factorization	KEPT	Linear_Recurrences.Factorizations
Factorial_Ring.factorial_semiring_class	class_pred	HOL-Computational_Algebra.Factorial_Ring
Factorial_Ring.factorial_ring_gcd_class	class_pred	HOL-Computational_Algebra.Factorial_Ring
Factorial_Ring.class.factorial_semiring	class_infix	HOL-Computational_Algebra.Factorial_Ring
Factorial_Ring.class.factorial_ring_gcd	class_infix	HOL-Computational_Algebra.Factorial_Ring
Extended_Real.ord_ereal_inst.less_ereal	inst_infix	HOL-Library.Extended_Real
Extended_Nat.times_enat_inst.times_enat	inst_infix	HOL-Library.Extended_Nat
Extended_Nat.ord_enat_inst.less_eq_enat	inst_infix	HOL-Library.Extended_Nat
Extended_Nat.minus_enat_inst.minus_enat	inst_infix	HOL-Library.Extended_Nat
Extended_Nat.equal_enat_inst.equal_enat	inst_infix	HOL-Library.Extended_Nat
Extended.top_extended_inst.top_extended	inst_infix	HOL-Library.Extended
Extended.sup_extended_inst.sup_extended	inst_infix	HOL-Library.Extended
Extended.one_extended_inst.one_extended	inst_infix	HOL-Library.Extended
Extended.inf_extended_inst.inf_extended	inst_infix	HOL-Library.Extended
Extended.bot_extended_inst.bot_extended	inst_infix	HOL-Library.Extended
Executable_Euclidean_Space.list_of_eucl	KEPT	Affine_Arithmetic.Executable_Euclidean_Space
Executable_Euclidean_Space.inner_lv_rel	KEPT	Affine_Arithmetic.Executable_Euclidean_Space
Executable_Euclidean_Space.flip_blinfun	KEPT	Affine_Arithmetic.Executable_Euclidean_Space
Executable_Euclidean_Space.eucl_of_list	KEPT	Affine_Arithmetic.Executable_Euclidean_Space
Eulerian_Polynomials.fps_monom_poly_aux	KEPT	Linear_Recurrences.Eulerian_Polynomials
Enum.times_finite_3_inst.times_finite_3	inst_infix	HOL.Enum
Enum.times_finite_2_inst.times_finite_2	inst_infix	HOL.Enum
Enum.times_finite_1_inst.times_finite_1	inst_infix	HOL.Enum
Enum.ord_finite_5_inst.less_eq_finite_5	inst_infix	HOL.Enum
Enum.ord_finite_4_inst.less_eq_finite_4	inst_infix	HOL.Enum
Enum.ord_finite_3_inst.less_eq_finite_3	inst_infix	HOL.Enum
Enum.ord_finite_2_inst.less_eq_finite_2	inst_infix	HOL.Enum
Enum.ord_finite_1_inst.less_eq_finite_1	inst_infix	HOL.Enum
Enum.minus_finite_4_inst.minus_finite_4	inst_infix	HOL.Enum
Enum.minus_finite_3_inst.minus_finite_3	inst_infix	HOL.Enum
Enum.minus_finite_2_inst.minus_finite_2	inst_infix	HOL.Enum
Enum.minus_finite_1_inst.minus_finite_1	inst_infix	HOL.Enum
Enum.equal_finite_5_inst.equal_finite_5	inst_infix	HOL.Enum
Enum.equal_finite_4_inst.equal_finite_4	inst_infix	HOL.Enum
Enum.equal_finite_3_inst.equal_finite_3	inst_infix	HOL.Enum
Enum.equal_finite_2_inst.equal_finite_2	inst_infix	HOL.Enum
Enum.equal_finite_1_inst.equal_finite_1	inst_infix	HOL.Enum
Efficient_Discrete_Sqrt.newton_sqrt_aux	KEPT	Pell.Efficient_Discrete_Sqrt
Dual_Order.dual_wellorder.insort_insert	KEPT	Rank_Nullity_Theorem.Dual_Order
Dual_Order.dual_wellorder.atLeastAtMost	KEPT	Rank_Nullity_Theorem.Dual_Order
Divisibility.primeness_condition_monoid	KEPT	HOL-Algebra.Divisibility
Dirichlet_Series_Analysis.conv_abscissa	KEPT	Dirichlet_Series.Dirichlet_Series_Analysis
Dirichlet_Series.zero_fds_inst.zero_fds	inst_infix	Dirichlet_Series.Dirichlet_Series
Dirichlet_Series.plus_fds_inst.plus_fds	inst_infix	Dirichlet_Series.Dirichlet_Series
Dirichlet_Series.fds_primepow_subseries	KEPT	Dirichlet_Series.Dirichlet_Series
Dirichlet_Series.class.nat_power_axioms	class_infix	Dirichlet_Series.Dirichlet_Series
Dirichlet_Product.dirichlet_inverse_rel	concealed	Dirichlet_Series.Dirichlet_Product
Dirichlet_Product.dirichlet_inverse_dom	KEPT	Dirichlet_Series.Dirichlet_Product
Dirichlet_Characters.residue_mult_group	KEPT	Dirichlet_L.Dirichlet_Characters
Cooper.narrowing_num_inst.narrowing_num	infra_theory	HOL-Decision_Procs.Cooper
Continued_Fractions.cfrac.min_alg_cfrac	concealed	Continued_Fractions.Continued_Fractions
Conditional_Expectation.restr_to_subalg	KEPT	HOL-Probability.Conditional_Expectation
Complex_Lexorder.complex_lex.lexordp_eq	KEPT	Hermite_Lindemann.Complex_Lexorder
Complex_Lexorder.complex_lex.is_arg_min	KEPT	Hermite_Lindemann.Complex_Lexorder
Complex_Lexorder.complex_lex.is_arg_max	KEPT	Hermite_Lindemann.Complex_Lexorder
Complex_Lexorder.complex_lex.insort_key	KEPT	Hermite_Lindemann.Complex_Lexorder
Complex_Lexorder.complex_lex.greater_eq	KEPT	Hermite_Lindemann.Complex_Lexorder
Complex_Lexorder.complex_lex.arg_min_on	KEPT	Hermite_Lindemann.Complex_Lexorder
Complex_Lexorder.complex_lex.arg_max_on	KEPT	Hermite_Lindemann.Complex_Lexorder
Comparator.random_comp_inst.random_comp	inst_infix	HOL-Library.Comparator
Commutative_Ring.size_pol_inst.size_pol	infra_theory	HOL-Decision_Procs.Commutative_Ring
Commutative_Ring.size_mon_inst.size_mon	infra_theory	HOL-Decision_Procs.Commutative_Ring
Commutative_Ring.cring_class.in_carrier	infra_theory	HOL-Decision_Procs.Commutative_Ring
Column_Operations.swap_row_to_front_rel	concealed	Jordan_Normal_Form.Column_Operations
Column_Operations.swap_row_to_front_dom	KEPT	Jordan_Normal_Form.Column_Operations
Column_Operations.swap_col_to_front_rel	concealed	Jordan_Normal_Form.Column_Operations
Column_Operations.swap_col_to_front_dom	KEPT	Jordan_Normal_Form.Column_Operations
Coinductive_List.llist.dtor_corec_llist	concealed	Coinductive.Coinductive_List
Code_Test.yxml_of_term.rec_yxml_of_term	KEPT	HOL-Library.Code_Test
Code_Test.yxml_of_term.mor_yxml_of_term	concealed	HOL-Library.Code_Test
Code_Test.yxml_of_term.alg_yxml_of_term	concealed	HOL-Library.Code_Test
Code_Test.yxml_of_term.Rep_yxml_of_term	concealed	HOL-Library.Code_Test
Code_Test.yxml_of_term.Abs_yxml_of_term	concealed	HOL-Library.Code_Test
Chebyshev_Polynomials.clenshaw.clenshaw	KEPT	Chebyshev_Polynomials.Chebyshev_Polynomials
Chebyshev_Polynomials.cheb_poly.f_graph	concealed	Chebyshev_Polynomials.Chebyshev_Polynomials
Chebyshev_Polynomials.cheb_poly.P_graph	concealed	Chebyshev_Polynomials.Chebyshev_Polynomials
Chebyshev_Polynomials.cheb_poly'.f_sumC	KEPT	Chebyshev_Polynomials.Chebyshev_Polynomials
Chebyshev_Polynomials.cheb_poly'.P_sumC	KEPT	Chebyshev_Polynomials.Chebyshev_Polynomials
Chebyshev_Polynomials.cheb_eval_aux_rel	concealed	Chebyshev_Polynomials.Chebyshev_Polynomials
Chebyshev_Polynomials.cheb_eval_aux_dom	KEPT	Chebyshev_Polynomials.Chebyshev_Polynomials
Bounded_Linear_Function.blinfun_compose	KEPT	HOL-Analysis.Bounded_Linear_Function
Bounded_Linear_Function.blinfun.Blinfun	KEPT	HOL-Analysis.Bounded_Linear_Function
Bounded_Continuous_Function.cr_bcontfun	KEPT	HOL-Analysis.Bounded_Continuous_Function
Boolean_Algebras.sup_bool_inst.sup_bool	inst_infix	HOL.Boolean_Algebras
Boolean_Algebras.inf_bool_inst.inf_bool	inst_infix	HOL.Boolean_Algebras
Bivariate_Polynomials.poly2_hom.vec_hom	KEPT	Algebraic_Numbers.Bivariate_Polynomials
Bivariate_Polynomials.poly2_hom.mat_hom	KEPT	Algebraic_Numbers.Bivariate_Polynomials
Bernoulli_FPS.gen_akiyama_tanigawa_sumC	KEPT	Bernoulli.Bernoulli_FPS
Bernoulli_FPS.akiyama_tanigawa_step_aux	KEPT	Bernoulli.Bernoulli_FPS
Basic_BNF_LFPs.size_prod_inst.size_prod	inst_infix	HOL.Basic_BNF_LFPs
BNF_Wellorder_Constructions.ofilterIncl	KEPT	HOL.BNF_Wellorder_Constructions
BNF_Cardinal_Order_Relation.suc.Rep_suc	internal_prefix	HOL.BNF_Cardinal_Order_Relation
BNF_Cardinal_Order_Relation.suc.Abs_suc	internal_prefix	HOL.BNF_Cardinal_Order_Relation
BNF_Cardinal_Order_Relation.regularCard	internal_prefix	HOL.BNF_Cardinal_Order_Relation
Approximation_Bounds.ub_exp_lb_exp_sumC	infra_theory	HOL-Decision_Procs.Approximation_Bounds
Approximation_Bounds.sqrt_iteration_rel	concealed	HOL-Decision_Procs.Approximation_Bounds
Approximation_Bounds.sqrt_iteration_dom	infra_theory	HOL-Decision_Procs.Approximation_Bounds
Approximation_Bounds.exp_float_interval	infra_theory	HOL-Decision_Procs.Approximation_Bounds
Approximation_Bounds.cos_float_interval	infra_theory	HOL-Decision_Procs.Approximation_Bounds
Approximation.interpret_floatarith_sumC	infra_theory	HOL-Decision_Procs.Approximation
Approximation.floatarith.rec_floatarith	KEPT	HOL-Decision_Procs.Approximation
Approximation.floatarith.mor_floatarith	concealed	HOL-Decision_Procs.Approximation
Approximation.floatarith.alg_floatarith	concealed	HOL-Decision_Procs.Approximation
Approximation.floatarith.Rep_floatarith	concealed	HOL-Decision_Procs.Approximation
Approximation.floatarith.Abs_floatarith	concealed	HOL-Decision_Procs.Approximation
Abstract_Topology.topology_generated_by	KEPT	HOL-Analysis.Abstract_Topology
Abstract_Metric_Spaces.metrizable_space	KEPT	HOL-Analysis.Abstract_Metric_Spaces
Abstract_Metric_Spaces.euclidean_metric	KEPT	HOL-Analysis.Abstract_Metric_Spaces
Abstract_Metric_Spaces.Submetric_axioms	KEPT	HOL-Analysis.Abstract_Metric_Spaces
Abstract_Metric_Spaces.Met_TC.mtopology	KEPT	HOL-Analysis.Abstract_Metric_Spaces
Abstract_Metric_Spaces.Met_TC.mcomplete	KEPT	HOL-Analysis.Abstract_Metric_Spaces
Weak_Convergence.right_continuous_mono	KEPT	HOL-Probability.Weak_Convergence
Uprod.typerep_uprod_inst.typerep_uprod	inst_infix	HOL-Library.Uprod
Uprod.term_of_uprod_inst.term_of_uprod	inst_infix	HOL-Library.Uprod
Typerep.size_typerep_inst.size_typerep	inst_infix	HOL.Typerep
Type_Length.len0_num1_inst.len_of_num1	inst_infix	HOL-Library.Type_Length
Type_Length.len0_num0_inst.len_of_num0	inst_infix	HOL-Library.Type_Length
Type_Length.len0_bit1_inst.len_of_bit1	inst_infix	HOL-Library.Type_Length
Type_Length.len0_bit0_inst.len_of_bit0	inst_infix	HOL-Library.Type_Length
Topological_Spaces.uniform_space_class	class_pred	HOL.Topological_Spaces
Topological_Spaces.perfect_space_class	class_pred	HOL.Topological_Spaces
Topological_Spaces.class.uniform_space	class_infix	HOL.Topological_Spaces
Topological_Spaces.class.perfect_space	class_infix	HOL.Topological_Spaces
Sublist.suffix_order.greaterThanAtMost	KEPT	HOL-Library.Sublist
Sublist.subseq_order.greaterThanAtMost	KEPT	HOL-Library.Sublist
Sublist.prefix_order.greaterThanAtMost	KEPT	HOL-Library.Sublist
Sturm_Theorem.split_sign_changes_graph	concealed	Sturm_Sequences.Sturm_Theorem
State_Monad.size_state_inst.size_state	inst_infix	HOL-Library.State_Monad
Square_Matrix.sq_matrix.representation	KEPT	Cayley_Hamilton.Square_Matrix
Square_Free_Factorization.field_hom_0'	KEPT	Polynomial_Factorization.Square_Free_Factorization
Sigma_Algebra.algebra.restricted_space	KEPT	HOL-Analysis.Sigma_Algebra
Set_Interval.ord_class.atLeastLessThan	KEPT	HOL.Set_Interval
Set_Integral.complex_lebesgue_integral	KEPT	HOL-Analysis.Set_Integral
Saturated.typerep_sat_inst.typerep_sat	inst_infix	HOL-Library.Saturated
Saturated.term_of_sat_inst.term_of_sat	inst_infix	HOL-Library.Saturated
Rings.semidom_divide_unit_factor_class	class_pred	HOL.Rings
Rings.linordered_semiring_strict_class	class_pred	HOL.Rings
Rings.class.semidom_divide_unit_factor	class_infix	HOL.Rings
Rings.class.linordered_semiring_strict	class_infix	HOL.Rings
Reflective_Field.pexpr.ctor_fold_pexpr	concealed	HOL-Decision_Procs.Reflective_Field
Reflective_Field.field_class.peval_rel	concealed	HOL-Decision_Procs.Reflective_Field
Reflective_Field.field_class.peval_dom	infra_theory	HOL-Decision_Procs.Reflective_Field
Reflective_Field.fexpr.ctor_fold_fexpr	concealed	HOL-Decision_Procs.Reflective_Field
Reflected_Multivariate_Polynomial.swap	infra_theory	HOL-Decision_Procs.Reflected_Multivariate_Polynomial
Reflected_Multivariate_Polynomial.head	infra_theory	HOL-Decision_Procs.Reflected_Multivariate_Polynomial
Real_Vector_Spaces.scaleR_class.scaleR	KEPT	HOL.Real_Vector_Spaces
Reachability_Analysis.sbelow_halfspace	KEPT	Ordinary_Differential_Equations.Reachability_Analysis
Reachability_Analysis.sabove_halfspace	KEPT	Ordinary_Differential_Equations.Reachability_Analysis
Reachability_Analysis.below_halfspaces	KEPT	Ordinary_Differential_Equations.Reachability_Analysis
Reachability_Analysis.above_halfspaces	KEPT	Ordinary_Differential_Equations.Reachability_Analysis
Rat.exhaustive_rat_inst.exhaustive_rat	inst_infix	HOL.Rat
Quickcheck_Random.random_aux_set_graph	concealed	HOL.Quickcheck_Random
Quickcheck_Narrowing.property.Property	KEPT	HOL.Quickcheck_Narrowing
Quickcheck_Narrowing.is_testable_class	class_pred	HOL.Quickcheck_Narrowing
Quickcheck_Narrowing.ffun.min_alg_ffun	concealed	HOL.Quickcheck_Narrowing
Quickcheck_Narrowing.cfun.min_alg_cfun	concealed	HOL.Quickcheck_Narrowing
Quickcheck_Narrowing.around_zero_graph	concealed	HOL.Quickcheck_Narrowing
Quickcheck_Exhaustive.pos_bound_cps_if	KEPT	HOL.Quickcheck_Exhaustive
Quickcheck_Exhaustive.neg_bound_cps_if	KEPT	HOL.Quickcheck_Exhaustive
Quickcheck_Exhaustive.exhaustive_class	class_pred	HOL.Quickcheck_Exhaustive
Projective_Family.Ionescu_Tulcea.up_to	KEPT	HOL-Probability.Projective_Family
Probability_Measure.simple_distributed	KEPT	HOL-Probability.Probability_Measure
Probability_Measure.product_prob_space	KEPT	HOL-Probability.Probability_Measure
Probability_Mass_Function.pmf.pred_pmf	KEPT	HOL-Probability.Probability_Mass_Function
Probability_Mass_Function.binomial_pmf	KEPT	HOL-Probability.Probability_Mass_Function
Predicate.uminus_pred_inst.uminus_pred	inst_infix	HOL.Predicate
Predicate.typerep_seq_inst.typerep_seq	inst_infix	HOL.Predicate
Predicate.term_of_seq_inst.term_of_seq	inst_infix	HOL.Predicate
Pratt_Certificate.valid_pratt_tree_rel	concealed	Pratt_Certificate.Pratt_Certificate
Pratt_Certificate.valid_pratt_tree_dom	KEPT	Pratt_Certificate.Pratt_Certificate
Pratt_Certificate.pratt.str_init_pratt	concealed	Pratt_Certificate.Pratt_Certificate
Pratt_Certificate.pratt.ctor_rec_pratt	concealed	Pratt_Certificate.Pratt_Certificate
Power_Sum_Polynomials.powsum_mpoly_aux	KEPT	Power_Sum_Polynomials.Power_Sum_Polynomials
Power_By_Squaring.efficient_funpow_rel	concealed	HOL-Library.Power_By_Squaring
Power_By_Squaring.efficient_funpow_dom	KEPT	HOL-Library.Power_By_Squaring
Polynomial_List.semiring_0_class.pmult	infra_theory	HOL-Decision_Procs.Polynomial_List
Polynomial_List.semiring_0_class.cmult	infra_theory	HOL-Decision_Procs.Polynomial_List
Polynomial_List.semiring_0.nonconstant	infra_theory	HOL-Decision_Procs.Polynomial_List
Polynomial_Factorial.gcd_poly_code_aux	KEPT	HOL-Computational_Algebra.Polynomial_Factorial
Polynomial.pseudo_divmod_main_list_rel	concealed	HOL-Computational_Algebra.Polynomial
Polynomial.pseudo_divmod_main_list_dom	KEPT	HOL-Computational_Algebra.Polynomial
Polynomial.mod_poly_one_main_list_sumC	KEPT	HOL-Computational_Algebra.Polynomial
Polynomial.divide_poly_main_list_graph	concealed	HOL-Computational_Algebra.Polynomial
Pochhammer_Polynomials.pochhammer_poly	KEPT	Linear_Recurrences.Pochhammer_Polynomials
Phantom_Type.phantom.ctor_fold_phantom	concealed	HOL-Library.Phantom_Type
Parametric_Ferrante_Rackoff.uset_graph	concealed	HOL-Decision_Procs.Parametric_Ferrante_Rackoff
Parametric_Ferrante_Rackoff.tmmul_sumC	infra_theory	HOL-Decision_Procs.Parametric_Ferrante_Rackoff
Parametric_Ferrante_Rackoff.tmboundslt	infra_theory	HOL-Decision_Procs.Parametric_Ferrante_Rackoff
Parametric_Ferrante_Rackoff.tmadd_sumC	infra_theory	HOL-Decision_Procs.Parametric_Ferrante_Rackoff
Parametric_Ferrante_Rackoff.tm.dtor_tm	concealed	HOL-Decision_Procs.Parametric_Ferrante_Rackoff
Parametric_Ferrante_Rackoff.tm.ctor_tm	concealed	HOL-Decision_Procs.Parametric_Ferrante_Rackoff
Parametric_Ferrante_Rackoff.tm.case_tm	KEPT	HOL-Decision_Procs.Parametric_Ferrante_Rackoff
Parametric_Ferrante_Rackoff.split0_rel	concealed	HOL-Decision_Procs.Parametric_Ferrante_Rackoff
Parametric_Ferrante_Rackoff.split0_dom	infra_theory	HOL-Decision_Procs.Parametric_Ferrante_Rackoff
Parametric_Ferrante_Rackoff.simptm_rel	concealed	HOL-Decision_Procs.Parametric_Ferrante_Rackoff
Parametric_Ferrante_Rackoff.simptm_dom	infra_theory	HOL-Decision_Procs.Parametric_Ferrante_Rackoff
Parametric_Ferrante_Rackoff.simpfm_rel	concealed	HOL-Decision_Procs.Parametric_Ferrante_Rackoff
Parametric_Ferrante_Rackoff.simpfm_dom	infra_theory	HOL-Decision_Procs.Parametric_Ferrante_Rackoff
Parametric_Ferrante_Rackoff.qfree_sumC	infra_theory	HOL-Decision_Procs.Parametric_Ferrante_Rackoff
Parametric_Ferrante_Rackoff.qelim_sumC	infra_theory	HOL-Decision_Procs.Parametric_Ferrante_Rackoff
Parametric_Ferrante_Rackoff.prep_graph	concealed	HOL-Decision_Procs.Parametric_Ferrante_Rackoff
Parametric_Ferrante_Rackoff.msubst_rel	concealed	HOL-Decision_Procs.Parametric_Ferrante_Rackoff
Parametric_Ferrante_Rackoff.msubst_dom	infra_theory	HOL-Decision_Procs.Parametric_Ferrante_Rackoff
Parametric_Ferrante_Rackoff.islin_sumC	infra_theory	HOL-Decision_Procs.Parametric_Ferrante_Rackoff
Parametric_Ferrante_Rackoff.isatom_rel	concealed	HOL-Decision_Procs.Parametric_Ferrante_Rackoff
Parametric_Ferrante_Rackoff.isatom_dom	infra_theory	HOL-Decision_Procs.Parametric_Ferrante_Rackoff
Parametric_Ferrante_Rackoff.fm.dtor_fm	concealed	HOL-Decision_Procs.Parametric_Ferrante_Rackoff
Parametric_Ferrante_Rackoff.fm.ctor_fm	concealed	HOL-Decision_Procs.Parametric_Ferrante_Rackoff
Parametric_Ferrante_Rackoff.fm.case_fm	KEPT	HOL-Decision_Procs.Parametric_Ferrante_Rackoff
Parametric_Ferrante_Rackoff.decr0_sumC	infra_theory	HOL-Decision_Procs.Parametric_Ferrante_Rackoff
Parametric_Ferrante_Rackoff.conjs_sumC	infra_theory	HOL-Decision_Procs.Parametric_Ferrante_Rackoff
Parametric_Ferrante_Rackoff.bound0_rel	concealed	HOL-Decision_Procs.Parametric_Ferrante_Rackoff
Parametric_Ferrante_Rackoff.bound0_dom	infra_theory	HOL-Decision_Procs.Parametric_Ferrante_Rackoff
Order.weak_partial_order_bottom_axioms	KEPT	HOL-Algebra.Order
Order.gorder.gorder_ext.Rep_gorder_ext	abs_rep_name	HOL-Algebra.Order
Order.gorder.gorder_ext.Abs_gorder_ext	abs_rep_name	HOL-Algebra.Order
Option_ord.ord_option_inst.less_option	inst_infix	HOL-Library.Option_ord
Nitpick.typerep_word_inst.typerep_word	inst_infix	HOL.Nitpick
Multiset.subset_mset.greaterThanAtMost	KEPT	HOL-Library.Multiset
Multiseries_Expansion.powr_ms_aux_sumC	KEPT	HOL-Real_Asymp.Multiseries_Expansion
Multiseries_Expansion.power_ms_aux_rel	concealed	HOL-Real_Asymp.Multiseries_Expansion
Multiseries_Expansion.power_ms_aux_dom	KEPT	HOL-Real_Asymp.Multiseries_Expansion
Multiseries_Expansion.msstream.MSSCons	KEPT	HOL-Real_Asymp.Multiseries_Expansion
Multiseries_Expansion.msllist.v3.embLR	concealed	HOL-Real_Asymp.Multiseries_Expansion
Multiseries_Expansion.msllist.v3.embLL	concealed	HOL-Real_Asymp.Multiseries_Expansion
Multiseries_Expansion.ln_series_stream	KEPT	HOL-Real_Asymp.Multiseries_Expansion
Multiseries_Expansion.is_expansion_aux	KEPT	HOL-Real_Asymp.Multiseries_Expansion
Multiseries_Expansion.inverse_ms_graph	concealed	HOL-Real_Asymp.Multiseries_Expansion
Multiseries_Expansion.gbinomial_series	KEPT	HOL-Real_Asymp.Multiseries_Expansion
Missing_Ring.class.ordered_idom_axioms	class_infix	Jordan_Normal_Form.Missing_Ring
Missing_Polynomial_Factorial.primitive	KEPT	Polynomial_Factorization.Missing_Polynomial_Factorial
Missing_Polynomial.irreducible\<^sub>d	KEPT	Polynomial_Interpolation.Missing_Polynomial
Missing_Polynomial.expand_powers_graph	concealed	Polynomial_Interpolation.Missing_Polynomial
Missing_List.subtract_list_sorted_sumC	KEPT	Polynomial_Factorization.Missing_List
Miscellaneous.equal_vec_inst.equal_vec	inst_infix	Rank_Nullity_Theorem.Miscellaneous
Measure_Space.null_sets.generated_ring	KEPT	HOL-Analysis.Measure_Space
Mapping.combine_mapping_abel_semigroup	KEPT	HOL-Library.Mapping
List.linorder_class.sorted_list_of_set	KEPT	HOL.List
Linear_Temporal_Logic_on_Streams.holds	KEPT	HOL-Library.Linear_Temporal_Logic_on_Streams
Linear_Temporal_Logic_on_Streams.false	KEPT	HOL-Library.Linear_Temporal_Logic_on_Streams
Linear_Temporal_Logic_on_Streams.ev_at	KEPT	HOL-Library.Linear_Temporal_Logic_on_Streams
Linear_Temporal_Logic_on_Streams.UNTIL	KEPT	HOL-Library.Linear_Temporal_Logic_on_Streams
Linear_Recurrences_Misc.zip_with_graph	concealed	Linear_Recurrences.Linear_Recurrences_Misc
Linear_Homogenous_Recurrences.lhr_sumC	KEPT	Linear_Recurrences.Linear_Homogenous_Recurrences
Lattice_Constructions.top.str_init_top	concealed	HOL-Library.Lattice_Constructions
Lattice_Constructions.top.ctor_rec_top	concealed	HOL-Library.Lattice_Constructions
Lattice_Constructions.bot.str_init_bot	concealed	HOL-Library.Lattice_Constructions
Lattice_Constructions.bot.ctor_rec_bot	concealed	HOL-Library.Lattice_Constructions
Landau_Real_Products.powr_primfun_sumC	KEPT	Landau_Symbols.Landau_Real_Products
Landau_Real_Products.merge_primfun_rel	concealed	Landau_Symbols.Landau_Real_Products
Landau_Real_Products.merge_primfun_dom	KEPT	Landau_Symbols.Landau_Real_Products
Landau_Real_Products.less_primfun_sumC	KEPT	Landau_Symbols.Landau_Real_Products
Landau_Real_Products.eventually_nonneg	KEPT	Landau_Symbols.Landau_Real_Products
Landau_Real_Products.eval_primfun_sumC	KEPT	Landau_Symbols.Landau_Real_Products
Landau_Real_Products.eval_primfun'_rel	concealed	Landau_Symbols.Landau_Real_Products
Landau_Real_Products.eval_primfun'_dom	KEPT	Landau_Symbols.Landau_Real_Products
Isolated.topological_space.isolated_in	class_variant	HOL-Analysis.Isolated
Isolated.metric_space.uniform_discrete	class_variant	HOL-Analysis.Isolated
Interval_Float.subdivide_interval_sumC	KEPT	HOL-Library.Interval_Float
Interval_Float.interval_list_union_rel	concealed	HOL-Library.Interval_Float
Interval_Float.interval_list_union_dom	KEPT	HOL-Library.Interval_Float
Initial_Value_Problem.usolves_ode_from	KEPT	Ordinary_Differential_Equations.Initial_Value_Problem
Initial_Value_Problem.unique_on_closed	KEPT	Ordinary_Differential_Equations.Initial_Value_Problem
Initial_Value_Problem.global_lipschitz	KEPT	Ordinary_Differential_Equations.Initial_Value_Problem
Initial_Value_Problem.compact_interval	KEPT	Ordinary_Differential_Equations.Initial_Value_Problem
Infinite_Set.wellorder_class.enumerate	KEPT	HOL-Library.Infinite_Set
Henstock_Kurzweil_Integration.integral	KEPT	HOL-Analysis.Henstock_Kurzweil_Integration
HOL.narrowing_bool_inst.narrowing_bool	inst_infix	HOL.Product_Type
Groups_List.comm_semiring_0.horner_sum	class_variant	HOL.Groups_List
Groups_Big_Fun.comm_monoid_add.Sum_any	class_variant	HOL-Library.Groups_Big_Fun
Groups_Big.comm_monoid_mult_class.prod	KEPT	HOL.Groups_Big
Groups_Big.comm_monoid_mult_class.Prod	KEPT	HOL.Groups_Big
Groups_Big.comm_monoid_add_class.sum.G	KEPT	HOL.Groups_Big
Groups_Big.comm_monoid_add_class.sum.F	KEPT	HOL.Groups_Big
Group_On_With.ab_semigroup_add_on_with	KEPT	HOL-Types_To_Sets.Group_On_With
Group.monoid.monoid_ext.Rep_monoid_ext	abs_rep_name	HOL-Algebra.Group
Group.monoid.monoid_ext.Abs_monoid_ext	abs_rep_name	HOL-Algebra.Group
Geo_Real2.real2.neu.triangle_postulate	KEPT	MathBench_ProverBase.Geo_Real2
Geo_Real2.real2.neu.euclid_s_prop_1_22	KEPT	MathBench_ProverBase.Geo_Real2
Geo_Real2.real2.neu.all_coplanar_axiom	KEPT	MathBench_ProverBase.Geo_Real2
Geo_Real2.real2.neu.FirstOrderDedekind	KEPT	MathBench_ProverBase.Geo_Real2
Gaussian_Integers.random_aux_gauss_int	concealed	Gaussian_Integers.Gaussian_Integers
Gauss_Lemma.rat_to_normalized_int_poly	KEPT	Polynomial_Factorization.Gauss_Lemma
Gauss_Jordan_PA.row_add_iterate_PA_rel	concealed	Gauss_Jordan.Gauss_Jordan_PA
Gauss_Jordan_PA.row_add_iterate_PA_dom	KEPT	Gauss_Jordan.Gauss_Jordan_PA
Functional_Spaces.quasinorm_equivalent	KEPT	Lp.Functional_Spaces
Function_Metric.dist_fun_inst.dist_fun	KEPT	HOL-Analysis.Function_Metric
Function_Algebras.one_fun_inst.one_fun	KEPT	HOL-Library.Function_Algebras
Formal_Power_Series.fps_nth_deriv_sumC	KEPT	HOL-Computational_Algebra.Formal_Power_Series
Formal_Laurent_Series.fls_left_inverse	KEPT	HOL-Computational_Algebra.Formal_Laurent_Series
Flow.c1_on_open_euclidean.vector_Dflow	KEPT	Ordinary_Differential_Equations.Flow
Float.typerep_float_inst.typerep_float	inst_infix	HOL-Library.Float
Float.term_of_float_inst.term_of_float	inst_infix	HOL-Library.Float
Finite_And_Cyclic_Groups.group.get_exp	KEPT	Finitely_Generated_Abelian_Groups.Finite_And_Cyclic_Groups
Ferrack.narrowing_fm_inst.narrowing_fm	infra_theory	HOL-Decision_Procs.Ferrack
Factorizations.is_alt_factorization_of	KEPT	Linear_Recurrences.Factorizations
Extended_Real.top_ereal_inst.top_ereal	inst_infix	HOL-Library.Extended_Real
Extended_Real.sup_ereal_inst.sup_ereal	inst_infix	HOL-Library.Extended_Real
Extended_Real.sgn_ereal_inst.sgn_ereal	inst_infix	HOL-Library.Extended_Real
Extended_Real.open_enat_inst.open_enat	inst_infix	HOL-Library.Extended_Real
Extended_Real.one_ereal_inst.one_ereal	inst_infix	HOL-Library.Extended_Real
Extended_Real.inf_ereal_inst.inf_ereal	inst_infix	HOL-Library.Extended_Real
Extended_Real.bot_ereal_inst.bot_ereal	inst_infix	HOL-Library.Extended_Real
Extended_Real.abs_ereal_inst.abs_ereal	inst_infix	HOL-Library.Extended_Real
Extended_Real.Sup_ereal_inst.Sup_ereal	inst_infix	HOL-Library.Extended_Real
Extended_Real.Inf_ereal_inst.Inf_ereal	inst_infix	HOL-Library.Extended_Real
Euler_MacLaurin.EM_remainder_converges	KEPT	Euler_MacLaurin.Euler_MacLaurin
Eratosthenes.smallest_prime_beyond_aux	KEPT	HOL-Number_Theory.Eratosthenes
Elementary_Topology.polish_space_class	class_pred	HOL-Analysis.Elementary_Topology
Elementary_Topology.class.polish_space	class_infix	HOL-Analysis.Elementary_Topology
Elementary_Operations.interchange_rows	KEPT	Gauss_Jordan.Elementary_Operations
Dlist.typerep_dlist_inst.typerep_dlist	inst_infix	HOL-Library.Dlist
Dlist.term_of_dlist_inst.term_of_dlist	inst_infix	HOL-Library.Dlist
Discrete_Topology.discrete.of_discrete	KEPT	HOL-Probability.Discrete_Topology
Dirichlet_Series.nat_power_field_class	class_pred	Dirichlet_Series.Dirichlet_Series
Dirichlet_Series.class.nat_power_field	class_infix	Dirichlet_Series.Dirichlet_Series
Dirichlet_Characters.residues_nat.dc2c	KEPT	Dirichlet_L.Dirichlet_Characters
Dirichlet_Characters.residues_nat.c2dc	KEPT	Dirichlet_L.Dirichlet_Characters
Dirichlet_Characters.dcharacter_axioms	KEPT	Dirichlet_L.Dirichlet_Characters
DigitsInBase.digits_in_base.num_digits	KEPT	DigitsInBase.DigitsInBase
Determinants2.Gauss_Jordan_upt_k_det_P	KEPT	Gauss_Jordan.Determinants2
Determinants2.Gauss_Jordan_in_ij_det_P	KEPT	Gauss_Jordan.Determinants2
Descartes_Sign_Rule.coeff_sign_changes	KEPT	Descartes_Sign_Rule.Descartes_Sign_Rule
Derivative.piecewise_differentiable_on	KEPT	HOL-Analysis.Derivative
Cooper.num.num_pre_num.Rep_num_pre_num	concealed	HOL-Decision_Procs.Cooper
Cooper.num.num_pre_num.Abs_num_pre_num	concealed	HOL-Decision_Procs.Cooper
Cong.unique_euclidean_semiring.notcong	class_variant	HOL-Number_Theory.Cong
Complex_Transcendental.normalize_angle	KEPT	HOL-Analysis.Complex_Transcendental
Complex_Lexorder.complex_lex.bdd_below	KEPT	Hermite_Lindemann.Complex_Lexorder
Complex_Lexorder.complex_lex.bdd_above	KEPT	Hermite_Lindemann.Complex_Lexorder
Complex_Analysis_Basics.holomorphic_on	KEPT	HOL-Analysis.Complex_Analysis_Basics
Complex.zero_complex_inst.zero_complex	inst_infix	HOL.Complex
Complex.plus_complex_inst.plus_complex	inst_infix	HOL.Complex
Complex.open_complex_inst.open_complex	inst_infix	HOL.Complex
Complex.norm_complex_inst.norm_complex	inst_infix	HOL.Complex
Complex.dist_complex_inst.dist_complex	inst_infix	HOL.Complex
Complete_Partial_Order2.lfp.admissible	KEPT	HOL-Library.Complete_Partial_Order2
Complete_Partial_Order2.gfp.admissible	KEPT	HOL-Library.Complete_Partial_Order2
Complete_Partial_Order.ccpo_class.fixp	KEPT	HOL.Complete_Partial_Order
Complete_Partial_Order.ccpo.admissible	KEPT	HOL.Complete_Partial_Order
Complete_Lattices.Sup_set_inst.Sup_set	inst_infix	HOL.Complete_Lattices
Complete_Lattices.Sup_fun_inst.Sup_fun	KEPT	HOL.Complete_Lattices
Complete_Lattices.Inf_set_inst.Inf_set	inst_infix	HOL.Complete_Lattices
Complete_Lattices.Inf_fun_inst.Inf_fun	KEPT	HOL.Complete_Lattices
Complete_Lattice.weak_complete_lattice	KEPT	HOL-Algebra.Complete_Lattice
Comparator.pre_comp.comp.pred_pre_comp	concealed	HOL-Library.Comparator
Comparator.comparator_linordered_group	KEPT	HOL-Library.Comparator
Commutative_Ring_Complete.isnorm_graph	concealed	HOL-Decision_Procs.Commutative_Ring_Complete
Commutative_Ring.polex.ctor_fold_polex	concealed	HOL-Decision_Procs.Commutative_Ring
Coinductive_List.sublist_order.lsorted	KEPT	Coinductive.Coinductive_List
Coinductive_List.llist_lift.admissible	KEPT	Coinductive.Coinductive_List
Chebyshev_Polynomials.cheb_poly.f_sumC	KEPT	Chebyshev_Polynomials.Chebyshev_Polynomials
Chebyshev_Polynomials.cheb_poly.P_sumC	KEPT	Chebyshev_Polynomials.Chebyshev_Polynomials
Card_Number_Partitions.Partition_graph	concealed	Card_Number_Partitions.Card_Number_Partitions
Boolean_Algebras.class.boolean_algebra	class_infix	HOL.Boolean_Algebras
Boolean_Algebras.boolean_algebra_class	class_pred	HOL.Boolean_Algebras
Bit_Operations.semiring_bits_class.bit	KEPT	HOL.Bit_Operations
Bernoulli_FPS.gen_akiyama_tanigawa_row	KEPT	Bernoulli.Bernoulli_FPS
Bernoulli_FPS.gen_akiyama_tanigawa_rel	concealed	Bernoulli.Bernoulli_FPS
Bernoulli_FPS.gen_akiyama_tanigawa_dom	KEPT	Bernoulli.Bernoulli_FPS
BNF_Cardinal_Order_Relation.card_order	internal_prefix	HOL.BNF_Cardinal_Order_Relation
BNF_Cardinal_Order_Relation.Card_order	internal_prefix	HOL.BNF_Cardinal_Order_Relation
Approximation_Bounds.ub_ln_lb_ln_graph	concealed	HOL-Decision_Procs.Approximation_Bounds
Approximation_Bounds.ub_exp_lb_exp_rel	concealed	HOL-Decision_Procs.Approximation_Bounds
Approximation_Bounds.ub_exp_lb_exp_dom	infra_theory	HOL-Decision_Procs.Approximation_Bounds
Approximation_Bounds.pi_float_interval	infra_theory	HOL-Decision_Procs.Approximation_Bounds
Approximation_Bounds.ln_float_interval	infra_theory	HOL-Decision_Procs.Approximation_Bounds
Approximation.size_form_inst.size_form	infra_theory	HOL-Decision_Procs.Approximation
Approximation.interpret_floatarith_rel	concealed	HOL-Decision_Procs.Approximation
Approximation.interpret_floatarith_dom	infra_theory	HOL-Decision_Procs.Approximation
Algebraic_Numbers_Prelim.poly_nth_root	KEPT	Algebraic_Numbers.Algebraic_Numbers_Prelim
Algebraic_Numbers_Prelim.poly_mult_rat	KEPT	Algebraic_Numbers.Algebraic_Numbers_Prelim
Algebraic_Integer_Divisibility.alg_dvd	KEPT	Hermite_Lindemann.Algebraic_Integer_Divisibility
Affine_Arithmetic_Auxiliarities.rad_of	KEPT	Affine_Arithmetic.Affine_Arithmetic_Auxiliarities
Affine_Arithmetic_Auxiliarities.deg_of	KEPT	Affine_Arithmetic.Affine_Arithmetic_Auxiliarities
Abstract_Topology.generate_topology_on	KEPT	HOL-Analysis.Abstract_Topology
Abstract_Metric_Spaces.Met_TC.mbounded	KEPT	HOL-Analysis.Abstract_Metric_Spaces
Word.semiring_bits_word_inst.bit_word	inst_infix	HOL-Library.Word
Winding_Number_Eval.finite_axes_cross	KEPT	Winding_Number_Eval.Winding_Number_Eval
Weierstrass_Theorems.function_ring_on	KEPT	HOL-Analysis.Weierstrass_Theorems
Unique_Factorization_Poly.gcd_ff_list	KEPT	Berlekamp_Zassenhaus.Unique_Factorization_Poly
Unique_Factorization.some_gcd.listgcd	KEPT	Berlekamp_Zassenhaus.Unique_Factorization
Unique_Factorization.dvd_class.is_gcd	KEPT	Berlekamp_Zassenhaus.Unique_Factorization
Unique_Factorization.class.ufd_axioms	class_infix	Berlekamp_Zassenhaus.Unique_Factorization
Uniform_Limit.uniformly_convergent_on	KEPT	HOL-Analysis.Uniform_Limit
Transitive_Closure_Table.rtrancl_path	KEPT	HOL-Library.Transitive_Closure_Table
Topological_Spaces.t2_space_class.lim	KEPT	HOL.Topological_Spaces
Topological_Spaces.t2_space_class.Lim	KEPT	HOL.Topological_Spaces
Tagged_Division.operative_real_axioms	KEPT	HOL-Analysis.Tagged_Division
Symmetric_Polynomials.symmetric_mpoly	KEPT	Symmetric_Polynomials.Symmetric_Polynomials
Sum_Type.typerep_sum_inst.typerep_sum	inst_infix	HOL.Sum_Type
Sum_Type.term_of_sum_inst.term_of_sum	inst_infix	HOL.Sum_Type
Sublist.sublist_order.atLeastLessThan	KEPT	HOL-Library.Sublist
Sturm_Theorem.split_sign_changes_sumC	KEPT	Sturm_Sequences.Sturm_Theorem
String.zero_literal_inst.zero_literal	inst_infix	HOL.String
String.typerep_char_inst.typerep_char	inst_infix	HOL.String
String.term_of_char_inst.term_of_char	inst_infix	HOL.String
String.size_literal_inst.size_literal	inst_infix	HOL.String
String.plus_literal_inst.plus_literal	inst_infix	HOL.String
Stream.equal_stream_inst.equal_stream	inst_infix	HOL-Library.Stream
Square_Free_Factorization.square_free	KEPT	Polynomial_Factorization.Square_Free_Factorization
Signed_Division.signed_division_class	class_pred	HOL-Library.Signed_Division
Signed_Division.class.signed_division	class_infix	HOL-Library.Signed_Division
Sigma_Algebra.semiring_of_sets_axioms	KEPT	HOL-Analysis.Sigma_Algebra
Set_Algebras.times_set_inst.times_set	inst_infix	HOL-Library.Set_Algebras
Rings.semiring_no_zero_divisors_class	class_pred	HOL.Rings
Rings.ordered_semiring_1_strict_class	class_pred	HOL.Rings
Rings.class.semiring_no_zero_divisors	class_infix	HOL.Rings
Rings.class.ordered_semiring_1_strict	class_infix	HOL.Rings
Rings.class.linordered_semidom_axioms	class_infix	HOL.Rings
Rings.algebraic_semidom_class.is_unit	KEPT	HOL.Rings
Rings.algebraic_semidom_class.coprime	KEPT	HOL.Rings
Ring.ring.ring_ext.ring_ext_Tuple_Iso	adt_record	HOL-Algebra.Ring
Residue_Primitive_Roots.cyclic_moduli	KEPT	HOL-Number_Theory.Residue_Primitive_Roots
Reflective_Field.pexpr.ctor_rec_pexpr	concealed	HOL-Decision_Procs.Reflective_Field
Reflective_Field.fexpr.str_init_fexpr	concealed	HOL-Decision_Procs.Reflective_Field
Reflective_Field.fexpr.ctor_rec_fexpr	concealed	HOL-Decision_Procs.Reflective_Field
Real_Vector_Spaces.sgn_div_norm_class	class_pred	HOL.Real_Vector_Spaces
Real_Vector_Spaces.real_algebra_class	class_pred	HOL.Real_Vector_Spaces
Real_Vector_Spaces.metric_space_class	class_pred	HOL.Real_Vector_Spaces
Real_Vector_Spaces.class.sgn_div_norm	class_infix	HOL.Real_Vector_Spaces
Real_Vector_Spaces.class.real_algebra	class_infix	HOL.Real_Vector_Spaces
Real_Vector_Spaces.class.metric_space	class_infix	HOL.Real_Vector_Spaces
Reachability_Analysis.random_aux_sctn	concealed	Ordinary_Differential_Equations.Reachability_Analysis
Reachability_Analysis.below_halfspace	KEPT	Ordinary_Differential_Equations.Reachability_Analysis
Reachability_Analysis.above_halfspace	KEPT	Ordinary_Differential_Equations.Reachability_Analysis
RatFPS.times_ratfps_inst.times_ratfps	inst_infix	Linear_Recurrences.RatFPS
RatFPS.minus_ratfps_inst.minus_ratfps	inst_infix	Linear_Recurrences.RatFPS
RatFPS.equal_ratfps_inst.equal_ratfps	inst_infix	Linear_Recurrences.RatFPS
Quickcheck_Random.random_class.random	KEPT	HOL.Quickcheck_Random
Quickcheck_Random.random_aux_set_sumC	KEPT	HOL.Quickcheck_Random
Quickcheck_Narrowing.around_zero_sumC	KEPT	HOL.Quickcheck_Narrowing
Quickcheck_Exhaustive.valtermify_pair	hidden	HOL.Quickcheck_Exhaustive
Quickcheck_Exhaustive.unknown.Unknown	KEPT	HOL.Quickcheck_Exhaustive
Quickcheck_Exhaustive.termify_fun_upd	hidden	HOL.Quickcheck_Exhaustive
Quickcheck_Exhaustive.exhaustive_int'	KEPT	HOL.Quickcheck_Exhaustive
Quickcheck_Exhaustive.exhaustive_fun'	KEPT	HOL.Quickcheck_Exhaustive
Quickcheck_Exhaustive.class.check_all	class_infix	HOL.Quickcheck_Exhaustive
Quickcheck_Exhaustive.check_all_class	class_pred	HOL.Quickcheck_Exhaustive
Quickcheck_Exhaustive.check_all_char'	KEPT	HOL.Quickcheck_Exhaustive
Product_Vector.sgn_prod_inst.sgn_prod	inst_infix	HOL-Analysis.Product_Vector
Product_Plus.zero_prod_inst.zero_prod	inst_infix	HOL-Library.Product_Plus
Product_Plus.plus_prod_inst.plus_prod	inst_infix	HOL-Library.Product_Plus
Product_Order.ord_prod_inst.less_prod	inst_infix	HOL-Library.Product_Order
Probability_Measure.prob_space_axioms	KEPT	HOL-Probability.Probability_Measure
Probability_Measure.prob_space.events	KEPT	HOL-Probability.Probability_Measure
Probability_Mass_Function.poisson_pmf	KEPT	HOL-Probability.Probability_Mass_Function
Probability_Mass_Function.pmf_of_list	KEPT	HOL-Probability.Probability_Mass_Function
Probability_Mass_Function.pmf.Abs_pmf	abs_rep_name	HOL-Probability.Probability_Mass_Function
Primes.comm_semiring_prime_char_class	class_pred	HOL-Computational_Algebra.Primes
Primes.class.enum_finite_field_axioms	class_infix	HOL-Computational_Algebra.Primes
Primes.class.comm_semiring_prime_char	class_infix	HOL-Computational_Algebra.Primes
Predicate.pre_pred.pred.pred_pre_pred	concealed	HOL.Predicate
Pratt_Certificate.pratt.min_alg_pratt	concealed	Pratt_Certificate.Pratt_Certificate
Polynomial_List.semiring_1_class.pexp	infra_theory	HOL-Decision_Procs.Polynomial_List
Polynomial_List.semiring_0_class.poly	infra_theory	HOL-Decision_Procs.Polynomial_List
Polynomial_List.semiring_0_class.padd	infra_theory	HOL-Decision_Procs.Polynomial_List
Polynomial_List.semiring_0.pnormalize	infra_theory	HOL-Decision_Procs.Polynomial_List
Polynomial_Factorial.Lcm_coeff_denoms	KEPT	HOL-Computational_Algebra.Polynomial_Factorial
Polynomial.times_poly_inst.times_poly	inst_infix	HOL-Computational_Algebra.Polynomial
Polynomial.pseudo_mod_main_list_graph	concealed	HOL-Computational_Algebra.Polynomial
Polynomial.ord_poly_inst.less_eq_poly	inst_infix	HOL-Computational_Algebra.Polynomial
Polynomial.mod_poly_one_main_list_rel	concealed	HOL-Computational_Algebra.Polynomial
Polynomial.mod_poly_one_main_list_dom	KEPT	HOL-Computational_Algebra.Polynomial
Polynomial.minus_poly_inst.minus_poly	inst_infix	HOL-Computational_Algebra.Polynomial
Polynomial.equal_poly_inst.equal_poly	inst_infix	HOL-Computational_Algebra.Polynomial
Polynomial.divide_poly_main_list_sumC	KEPT	HOL-Computational_Algebra.Polynomial
Phantom_Type.phantom.str_init_phantom	concealed	HOL-Library.Phantom_Type
Phantom_Type.phantom.ctor_rec_phantom	concealed	HOL-Library.Phantom_Type
Parametric_Ferrante_Rackoff.uset_sumC	infra_theory	HOL-Decision_Procs.Parametric_Ferrante_Rackoff
Parametric_Ferrante_Rackoff.tmmul_rel	concealed	HOL-Decision_Procs.Parametric_Ferrante_Rackoff
Parametric_Ferrante_Rackoff.tmmul_dom	infra_theory	HOL-Decision_Procs.Parametric_Ferrante_Rackoff
Parametric_Ferrante_Rackoff.tmadd_rel	concealed	HOL-Decision_Procs.Parametric_Ferrante_Rackoff
Parametric_Ferrante_Rackoff.tmadd_dom	infra_theory	HOL-Decision_Procs.Parametric_Ferrante_Rackoff
Parametric_Ferrante_Rackoff.tm.rec_tm	KEPT	HOL-Decision_Procs.Parametric_Ferrante_Rackoff
Parametric_Ferrante_Rackoff.tm.mor_tm	concealed	HOL-Decision_Procs.Parametric_Ferrante_Rackoff
Parametric_Ferrante_Rackoff.tm.alg_tm	concealed	HOL-Decision_Procs.Parametric_Ferrante_Rackoff
Parametric_Ferrante_Rackoff.tm.Rep_tm	concealed	HOL-Decision_Procs.Parametric_Ferrante_Rackoff
Parametric_Ferrante_Rackoff.tm.Abs_tm	concealed	HOL-Decision_Procs.Parametric_Ferrante_Rackoff
Parametric_Ferrante_Rackoff.qfree_rel	concealed	HOL-Decision_Procs.Parametric_Ferrante_Rackoff
Parametric_Ferrante_Rackoff.qfree_dom	infra_theory	HOL-Decision_Procs.Parametric_Ferrante_Rackoff
Parametric_Ferrante_Rackoff.qelim_rel	concealed	HOL-Decision_Procs.Parametric_Ferrante_Rackoff
Parametric_Ferrante_Rackoff.qelim_dom	infra_theory	HOL-Decision_Procs.Parametric_Ferrante_Rackoff
Parametric_Ferrante_Rackoff.prep_sumC	infra_theory	HOL-Decision_Procs.Parametric_Ferrante_Rackoff
Parametric_Ferrante_Rackoff.not_graph	concealed	HOL-Decision_Procs.Parametric_Ferrante_Rackoff
Parametric_Ferrante_Rackoff.msubstpos	infra_theory	HOL-Decision_Procs.Parametric_Ferrante_Rackoff
Parametric_Ferrante_Rackoff.msubstneq	infra_theory	HOL-Decision_Procs.Parametric_Ferrante_Rackoff
Parametric_Ferrante_Rackoff.msubstneg	infra_theory	HOL-Decision_Procs.Parametric_Ferrante_Rackoff
Parametric_Ferrante_Rackoff.msubsteq2	infra_theory	HOL-Decision_Procs.Parametric_Ferrante_Rackoff
Parametric_Ferrante_Rackoff.list_disj	infra_theory	HOL-Decision_Procs.Parametric_Ferrante_Rackoff
Parametric_Ferrante_Rackoff.list_conj	infra_theory	HOL-Decision_Procs.Parametric_Ferrante_Rackoff
Parametric_Ferrante_Rackoff.islin_rel	concealed	HOL-Decision_Procs.Parametric_Ferrante_Rackoff
Parametric_Ferrante_Rackoff.islin_dom	infra_theory	HOL-Decision_Procs.Parametric_Ferrante_Rackoff
Parametric_Ferrante_Rackoff.fm.rec_fm	KEPT	HOL-Decision_Procs.Parametric_Ferrante_Rackoff
Parametric_Ferrante_Rackoff.fm.mor_fm	concealed	HOL-Decision_Procs.Parametric_Ferrante_Rackoff
Parametric_Ferrante_Rackoff.fm.alg_fm	concealed	HOL-Decision_Procs.Parametric_Ferrante_Rackoff
Parametric_Ferrante_Rackoff.fm.Rep_fm	concealed	HOL-Decision_Procs.Parametric_Ferrante_Rackoff
Parametric_Ferrante_Rackoff.fm.Abs_fm	concealed	HOL-Decision_Procs.Parametric_Ferrante_Rackoff
Parametric_Ferrante_Rackoff.disjuncts	infra_theory	HOL-Decision_Procs.Parametric_Ferrante_Rackoff
Parametric_Ferrante_Rackoff.decr0_rel	concealed	HOL-Decision_Procs.Parametric_Ferrante_Rackoff
Parametric_Ferrante_Rackoff.decr0_dom	infra_theory	HOL-Decision_Procs.Parametric_Ferrante_Rackoff
Parametric_Ferrante_Rackoff.conjuncts	infra_theory	HOL-Decision_Procs.Parametric_Ferrante_Rackoff
Parametric_Ferrante_Rackoff.conjs_rel	concealed	HOL-Decision_Procs.Parametric_Ferrante_Rackoff
Parametric_Ferrante_Rackoff.conjs_dom	infra_theory	HOL-Decision_Procs.Parametric_Ferrante_Rackoff
Parallel.size_future_inst.size_future	inst_infix	HOL-Library.Parallel
Orderings.unbounded_dense_order_class	class_pred	HOL.Orderings
Orderings.class.unbounded_dense_order	class_infix	HOL.Orderings
Order_Relation.strict_linear_order_on	KEPT	HOL.Order_Relation
Option_ord.top_option_inst.top_option	inst_infix	HOL-Library.Option_ord
Option_ord.sup_option_inst.sup_option	inst_infix	HOL-Library.Option_ord
Option_ord.inf_option_inst.inf_option	inst_infix	HOL-Library.Option_ord
Option_ord.bot_option_inst.bot_option	inst_infix	HOL-Library.Option_ord
Option_ord.Sup_option_inst.Sup_option	inst_infix	HOL-Library.Option_ord
Option_ord.Inf_option_inst.Inf_option	inst_infix	HOL-Library.Option_ord
Option.equal_option_inst.equal_option	inst_infix	HOL.Option
Numeral_Type.zero_num1_inst.zero_num1	inst_infix	HOL-Library.Numeral_Type
Numeral_Type.zero_bit1_inst.zero_bit1	inst_infix	HOL-Library.Numeral_Type
Numeral_Type.zero_bit0_inst.zero_bit0	inst_infix	HOL-Library.Numeral_Type
Numeral_Type.plus_num1_inst.plus_num1	inst_infix	HOL-Library.Numeral_Type
Numeral_Type.plus_bit1_inst.plus_bit1	inst_infix	HOL-Library.Numeral_Type
Numeral_Type.plus_bit0_inst.plus_bit0	inst_infix	HOL-Library.Numeral_Type
Numeral_Type.enum_num1_inst.enum_num1	inst_infix	HOL-Library.Numeral_Type
Numeral_Type.enum_bit1_inst.enum_bit1	inst_infix	HOL-Library.Numeral_Type
Numeral_Type.enum_bit0_inst.enum_bit0	inst_infix	HOL-Library.Numeral_Type
Num.num.num_IITN_num.Rep_num_IITN_num	concealed	HOL.Num
Num.num.num_IITN_num.Abs_num_IITN_num	concealed	HOL.Num
Normalized_Fraction.normalized_fracts	KEPT	HOL-Computational_Algebra.Normalized_Fraction
Newton_Interpolation.newton_poly_impl	KEPT	Polynomial_Interpolation.Newton_Interpolation
Multivariate_Taylor.second_derivative	KEPT	Ordinary_Differential_Equations.Multivariate_Taylor
Multiseries_Expansion.powr_ms_aux_rel	concealed	HOL-Real_Asymp.Multiseries_Expansion
Multiseries_Expansion.powr_ms_aux_dom	KEPT	HOL-Real_Asymp.Multiseries_Expansion
Multiseries_Expansion.msllist.v4.sctr	concealed	HOL-Real_Asymp.Multiseries_Expansion
Multiseries_Expansion.msllist.v4.flat	concealed	HOL-Real_Asymp.Multiseries_Expansion
Multiseries_Expansion.msllist.v4.eval	concealed	HOL-Real_Asymp.Multiseries_Expansion
Multiseries_Expansion.msllist.v4.embL	concealed	HOL-Real_Asymp.Multiseries_Expansion
Multiseries_Expansion.msllist.v3.sctr	concealed	HOL-Real_Asymp.Multiseries_Expansion
Multiseries_Expansion.msllist.v3.flat	concealed	HOL-Real_Asymp.Multiseries_Expansion
Multiseries_Expansion.msllist.v3.eval	concealed	HOL-Real_Asymp.Multiseries_Expansion
Multiseries_Expansion.msllist.v2.sctr	concealed	HOL-Real_Asymp.Multiseries_Expansion
Multiseries_Expansion.msllist.v2.flat	concealed	HOL-Real_Asymp.Multiseries_Expansion
Multiseries_Expansion.msllist.v2.eval	concealed	HOL-Real_Asymp.Multiseries_Expansion
Multiseries_Expansion.msllist.v2.embL	concealed	HOL-Real_Asymp.Multiseries_Expansion
Multiseries_Expansion.msllist.v1.sctr	concealed	HOL-Real_Asymp.Multiseries_Expansion
Multiseries_Expansion.msllist.v1.flat	concealed	HOL-Real_Asymp.Multiseries_Expansion
Multiseries_Expansion.msllist.v1.eval	concealed	HOL-Real_Asymp.Multiseries_Expansion
Multiseries_Expansion.msllist.v1.embL	concealed	HOL-Real_Asymp.Multiseries_Expansion
Multiseries_Expansion.msllist.v0.sctr	concealed	HOL-Real_Asymp.Multiseries_Expansion
Multiseries_Expansion.msllist.v0.flat	concealed	HOL-Real_Asymp.Multiseries_Expansion
Multiseries_Expansion.msllist.v0.eval	concealed	HOL-Real_Asymp.Multiseries_Expansion
Multiseries_Expansion.msllist.MSLCons	KEPT	HOL-Real_Asymp.Multiseries_Expansion
Multiseries_Expansion.ms.ctor_fold_ms	concealed	HOL-Real_Asymp.Multiseries_Expansion
Multiseries_Expansion.inverse_ms_sumC	KEPT	HOL-Real_Asymp.Multiseries_Expansion
Multiseries_Expansion.flip_cmp_result	KEPT	HOL-Real_Asymp.Multiseries_Expansion
Multiseries_Expansion.divide_ms_graph	concealed	HOL-Real_Asymp.Multiseries_Expansion
Missing_Polynomial.expand_powers_sumC	KEPT	Polynomial_Interpolation.Missing_Polynomial
Missing_List.subtract_list_sorted_rel	concealed	Polynomial_Factorization.Missing_List
Missing_List.subtract_list_sorted_dom	KEPT	Polynomial_Factorization.Missing_List
MPoly_Type.zero_mpoly_inst.zero_mpoly	inst_infix	Polynomials.MPoly_Type
MPoly_Type.plus_mpoly_inst.plus_mpoly	inst_infix	Polynomials.MPoly_Type
MIR.num.num_IITN_num.Rep_num_IITN_num	concealed	HOL-Decision_Procs.MIR
MIR.num.num_IITN_num.Abs_num_IITN_num	concealed	HOL-Decision_Procs.MIR
ListVector.minus_list_inst.minus_list	inst_infix	HOL-Library.ListVector
List.linorder_class.insort_insert_key	KEPT	HOL.List
Linear_Temporal_Logic_on_Streams.wait	KEPT	HOL-Library.Linear_Temporal_Logic_on_Streams
Linear_Temporal_Logic_on_Streams.true	KEPT	HOL-Library.Linear_Temporal_Logic_on_Streams
Linear_Temporal_Logic_on_Streams.IMPL	KEPT	HOL-Library.Linear_Temporal_Logic_on_Streams
Linear_Recurrences_Misc.zip_with_sumC	KEPT	Linear_Recurrences.Linear_Recurrences_Misc
Linear_Homogenous_Recurrences.lhr_rel	concealed	Linear_Recurrences.Linear_Homogenous_Recurrences
Linear_Homogenous_Recurrences.lhr_fps	KEPT	Linear_Recurrences.Linear_Homogenous_Recurrences
Linear_Homogenous_Recurrences.lhr_dom	KEPT	Linear_Recurrences.Linear_Homogenous_Recurrences
Limits.topological_ab_group_add_class	class_pred	HOL.Limits
Limits.class.topological_ab_group_add	class_infix	HOL.Limits
Laurent_Convergence.laurent_expansion	KEPT	HOL-Complex_Analysis.Laurent_Convergence
Lattices.class.semilattice_sup_axioms	class_infix	HOL.Lattices
Lattices.class.semilattice_inf_axioms	class_infix	HOL.Lattices
Lattices.class.distrib_lattice_axioms	class_infix	HOL.Lattices
Lattice_Constructions.top.min_alg_top	concealed	HOL-Library.Lattice_Constructions
Lattice_Constructions.bot.min_alg_bot	concealed	HOL-Library.Lattice_Constructions
Lattice.weak_upper_semilattice_axioms	KEPT	HOL-Algebra.Lattice
Lattice.weak_lower_semilattice_axioms	KEPT	HOL-Algebra.Lattice
Landau_Real_Products.powr_primfun_rel	concealed	Landau_Symbols.Landau_Real_Products
Landau_Real_Products.powr_primfun_dom	KEPT	Landau_Symbols.Landau_Real_Products
Landau_Real_Products.pos_primfun_list	KEPT	Landau_Symbols.Landau_Real_Products
Landau_Real_Products.less_primfun_rel	concealed	Landau_Symbols.Landau_Real_Products
Landau_Real_Products.less_primfun_dom	KEPT	Landau_Symbols.Landau_Real_Products
Landau_Real_Products.eval_primfun_rel	concealed	Landau_Symbols.Landau_Real_Products
Landau_Real_Products.eval_primfun_dom	KEPT	Landau_Symbols.Landau_Real_Products
Kronecker_Approximation_Theorem.gpoly	KEPT	HOL-Analysis.Kronecker_Approximation_Theorem
Interval_Integral_HK.has_ivl_integral	KEPT	Ordinary_Differential_Equations.Interval_Integral_HK
Interval_Float.subdivide_interval_rel	concealed	HOL-Library.Interval_Float
Interval_Float.subdivide_interval_dom	KEPT	HOL-Library.Interval_Float
Interval_Float.inverse_float_interval	KEPT	HOL-Library.Interval_Float
Inner_Product.class.real_inner_axioms	class_infix	HOL-Analysis.Inner_Product
Initial_Value_Problem.unique_on_strip	KEPT	Ordinary_Differential_Equations.Initial_Value_Problem
Infinite_Products.abs_convergent_prod	KEPT	HOL-Analysis.Infinite_Products
IArray.equal_iarray_inst.equal_iarray	inst_infix	HOL-Library.IArray
Henstock_Kurzweil_Integration.content	KEPT	HOL-Analysis.Henstock_Kurzweil_Integration
Groups_List.monoid_add_class.sum_list	KEPT	HOL.Groups_List
Groups_Big.comm_monoid_add_class.sum'	KEPT	HOL.Groups_Big
Groups.ordered_ab_semigroup_add_class	class_pred	HOL.Groups
Groups.ordered_ab_group_add_abs_class	class_pred	HOL.Groups
Groups.class.ordered_ab_semigroup_add	class_infix	HOL.Groups
Groups.class.ordered_ab_group_add_abs	class_infix	HOL.Groups
Groups.class.ab_semigroup_mult_axioms	class_infix	HOL.Groups
Group_Sort.groupsort.group_sort_graph	concealed	Landau_Symbols.Group_Sort
Group_Relations.INTEG.R.add.relations	KEPT	Finitely_Generated_Abelian_Groups.Group_Relations
Group_Relations.INTEG.P.add.relations	KEPT	Finitely_Generated_Abelian_Groups.Group_Relations
Group_On_With.comm_monoid_add_on_with	KEPT	HOL-Types_To_Sets.Group_On_With
Geo_Real2.real2.neu.upper_dim_3_axiom	KEPT	MathBench_ProverBase.Geo_Real2
Geo_Real2.real2.neu.proclus_postulate	KEPT	MathBench_ProverBase.Geo_Real2
Geo_Real2.real2.neu.greenberg_s_axiom	KEPT	MathBench_ProverBase.Geo_Real2
Geo_Real2.real2.neu.equilateralStrict	KEPT	MathBench_ProverBase.Geo_Real2
Geo_Real2.real2.neu.circle_circle_two	KEPT	MathBench_ProverBase.Geo_Real2
Geo_Real2.real2.neu.circle_circle_bis	KEPT	MathBench_ProverBase.Geo_Real2
Geo_Real2.real2.neu.aristotle_s_axiom	KEPT	MathBench_ProverBase.Geo_Real2
Geo_Real2.real2.neu.ParallelogramFlat	KEPT	MathBench_ProverBase.Geo_Real2
Geo_Real2.real2.neu.Is_on_perp_bisect	KEPT	MathBench_ProverBase.Geo_Real2
Geo_Real2.real2.neu.GradExpInvn_graph	concealed	MathBench_ProverBase.Geo_Real2
Gaussian_Integers.gauss_int.Gauss_Int	KEPT	Gaussian_Integers.Gaussian_Integers
Gauss_Sums.dcharacter.induced_modulus	KEPT	Gauss_Sums.Gauss_Sums
Gauss_Jordan_PA.Gauss_Jordan_upt_k_PA	KEPT	Gauss_Jordan.Gauss_Jordan_PA
Gauss_Jordan_PA.Gauss_Jordan_in_ij_PA	KEPT	Gauss_Jordan.Gauss_Jordan_PA
Gauss_Jordan_Elimination.swaprows_mat	KEPT	Jordan_Normal_Form.Gauss_Jordan_Elimination
Gauss_Jordan_Elimination.mat_swaprows	KEPT	Jordan_Normal_Form.Gauss_Jordan_Elimination
Gauss_Jordan_Elimination.gauss_jordan	KEPT	Jordan_Normal_Form.Gauss_Jordan_Elimination
GCD.semiring_gcd_mult_normalize_class	class_pred	HOL.GCD
GCD.class.semiring_gcd_mult_normalize	class_infix	HOL.GCD
Fundamental_Subspaces.left_null_space	KEPT	Rank_Nullity_Theorem.Fundamental_Subspaces
Functional_Spaces.tendsto_ine\<^sub>N	KEPT	Lp.Functional_Spaces
Functional_Spaces.quasinorm_subset_eq	KEPT	Lp.Functional_Spaces
Formal_Power_Series.fps_right_inverse	KEPT	HOL-Computational_Algebra.Formal_Power_Series
Formal_Power_Series.fps_nth_deriv_rel	concealed	HOL-Computational_Algebra.Formal_Power_Series
Formal_Power_Series.fps_nth_deriv_dom	KEPT	HOL-Computational_Algebra.Formal_Power_Series
Formal_Laurent_Series.fls_compose_fps	KEPT	HOL-Computational_Algebra.Formal_Laurent_Series
Formal_Laurent_Series.fls_base_factor	KEPT	HOL-Computational_Algebra.Formal_Laurent_Series
Flow.compact_continuously_diff_axioms	KEPT	Ordinary_Differential_Equations.Flow
Finite_Map.equal_fmap_inst.equal_fmap	inst_infix	HOL-Library.Finite_Map
Finite_And_Cyclic_Groups.finite_group	KEPT	Finitely_Generated_Abelian_Groups.Finite_And_Cyclic_Groups
Finite_And_Cyclic_Groups.cyclic_group	KEPT	Finitely_Generated_Abelian_Groups.Finite_And_Cyclic_Groups
Fin_Map.function_to_finmap.mapmeasure	KEPT	HOL-Probability.Fin_Map
Filter.ord_filter_inst.less_eq_filter	inst_infix	HOL.Filter
Filter.equal_filter_inst.equal_filter	inst_infix	HOL.Filter
Field_as_Ring.field.unit_factor_field	class_variant	HOL-Computational_Algebra.Field_as_Ring
Extended_Nonnegative_Real.pcr_ennreal	KEPT	HOL-Library.Extended_Nonnegative_Real
Extended_Nat.zero_enat_inst.zero_enat	inst_infix	HOL-Library.Extended_Nat
Extended_Nat.plus_enat_inst.plus_enat	inst_infix	HOL-Library.Extended_Nat
Euclidean_Space.euclidean_space_class	class_pred	HOL-Analysis.Euclidean_Space
Euclidean_Space.class.euclidean_space	class_infix	HOL-Analysis.Euclidean_Space
Enum.zero_finite_3_inst.zero_finite_3	inst_infix	HOL.Enum
Enum.zero_finite_2_inst.zero_finite_2	inst_infix	HOL.Enum
Enum.zero_finite_1_inst.zero_finite_1	inst_infix	HOL.Enum
Enum.plus_finite_3_inst.plus_finite_3	inst_infix	HOL.Enum
Enum.plus_finite_2_inst.plus_finite_2	inst_infix	HOL.Enum
Enum.plus_finite_1_inst.plus_finite_1	inst_infix	HOL.Enum
Enum.enum_option_inst.enum_all_option	inst_infix	HOL.Enum
Enum.enum_finite_5_inst.enum_finite_5	inst_infix	HOL.Enum
Enum.enum_finite_4_inst.enum_finite_4	inst_infix	HOL.Enum
Enum.enum_finite_3_inst.enum_finite_3	inst_infix	HOL.Enum
Enum.enum_finite_2_inst.enum_finite_2	inst_infix	HOL.Enum
Enum.enum_finite_1_inst.enum_finite_1	inst_infix	HOL.Enum
Elementary_Topology.countably_compact	KEPT	HOL-Analysis.Elementary_Topology
Elementary_Operations.mult_column_row	KEPT	Gauss_Jordan.Elementary_Operations
Dual_Order.dual_wellorder.strict_mono	KEPT	Rank_Nullity_Theorem.Dual_Order
Dual_Order.dual_wellorder.greaterThan	KEPT	Rank_Nullity_Theorem.Dual_Order
Dual_Order.dual_wellorder.antimono_on	KEPT	Rank_Nullity_Theorem.Dual_Order
Discrete_Functions.floor_sqrt_between	KEPT	HOL-Library.Discrete_Functions
Dirichlet_Series.one_fds_inst.one_fds	inst_infix	Dirichlet_Series.Dirichlet_Series
DigitsInBase.digits_in_base.ith_digit	KEPT	DigitsInBase.DigitsInBase
Derangements.count_derangements_graph	concealed	Derangements.Derangements
Count_Line.proots_unbounded_line_card	KEPT	Count_Complex_Roots.Count_Line
Cooper.narrowing_fm_inst.narrowing_fm	infra_theory	HOL-Decision_Procs.Cooper
Continued_Fractions.cfrac_of_real_aux	KEPT	Continued_Fractions.Continued_Fractions
Continued_Fractions.cfrac_of_real_alt	KEPT	Continued_Fractions.Continued_Fractions
Continued_Fractions.cfrac_list_of_rat	KEPT	Continued_Fractions.Continued_Fractions
Congruence.partial_object.more_update	KEPT	HOL-Algebra.Congruence
Confluent_Quotient.confluent_quotient	KEPT	HOL-Library.Confluent_Quotient
Conditional_Expectation.real_cond_exp	KEPT	HOL-Probability.Conditional_Expectation
Complex_Roots_Of_Unity.unity_root_sum	KEPT	Gauss_Sums.Complex_Roots_Of_Unity
Complex_Lexorder.complex_lex.sort_key	KEPT	Hermite_Lindemann.Complex_Lexorder
Complex_Lexorder.complex_lex.lessThan	KEPT	Hermite_Lindemann.Complex_Lexorder
Complex_Lexorder.complex_lex.antimono	KEPT	Hermite_Lindemann.Complex_Lexorder
Complex_Lexorder.complex_lex.Greatest	KEPT	Hermite_Lindemann.Complex_Lexorder
Complete_Partial_Order2.lub_singleton	KEPT	HOL-Library.Complete_Partial_Order2
Complete_Partial_Order2.lfp.mono_body	KEPT	HOL-Library.Complete_Partial_Order2
Complete_Partial_Order2.gfp.mono_body	KEPT	HOL-Library.Complete_Partial_Order2
Complete_Partial_Order.ccpo.iteratesp	class_variant	HOL.Complete_Partial_Order
Comparator.pre_comp.comp.wit_pre_comp	concealed	HOL-Library.Comparator
Comparator.pre_comp.comp.set_pre_comp	concealed	HOL-Library.Comparator
Comparator.pre_comp.comp.rel_pre_comp	concealed	HOL-Library.Comparator
Comparator.pre_comp.comp.map_pre_comp	concealed	HOL-Library.Comparator
Comparator.equal_comp_inst.equal_comp	inst_infix	HOL-Library.Comparator
Commutative_Ring_Complete.isnorm_sumC	infra_theory	HOL-Decision_Procs.Commutative_Ring_Complete
Commutative_Ring.polex.str_init_polex	concealed	HOL-Decision_Procs.Commutative_Ring
Commutative_Ring.polex.ctor_rec_polex	concealed	HOL-Decision_Procs.Commutative_Ring
Commutative_Ring.mk_monpol_list_graph	concealed	HOL-Decision_Procs.Commutative_Ring
Coinductive_List.suffix_order.lsorted	KEPT	Coinductive.Coinductive_List
Coinductive_List.subseq_order.lsorted	KEPT	Coinductive.Coinductive_List
Coinductive_List.prefix_order.lsorted	KEPT	Coinductive.Coinductive_List
Coinductive_List.monoid_add.lsum_list	class_variant	Coinductive.Coinductive_List
Coinductive_List.llist_lift.mono_body	KEPT	Coinductive.Coinductive_List
Code_Test.xml_tree.ctor_fold_xml_tree	concealed	HOL-Library.Code_Test
Code_Evaluation.term_of_class.term_of	infra_theory	HOL.Code_Evaluation
Chebyshev_Polynomials.gen_cheb_poly.f	KEPT	Chebyshev_Polynomials.Chebyshev_Polynomials
Chebyshev_Polynomials.gen_cheb_poly.P	KEPT	Chebyshev_Polynomials.Chebyshev_Polynomials
Cauchy_Integral_Formula.fps_expansion	KEPT	HOL-Complex_Analysis.Cauchy_Integral_Formula
Cauchy_Index_Theorem.jumpF_pathfinish	KEPT	Winding_Number_Eval.Cauchy_Index_Theorem
Cauchy_Index_Theorem.finite_Psegments	KEPT	Winding_Number_Eval.Cauchy_Index_Theorem
Cardinality.card_UNIV_class.card_UNIV	KEPT	HOL-Library.Cardinality
Card_Number_Partitions.Partition_sumC	KEPT	Card_Number_Partitions.Card_Number_Partitions
Bochner_Integration.lebesgue_integral	KEPT	HOL-Analysis.Bochner_Integration
Basic_BNF_LFPs.size_sum_inst.size_sum	inst_infix	HOL.Basic_BNF_LFPs
BNF_Wellorder_Relation.wo_rel.ofilter	KEPT	HOL.BNF_Wellorder_Relation
BNF_Wellorder_Relation.wo_rel.isMinim	KEPT	HOL.BNF_Wellorder_Relation
BNF_Wellorder_Constructions.dir_image	KEPT	HOL.BNF_Wellorder_Constructions
BNF_Cardinal_Order_Relation.natLeq_on	internal_prefix	HOL.BNF_Cardinal_Order_Relation
BNF_Cardinal_Order_Relation.isCardSuc	internal_prefix	HOL.BNF_Cardinal_Order_Relation
Archimedean_Field.floor_ceiling_class	class_pred	HOL.Archimedean_Field
Archimedean_Field.class.floor_ceiling	class_infix	HOL.Archimedean_Field
Approximation_Bounds.ub_ln_lb_ln_sumC	infra_theory	HOL-Decision_Procs.Approximation_Bounds
Approximation_Bounds.ub_arctan_horner	infra_theory	HOL-Decision_Procs.Approximation_Bounds
Approximation_Bounds.lb_arctan_horner	infra_theory	HOL-Decision_Procs.Approximation_Bounds
Approximation_Bounds.float_power_bnds	infra_theory	HOL-Decision_Procs.Approximation_Bounds
Algebraic_Numbers_Prelim.poly_add_rat	KEPT	Algebraic_Numbers.Algebraic_Numbers_Prelim
Algebraic_Numbers_Prelim.abs_int_poly	KEPT	Algebraic_Numbers.Algebraic_Numbers_Prelim
Algebraic_Numbers.coeff_0_hom.vec_hom	KEPT	Algebraic_Numbers.Algebraic_Numbers
Algebraic_Numbers.coeff_0_hom.mat_hom	KEPT	Algebraic_Numbers.Algebraic_Numbers
Abstract_Metric_Spaces.Metric_space12	KEPT	HOL-Analysis.Abstract_Metric_Spaces
Abstract_Metric_Spaces.Met_TC.MCauchy	KEPT	HOL-Analysis.Abstract_Metric_Spaces
Urysohn.Alexandroff_compactification	KEPT	HOL-Analysis.Urysohn
Uprod.random_uprod_inst.random_uprod	inst_infix	HOL-Library.Uprod
Upper_Lower_Solution.ll_on_open_real	KEPT	Ordinary_Differential_Equations.Upper_Lower_Solution
Unique_Factorization_Poly.divides_ff	KEPT	Berlekamp_Zassenhaus.Unique_Factorization_Poly
Unique_Factorization_Poly.content_ff	KEPT	Berlekamp_Zassenhaus.Unique_Factorization_Poly
Typerep.typerep_fun_inst.typerep_fun	KEPT	HOL.Typerep
Transitive_Closure_Table.rtrancl_tab	KEPT	HOL-Library.Transitive_Closure_Table
Transfer_Cayley_Hamilton.Rel_vec_vec	KEPT	Lie_Groups.Transfer_Cayley_Hamilton
Topology_Euclidean_Space.is_interval	KEPT	HOL-Analysis.Topology_Euclidean_Space
Topological_Spaces.generate_topology	KEPT	HOL.Topological_Spaces
Symmetric_Polynomials.mpoly_map_vars	KEPT	Symmetric_Polynomials.Symmetric_Polynomials
Sublist.suffix_order.atLeastLessThan	KEPT	HOL-Library.Sublist
Sublist.subseq_order.atLeastLessThan	KEPT	HOL-Library.Sublist
Sublist.sublist_order.strict_mono_on	KEPT	HOL-Library.Sublist
Sublist.prefix_order.atLeastLessThan	KEPT	HOL-Library.Sublist
Sturm_Theorem.split_sign_changes_rel	concealed	Sturm_Sequences.Sturm_Theorem
Sturm_Theorem.split_sign_changes_dom	KEPT	Sturm_Sequences.Sturm_Theorem
Sturm_Multiple_Roots.smods_ext_graph	concealed	Budan_Fourier.Sturm_Multiple_Roots
String.ord_literal_inst.less_literal	inst_infix	HOL.String
String.comm_semiring_1_class.of_char	KEPT	HOL.String
Square_Matrix.sq_matrix.extend_basis	KEPT	Cayley_Hamilton.Square_Matrix
Set_Interval.ord_class.atLeastAtMost	KEPT	HOL.Set_Interval
Set_Interval.ord.greaterThanLessThan	class_variant	HOL.Set_Interval
Saturated.enum_sat_inst.enum_all_sat	inst_infix	HOL-Library.Saturated
Ring_Hom_Poly.map_poly_comm_ring_hom	KEPT	Polynomial_Interpolation.Ring_Hom_Poly
Reflective_Field.field_class.nonzero	infra_theory	HOL-Decision_Procs.Reflective_Field
Reflective_Field.fexpr.min_alg_fexpr	concealed	HOL-Decision_Procs.Reflective_Field
Real_Vector_Spaces.real_vector_class	class_pred	HOL.Real_Vector_Spaces
Real_Vector_Spaces.class.real_vector	class_infix	HOL.Real_Vector_Spaces
Reachability_Analysis.sctn.size_sctn	adt_record	Ordinary_Differential_Equations.Reachability_Analysis
Reachability_Analysis.sctn.pred_sctn	KEPT	Ordinary_Differential_Equations.Reachability_Analysis
Reachability_Analysis.sctn.dtor_sctn	concealed	Ordinary_Differential_Equations.Reachability_Analysis
Reachability_Analysis.sctn.ctor_sctn	concealed	Ordinary_Differential_Equations.Reachability_Analysis
Reachability_Analysis.sctn.case_sctn	KEPT	Ordinary_Differential_Equations.Reachability_Analysis
Rat.narrowing_rat_inst.narrowing_rat	inst_infix	HOL.Rat
Rat.floor_ceiling_rat_inst.floor_rat	inst_infix	HOL.Rat
Quickcheck_Random.random_aux_set_rel	concealed	HOL.Quickcheck_Random
Quickcheck_Random.random_aux_set_dom	KEPT	HOL.Quickcheck_Random
Quickcheck_Narrowing.non_empty_graph	concealed	HOL.Quickcheck_Narrowing
Quickcheck_Narrowing.narrowing_class	class_pred	HOL.Quickcheck_Narrowing
Quickcheck_Narrowing.ensure_testable	hidden	HOL.Quickcheck_Narrowing
Quickcheck_Narrowing.around_zero_rel	concealed	HOL.Quickcheck_Narrowing
Quickcheck_Narrowing.around_zero_dom	KEPT	HOL.Quickcheck_Narrowing
Quickcheck_Exhaustive.valtermify_Inr	hidden	HOL.Quickcheck_Exhaustive
Quickcheck_Exhaustive.valtermify_Inl	hidden	HOL.Quickcheck_Exhaustive
Quickcheck_Exhaustive.termify_insert	hidden	HOL.Quickcheck_Exhaustive
Product_Type.ord_unit_inst.less_unit	inst_infix	HOL.Product_Type
Product_Order.top_prod_inst.top_prod	inst_infix	HOL-Library.Product_Order
Product_Order.sup_prod_inst.sup_prod	inst_infix	HOL-Library.Product_Order
Product_Order.inf_prod_inst.inf_prod	inst_infix	HOL-Library.Product_Order
Product_Order.bot_prod_inst.bot_prod	inst_infix	HOL-Library.Product_Order
Product_Order.Sup_prod_inst.Sup_prod	inst_infix	HOL-Library.Product_Order
Product_Order.Inf_prod_inst.Inf_prod	inst_infix	HOL-Library.Product_Order
Probability_Mass_Function.return_pmf	KEPT	HOL-Probability.Probability_Mass_Function
Probability_Mass_Function.pmf_of_set	KEPT	HOL-Probability.Probability_Mass_Function
Primes.class.field_prime_char_axioms	class_infix	HOL-Computational_Algebra.Primes
Prime_Factorization.divisors_pos_fun	KEPT	Polynomial_Factorization.Prime_Factorization
Prime_Factorization.divisors_int_pos	KEPT	Polynomial_Factorization.Prime_Factorization
Predicate.pre_pred.pred.wit_pre_pred	concealed	HOL.Predicate
Predicate.pre_pred.pred.set_pre_pred	concealed	HOL.Predicate
Predicate.pre_pred.pred.rel_pre_pred	concealed	HOL.Predicate
Predicate.pre_pred.pred.map_pre_pred	concealed	HOL.Predicate
Predicate.ord_pred_inst.less_eq_pred	inst_infix	HOL.Predicate
Predicate.minus_pred_inst.minus_pred	inst_infix	HOL.Predicate
Predicate.equal_pred_inst.equal_pred	inst_infix	HOL.Predicate
Polynomial.pseudo_mod_main_list_sumC	KEPT	HOL-Computational_Algebra.Polynomial
Polynomial.minus_poly_rev_list_graph	concealed	HOL-Computational_Algebra.Polynomial
Polynomial.divmod_poly_one_main_list	KEPT	HOL-Computational_Algebra.Polynomial
Polynomial.divide_poly_main_list_rel	concealed	HOL-Computational_Algebra.Polynomial
Polynomial.divide_poly_main_list_dom	KEPT	HOL-Computational_Algebra.Polynomial
Phantom_Type.phantom.min_alg_phantom	concealed	HOL-Library.Phantom_Type
Pell_Algorithm.efficient_power_graph	concealed	Pell.Pell_Algorithm
Path_Connected.path_component_of_set	KEPT	HOL-Analysis.Path_Connected
Parametric_Ferrante_Rackoff.uset_rel	concealed	HOL-Decision_Procs.Parametric_Ferrante_Rackoff
Parametric_Ferrante_Rackoff.uset_dom	infra_theory	HOL-Decision_Procs.Parametric_Ferrante_Rackoff
Parametric_Ferrante_Rackoff.tmsubst0	infra_theory	HOL-Decision_Procs.Parametric_Ferrante_Rackoff
Parametric_Ferrante_Rackoff.tmbound0	infra_theory	HOL-Decision_Procs.Parametric_Ferrante_Rackoff
Parametric_Ferrante_Rackoff.tm.Bound	KEPT	HOL-Decision_Procs.Parametric_Ferrante_Rackoff
Parametric_Ferrante_Rackoff.prep_rel	concealed	HOL-Decision_Procs.Parametric_Ferrante_Rackoff
Parametric_Ferrante_Rackoff.prep_dom	infra_theory	HOL-Decision_Procs.Parametric_Ferrante_Rackoff
Parametric_Ferrante_Rackoff.not_sumC	infra_theory	HOL-Decision_Procs.Parametric_Ferrante_Rackoff
Parametric_Ferrante_Rackoff.msubstlt	infra_theory	HOL-Decision_Procs.Parametric_Ferrante_Rackoff
Parametric_Ferrante_Rackoff.msubstle	infra_theory	HOL-Decision_Procs.Parametric_Ferrante_Rackoff
Parametric_Ferrante_Rackoff.msubsteq	infra_theory	HOL-Decision_Procs.Parametric_Ferrante_Rackoff
Parametric_Ferrante_Rackoff.minusinf	infra_theory	HOL-Decision_Procs.Parametric_Ferrante_Rackoff
Parametric_Ferrante_Rackoff.ferrack2	infra_theory	HOL-Decision_Procs.Parametric_Ferrante_Rackoff
Parametric_Ferrante_Rackoff.boundslt	infra_theory	HOL-Decision_Procs.Parametric_Ferrante_Rackoff
Parametric_Ferrante_Rackoff.allpolys	infra_theory	HOL-Decision_Procs.Parametric_Ferrante_Rackoff
Orderings.ord_bool_inst.less_eq_bool	inst_infix	HOL.Orderings
Numeral_Type.ord_num1_inst.less_num1	inst_infix	HOL-Library.Numeral_Type
Numeral_Type.ord_bit1_inst.less_bit1	inst_infix	HOL-Library.Numeral_Type
Numeral_Type.ord_bit0_inst.less_bit0	inst_infix	HOL-Library.Numeral_Type
Num.narrowing_num_inst.narrowing_num	inst_infix	HOL.Num
Nat.narrowing_nat_inst.narrowing_nat	inst_infix	HOL.Nat
Multiset_Order.multp\<^sub>H\<^sub>O	KEPT	HOL-Library.Multiset_Order
Multiset_Order.multp\<^sub>D\<^sub>M	KEPT	HOL-Library.Multiset_Order
Multiset.subset_mset.atLeastLessThan	KEPT	HOL-Library.Multiset
Multiseries_Expansion.trimmed_ms_aux	KEPT	HOL-Real_Asymp.Multiseries_Expansion
Multiseries_Expansion.times_ms_graph	concealed	HOL-Real_Asymp.Multiseries_Expansion
Multiseries_Expansion.powser_ms_aux'	KEPT	HOL-Real_Asymp.Multiseries_Expansion
Multiseries_Expansion.msllist.v4.Lam	concealed	HOL-Real_Asymp.Multiseries_Expansion
Multiseries_Expansion.msllist.v3.Lam	concealed	HOL-Real_Asymp.Multiseries_Expansion
Multiseries_Expansion.msllist.v2.Lam	concealed	HOL-Real_Asymp.Multiseries_Expansion
Multiseries_Expansion.msllist.v1.Lam	concealed	HOL-Real_Asymp.Multiseries_Expansion
Multiseries_Expansion.msllist.v0.Lam	concealed	HOL-Real_Asymp.Multiseries_Expansion
Multiseries_Expansion.msllist.mslmap	KEPT	HOL-Real_Asymp.Multiseries_Expansion
Multiseries_Expansion.msllist.MSLNil	KEPT	HOL-Real_Asymp.Multiseries_Expansion
Multiseries_Expansion.ms.str_init_ms	concealed	HOL-Real_Asymp.Multiseries_Expansion
Multiseries_Expansion.ms.ctor_rec_ms	concealed	HOL-Real_Asymp.Multiseries_Expansion
Multiseries_Expansion.inverse_ms_rel	concealed	HOL-Real_Asymp.Multiseries_Expansion
Multiseries_Expansion.inverse_ms_dom	KEPT	HOL-Real_Asymp.Multiseries_Expansion
Multiseries_Expansion.inverse_ms_aux	KEPT	HOL-Real_Asymp.Multiseries_Expansion
Multiseries_Expansion.divide_ms_sumC	KEPT	HOL-Real_Asymp.Multiseries_Expansion
Multiseries_Expansion.compare_list_0	KEPT	HOL-Real_Asymp.Multiseries_Expansion
Multiplicative_Group.INTEG.R.add.ord	KEPT	HOL-Algebra.Multiplicative_Group
Multiplicative_Group.INTEG.P.add.ord	KEPT	HOL-Algebra.Multiplicative_Group
Multiplicative_Characters.characters	KEPT	Dirichlet_L.Multiplicative_Characters
Multiplicative_Characters.Characters	KEPT	Dirichlet_L.Multiplicative_Characters
Mod_Type.mod_type_bit1_inst.Rep_bit1	inst_infix	Rank_Nullity_Theorem.Mod_Type
Mod_Type.mod_type_bit1_inst.Abs_bit1	inst_infix	Rank_Nullity_Theorem.Mod_Type
Mod_Type.mod_type_bit0_inst.Rep_bit0	inst_infix	Rank_Nullity_Theorem.Mod_Type
Mod_Type.mod_type_bit0_inst.Abs_bit0	inst_infix	Rank_Nullity_Theorem.Mod_Type
Missing_Polynomial.expand_powers_rel	concealed	Polynomial_Interpolation.Missing_Polynomial
Missing_Polynomial.expand_powers_dom	KEPT	Polynomial_Interpolation.Missing_Polynomial
Missing_List.union_list_sorted_graph	concealed	Polynomial_Factorization.Missing_List
Missing_List.is_partition_impl_graph	concealed	Polynomial_Factorization.Missing_List
Matrix.comm_monoid_add_class.sum_mat	KEPT	Jordan_Normal_Form.Matrix
MIR.narrowing_num_inst.narrowing_num	infra_theory	HOL-Decision_Procs.MIR
Locally.locally_path_connected_space	KEPT	HOL-Analysis.Locally
List.linorder.sorted_key_list_of_set	class_variant	HOL.List
Linear_Temporal_Logic_on_Streams.nxt	KEPT	HOL-Library.Linear_Temporal_Logic_on_Streams
Linear_Temporal_Logic_on_Streams.not	KEPT	HOL-Library.Linear_Temporal_Logic_on_Streams
Linear_Temporal_Logic_on_Streams.alw	KEPT	HOL-Library.Linear_Temporal_Logic_on_Streams
Linear_Temporal_Logic_on_Streams.HLD	KEPT	HOL-Library.Linear_Temporal_Logic_on_Streams
Linear_Temporal_Logic_on_Streams.AND	KEPT	HOL-Library.Linear_Temporal_Logic_on_Streams
Linear_Recurrences_Misc.zip_with_rel	concealed	Linear_Recurrences.Linear_Recurrences_Misc
Linear_Recurrences_Misc.zip_with_dom	KEPT	Linear_Recurrences.Linear_Recurrences_Misc
Linear_Algebra.real_inner.orthogonal	class_variant	HOL-Analysis.Linear_Algebra
Limits.topological_monoid_mult_class	class_pred	HOL.Limits
Limits.class.topological_monoid_mult	class_infix	HOL.Limits
Lazy_Eval.cmp_result.size_cmp_result	adt_record	HOL-Real_Asymp.Lazy_Eval
Lazy_Eval.cmp_result.dtor_cmp_result	concealed	HOL-Real_Asymp.Lazy_Eval
Lazy_Eval.cmp_result.ctor_cmp_result	concealed	HOL-Real_Asymp.Lazy_Eval
Lazy_Eval.cmp_result.case_cmp_result	KEPT	HOL-Real_Asymp.Lazy_Eval
Lattices_Big.semilattice_sup.Sup_fin	class_variant	HOL.Lattices_Big
Lattices_Big.semilattice_neutr_set.F	KEPT	HOL.Lattices_Big
Lattices_Big.semilattice_inf.Inf_fin	class_variant	HOL.Lattices_Big
Lattice_Constructions.random_aux_top	concealed	HOL-Library.Lattice_Constructions
Lattice_Constructions.random_aux_bot	concealed	HOL-Library.Lattice_Constructions
Landau_Real_Products.primfun.LnChain	KEPT	Landau_Symbols.Landau_Real_Products
Landau_Real_Products.inverse_primfun	KEPT	Landau_Symbols.Landau_Real_Products
Landau_Real_Products.BIGTHETA_CONST'	KEPT	Landau_Symbols.Landau_Real_Products
Kronecker_Approximation_Theorem.part	KEPT	HOL-Analysis.Kronecker_Approximation_Theorem
Interval.interval.bounds_of_interval	KEPT	HOL-Library.Interval
Inner_Product.real_inner_class.inner	KEPT	HOL-Analysis.Inner_Product
Initial_Value_Problem.continuous_rhs	KEPT	Ordinary_Differential_Equations.Initial_Value_Problem
Information.information_space_axioms	KEPT	HOL-Probability.Information
Inductive.complete_lattice_class.lfp	KEPT	HOL.Inductive
Inductive.complete_lattice_class.gfp	KEPT	HOL.Inductive
Groups_Big.comm_monoid_add_class.sum	KEPT	HOL.Groups_Big
Groups_Big.comm_monoid_add_class.Sum	KEPT	HOL.Groups_Big
Groups.ordered_comm_monoid_add_class	class_pred	HOL.Groups
Groups.linordered_ab_group_add_class	class_pred	HOL.Groups
Groups.class.ordered_comm_monoid_add	class_infix	HOL.Groups
Groups.class.linordered_ab_group_add	class_infix	HOL.Groups
Groups.class.comm_monoid_mult_axioms	class_infix	HOL.Groups
Groups.class.comm_monoid_diff_axioms	class_infix	HOL.Groups
Groups.class.cancel_ab_semigroup_add	class_infix	HOL.Groups
Groups.class.ab_semigroup_add_axioms	class_infix	HOL.Groups
Groups.cancel_ab_semigroup_add_class	class_pred	HOL.Groups
Group_Sort.groupsort.group_sort_sumC	KEPT	Landau_Symbols.Group_Sort
Group_Relations.comm_group.relations	KEPT	Finitely_Generated_Abelian_Groups.Group_Relations
Geo_Real2.real2.neu.thales_postulate	KEPT	MathBench_ProverBase.Geo_Real2
Geo_Real2.real2.neu.archimedes_axiom	KEPT	MathBench_ProverBase.Geo_Real2
Geo_Real2.real2.neu.GradExpInvn_sumC	KEPT	MathBench_ProverBase.Geo_Real2
Gauss_Sums.nonprimitive_dchar_axioms	KEPT	Gauss_Sums.Gauss_Sums
Gauss_Jordan_PA.Gauss_Jordan_wrapper	KEPT	Gauss_Jordan.Gauss_Jordan_PA
Gauss_Jordan_Elimination.multrow_mat	KEPT	Jordan_Normal_Form.Gauss_Jordan_Elimination
Gauss_Jordan_Elimination.mat_multrow	KEPT	Jordan_Normal_Form.Gauss_Jordan_Elimination
Gauss_Jordan_Elimination.mat_inverse	KEPT	Jordan_Normal_Form.Gauss_Jordan_Elimination
GCD.bounded_quasi_semilattice_axioms	KEPT	HOL.GCD
Fundamental_Theorem_Algebra.constant	KEPT	HOL-Computational_Algebra.Fundamental_Theorem_Algebra
Functional_Spaces.zero_space\<^sub>N	KEPT	Lp.Functional_Spaces
Functional_Spaces.tendsto_in\<^sub>N	KEPT	Lp.Functional_Spaces
Functional_Spaces.cauchy_ine\<^sub>N	KEPT	Lp.Functional_Spaces
Formal_Power_Series.fps_left_inverse	KEPT	HOL-Computational_Algebra.Formal_Power_Series
Float.uminus_float_inst.uminus_float	inst_infix	HOL-Library.Float
Float.random_float_inst.random_float	inst_infix	HOL-Library.Float
Finite_Map.fmap.Finite_Map.pred_fmap	KEPT	HOL-Library.Finite_Map
Finite_Cartesian_Product.vec.vec_nth	KEPT	HOL-Analysis.Finite_Cartesian_Product
Field_as_Ring.gcd_real_inst.lcm_real	inst_infix	HOL-Computational_Algebra.Field_as_Ring
Field_as_Ring.gcd_real_inst.gcd_real	inst_infix	HOL-Computational_Algebra.Field_as_Ring
Field_as_Ring.Gcd_real_inst.Lcm_real	inst_infix	HOL-Computational_Algebra.Field_as_Ring
Field_as_Ring.Gcd_real_inst.Gcd_real	inst_infix	HOL-Computational_Algebra.Field_as_Ring
Ferrack.typerep_num_inst.typerep_num	infra_theory	HOL-Decision_Procs.Ferrack
Ferrack.term_of_num_inst.term_of_num	infra_theory	HOL-Decision_Procs.Ferrack
Ferrack.fm.fm_IITN_fm.Rep_fm_IITN_fm	concealed	HOL-Decision_Procs.Ferrack
Ferrack.fm.fm_IITN_fm.Abs_fm_IITN_fm	concealed	HOL-Decision_Procs.Ferrack
Factorial.semiring_char_0_class.fact	KEPT	HOL.Factorial
Factorial.comm_semiring_1.pochhammer	class_variant	HOL.Factorial
Extraction.sumbool.ctor_fold_sumbool	concealed	HOL.Extraction
Extended_Sturm.changes_alt_itv_smods	KEPT	Count_Complex_Roots.Extended_Sturm
Extended_Nonnegative_Real.cr_ennreal	KEPT	HOL-Library.Extended_Nonnegative_Real
Extended_Nat.ord_enat_inst.less_enat	inst_infix	HOL-Library.Extended_Nat
Extended_Nat.infinity_class.infinity	KEPT	HOL-Library.Extended_Nat
Extended.extended.ctor_fold_extended	concealed	HOL-Library.Extended
Euler_MacLaurin.euler_maclaurin_nat'	KEPT	Euler_MacLaurin.Euler_MacLaurin
Euler_MacLaurin.euler_maclaurin_int'	KEPT	Euler_MacLaurin.Euler_MacLaurin
Euclidean_Rings.euclidean_ring_class	class_pred	HOL.Euclidean_Rings
Euclidean_Rings.class.euclidean_ring	class_infix	HOL.Euclidean_Rings
Enum.ord_finite_5_inst.less_finite_5	inst_infix	HOL.Enum
Enum.ord_finite_4_inst.less_finite_4	inst_infix	HOL.Enum
Enum.ord_finite_3_inst.less_finite_3	inst_infix	HOL.Enum
Enum.ord_finite_2_inst.less_finite_2	inst_infix	HOL.Enum
Enum.ord_finite_1_inst.less_finite_1	inst_infix	HOL.Enum
Enum.enum_option_inst.enum_ex_option	inst_infix	HOL.Enum
Elementary_Operations.column_add_row	KEPT	Gauss_Jordan.Elementary_Operations
Elementary_Normed_Spaces.indirection	KEPT	HOL-Analysis.Elementary_Normed_Spaces
Elementary_Groups.group_disjoint_sum	KEPT	HOL-Algebra.Elementary_Groups
Efficient_Discrete_Sqrt.get_nat_sqrt	KEPT	Pell.Efficient_Discrete_Sqrt
Dual_Order.dual_wellorder.lexordp_eq	KEPT	Rank_Nullity_Theorem.Dual_Order
Dual_Order.dual_wellorder.is_arg_min	KEPT	Rank_Nullity_Theorem.Dual_Order
Dual_Order.dual_wellorder.is_arg_max	KEPT	Rank_Nullity_Theorem.Dual_Order
Dual_Order.dual_wellorder.insort_key	KEPT	Rank_Nullity_Theorem.Dual_Order
Dual_Order.dual_wellorder.greater_eq	KEPT	Rank_Nullity_Theorem.Dual_Order
Dual_Order.dual_wellorder.arg_min_on	KEPT	Rank_Nullity_Theorem.Dual_Order
Dual_Order.dual_wellorder.arg_max_on	KEPT	Rank_Nullity_Theorem.Dual_Order
Dlist.random_dlist_inst.random_dlist	inst_infix	HOL-Library.Dlist
Divisibility.factorial_monoid_axioms	KEPT	HOL-Algebra.Divisibility
Dirichlet_Characters.principal_dchar	KEPT	Dirichlet_L.Dirichlet_Characters
DigitsInBase.digits_in_base.LEdigits	KEPT	DigitsInBase.DigitsInBase
Diagonal_Subsequence.subseqs.diagseq	KEPT	HOL-Library.Diagonal_Subsequence
Determinants2.upper_triangular_upt_k	KEPT	Gauss_Jordan.Determinants2
Descartes_Sign_Rule.count_roots_with	KEPT	Descartes_Sign_Rule.Descartes_Sign_Rule
Derangements.count_derangements_sumC	KEPT	Derangements.Derangements
Convex_Euclidean_Space.closest_point	KEPT	HOL-Analysis.Convex_Euclidean_Space
Contour_Integration.contour_integral	KEPT	HOL-Complex_Analysis.Contour_Integration
Continued_Fractions.random_aux_cfrac	concealed	Continued_Fractions.Continued_Fractions
Continued_Fractions.conv_denom_graph	concealed	Continued_Fractions.Continued_Fractions
Continued_Fractions.cfrac.size_cfrac	adt_record	Continued_Fractions.Continued_Fractions
Continued_Fractions.cfrac.dtor_cfrac	concealed	Continued_Fractions.Continued_Fractions
Continued_Fractions.cfrac.ctor_cfrac	concealed	Continued_Fractions.Continued_Fractions
Continued_Fractions.cfrac.case_cfrac	KEPT	Continued_Fractions.Continued_Fractions
Complex_Lexorder.less_eq_complex_lex	KEPT	Hermite_Lindemann.Complex_Lexorder
Complex_Lexorder.complex_lex.mono_on	KEPT	Hermite_Lindemann.Complex_Lexorder
Complex_Lexorder.complex_lex.lexordp	KEPT	Hermite_Lindemann.Complex_Lexorder
Complex_Lexorder.complex_lex.greater	KEPT	Hermite_Lindemann.Complex_Lexorder
Complex_Lexorder.complex_lex.atLeast	KEPT	Hermite_Lindemann.Complex_Lexorder
Complex_Lexorder.complex_lex.arg_min	KEPT	Hermite_Lindemann.Complex_Lexorder
Complex_Lexorder.complex_lex.arg_max	KEPT	Hermite_Lindemann.Complex_Lexorder
Complex.sgn_complex_inst.sgn_complex	inst_infix	HOL.Complex
Complex.one_complex_inst.one_complex	inst_infix	HOL.Complex
Complex.abs_complex_inst.abs_complex	inst_infix	HOL.Complex
Complete_Partial_Order2.lfp.fixp_fun	KEPT	HOL-Library.Complete_Partial_Order2
Complete_Partial_Order2.gfp.fixp_fun	KEPT	HOL-Library.Complete_Partial_Order2
Complete_Partial_Order2.ccpo.compact	KEPT	HOL-Library.Complete_Partial_Order2
Complete_Partial_Order.ccpo.iterates	class_variant	HOL.Complete_Partial_Order
Complete_Measure.measurable_envelope	KEPT	HOL-Analysis.Complete_Measure
Comparator.comparator.Abs_comparator	abs_rep_name	HOL-Library.Comparator
Commutative_Ring_Complete.isnorm_rel	concealed	HOL-Decision_Procs.Commutative_Ring_Complete
Commutative_Ring_Complete.isnorm_dom	infra_theory	HOL-Decision_Procs.Commutative_Ring_Complete
Commutative_Ring.polex.min_alg_polex	concealed	HOL-Decision_Procs.Commutative_Ring
Commutative_Ring.mk_monpol_list_sumC	infra_theory	HOL-Decision_Procs.Commutative_Ring
Commutative_Ring.cring.Imon_pol_list	infra_theory	HOL-Decision_Procs.Commutative_Ring
Coinductive_List.llist_lift.fixp_fun	KEPT	Coinductive.Coinductive_List
Coinductive_List.llist.recover_llist	concealed	Coinductive.Coinductive_List
Code_Test.xml_tree.str_init_xml_tree	concealed	HOL-Library.Code_Test
Code_Test.xml_tree.ctor_rec_xml_tree	concealed	HOL-Library.Code_Test
Code_Numeral.natural.rec_set_natural	concealed	HOL.Code_Numeral
Cauchy_Integral_Theorem.linked_paths	KEPT	HOL-Complex_Analysis.Cauchy_Integral_Theorem
Cauchy_Index_Theorem.jumpF_pathstart	KEPT	Winding_Number_Eval.Cauchy_Index_Theorem
Case_Converter.missing_pattern_match	KEPT	HOL-Library.Case_Converter
Card_Number_Partitions.Partition_rel	concealed	Card_Number_Partitions.Card_Number_Partitions
Card_Number_Partitions.Partition_dom	KEPT	Card_Number_Partitions.Card_Number_Partitions
Bounded_Linear_Operator.blinop_apply	KEPT	Ordinary_Differential_Equations.Bounded_Linear_Operator
Bounded_Continuous_Function.bcontfun	KEPT	HOL-Analysis.Bounded_Continuous_Function
Bit_Operations.fold2_bit_int.F_graph	concealed	HOL.Bit_Operations
BNF_Wellorder_Relation.wo_rel.underS	KEPT	HOL.BNF_Wellorder_Relation
BNF_Wellorder_Relation.wo_rel.adm_wo	KEPT	HOL.BNF_Wellorder_Relation
BNF_Wellorder_Relation.wo_rel.aboveS	KEPT	HOL.BNF_Wellorder_Relation
BNF_Wellorder_Relation.wo_rel.UnderS	KEPT	HOL.BNF_Wellorder_Relation
BNF_Wellorder_Relation.wo_rel.AboveS	KEPT	HOL.BNF_Wellorder_Relation
BNF_Wellorder_Constructions.ordLess2	KEPT	HOL.BNF_Wellorder_Constructions
BNF_Wellorder_Constructions.Func_map	KEPT	HOL.BNF_Wellorder_Constructions
BNF_Cardinal_Order_Relation.relChain	internal_prefix	HOL.BNF_Cardinal_Order_Relation
BNF_Cardinal_Order_Relation.card_suc	internal_prefix	HOL.BNF_Cardinal_Order_Relation
Approximation_Bounds.ub_ln_lb_ln_rel	concealed	HOL-Decision_Procs.Approximation_Bounds
Approximation_Bounds.ub_ln_lb_ln_dom	infra_theory	HOL-Decision_Procs.Approximation_Bounds
Approximation.approx_tse_form'_graph	concealed	HOL-Decision_Procs.Approximation
Approximation.approx_tse_concl_graph	concealed	HOL-Decision_Procs.Approximation
Approximation.approx_form_eval_graph	concealed	HOL-Decision_Procs.Approximation
Approximation.DERIV_floatarith_graph	concealed	HOL-Decision_Procs.Approximation
Algebraic_Numbers_Prelim.poly_uminus	KEPT	Algebraic_Numbers.Algebraic_Numbers_Prelim
Algebraic_Numbers_Prelim.cf_pos_poly	KEPT	Algebraic_Numbers.Algebraic_Numbers_Prelim
Abstract_Topology_2.retract_of_space	KEPT	HOL-Analysis.Abstract_Topology_2
Abstract_Topology_2.path_connectedin	KEPT	HOL-Analysis.Abstract_Topology_2
Abstract_Topology.homeomorphic_space	KEPT	HOL-Analysis.Abstract_Topology
Abstract_Topological_Spaces.t0_space	KEPT	HOL-Analysis.Abstract_Topological_Spaces
Abstract_Topological_Spaces.kc_space	KEPT	HOL-Analysis.Abstract_Topological_Spaces
Abstract_Metric_Spaces.metric.metric	KEPT	HOL-Analysis.Abstract_Metric_Spaces
Abstract_Metric_Spaces.capped_metric	KEPT	HOL-Analysis.Abstract_Metric_Spaces
Abstract_Metric_Spaces.Met_TC.mcball	KEPT	HOL-Analysis.Abstract_Metric_Spaces
Word.typerep_word_inst.typerep_word	inst_infix	HOL-Library.Word
Word.term_of_word_inst.term_of_word	inst_infix	HOL-Library.Word
Winding_Numbers.winding_number_prop	KEPT	HOL-Complex_Analysis.Winding_Numbers
While_Combinator.rtrancl_while_test	KEPT	HOL-Library.While_Combinator
While_Combinator.rtrancl_while_step	KEPT	HOL-Library.While_Combinator
Weak_Convergence.cdf_distribution.C	KEPT	HOL-Probability.Weak_Convergence
Unique_Factorization_Poly.inv_embed	KEPT	Berlekamp_Zassenhaus.Unique_Factorization_Poly
Unique_Factorization.idom_gcd_class	class_pred	Berlekamp_Zassenhaus.Unique_Factorization
Unique_Factorization.dvd_class.ddvd	KEPT	Berlekamp_Zassenhaus.Unique_Factorization
Unique_Factorization.class.idom_gcd	class_infix	Berlekamp_Zassenhaus.Unique_Factorization
Tree.typerep_tree_inst.typerep_tree	inst_infix	HOL-Library.Tree
Tree.term_of_tree_inst.term_of_tree	inst_infix	HOL-Library.Tree
Transfer_Cayley_Hamilton.Rel_sq_mat	KEPT	Lie_Groups.Transfer_Cayley_Hamilton
Transcendental.ln_real_inst.ln_real	inst_infix	HOL.Transcendental
Topological_Spaces.uniformity_class	class_pred	HOL.Topological_Spaces
Tarski_Neutral_2D.Tarski_neutral_2D	KEPT	IsaGeoCoq.Tarski_Neutral_2D
Tarski.tarski_absolute_space_axioms	KEPT	Tarskis_Geometry.Tarski
Tagged_Division.interval_upperbound	KEPT	HOL-Analysis.Tagged_Division
Tagged_Division.interval_lowerbound	KEPT	HOL-Analysis.Tagged_Division
Symmetric_Polynomials.sym_mpoly_aux	KEPT	Symmetric_Polynomials.Symmetric_Polynomials
Symmetric_Polynomials.monom_less_on	KEPT	Symmetric_Polynomials.Symmetric_Polynomials
Sum_Type.random_sum_inst.random_sum	inst_infix	HOL.Sum_Type
Sublist.suffix_order.strict_mono_on	KEPT	HOL-Library.Sublist
Sublist.subseq_order.strict_mono_on	KEPT	HOL-Library.Sublist
Sublist.sublist_order.bdd_below.bdd	KEPT	HOL-Library.Sublist
Sublist.sublist_order.bdd_above.bdd	KEPT	HOL-Library.Sublist
Sublist.sublist_order.atLeastAtMost	KEPT	HOL-Library.Sublist
Sublist.prefix_order.strict_mono_on	KEPT	HOL-Library.Sublist
Sublist.longest_common_prefix_graph	concealed	HOL-Library.Sublist
Sturm_Multiple_Roots.smods_ext_sumC	KEPT	Budan_Fourier.Sturm_Multiple_Roots
String.enum_char_inst.enum_all_char	inst_infix	HOL.String
Square_Matrix.sq_matrix.independent	KEPT	Cayley_Hamilton.Square_Matrix
Square_Integrable.square_integrable	KEPT	Fourier.Square_Integrable
Square_Free_Factorization.separable	KEPT	Polynomial_Factorization.Square_Free_Factorization
Signed_Division.signed_modulo_class	class_pred	HOL-Library.Signed_Division
Signed_Division.signed_divide_class	class_pred	HOL-Library.Signed_Division
Sigma_Algebra.sets.restricted_space	KEPT	HOL-Analysis.Sigma_Algebra
Set_Interval.fold_atLeastAtMost_nat	KEPT	HOL.Set_Interval
Set_Integral.complex_set_integrable	KEPT	HOL-Analysis.Set_Integral
Set_Algebras.zero_set_inst.zero_set	inst_infix	HOL-Library.Set_Algebras
Set_Algebras.plus_set_inst.plus_set	inst_infix	HOL-Library.Set_Algebras
Saturated.enum_sat_inst.enum_ex_sat	inst_infix	HOL-Library.Saturated
Rref.reduced_row_echelon_form_upt_k	KEPT	Gauss_Jordan.Rref
Rings.unit_factor_class.unit_factor	KEPT	HOL.Rings
Rings.semiring_modulo_trivial_class	class_pred	HOL.Rings
Rings.ring_1_no_zero_divisors_class	class_pred	HOL.Rings
Rings.ordered_semiring_strict_class	class_pred	HOL.Rings
Rings.ordered_cancel_semiring_class	class_pred	HOL.Rings
Rings.class.semiring_modulo_trivial	class_infix	HOL.Rings
Rings.class.ring_1_no_zero_divisors	class_infix	HOL.Rings
Rings.class.ordered_semiring_strict	class_infix	HOL.Rings
Rings.class.ordered_semiring_axioms	class_infix	HOL.Rings
Rings.class.ordered_ring_abs_axioms	class_infix	HOL.Rings
Rings.class.ordered_cancel_semiring	class_infix	HOL.Rings
Ring_Hom_Poly.map_poly_inj_zero_hom	KEPT	Polynomial_Interpolation.Ring_Hom_Poly
Ring_Hom_Poly.map_poly_inj_idom_hom	KEPT	Polynomial_Interpolation.Ring_Hom_Poly
Reflective_Field.pexpr2.size_pexpr2	infra_theory	HOL-Decision_Procs.Reflective_Field
Reflective_Field.pexpr2.dtor_pexpr2	concealed	HOL-Decision_Procs.Reflective_Field
Reflective_Field.pexpr2.ctor_pexpr2	concealed	HOL-Decision_Procs.Reflective_Field
Reflective_Field.pexpr2.case_pexpr2	KEPT	HOL-Decision_Procs.Reflective_Field
Reflective_Field.pexpr1.size_pexpr1	infra_theory	HOL-Decision_Procs.Reflective_Field
Reflective_Field.pexpr1.dtor_pexpr1	concealed	HOL-Decision_Procs.Reflective_Field
Reflective_Field.pexpr1.ctor_pexpr1	concealed	HOL-Decision_Procs.Reflective_Field
Reflective_Field.pexpr1.case_pexpr1	KEPT	HOL-Decision_Procs.Reflective_Field
Reflective_Field.field_class.nth_el	infra_theory	HOL-Decision_Procs.Reflective_Field
Reflective_Field.field.nth_el_graph	concealed	HOL-Decision_Procs.Reflective_Field
Record.random_aux_tuple_isomorphism	concealed	HOL.Record
Real_Vector_Spaces.real_vector.span	KEPT	HOL.Real_Vector_Spaces
Real_Vector_Spaces.real_field_class	class_pred	HOL.Real_Vector_Spaces
Real_Vector_Spaces.class.real_field	class_infix	HOL.Real_Vector_Spaces
Real_Vector_Spaces.bounded_bilinear	KEPT	HOL.Real_Vector_Spaces
Real.typerep_real_inst.typerep_real	inst_infix	HOL.Real
Real.term_of_real_inst.term_of_real	inst_infix	HOL.Real
Real.inverse_real_inst.inverse_real	inst_infix	HOL.Real
Reachability_Analysis.sctn.wit_sctn	adt_record	Ordinary_Differential_Equations.Reachability_Analysis
Reachability_Analysis.sctn.set_sctn	KEPT	Ordinary_Differential_Equations.Reachability_Analysis
Reachability_Analysis.sctn.rel_sctn	KEPT	Ordinary_Differential_Equations.Reachability_Analysis
Reachability_Analysis.sctn.rec_sctn	KEPT	Ordinary_Differential_Equations.Reachability_Analysis
Reachability_Analysis.sctn.mor_sctn	concealed	Ordinary_Differential_Equations.Reachability_Analysis
Reachability_Analysis.sctn.map_sctn	KEPT	Ordinary_Differential_Equations.Reachability_Analysis
Reachability_Analysis.sctn.alg_sctn	concealed	Ordinary_Differential_Equations.Reachability_Analysis
Reachability_Analysis.sctn.Rep_sctn	concealed	Ordinary_Differential_Equations.Reachability_Analysis
Reachability_Analysis.sctn.Abs_sctn	concealed	Ordinary_Differential_Equations.Reachability_Analysis
RatFPS.zero_ratfps_inst.zero_ratfps	inst_infix	Linear_Recurrences.RatFPS
RatFPS.plus_ratfps_inst.plus_ratfps	inst_infix	Linear_Recurrences.RatFPS
Random_Sequence.pos_not_random_dseq	KEPT	HOL.Random_Sequence
Random_Sequence.neg_not_random_dseq	KEPT	HOL.Random_Sequence
Radon_Nikodym.absolutely_continuous	KEPT	HOL-Analysis.Radon_Nikodym
Quickcheck_Random.valtermify_insert	KEPT	HOL.Quickcheck_Random
Quickcheck_Narrowing.non_empty_sumC	KEPT	HOL.Quickcheck_Narrowing
Quickcheck_Narrowing.ffun.dtor_ffun	concealed	HOL.Quickcheck_Narrowing
Quickcheck_Narrowing.ffun.ctor_ffun	concealed	HOL.Quickcheck_Narrowing
Quickcheck_Narrowing.ffun.case_ffun	KEPT	HOL.Quickcheck_Narrowing
Quickcheck_Narrowing.cfun.dtor_cfun	concealed	HOL.Quickcheck_Narrowing
Quickcheck_Narrowing.cfun.ctor_cfun	concealed	HOL.Quickcheck_Narrowing
Quickcheck_Narrowing.cfun.case_cfun	KEPT	HOL.Quickcheck_Narrowing
Quickcheck_Exhaustive.unknown.Known	KEPT	HOL.Quickcheck_Exhaustive
Quickcheck_Exhaustive.term_emptyset	hidden	HOL.Quickcheck_Exhaustive
Projective_Family.projective_family	KEPT	HOL-Probability.Projective_Family
Projective_Family.Ionescu_Tulcea.eP	KEPT	HOL-Probability.Projective_Family
Projective_Family.Ionescu_Tulcea.CI	KEPT	HOL-Probability.Projective_Family
Product_Type.top_unit_inst.top_unit	inst_infix	HOL.Product_Type
Product_Type.sup_unit_inst.sup_unit	inst_infix	HOL.Product_Type
Product_Type.inf_unit_inst.inf_unit	inst_infix	HOL.Product_Type
Product_Type.bot_unit_inst.bot_unit	inst_infix	HOL.Product_Type
Product_Type.Sup_unit_inst.Sup_unit	inst_infix	HOL.Product_Type
Product_Type.Inf_unit_inst.Inf_unit	inst_infix	HOL.Product_Type
Probability_Measure.prob_space.prob	KEPT	HOL-Probability.Probability_Measure
Probability_Measure.pair_prob_space	KEPT	HOL-Probability.Probability_Measure
Probability_Mass_Function.embed_pmf	KEPT	HOL-Probability.Probability_Mass_Function
Primes.typerep_gf2_inst.typerep_gf2	inst_infix	HOL-Computational_Algebra.Primes
Primes.term_of_gf2_inst.term_of_gf2	inst_infix	HOL-Computational_Algebra.Primes
Primes.inverse_gf2_inst.inverse_gf2	inst_infix	HOL-Computational_Algebra.Primes
Prime_Factorization.next_candidates	KEPT	Polynomial_Factorization.Prime_Factorization
Preorder.preorder_equiv_class.equiv	KEPT	HOL-Library.Preorder
Pratt_Certificate.pratt_tree_number	KEPT	Pratt_Certificate.Pratt_Certificate
Polynomial.zero_poly_inst.zero_poly	inst_infix	HOL-Computational_Algebra.Polynomial
Polynomial.pseudo_mod_main_list_rel	concealed	HOL-Computational_Algebra.Polynomial
Polynomial.pseudo_mod_main_list_dom	KEPT	HOL-Computational_Algebra.Polynomial
Polynomial.pseudo_divmod_main_graph	concealed	HOL-Computational_Algebra.Polynomial
Polynomial.plus_poly_inst.plus_poly	inst_infix	HOL-Computational_Algebra.Polynomial
Polynomial.pderiv_coeffs_code_graph	concealed	HOL-Computational_Algebra.Polynomial
Polynomial.minus_poly_rev_list_sumC	KEPT	HOL-Computational_Algebra.Polynomial
Perm.typerep_perm_inst.typerep_perm	inst_infix	HOL-Combinatorics.Perm
Perm.term_of_perm_inst.term_of_perm	inst_infix	HOL-Combinatorics.Perm
Perm.inverse_perm_inst.inverse_perm	inst_infix	HOL-Combinatorics.Perm
Pell_Algorithm.efficient_power_sumC	KEPT	Pell.Pell_Algorithm
Pell_Algorithm.efficient_pell_power	KEPT	Pell.Pell_Algorithm
Partial_Function.tailrec.admissible	KEPT	HOL.Partial_Function
Parity.class.semiring_parity_axioms	class_infix	HOL.Parity
Parametric_Ferrante_Rackoff.tmsubst	infra_theory	HOL-Decision_Procs.Parametric_Ferrante_Rackoff
Parametric_Ferrante_Rackoff.tmbound	infra_theory	HOL-Decision_Procs.Parametric_Ferrante_Rackoff
Parametric_Ferrante_Rackoff.simpneq	infra_theory	HOL-Decision_Procs.Parametric_Ferrante_Rackoff
Parametric_Ferrante_Rackoff.removen	infra_theory	HOL-Decision_Procs.Parametric_Ferrante_Rackoff
Parametric_Ferrante_Rackoff.plusinf	infra_theory	HOL-Decision_Procs.Parametric_Ferrante_Rackoff
Parametric_Ferrante_Rackoff.not_rel	concealed	HOL-Decision_Procs.Parametric_Ferrante_Rackoff
Parametric_Ferrante_Rackoff.not_dom	infra_theory	HOL-Decision_Procs.Parametric_Ferrante_Rackoff
Parametric_Ferrante_Rackoff.msubst2	infra_theory	HOL-Decision_Procs.Parametric_Ferrante_Rackoff
Parametric_Ferrante_Rackoff.incrtm0	infra_theory	HOL-Decision_Procs.Parametric_Ferrante_Rackoff
Parametric_Ferrante_Rackoff.ferrack	infra_theory	HOL-Decision_Procs.Parametric_Ferrante_Rackoff
Parametric_Ferrante_Rackoff.evaldjf	infra_theory	HOL-Decision_Procs.Parametric_Ferrante_Rackoff
Parametric_Ferrante_Rackoff.decrtm0	infra_theory	HOL-Decision_Procs.Parametric_Ferrante_Rackoff
PMF_Impl.random_pmf_inst.random_pmf	inst_infix	HOL-Probability.PMF_Impl
Order.weak_partial_order_top_axioms	KEPT	HOL-Algebra.Order
Option.size_option_inst.size_option	inst_infix	HOL.Option
Numeral_Type.one_num1_inst.one_num1	inst_infix	HOL-Library.Numeral_Type
Numeral_Type.one_bit1_inst.one_bit1	inst_infix	HOL-Library.Numeral_Type
Numeral_Type.one_bit0_inst.one_bit0	inst_infix	HOL-Library.Numeral_Type
Nitpick.pre_word.word.pred_pre_word	concealed	HOL.Nitpick
Nitpick.pair_box.ctor_fold_pair_box	concealed	HOL.Nitpick
Nat_Bijection.prod_decode_aux_graph	concealed	HOL-Library.Nat_Bijection
Multiset.subset_mset.strict_mono_on	KEPT	HOL-Library.Multiset
Multiset.comm_monoid_mult.prod_mset	class_variant	HOL-Library.Multiset
Multiseries_Expansion.uminus_ms_aux	KEPT	HOL-Real_Asymp.Multiseries_Expansion
Multiseries_Expansion.times_ms_sumC	KEPT	HOL-Real_Asymp.Multiseries_Expansion
Multiseries_Expansion.scale_ms_aux'	KEPT	HOL-Real_Asymp.Multiseries_Expansion
Multiseries_Expansion.random_aux_ms	concealed	HOL-Real_Asymp.Multiseries_Expansion
Multiseries_Expansion.powser_ms_aux	KEPT	HOL-Real_Asymp.Multiseries_Expansion
Multiseries_Expansion.plus_ms_graph	concealed	HOL-Real_Asymp.Multiseries_Expansion
Multiseries_Expansion.mslmap.v2.rho	KEPT	HOL-Real_Asymp.Multiseries_Expansion
Multiseries_Expansion.ms_aux_hd_exp	KEPT	HOL-Real_Asymp.Multiseries_Expansion
Multiseries_Expansion.ms.min_alg_ms	concealed	HOL-Real_Asymp.Multiseries_Expansion
Multiseries_Expansion.inverse_monom	KEPT	HOL-Real_Asymp.Multiseries_Expansion
Multiseries_Expansion.divide_ms_rel	concealed	HOL-Real_Asymp.Multiseries_Expansion
Multiseries_Expansion.divide_ms_dom	KEPT	HOL-Real_Asymp.Multiseries_Expansion
Multiseries_Expansion.compare_lists	KEPT	HOL-Real_Asymp.Multiseries_Expansion
Multiseries_Expansion.arctan_ms_aux	KEPT	HOL-Real_Asymp.Multiseries_Expansion
Multiseries_Expansion.arctan_coeffs	KEPT	HOL-Real_Asymp.Multiseries_Expansion
Multiplicative_Characters.character	KEPT	Dirichlet_L.Multiplicative_Characters
More_MPoly_Type.reduce_nested_mpoly	KEPT	Polynomials.More_MPoly_Type
Missing_Unsorted.max_list_non_empty	KEPT	Polynomial_Interpolation.Missing_Unsorted
Missing_Transcendental.periodic_set	KEPT	Winding_Number_Eval.Missing_Transcendental
Missing_List.union_list_sorted_sumC	KEPT	Polynomial_Factorization.Missing_List
Missing_List.is_partition_impl_sumC	hidden	Polynomial_Factorization.Missing_List
Miscellaneous.matrix.representation	KEPT	Rank_Nullity_Theorem.Miscellaneous
Measure_Space.set_almost_everywhere	KEPT	HOL-Analysis.Measure_Space
Measure_Space.finite_measure_axioms	KEPT	HOL-Analysis.Measure_Space
Measure_Space.countably_subadditive	KEPT	HOL-Analysis.Measure_Space
Matrix_To_IArray.mult_column_iarray	KEPT	Gauss_Jordan.Matrix_To_IArray
Matrix.typerep_vec_inst.typerep_vec	inst_infix	Jordan_Normal_Form.Matrix
Matrix.typerep_mat_inst.typerep_mat	inst_infix	Jordan_Normal_Form.Matrix
Matrix.term_of_vec_inst.term_of_vec	inst_infix	Jordan_Normal_Form.Matrix
Matrix.term_of_mat_inst.term_of_mat	inst_infix	Jordan_Normal_Form.Matrix
MPoly_Type.one_mpoly_inst.one_mpoly	inst_infix	Polynomials.MPoly_Type
MIR.num.num_pre_num.Rep_num_pre_num	concealed	HOL-Decision_Procs.MIR
MIR.num.num_pre_num.Abs_num_pre_num	concealed	HOL-Decision_Procs.MIR
Locally.weakly_locally_connected_at	KEPT	HOL-Analysis.Locally
ListVector.plus_list_inst.plus_list	inst_infix	HOL-Library.ListVector
List.typerep_list_inst.typerep_list	inst_infix	HOL.List
List.term_of_list_inst.term_of_list	inst_infix	HOL.List
List.linorder_class.stable_sort_key	KEPT	HOL.List
Linear_Temporal_Logic_on_Streams.ev	KEPT	HOL-Library.Linear_Temporal_Logic_on_Streams
Linear_Temporal_Logic_on_Streams.OR	KEPT	HOL-Library.Linear_Temporal_Logic_on_Streams
Limits.topological_monoid_add_class	class_pred	HOL.Limits
Limits.class.topological_monoid_add	class_infix	HOL.Limits
Lazy_Sequence.small_lazy_list_graph	concealed	HOL.Lazy_Sequence
Lazy_Sequence.list_of_lazy_sequence	KEPT	HOL.Lazy_Sequence
Lazy_Eval.cmp_result.rec_cmp_result	KEPT	HOL-Real_Asymp.Lazy_Eval
Lazy_Eval.cmp_result.mor_cmp_result	concealed	HOL-Real_Asymp.Lazy_Eval
Lazy_Eval.cmp_result.alg_cmp_result	concealed	HOL-Real_Asymp.Lazy_Eval
Lazy_Eval.cmp_result.Rep_cmp_result	concealed	HOL-Real_Asymp.Lazy_Eval
Lazy_Eval.cmp_result.Abs_cmp_result	concealed	HOL-Real_Asymp.Lazy_Eval
Laurent_Convergence.fls_conv_radius	KEPT	HOL-Complex_Analysis.Laurent_Convergence
Lattices.uminus_fun_inst.uminus_fun	KEPT	HOL.Lattices
Lattice_Algebras.lattice_ring_class	class_pred	HOL-Library.Lattice_Algebras
Lattice_Algebras.class.lattice_ring	class_infix	HOL-Library.Lattice_Algebras
Landau_Real_Products.group_primfuns	KEPT	Landau_Symbols.Landau_Real_Products
Landau_Real_Products.BIGTHETA_CONST	KEPT	Landau_Symbols.Landau_Real_Products
Isolated.topological_space.discrete	class_variant	HOL-Analysis.Isolated
Interval_Float.split_float_interval	KEPT	HOL-Library.Interval_Float
Interval_Float.floor_float_interval	KEPT	HOL-Library.Interval_Float
Interval.preorder_class.in_interval	KEPT	HOL-Library.Interval
Initial_Value_Problem.closed_domain	KEPT	Ordinary_Differential_Equations.Initial_Value_Problem
Improper_Integral.equiintegrable_on	KEPT	HOL-Analysis.Improper_Integral
IDirProds.INTEG.R.add.complementary	KEPT	Finitely_Generated_Abelian_Groups.IDirProds
IDirProds.INTEG.P.add.complementary	KEPT	Finitely_Generated_Abelian_Groups.IDirProds
IArray.size_iarray_inst.size_iarray	inst_infix	HOL-Library.IArray
Groups.class.comm_monoid_add_axioms	class_infix	HOL.Groups
Groups.class.cancel_comm_monoid_add	class_infix	HOL.Groups
Groups.cancel_comm_monoid_add_class	class_pred	HOL.Groups
Group_Sort.groupsort.part_aux_graph	concealed	Landau_Symbols.Group_Sort
Group_Sort.groupsort.group_sort_rel	concealed	Landau_Symbols.Group_Sort
Group_Sort.groupsort.group_sort_dom	KEPT	Landau_Symbols.Group_Sort
Group_Sort.groupsort.group_part_aux	KEPT	Landau_Symbols.Group_Sort
Group_On_With.semigroup_add_on_with	KEPT	HOL-Types_To_Sets.Group_On_With
Geo_Real2.real2.neu.upper_dim_axiom	KEPT	MathBench_ProverBase.Geo_Real2
Geo_Real2.real2.neu.QCongANullAcute	KEPT	MathBench_ProverBase.Geo_Real2
Geo_Real2.real2.neu.Perp_bisect_bis	KEPT	MathBench_ProverBase.Geo_Real2
Geo_Real2.real2.neu.IsGravityCenter	KEPT	MathBench_ProverBase.Geo_Real2
Geo_Real2.real2.neu.GradExpInvn_rel	concealed	MathBench_ProverBase.Geo_Real2
Geo_Real2.real2.neu.GradExpInvn_dom	KEPT	MathBench_ProverBase.Geo_Real2
Geo_Real2.real2.neu.DedekindVariant	KEPT	MathBench_ProverBase.Geo_Real2
Generated_Groups.subgroup_generated	KEPT	HOL-Algebra.Generated_Groups
Gauss_Sums.dcharacter.gauss_sum_int	KEPT	Gauss_Sums.Gauss_Sums
Gauss_Jordan_Elimination.mat_addrow	KEPT	Jordan_Normal_Form.Gauss_Jordan_Elimination
Gauss_Jordan_Elimination.addrow_mat	KEPT	Jordan_Normal_Form.Gauss_Jordan_Elimination
GCD.bounded_quasi_semilattice_set.F	KEPT	HOL.GCD
Functional_Spaces.cauchy_in\<^sub>N	KEPT	Lp.Functional_Spaces
Formal_Laurent_Series.fls_subdegree	KEPT	HOL-Computational_Algebra.Formal_Laurent_Series
Flow.c1_on_open_euclidean.flowderiv	KEPT	Ordinary_Differential_Equations.Flow
Flow.auto_ll_on_open.existence_ivl0	KEPT	Ordinary_Differential_Equations.Flow
Finite_Product_Measure.prod_algebra	KEPT	HOL-Analysis.Finite_Product_Measure
Finite_Map.size_fmap_inst.size_fmap	inst_infix	HOL-Library.Finite_Map
Finite_Map.fmap.Finite_Map.wit_fmap	adt_record	HOL-Library.Finite_Map
Finite_Map.experiment21836096.test2	concealed	HOL-Library.Finite_Map
Finite_Map.experiment21836096.test1	concealed	HOL-Library.Finite_Map
Finite_Cartesian_Product.matrix_inv	KEPT	HOL-Analysis.Finite_Cartesian_Product
Finite_Cartesian_Product.map_matrix	KEPT	HOL-Analysis.Finite_Cartesian_Product
Finite_Cartesian_Product.invertible	KEPT	HOL-Analysis.Finite_Cartesian_Product
Finite_Cartesian_Product.axis_index	KEPT	HOL-Analysis.Finite_Cartesian_Product
Fields.inverse_class.inverse_divide	KEPT	HOL.Fields
Field_as_Ring.field_class.mod_field	KEPT	HOL-Computational_Algebra.Field_as_Ring
Field_as_Ring.field.normalize_field	class_variant	HOL-Computational_Algebra.Field_as_Ring
Factorizations.interp_factorization	KEPT	Linear_Recurrences.Factorizations
FSet.typerep_fset_inst.typerep_fset	inst_infix	HOL-Library.FSet
FSet.term_of_fset_inst.term_of_fset	inst_infix	HOL-Library.FSet
Extraction.sumbool.str_init_sumbool	concealed	HOL.Extraction
Extraction.sumbool.ctor_rec_sumbool	concealed	HOL.Extraction
Extended_Real_Limits.order.mono_set	class_variant	HOL-Analysis.Extended_Real_Limits
Extended_Real.ereal.ctor_fold_ereal	concealed	HOL-Library.Extended_Real
Extended_Nonnegative_Real.e2ennreal	KEPT	HOL-Library.Extended_Nonnegative_Real
Extended_Nat.top_enat_inst.top_enat	inst_infix	HOL-Library.Extended_Nat
Extended_Nat.sup_enat_inst.sup_enat	inst_infix	HOL-Library.Extended_Nat
Extended_Nat.one_enat_inst.one_enat	inst_infix	HOL-Library.Extended_Nat
Extended_Nat.inf_enat_inst.inf_enat	inst_infix	HOL-Library.Extended_Nat
Extended_Nat.bot_enat_inst.bot_enat	inst_infix	HOL-Library.Extended_Nat
Extended_Nat.Sup_enat_inst.Sup_enat	inst_infix	HOL-Library.Extended_Nat
Extended_Nat.Inf_enat_inst.Inf_enat	inst_infix	HOL-Library.Extended_Nat
Extended.extended.str_init_extended	concealed	HOL-Library.Extended
Extended.extended.ctor_rec_extended	concealed	HOL-Library.Extended
Eulerian_Polynomials.fps_monom_poly	KEPT	Linear_Recurrences.Eulerian_Polynomials
Euler_MacLaurin.euler_maclaurin_nat	KEPT	Euler_MacLaurin.Euler_MacLaurin
Euler_MacLaurin.euler_maclaurin_int	KEPT	Euler_MacLaurin.Euler_MacLaurin
Euclidean_Algorithm.field_gcd_class	class_pred	HOL-Computational_Algebra.Euclidean_Algorithm
Euclidean_Algorithm.class.field_gcd	class_infix	HOL-Computational_Algebra.Euclidean_Algorithm
Eratosthenes.smallest_prime_between	KEPT	HOL-Number_Theory.Eratosthenes
Enum.top_finite_5_inst.top_finite_5	inst_infix	HOL.Enum
Enum.top_finite_4_inst.top_finite_4	inst_infix	HOL.Enum
Enum.top_finite_3_inst.top_finite_3	inst_infix	HOL.Enum
Enum.top_finite_2_inst.top_finite_2	inst_infix	HOL.Enum
Enum.top_finite_1_inst.top_finite_1	inst_infix	HOL.Enum
Enum.sup_finite_5_inst.sup_finite_5	inst_infix	HOL.Enum
Enum.sup_finite_4_inst.sup_finite_4	inst_infix	HOL.Enum
Enum.sup_finite_3_inst.sup_finite_3	inst_infix	HOL.Enum
Enum.sup_finite_2_inst.sup_finite_2	inst_infix	HOL.Enum
Enum.sup_finite_1_inst.sup_finite_1	inst_infix	HOL.Enum
Enum.sgn_finite_3_inst.sgn_finite_3	inst_infix	HOL.Enum
Enum.sgn_finite_2_inst.sgn_finite_2	inst_infix	HOL.Enum
Enum.sgn_finite_1_inst.sgn_finite_1	inst_infix	HOL.Enum
Enum.one_finite_3_inst.one_finite_3	inst_infix	HOL.Enum
Enum.one_finite_2_inst.one_finite_2	inst_infix	HOL.Enum
Enum.one_finite_1_inst.one_finite_1	inst_infix	HOL.Enum
Enum.inf_finite_5_inst.inf_finite_5	inst_infix	HOL.Enum
Enum.inf_finite_4_inst.inf_finite_4	inst_infix	HOL.Enum
Enum.inf_finite_3_inst.inf_finite_3	inst_infix	HOL.Enum
Enum.inf_finite_2_inst.inf_finite_2	inst_infix	HOL.Enum
Enum.inf_finite_1_inst.inf_finite_1	inst_infix	HOL.Enum
Enum.bot_finite_5_inst.bot_finite_5	inst_infix	HOL.Enum
Enum.bot_finite_4_inst.bot_finite_4	inst_infix	HOL.Enum
Enum.bot_finite_3_inst.bot_finite_3	inst_infix	HOL.Enum
Enum.bot_finite_2_inst.bot_finite_2	inst_infix	HOL.Enum
Enum.bot_finite_1_inst.bot_finite_1	inst_infix	HOL.Enum
Enum.abs_finite_3_inst.abs_finite_3	inst_infix	HOL.Enum
Enum.abs_finite_2_inst.abs_finite_2	inst_infix	HOL.Enum
Enum.abs_finite_1_inst.abs_finite_1	inst_infix	HOL.Enum
Enum.Sup_finite_5_inst.Sup_finite_5	inst_infix	HOL.Enum
Enum.Sup_finite_4_inst.Sup_finite_4	inst_infix	HOL.Enum
Enum.Sup_finite_3_inst.Sup_finite_3	inst_infix	HOL.Enum
Enum.Sup_finite_2_inst.Sup_finite_2	inst_infix	HOL.Enum
Enum.Sup_finite_1_inst.Sup_finite_1	inst_infix	HOL.Enum
Enum.Inf_finite_5_inst.Inf_finite_5	inst_infix	HOL.Enum
Enum.Inf_finite_4_inst.Inf_finite_4	inst_infix	HOL.Enum
Enum.Inf_finite_3_inst.Inf_finite_3	inst_infix	HOL.Enum
Enum.Inf_finite_2_inst.Inf_finite_2	inst_infix	HOL.Enum
Enum.Inf_finite_1_inst.Inf_finite_1	inst_infix	HOL.Enum
Elementary_Topology.countable_basis	KEPT	HOL-Analysis.Elementary_Topology
Elementary_Groups.integer_mod_group	KEPT	HOL-Algebra.Elementary_Groups
Efficient_Discrete_Sqrt.square_test	KEPT	Pell.Efficient_Discrete_Sqrt
Efficient_Discrete_Sqrt.newton_sqrt	KEPT	Pell.Efficient_Discrete_Sqrt
Dual_Order.dual_wellorder.bdd_below	KEPT	Rank_Nullity_Theorem.Dual_Order
Dual_Order.dual_wellorder.bdd_above	KEPT	Rank_Nullity_Theorem.Dual_Order
Discrete_Topology.discrete.discrete	KEPT	HOL-Probability.Discrete_Topology
Dirichlet_Product.dirichlet_inverse	KEPT	Dirichlet_Series.Dirichlet_Product
Diagonal_Subsequence.subseqs.seqseq	KEPT	HOL-Library.Diagonal_Subsequence
Diagonal_Subsequence.subseqs.reduce	KEPT	HOL-Library.Diagonal_Subsequence
Descartes_Sign_Rule.count_pos_roots	KEPT	Descartes_Sign_Rule.Descartes_Sign_Rule
Derangements.count_derangements_rel	concealed	Derangements.Derangements
Derangements.count_derangements_dom	KEPT	Derangements.Derangements
Cooper.typerep_num_inst.typerep_num	infra_theory	HOL-Decision_Procs.Cooper
Cooper.term_of_num_inst.term_of_num	infra_theory	HOL-Decision_Procs.Cooper
Cooper.fm.fm_IITN_fm.Rep_fm_IITN_fm	concealed	HOL-Decision_Procs.Cooper
Cooper.fm.fm_IITN_fm.Abs_fm_IITN_fm	concealed	HOL-Decision_Procs.Cooper
Convex_Euclidean_Space.rel_interior	KEPT	HOL-Analysis.Convex_Euclidean_Space
Contour_Integration.part_circlepath	KEPT	HOL-Complex_Analysis.Contour_Integration
Continued_Fractions.conv_denom_sumC	KEPT	Continued_Fractions.Continued_Fractions
Continued_Fractions.cfrac_remainder	KEPT	Continued_Fractions.Continued_Fractions
Continued_Fractions.cfrac_of_stream	KEPT	Continued_Fractions.Continued_Fractions
Continued_Fractions.cfrac_canonical	KEPT	Continued_Fractions.Continued_Fractions
Continued_Fractions.cfrac.rec_cfrac	KEPT	Continued_Fractions.Continued_Fractions
Continued_Fractions.cfrac.mor_cfrac	concealed	Continued_Fractions.Continued_Fractions
Continued_Fractions.cfrac.alg_cfrac	concealed	Continued_Fractions.Continued_Fractions
Continued_Fractions.cfrac.Rep_cfrac	concealed	Continued_Fractions.Continued_Fractions
Continued_Fractions.cfrac.Abs_cfrac	concealed	Continued_Fractions.Continued_Fractions
Conjugate.conjugate_class.conjugate	KEPT	Jordan_Normal_Form.Conjugate
Cong.unique_euclidean_semiring.cong	class_variant	HOL-Number_Theory.Cong
Conditional_Parametricity.Rel_match	KEPT	HOL-Library.Conditional_Parametricity
Conditional_Expectation.nn_cond_exp	KEPT	HOL-Probability.Conditional_Expectation
Complex_Transcendental.complex_cone	KEPT	HOL-Analysis.Complex_Transcendental
Complex_Singularities.not_essential	KEPT	HOL-Complex_Analysis.Complex_Singularities
Complex_Singularities.isolated_zero	KEPT	HOL-Complex_Analysis.Complex_Singularities
Complex_Lexorder.complex_lex.sorted	KEPT	Hermite_Lindemann.Complex_Lexorder
Complex_Lexorder.complex_lex.insort	KEPT	Hermite_Lindemann.Complex_Lexorder
Complex_Lexorder.complex_lex.atMost	KEPT	Hermite_Lindemann.Complex_Lexorder
Complex_Analysis_Basics.analytic_on	KEPT	HOL-Analysis.Complex_Analysis_Basics
Complex.complex.dtor_unfold_complex	concealed	HOL.Complex
Complete_Partial_Order2.lfp.lub_fun	KEPT	HOL-Library.Complete_Partial_Order2
Complete_Partial_Order2.gfp.lub_fun	KEPT	HOL-Library.Complete_Partial_Order2
Complete_Measure.semifinite_measure	KEPT	HOL-Analysis.Complete_Measure
Comparator.size_comp_inst.size_comp	inst_infix	HOL-Library.Comparator
Commutative_Ring.mk_monpol_list_rel	concealed	HOL-Decision_Procs.Commutative_Ring
Commutative_Ring.mk_monpol_list_dom	infra_theory	HOL-Decision_Procs.Commutative_Ring
Commutative_Ring.cring_class.Ipolex	infra_theory	HOL-Decision_Procs.Commutative_Ring
Column_Operations.swap_row_to_front	KEPT	Jordan_Normal_Form.Column_Operations
Column_Operations.swap_col_to_front	KEPT	Jordan_Normal_Form.Column_Operations
Coinductive_List.llist_lift.lub_fun	KEPT	Coinductive.Coinductive_List
Coinductive_List.llist.isNode_llist	concealed	Coinductive.Coinductive_List
Code_Test.xml_tree.min_alg_xml_tree	concealed	HOL-Library.Code_Test
Code_Numeral.natural.natural_of_nat	KEPT	HOL.Code_Numeral
Code_Numeral.natural.nat_of_natural	KEPT	HOL.Code_Numeral
Code_Numeral.integer.integer_of_int	KEPT	HOL.Code_Numeral
Code_Numeral.integer.int_of_integer	KEPT	HOL.Code_Numeral
Code_Evaluation.term.ctor_fold_term	concealed	HOL.Code_Evaluation
Chebyshev_Polynomials.cheb_eval_aux	KEPT	Chebyshev_Polynomials.Chebyshev_Polynomials
Char_ord.ord_char_inst.less_eq_char	inst_infix	HOL-Library.Char_ord
Catalan_Numbers.tree.ctor_fold_tree	concealed	Catalan_Numbers.Catalan_Numbers
Bounded_Linear_Function.snd_blinfun	KEPT	HOL-Analysis.Bounded_Linear_Function
Bounded_Linear_Function.pcr_blinfun	KEPT	HOL-Analysis.Bounded_Linear_Function
Bounded_Linear_Function.fst_blinfun	KEPT	HOL-Analysis.Bounded_Linear_Function
Borel_Space.topological_space.borel	class_variant	HOL-Analysis.Borel_Space
Bit_Operations.or_not_num_neg_graph	concealed	HOL.Bit_Operations
Bit_Operations.fold2_bit_int.F_sumC	KEPT	HOL.Bit_Operations
Binary_Product_Measure.pair_measure	KEPT	HOL-Analysis.Binary_Product_Measure
Bell_Numbers.construct_partition_on	KEPT	Bell_Numbers_Spivey.Bell_Numbers
BNF_Wellorder_Relation.wo_rel.worec	KEPT	HOL.BNF_Wellorder_Relation
BNF_Wellorder_Relation.wo_rel.under	KEPT	HOL.BNF_Wellorder_Relation
BNF_Wellorder_Relation.wo_rel.minim	KEPT	HOL.BNF_Wellorder_Relation
BNF_Wellorder_Relation.wo_rel.above	KEPT	HOL.BNF_Wellorder_Relation
BNF_Wellorder_Relation.wo_rel.Under	KEPT	HOL.BNF_Wellorder_Relation
BNF_Wellorder_Relation.wo_rel.Above	KEPT	HOL.BNF_Wellorder_Relation
BNF_Wellorder_Constructions.ordLess	KEPT	HOL.BNF_Wellorder_Constructions
BNF_Wellorder_Constructions.ordLeq3	KEPT	HOL.BNF_Wellorder_Constructions
BNF_Wellorder_Constructions.ordLeq2	KEPT	HOL.BNF_Wellorder_Constructions
BNF_Wellorder_Constructions.ordIso2	KEPT	HOL.BNF_Wellorder_Constructions
BNF_Cardinal_Order_Relation.natLess	internal_prefix	HOL.BNF_Cardinal_Order_Relation
BNF_Cardinal_Order_Relation.cofinal	internal_prefix	HOL.BNF_Cardinal_Order_Relation
BNF_Cardinal_Order_Relation.card_of	internal_prefix	HOL.BNF_Cardinal_Order_Relation
BNF_Cardinal_Order_Relation.cardSuc	internal_prefix	HOL.BNF_Cardinal_Order_Relation
Approximation_Bounds.ub_sin_cos_aux	infra_theory	HOL-Decision_Procs.Approximation_Bounds
Approximation_Bounds.sqrt_iteration	infra_theory	HOL-Decision_Procs.Approximation_Bounds
Approximation_Bounds.lb_sin_cos_aux	infra_theory	HOL-Decision_Procs.Approximation_Bounds
Approximation.random_aux_floatarith	concealed	HOL-Decision_Procs.Approximation
Approximation.approx_tse_form'_sumC	infra_theory	HOL-Decision_Procs.Approximation
Approximation.approx_tse_concl_sumC	infra_theory	HOL-Decision_Procs.Approximation
Approximation.approx_form_eval_sumC	infra_theory	HOL-Decision_Procs.Approximation
Approximation.DERIV_floatarith_sumC	infra_theory	HOL-Decision_Procs.Approximation
Algebraic_Numbers_Prelim.represents	KEPT	Algebraic_Numbers.Algebraic_Numbers_Prelim
Abstract_Topology.topology.topology	KEPT	HOL-Analysis.Abstract_Topology
Abstract_Topology.pullback_topology	KEPT	HOL-Analysis.Abstract_Topology
Abstract_Topology.locally_finite_in	KEPT	HOL-Analysis.Abstract_Topology
Abstract_Topology.homeomorphic_maps	KEPT	HOL-Analysis.Abstract_Topology
Abstract_Topology.discrete_topology	KEPT	HOL-Analysis.Abstract_Topology
Abstract_Topological_Spaces.k_space	KEPT	HOL-Analysis.Abstract_Topological_Spaces
Abstract_Metric_Spaces.mtopology_of	KEPT	HOL-Analysis.Abstract_Metric_Spaces
Abstract_Metric_Spaces.mcomplete_of	KEPT	HOL-Analysis.Abstract_Metric_Spaces
Abstract_Metric_Spaces.Metric_space	KEPT	HOL-Analysis.Abstract_Metric_Spaces
Abstract_Metric_Spaces.Met_TC.mopen	KEPT	HOL-Analysis.Abstract_Metric_Spaces
Abstract_Metric_Spaces.Met_TC.mball	KEPT	HOL-Analysis.Abstract_Metric_Spaces
typerep_itself_inst.typerep_itself	inst_infix	Tools.Code_Generator
term_of_itself_inst.term_of_itself	inst_infix	Tools.Code_Generator
Word.signed.sorted_key_list_of_set	KEPT	HOL-Library.Word
Vector_Derivative_On.has_vderiv_on	KEPT	Ordinary_Differential_Equations.Vector_Derivative_On
Uprod.equal_uprod_inst.equal_uprod	inst_infix	HOL-Library.Uprod
Unique_Factorization.gcd_condition	KEPT	Berlekamp_Zassenhaus.Unique_Factorization
Transfer_Cayley_Hamilton.smult_mat	KEPT	Lie_Groups.Transfer_Cayley_Hamilton
Transfer_Cayley_Hamilton.rel_sm_vv	KEPT	Lie_Groups.Transfer_Cayley_Hamilton
Transfer_Cayley_Hamilton.power_mat	KEPT	Lie_Groups.Transfer_Cayley_Hamilton
Transfer_Cayley_Hamilton.minor_mat	KEPT	Lie_Groups.Transfer_Cayley_Hamilton
Topological_Spaces.open_class.open	KEPT	HOL.Topological_Spaces
Time_Functions.T_size_class.T_size	KEPT	HOL-Library.Time_Functions
Tagged_Division.tagged_division_of	KEPT	HOL-Analysis.Tagged_Division
Symmetric_Polynomials.monom_of_set	KEPT	Symmetric_Polynomials.Symmetric_Polynomials
Sublist.suffix_order.bdd_below.bdd	KEPT	HOL-Library.Sublist
Sublist.suffix_order.bdd_above.bdd	KEPT	HOL-Library.Sublist
Sublist.suffix_order.atLeastAtMost	KEPT	HOL-Library.Sublist
Sublist.subseq_order.bdd_below.bdd	KEPT	HOL-Library.Sublist
Sublist.subseq_order.bdd_above.bdd	KEPT	HOL-Library.Sublist
Sublist.subseq_order.atLeastAtMost	KEPT	HOL-Library.Sublist
Sublist.prefix_order.bdd_below.bdd	KEPT	HOL-Library.Sublist
Sublist.prefix_order.bdd_above.bdd	KEPT	HOL-Library.Sublist
Sublist.prefix_order.atLeastAtMost	KEPT	HOL-Library.Sublist
Sublist.longest_common_prefix_sumC	KEPT	HOL-Library.Sublist
Sturm_Theorem.sign_changes_neg_inf	KEPT	Sturm_Sequences.Sturm_Theorem
Sturm_Multiple_Roots.smods_ext_rel	concealed	Budan_Fourier.Sturm_Multiple_Roots
Sturm_Multiple_Roots.smods_ext_dom	KEPT	Budan_Fourier.Sturm_Multiple_Roots
String.pre_char.char.pred_pre_char	concealed	HOL.String
String.enum_char_inst.enum_ex_char	inst_infix	HOL.String
Stopping_Time.filtration.pre_sigma	KEPT	HOL-Probability.Stopping_Time
Sigma_Algebra.sigma_algebra_axioms	KEPT	HOL-Analysis.Sigma_Algebra
Sigma_Algebra.Dynkin_system_axioms	KEPT	HOL-Analysis.Sigma_Algebra
Set_Interval.ord_class.greaterThan	KEPT	HOL.Set_Interval
Set_Interval.ord.greaterThanAtMost	class_variant	HOL.Set_Interval
Set_Integral.set_lebesgue_integral	KEPT	HOL-Analysis.Set_Integral
Saturated.times_sat_inst.times_sat	inst_infix	HOL-Library.Saturated
Saturated.ord_sat_inst.less_eq_sat	inst_infix	HOL-Library.Saturated
Saturated.minus_sat_inst.minus_sat	inst_infix	HOL-Library.Saturated
Saturated.equal_sat_inst.equal_sat	inst_infix	HOL-Library.Saturated
Rings.linordered_ring_strict_class	class_pred	HOL.Rings
Rings.comm_semiring_1_cancel_class	class_pred	HOL.Rings
Rings.comm_semiring_0_cancel_class	class_pred	HOL.Rings
Rings.class.semiring_modulo_axioms	class_infix	HOL.Rings
Rings.class.linordered_ring_strict	class_infix	HOL.Rings
Rings.class.linordered_idom_axioms	class_infix	HOL.Rings
Rings.class.comm_semiring_1_cancel	class_infix	HOL.Rings
Rings.class.comm_semiring_0_cancel	class_infix	HOL.Rings
Resultant_Prelim.sylvester_mat_sub	KEPT	Subresultants.Resultant_Prelim
Residue_Primitive_Roots.Carmichael	KEPT	HOL-Number_Theory.Residue_Primitive_Roots
Reflective_Field.random_aux_pexpr2	concealed	HOL-Decision_Procs.Reflective_Field
Reflective_Field.random_aux_pexpr1	concealed	HOL-Decision_Procs.Reflective_Field
Reflective_Field.pexpr2.rec_pexpr2	KEPT	HOL-Decision_Procs.Reflective_Field
Reflective_Field.pexpr2.Rep_pexpr2	concealed	HOL-Decision_Procs.Reflective_Field
Reflective_Field.pexpr2.Abs_pexpr2	concealed	HOL-Decision_Procs.Reflective_Field
Reflective_Field.pexpr1.rec_pexpr1	KEPT	HOL-Decision_Procs.Reflective_Field
Reflective_Field.pexpr1.Rep_pexpr1	concealed	HOL-Decision_Procs.Reflective_Field
Reflective_Field.pexpr1.Abs_pexpr1	concealed	HOL-Decision_Procs.Reflective_Field
Reflective_Field.field_class.peval	infra_theory	HOL-Decision_Procs.Reflective_Field
Reflective_Field.field_class.feval	infra_theory	HOL-Decision_Procs.Reflective_Field
Reflective_Field.field.peval_graph	concealed	HOL-Decision_Procs.Reflective_Field
Reflective_Field.field.nth_el_sumC	infra_theory	HOL-Decision_Procs.Reflective_Field
Real_Vector_Spaces.real_vector.dim	KEPT	HOL.Real_Vector_Spaces
Real_Vector_Spaces.norm_class.norm	KEPT	HOL.Real_Vector_Spaces
Real_Vector_Spaces.dist_norm_class	class_pred	HOL.Real_Vector_Spaces
Real_Vector_Spaces.dist_class.dist	KEPT	HOL.Real_Vector_Spaces
Real_Vector_Spaces.class.dist_norm	class_infix	HOL.Real_Vector_Spaces
Reachability_Analysis.lt_halfspace	KEPT	Ordinary_Differential_Equations.Reachability_Analysis
Reachability_Analysis.le_halfspace	KEPT	Ordinary_Differential_Equations.Reachability_Analysis
Reachability_Analysis.gt_halfspace	KEPT	Ordinary_Differential_Equations.Reachability_Analysis
Reachability_Analysis.ge_halfspace	KEPT	Ordinary_Differential_Equations.Reachability_Analysis
Random_Sequence.pos_if_random_dseq	KEPT	HOL.Random_Sequence
Random_Sequence.neg_if_random_dseq	KEPT	HOL.Random_Sequence
Quickcheck_Random.valterm_emptyset	KEPT	HOL.Quickcheck_Random
Quickcheck_Narrowing.non_empty_rel	concealed	HOL.Quickcheck_Narrowing
Quickcheck_Narrowing.non_empty_dom	KEPT	HOL.Quickcheck_Narrowing
Quickcheck_Narrowing.ffun.rec_ffun	KEPT	HOL.Quickcheck_Narrowing
Quickcheck_Narrowing.ffun.mor_ffun	concealed	HOL.Quickcheck_Narrowing
Quickcheck_Narrowing.ffun.alg_ffun	concealed	HOL.Quickcheck_Narrowing
Quickcheck_Narrowing.ffun.Rep_ffun	concealed	HOL.Quickcheck_Narrowing
Quickcheck_Narrowing.ffun.Constant	KEPT	HOL.Quickcheck_Narrowing
Quickcheck_Narrowing.ffun.Abs_ffun	concealed	HOL.Quickcheck_Narrowing
Quickcheck_Narrowing.cfun.rec_cfun	KEPT	HOL.Quickcheck_Narrowing
Quickcheck_Narrowing.cfun.mor_cfun	concealed	HOL.Quickcheck_Narrowing
Quickcheck_Narrowing.cfun.alg_cfun	concealed	HOL.Quickcheck_Narrowing
Quickcheck_Narrowing.cfun.Rep_cfun	concealed	HOL.Quickcheck_Narrowing
Quickcheck_Narrowing.cfun.Constant	KEPT	HOL.Quickcheck_Narrowing
Quickcheck_Narrowing.cfun.Abs_cfun	concealed	HOL.Quickcheck_Narrowing
Quickcheck_Exhaustive.termify_pair	hidden	HOL.Quickcheck_Exhaustive
Projective_Limit.polish_projective	KEPT	HOL-Probability.Projective_Limit
Projective_Family.Ionescu_Tulcea.C	KEPT	HOL-Probability.Projective_Family
Product_Type.old.unit.rec_set_unit	concealed	HOL.Product_Type
Product_Type.old.prod.rec_set_prod	concealed	HOL.Product_Type
Product_Type.old.bool.rec_set_bool	concealed	HOL.Product_Type
Probability_Mass_Function.pair_pmf	KEPT	HOL-Probability.Probability_Mass_Function
Probability_Mass_Function.join_pmf	KEPT	HOL-Probability.Probability_Mass_Function
Probability_Mass_Function.cond_pmf	KEPT	HOL-Probability.Probability_Mass_Function
Probability_Mass_Function.bind_pmf	KEPT	HOL-Probability.Probability_Mass_Function
Prime_Factorization.prime_nat_main	KEPT	Polynomial_Factorization.Prime_Factorization
Predicate.pre_seq.seq.pred_pre_seq	concealed	HOL.Predicate
Predicate.equal_seq_inst.equal_seq	inst_infix	HOL.Predicate
Pratt_Certificate.valid_pratt_tree	KEPT	Pratt_Certificate.Pratt_Certificate
Pratt_Certificate.valid_cert_graph	concealed	Pratt_Certificate.Pratt_Certificate
Pratt_Certificate.size_pratt_graph	concealed	Pratt_Certificate.Pratt_Certificate
Pratt_Certificate.random_aux_pratt	concealed	Pratt_Certificate.Pratt_Certificate
Pratt_Certificate.pratt.size_pratt	adt_record	Pratt_Certificate.Pratt_Certificate
Pratt_Certificate.pratt.dtor_pratt	concealed	Pratt_Certificate.Pratt_Certificate
Pratt_Certificate.pratt.ctor_pratt	concealed	Pratt_Certificate.Pratt_Certificate
Pratt_Certificate.pratt.case_pratt	KEPT	Pratt_Certificate.Pratt_Certificate
Power_Sum_Polynomials.powsum_mpoly	KEPT	Power_Sum_Polynomials.Power_Sum_Polynomials
Power_By_Squaring.efficient_funpow	KEPT	HOL-Library.Power_By_Squaring
Polynomial_List.semiring_0.pnormal	infra_theory	HOL-Decision_Procs.Polynomial_List
Polynomial_List.semiring_0.divides	infra_theory	HOL-Decision_Procs.Polynomial_List
Polynomial_List.ring_1_class.order	infra_theory	HOL-Decision_Procs.Polynomial_List
Polynomial_List.ring_1.rsquarefree	infra_theory	HOL-Decision_Procs.Polynomial_List
Polynomial_Factorial.gcd_poly_code	KEPT	HOL-Computational_Algebra.Polynomial_Factorial
Polynomial_Factorial.fract_content	KEPT	HOL-Computational_Algebra.Polynomial_Factorial
Polynomial.pseudo_divmod_main_sumC	KEPT	HOL-Computational_Algebra.Polynomial
Polynomial.pseudo_divmod_main_list	KEPT	HOL-Computational_Algebra.Polynomial
Polynomial.pderiv_coeffs_code_sumC	KEPT	HOL-Computational_Algebra.Polynomial
Polynomial.ord_poly_inst.less_poly	inst_infix	HOL-Computational_Algebra.Polynomial
Polynomial.minus_poly_rev_list_rel	concealed	HOL-Computational_Algebra.Polynomial
Polynomial.minus_poly_rev_list_dom	KEPT	HOL-Computational_Algebra.Polynomial
Polynomial.field_unit_factor_class	class_pred	HOL-Computational_Algebra.Polynomial
Polynomial.class.field_unit_factor	class_infix	HOL-Computational_Algebra.Polynomial
Pell_Algorithm.efficient_power_rel	concealed	Pell.Pell_Algorithm
Pell_Algorithm.efficient_power_dom	KEPT	Pell.Pell_Algorithm
Partial_Function.tailrec.mono_body	KEPT	HOL.Partial_Function
Partial_Function.option.admissible	KEPT	HOL.Partial_Function
Parametric_Ferrante_Rackoff.tm.Sub	KEPT	HOL-Decision_Procs.Parametric_Ferrante_Rackoff
Parametric_Ferrante_Rackoff.tm.Neg	KEPT	HOL-Decision_Procs.Parametric_Ferrante_Rackoff
Parametric_Ferrante_Rackoff.tm.Mul	KEPT	HOL-Decision_Procs.Parametric_Ferrante_Rackoff
Parametric_Ferrante_Rackoff.tm.CNP	KEPT	HOL-Decision_Procs.Parametric_Ferrante_Rackoff
Parametric_Ferrante_Rackoff.tm.Add	KEPT	HOL-Decision_Procs.Parametric_Ferrante_Rackoff
Parametric_Ferrante_Rackoff.subst0	infra_theory	HOL-Decision_Procs.Parametric_Ferrante_Rackoff
Parametric_Ferrante_Rackoff.split0	infra_theory	HOL-Decision_Procs.Parametric_Ferrante_Rackoff
Parametric_Ferrante_Rackoff.simptm	infra_theory	HOL-Decision_Procs.Parametric_Ferrante_Rackoff
Parametric_Ferrante_Rackoff.simplt	infra_theory	HOL-Decision_Procs.Parametric_Ferrante_Rackoff
Parametric_Ferrante_Rackoff.simple	infra_theory	HOL-Decision_Procs.Parametric_Ferrante_Rackoff
Parametric_Ferrante_Rackoff.simpfm	infra_theory	HOL-Decision_Procs.Parametric_Ferrante_Rackoff
Parametric_Ferrante_Rackoff.simpeq	infra_theory	HOL-Decision_Procs.Parametric_Ferrante_Rackoff
Parametric_Ferrante_Rackoff.msubst	infra_theory	HOL-Decision_Procs.Parametric_Ferrante_Rackoff
Parametric_Ferrante_Rackoff.isatom	infra_theory	HOL-Decision_Procs.Parametric_Ferrante_Rackoff
Parametric_Ferrante_Rackoff.frpar2	infra_theory	HOL-Decision_Procs.Parametric_Ferrante_Rackoff
Parametric_Ferrante_Rackoff.fm.Not	KEPT	HOL-Decision_Procs.Parametric_Ferrante_Rackoff
Parametric_Ferrante_Rackoff.fm.NEq	KEPT	HOL-Decision_Procs.Parametric_Ferrante_Rackoff
Parametric_Ferrante_Rackoff.fm.Imp	KEPT	HOL-Decision_Procs.Parametric_Ferrante_Rackoff
Parametric_Ferrante_Rackoff.fm.Iff	KEPT	HOL-Decision_Procs.Parametric_Ferrante_Rackoff
Parametric_Ferrante_Rackoff.fm.And	KEPT	HOL-Decision_Procs.Parametric_Ferrante_Rackoff
Parametric_Ferrante_Rackoff.decrtm	infra_theory	HOL-Decision_Procs.Parametric_Ferrante_Rackoff
Parametric_Ferrante_Rackoff.bound0	infra_theory	HOL-Decision_Procs.Parametric_Ferrante_Rackoff
Orderings.ord_fun_inst.less_eq_fun	KEPT	HOL.Orderings
Orderings.class.dense_order_axioms	class_infix	HOL.Orderings
Order_Relation.strict_linear_order	KEPT	HOL.Order_Relation
Normalized_Fraction.normalize_quot	KEPT	HOL-Computational_Algebra.Normalized_Fraction
Nitpick.pre_word.word.wit_pre_word	concealed	HOL.Nitpick
Nitpick.pre_word.word.set_pre_word	concealed	HOL.Nitpick
Nitpick.pre_word.word.rel_pre_word	concealed	HOL.Nitpick
Nitpick.pre_word.word.map_pre_word	concealed	HOL.Nitpick
Nitpick.pair_box.str_init_pair_box	concealed	HOL.Nitpick
Nitpick.pair_box.ctor_rec_pair_box	concealed	HOL.Nitpick
Nat_Bijection.prod_decode_aux_sumC	KEPT	HOL-Library.Nat_Bijection
Multiset.subset_mset.bdd_below.bdd	KEPT	HOL-Library.Multiset
Multiset.subset_mset.bdd_above.bdd	KEPT	HOL-Library.Multiset
Multiset.subset_mset.atLeastAtMost	KEPT	HOL-Library.Multiset
Multiset.subset_eq_mset_impl_graph	concealed	HOL-Library.Multiset
Multiseries_Expansion.times_ms_rel	concealed	HOL-Real_Asymp.Multiseries_Expansion
Multiseries_Expansion.times_ms_dom	KEPT	HOL-Real_Asymp.Multiseries_Expansion
Multiseries_Expansion.times_ms_aux	KEPT	HOL-Real_Asymp.Multiseries_Expansion
Multiseries_Expansion.shift_ms_aux	KEPT	HOL-Real_Asymp.Multiseries_Expansion
Multiseries_Expansion.scale_ms_aux	KEPT	HOL-Real_Asymp.Multiseries_Expansion
Multiseries_Expansion.power_ms_aux	KEPT	HOL-Real_Asymp.Multiseries_Expansion
Multiseries_Expansion.plus_ms_sumC	KEPT	HOL-Real_Asymp.Multiseries_Expansion
Multiseries_Expansion.mssalternate	KEPT	HOL-Real_Asymp.Multiseries_Expansion
Multiseries_Expansion.minus_ms_aux	KEPT	HOL-Real_Asymp.Multiseries_Expansion
Multiseries_Expansion.lcoeff_graph	concealed	HOL-Real_Asymp.Multiseries_Expansion
Multiseries_Expansion.const_ms_aux	KEPT	HOL-Real_Asymp.Multiseries_Expansion
Multiseries_Expansion.asymp_powser	KEPT	HOL-Real_Asymp.Multiseries_Expansion
Missing_List.union_list_sorted_rel	concealed	Polynomial_Factorization.Missing_List
Missing_List.union_list_sorted_dom	KEPT	Polynomial_Factorization.Missing_List
Missing_List.is_partition_impl_rel	concealed	Polynomial_Factorization.Missing_List
Missing_List.is_partition_impl_dom	hidden	Polynomial_Factorization.Missing_List
Missing_List.find_map_filter_graph	concealed	Polynomial_Factorization.Missing_List
Measure_Space.sigma_finite_measure	KEPT	HOL-Analysis.Measure_Space
Matrix_To_IArray.column_add_iarray	KEPT	Gauss_Jordan.Matrix_To_IArray
MIR.narrowing_fm_inst.narrowing_fm	infra_theory	HOL-Decision_Procs.MIR
Linear_Maps.matrix_change_of_basis	KEPT	Gauss_Jordan.Linear_Maps
Limits.topological_group_add_class	class_pred	HOL.Limits
Limits.class.topological_group_add	class_infix	HOL.Limits
Lazy_Sequence.small_lazy_list_sumC	KEPT	HOL.Lazy_Sequence
Lattices_Big.semilattice_order_set	KEPT	HOL.Lattices_Big
Lattices_Big.semilattice_neutr_set	KEPT	HOL.Lattices_Big
Lattices.class.bounded_lattice_top	class_infix	HOL.Lattices
Lattices.class.bounded_lattice_bot	class_infix	HOL.Lattices
Lattices.bounded_lattice_top_class	class_pred	HOL.Lattices
Lattices.bounded_lattice_bot_class	class_pred	HOL.Lattices
Lattice_Constructions.top.size_top	adt_record	HOL-Library.Lattice_Constructions
Lattice_Constructions.top.pred_top	KEPT	HOL-Library.Lattice_Constructions
Lattice_Constructions.top.dtor_top	concealed	HOL-Library.Lattice_Constructions
Lattice_Constructions.top.ctor_top	concealed	HOL-Library.Lattice_Constructions
Lattice_Constructions.top.case_top	KEPT	HOL-Library.Lattice_Constructions
Lattice_Constructions.bot.size_bot	adt_record	HOL-Library.Lattice_Constructions
Lattice_Constructions.bot.pred_bot	KEPT	HOL-Library.Lattice_Constructions
Lattice_Constructions.bot.dtor_bot	concealed	HOL-Library.Lattice_Constructions
Lattice_Constructions.bot.ctor_bot	concealed	HOL-Library.Lattice_Constructions
Lattice_Constructions.bot.case_bot	KEPT	HOL-Library.Lattice_Constructions
Landau_Real_Products.merge_primfun	KEPT	Landau_Symbols.Landau_Real_Products
Landau_Real_Products.eval_primfuns	KEPT	Landau_Symbols.Landau_Real_Products
Landau_Real_Products.eval_primfun'	KEPT	Landau_Symbols.Landau_Real_Products
Landau_Real_Products.bigtheta_powr	KEPT	Landau_Symbols.Landau_Real_Products
Interval_Float.interval_list_union	KEPT	HOL-Library.Interval_Float
Initial_Value_Problem.self_mapping	KEPT	Ordinary_Differential_Equations.Initial_Value_Problem
Initial_Value_Problem.nonempty_set	KEPT	Ordinary_Differential_Equations.Initial_Value_Problem
Homotopy.homotopy_equivalent_space	KEPT	HOL-Analysis.Homotopy
HOL.typerep_bool_inst.typerep_bool	inst_infix	HOL.HOL
HOL.term_of_bool_inst.term_of_bool	inst_infix	HOL.HOL
HOL.equal_itself_inst.equal_itself	internal_prefix	HOL.HOL
Group_Sort.groupsort.part_aux_sumC	hidden	Landau_Symbols.Group_Sort
Group_On_With.ab_group_add_on_with	KEPT	HOL-Types_To_Sets.Group_On_With
Geo_Real2.real2.neu.segment_circle	KEPT	MathBench_ProverBase.Geo_Real2
Geo_Real2.real2.neu.IsCircumcenter	KEPT	MathBench_ProverBase.Geo_Real2
Geo_Real2.real2.neu.GradExpn_graph	concealed	MathBench_ProverBase.Geo_Real2
Geo_Real2.real2.neu.DedekindsAxiom	KEPT	MathBench_ProverBase.Geo_Real2
Geo_Real2.real2.neu.DedekindLemFun	KEPT	MathBench_ProverBase.Geo_Real2
Gauss_Jordan_PA.row_add_iterate_PA	KEPT	Gauss_Jordan.Gauss_Jordan_PA
Gauss_Jordan_Elimination.pivot_fun	KEPT	Jordan_Normal_Form.Gauss_Jordan_Elimination
Gauss_Jordan.Gauss_Jordan_column_k	KEPT	Gauss_Jordan.Gauss_Jordan
Gamma_Function.Gamma_series_euler'	KEPT	HOL-Analysis.Gamma_Function
GCD.semiring_1_class.semiring_char	KEPT	HOL.GCD
Functional_Spaces.topology\<^sub>N	KEPT	Lp.Functional_Spaces
Functional_Spaces.quasinorm_subset	KEPT	Lp.Functional_Spaces
Functional_Spaces.complete\<^sub>N	KEPT	Lp.Functional_Spaces
Functional_Spaces.bcontfun\<^sub>N	KEPT	Lp.Functional_Spaces
Function_Topology.product_topology	KEPT	HOL-Analysis.Function_Topology
Fraction_Field.idom_class.fractrel	KEPT	HOL-Computational_Algebra.Fraction_Field
Formal_Power_Series.natfun_inverse	KEPT	HOL-Computational_Algebra.Formal_Power_Series
Formal_Power_Series.gcompinv_graph	concealed	HOL-Computational_Algebra.Formal_Power_Series
Formal_Laurent_Series.fls_integral	KEPT	HOL-Computational_Algebra.Formal_Laurent_Series
Formal_Laurent_Series.fls_X_intpow	KEPT	HOL-Computational_Algebra.Formal_Laurent_Series
Float.times_float_inst.times_float	inst_infix	HOL-Library.Float
Float.ord_float_inst.less_eq_float	inst_infix	HOL-Library.Float
Float.minus_float_inst.minus_float	inst_infix	HOL-Library.Float
Float.equal_float_inst.equal_float	inst_infix	HOL-Library.Float
Finite_Set.comp_fun_idem_on_axioms	KEPT	HOL.Finite_Set
Finite_Cartesian_Product.transpose	KEPT	HOL-Analysis.Finite_Cartesian_Product
Filter.ord_filter_inst.less_filter	inst_infix	HOL.Filter
Field_as_Ring.gcd_rat_inst.lcm_rat	inst_infix	HOL-Computational_Algebra.Field_as_Ring
Field_as_Ring.gcd_rat_inst.gcd_rat	inst_infix	HOL-Computational_Algebra.Field_as_Ring
Field_as_Ring.Gcd_rat_inst.Lcm_rat	inst_infix	HOL-Computational_Algebra.Field_as_Ring
Field_as_Ring.Gcd_rat_inst.Gcd_rat	inst_infix	HOL-Computational_Algebra.Field_as_Ring
Ferrack.typerep_fm_inst.typerep_fm	infra_theory	HOL-Decision_Procs.Ferrack
Ferrack.term_of_fm_inst.term_of_fm	infra_theory	HOL-Decision_Procs.Ferrack
Ferrack.random_num_inst.random_num	infra_theory	HOL-Decision_Procs.Ferrack
Ferrack.fm.fm_pre_fm.Rep_fm_pre_fm	concealed	HOL-Decision_Procs.Ferrack
Ferrack.fm.fm_pre_fm.Abs_fm_pre_fm	concealed	HOL-Decision_Procs.Ferrack
Factorizations.is_factorization_of	KEPT	Linear_Recurrences.Factorizations
Extraction.sumbool.min_alg_sumbool	concealed	HOL.Extraction
Extended_Sturm.changes_alt_poly_at	KEPT	Count_Complex_Roots.Extended_Sturm
Extended_Real.ereal.str_init_ereal	concealed	HOL-Library.Extended_Real
Extended_Real.ereal.ctor_rec_ereal	concealed	HOL-Library.Extended_Real
Extended_Nonnegative_Real.enn2real	KEPT	HOL-Library.Extended_Nonnegative_Real
Extended.extended.min_alg_extended	concealed	HOL-Library.Extended
Eulerian_Polynomials.eulerian_poly	KEPT	Linear_Recurrences.Eulerian_Polynomials
Eratosthenes.smallest_prime_beyond	KEPT	HOL-Number_Theory.Eratosthenes
Elementary_Operations.mult_row_row	KEPT	Gauss_Jordan.Elementary_Operations
Dual_Order.dual_wellorder.sort_key	KEPT	Rank_Nullity_Theorem.Dual_Order
Dual_Order.dual_wellorder.lessThan	KEPT	Rank_Nullity_Theorem.Dual_Order
Dual_Order.dual_wellorder.antimono	KEPT	Rank_Nullity_Theorem.Dual_Order
Dual_Order.dual_wellorder.Greatest	KEPT	Rank_Nullity_Theorem.Dual_Order
Dlist.equal_dlist_inst.equal_dlist	inst_infix	HOL-Library.Dlist
Discrete_Functions.floor_log_graph	concealed	HOL-Library.Discrete_Functions
Dirichlet_Series.fds_abs_converges	KEPT	Dirichlet_Series.Dirichlet_Series
DigitsInBase.digits_in_base.digits	KEPT	DigitsInBase.DigitsInBase
Count_Rectangle.proots_rect_border	KEPT	Count_Complex_Roots.Count_Rectangle
Count_Rectangle.not_rect_vanishing	KEPT	Count_Complex_Roots.Count_Rectangle
Count_Half_Plane.proots_upper_card	KEPT	Count_Complex_Roots.Count_Half_Plane
Continued_Fractions.conv_num_graph	concealed	Continued_Fractions.Continued_Fractions
Continued_Fractions.conv_gen_graph	concealed	Continued_Fractions.Continued_Fractions
Continued_Fractions.conv_denom_rel	concealed	Continued_Fractions.Continued_Fractions
Continued_Fractions.conv_denom_int	KEPT	Continued_Fractions.Continued_Fractions
Continued_Fractions.conv_denom_fun	KEPT	Continued_Fractions.Continued_Fractions
Continued_Fractions.conv_denom_dom	KEPT	Continued_Fractions.Continued_Fractions
Containers_Auxiliary.less_eq_prod'	hidden	Containers.Containers_Auxiliary
Conjugate.conjugatable_field_class	class_pred	Jordan_Normal_Form.Conjugate
Conjugate.class.conjugatable_field	class_infix	Jordan_Normal_Form.Conjugate
Congruence.partial_object.truncate	KEPT	HOL-Algebra.Congruence
Congruence.eq_object.eq_object_ext	KEPT	HOL-Algebra.Congruence
Conditional_Expectation.subalgebra	KEPT	HOL-Probability.Conditional_Expectation
Complex_Lexorder.complex_lex.Min.F	KEPT	Hermite_Lindemann.Complex_Lexorder
Complex_Lexorder.complex_lex.Max.F	KEPT	Hermite_Lindemann.Complex_Lexorder
Complex_Lexorder.complex_lex.Least	KEPT	Hermite_Lindemann.Complex_Lexorder
Complex.complex.dtor_corec_complex	concealed	HOL.Complex
Complete_Partial_Order2.lfp.le_fun	KEPT	HOL-Library.Complete_Partial_Order2
Complete_Partial_Order2.gfp.le_fun	KEPT	HOL-Library.Complete_Partial_Order2
Commutative_Ring.pol.ctor_fold_pol	concealed	HOL-Decision_Procs.Commutative_Ring
Commutative_Ring.mon.ctor_fold_mon	concealed	HOL-Decision_Procs.Commutative_Ring
Column_Operations.mult_col_div_row	KEPT	Jordan_Normal_Form.Column_Operations
Coinductive_Stream.stream_of_llist	KEPT	Coinductive.Coinductive_Stream
Coinductive_Stream.llist_of_stream	KEPT	Coinductive.Coinductive_Stream
Coinductive_List.ord_class.lsorted	KEPT	Coinductive.Coinductive_List
Coinductive_List.llist_lift.le_fun	KEPT	Coinductive.Coinductive_List
Coinductive_List.llist.lsbis_llist	concealed	Coinductive.Coinductive_List
Coinductive_List.llist.corec_llist	KEPT	Coinductive.Coinductive_List
Coinductive_List.llist.coalg_llist	concealed	Coinductive.Coinductive_List
Code_Evaluation.term.str_init_term	concealed	HOL.Code_Evaluation
Code_Evaluation.term.ctor_rec_term	concealed	HOL.Code_Evaluation
Chebyshev_Polynomials.rel_ring_int	KEPT	Chebyshev_Polynomials.Chebyshev_Polynomials
Chebyshev_Polynomials.cheb_poly'.f	KEPT	Chebyshev_Polynomials.Chebyshev_Polynomials
Chebyshev_Polynomials.cheb_poly'.P	KEPT	Chebyshev_Polynomials.Chebyshev_Polynomials
Cauchy_Index_Theorem.finite_jumpFs	KEPT	Winding_Number_Eval.Cauchy_Index_Theorem
Catalan_Numbers.tree.str_init_tree	concealed	Catalan_Numbers.Catalan_Numbers
Catalan_Numbers.tree.ctor_rec_tree	concealed	Catalan_Numbers.Catalan_Numbers
Cartesian_Space.vec.representation	KEPT	HOL-Analysis.Cartesian_Space
Cartesian_Euclidean_Space.jacobian	KEPT	HOL-Analysis.Cartesian_Euclidean_Space
Cardinality.class.card_UNIV_axioms	class_infix	HOL-Library.Cardinality
Brouwer_Fixpoint.kuhn_simplex_pair	KEPT	HOL-Analysis.Brouwer_Fixpoint
Brouwer_Fixpoint.kuhn_simplex.enum	KEPT	HOL-Analysis.Brouwer_Fixpoint
Bounded_Linear_Function.id_blinfun	KEPT	HOL-Analysis.Bounded_Linear_Function
Bounded_Linear_Function.cr_blinfun	KEPT	HOL-Analysis.Bounded_Linear_Function
Bit_Operations.semiring_bits_class	class_pred	HOL.Bit_Operations
Bit_Operations.or_not_num_neg_sumC	KEPT	HOL.Bit_Operations
Bit_Operations.fold2_bit_int.F_rel	concealed	HOL.Bit_Operations
Bit_Operations.fold2_bit_int.F_dom	KEPT	HOL.Bit_Operations
Bit_Operations.class.semiring_bits	class_infix	HOL.Bit_Operations
Bernoulli_FPS.gen_akiyama_tanigawa	KEPT	Bernoulli.Bernoulli_FPS
Bernoulli_FPS.akiyama_tanigawa_row	KEPT	Bernoulli.Bernoulli_FPS
BNF_Wellorder_Relation.wo_rel.supr	KEPT	HOL.BNF_Wellorder_Relation
BNF_Wellorder_Relation.wo_rel.max2	KEPT	HOL.BNF_Wellorder_Relation
BNF_Wellorder_Constructions.ordLeq	KEPT	HOL.BNF_Wellorder_Constructions
BNF_Wellorder_Constructions.ordIso	KEPT	HOL.BNF_Wellorder_Constructions
BNF_Composition.DEADID.pred_DEADID	pre_bnf_prefix	HOL.BNF_Composition
BNF_Cardinal_Order_Relation.stable	internal_prefix	HOL.BNF_Cardinal_Order_Relation
BNF_Cardinal_Order_Relation.natLeq	internal_prefix	HOL.BNF_Cardinal_Order_Relation
Approximation_Bounds.ub_exp_horner	infra_theory	HOL-Decision_Procs.Approximation_Bounds
Approximation_Bounds.lb_exp_horner	infra_theory	HOL-Decision_Procs.Approximation_Bounds
Approximation.isDERIV_approx_graph	concealed	HOL-Decision_Procs.Approximation
Approximation.interpret_form_graph	concealed	HOL-Decision_Procs.Approximation
Approximation.interpret_floatarith	infra_theory	HOL-Decision_Procs.Approximation
Approximation.approx_tse_form'_rel	concealed	HOL-Decision_Procs.Approximation
Approximation.approx_tse_form'_dom	infra_theory	HOL-Decision_Procs.Approximation
Approximation.approx_tse_concl_rel	concealed	HOL-Decision_Procs.Approximation
Approximation.approx_tse_concl_dom	infra_theory	HOL-Decision_Procs.Approximation
Approximation.approx_form_eval_rel	concealed	HOL-Decision_Procs.Approximation
Approximation.approx_form_eval_dom	infra_theory	HOL-Decision_Procs.Approximation
Approximation.approx_approx'_graph	concealed	HOL-Decision_Procs.Approximation
Approximation.DERIV_floatarith_rel	concealed	HOL-Decision_Procs.Approximation
Approximation.DERIV_floatarith_dom	infra_theory	HOL-Decision_Procs.Approximation
Abstract_Topology.trivial_topology	KEPT	HOL-Analysis.Abstract_Topology
Abstract_Topology.homeomorphic_map	KEPT	HOL-Analysis.Abstract_Topology
Abstract_Metric_Spaces.prod_metric	KEPT	HOL-Analysis.Abstract_Metric_Spaces
Abstract_Metric_Spaces.Met_TC.Self	KEPT	HOL-Analysis.Abstract_Metric_Spaces
AbelCoset.abelian_group_hom_axioms	KEPT	HOL-Algebra.AbelCoset
Z2.semiring_bits_bit_inst.bit_bit	inst_infix	HOL-Library.Z2
Word.uminus_word_inst.uminus_word	inst_infix	HOL-Library.Word
Word.random_word_inst.random_word	inst_infix	HOL-Library.Word
Word.modulo_word_inst.modulo_word	inst_infix	HOL-Library.Word
Word.enum_word_inst.enum_all_word	inst_infix	HOL-Library.Word
Word.divide_word_inst.divide_word	inst_infix	HOL-Library.Word
Weak_Convergence.cdf_distribution	KEPT	HOL-Probability.Weak_Convergence
Unique_Factorization.dvd.some_gcd	class_variant	Berlekamp_Zassenhaus.Unique_Factorization
Uniform_Limit.uniformly_Cauchy_on	KEPT	HOL-Analysis.Uniform_Limit
Typerep.typerep.ctor_fold_typerep	concealed	HOL.Typerep
Tree_Multiset.subtrees_mset_graph	concealed	HOL-Library.Tree_Multiset
Tree.random_tree_inst.random_tree	inst_infix	HOL-Library.Tree
Tree.height_tree_inst.height_tree	inst_infix	HOL-Library.Tree
Transfer_Cayley_Hamilton.poly_mat	KEPT	Lie_Groups.Transfer_Cayley_Hamilton
Transfer_Cayley_Hamilton.charpoly	KEPT	Lie_Groups.Transfer_Cayley_Hamilton
Transfer_Cayley_Hamilton.adjugate	KEPT	Lie_Groups.Transfer_Cayley_Hamilton
Topology_Euclidean_Space.ext_cont	KEPT	HOL-Analysis.Topology_Euclidean_Space
Topological_Spaces.t4_space_class	class_pred	HOL.Topological_Spaces
Topological_Spaces.t3_space_class	class_pred	HOL.Topological_Spaces
Topological_Spaces.t2_space_class	class_pred	HOL.Topological_Spaces
Topological_Spaces.t1_space_class	class_pred	HOL.Topological_Spaces
Topological_Spaces.t0_space_class	class_pred	HOL.Topological_Spaces
Topological_Spaces.class.t4_space	class_infix	HOL.Topological_Spaces
Topological_Spaces.class.t3_space	class_infix	HOL.Topological_Spaces
Topological_Spaces.class.t2_space	class_infix	HOL.Topological_Spaces
Topological_Spaces.class.t1_space	class_infix	HOL.Topological_Spaces
Topological_Spaces.class.t0_space	class_infix	HOL.Topological_Spaces
Tarski_Euclidean.Tarski_Euclidean	KEPT	IsaGeoCoq.Tarski_Euclidean
Symmetric_Polynomials.ring_closed	KEPT	Symmetric_Polynomials.Symmetric_Polynomials
Sum_Type.equal_sum_inst.equal_sum	inst_infix	HOL.Sum_Type
Sublist.sublist_order.strict_mono	KEPT	HOL-Library.Sublist
Sublist.sublist_order.greaterThan	KEPT	HOL-Library.Sublist
Sublist.sublist_order.antimono_on	KEPT	HOL-Library.Sublist
Sublist.longest_common_prefix_rel	concealed	HOL-Library.Sublist
Sublist.longest_common_prefix_dom	KEPT	HOL-Library.Sublist
Sturm_Theorem.count_roots_between	KEPT	Sturm_Sequences.Sturm_Theorem
Sturm_Tarski.changes_poly_pos_inf	KEPT	Sturm_Tarski.Sturm_Tarski
Sturm_Tarski.changes_poly_neg_inf	KEPT	Sturm_Tarski.Sturm_Tarski
String.pre_char.char.wit_pre_char	concealed	HOL.String
String.pre_char.char.set_pre_char	concealed	HOL.String
String.pre_char.char.rel_pre_char	concealed	HOL.String
String.pre_char.char.map_pre_char	concealed	HOL.String
String.equal_char_inst.equal_char	inst_infix	HOL.String
State_Monad.state.ctor_fold_state	concealed	HOL-Library.State_Monad
Square_Matrix.sq_matrix.dependent	KEPT	Cayley_Hamilton.Square_Matrix
Sorting_Algorithms.stable_segment	KEPT	HOL-Library.Sorting_Algorithms
Sigma_Algebra.smallest_ccdi_setsp	KEPT	HOL-Analysis.Sigma_Algebra
Sigma_Algebra.sets.generated_ring	KEPT	HOL-Analysis.Sigma_Algebra
Sigma_Algebra.ring_of_sets_axioms	KEPT	HOL-Analysis.Sigma_Algebra
Sigma_Algebra.measure.Rep_measure	abs_rep_name	HOL-Analysis.Sigma_Algebra
Sigma_Algebra.measure.Abs_measure	abs_rep_name	HOL-Analysis.Sigma_Algebra
Set_Integral.set_borel_measurable	KEPT	HOL-Analysis.Set_Integral
Set_Algebras.one_set_inst.one_set	inst_infix	HOL-Library.Set_Algebras
Rings.ring_no_zero_divisors_class	class_pred	HOL.Rings
Rings.ordered_comm_semiring_class	class_pred	HOL.Rings
Rings.normalization_semidom_class	class_pred	HOL.Rings
Rings.linordered_semiring_1_class	class_pred	HOL.Rings
Rings.class.semidom_divide_axioms	class_infix	HOL.Rings
Rings.class.ring_no_zero_divisors	class_infix	HOL.Rings
Rings.class.ordered_comm_semiring	class_infix	HOL.Rings
Rings.class.normalization_semidom	class_infix	HOL.Rings
Rings.class.linordered_semiring_1	class_infix	HOL.Rings
Ring_Hom.inj_comm_monoid_mult_hom	KEPT	Polynomial_Interpolation.Ring_Hom
Resultant.vec_of_poly_rev_shifted	KEPT	Algebraic_Numbers.Resultant
Reflective_Field.random_aux_pexpr	concealed	HOL-Decision_Procs.Reflective_Field
Reflective_Field.random_aux_fexpr	concealed	HOL-Decision_Procs.Reflective_Field
Reflective_Field.pexpr.size_pexpr	infra_theory	HOL-Decision_Procs.Reflective_Field
Reflective_Field.pexpr.dtor_pexpr	concealed	HOL-Decision_Procs.Reflective_Field
Reflective_Field.pexpr.ctor_pexpr	concealed	HOL-Decision_Procs.Reflective_Field
Reflective_Field.pexpr.case_pexpr	KEPT	HOL-Decision_Procs.Reflective_Field
Reflective_Field.field.peval_sumC	infra_theory	HOL-Decision_Procs.Reflective_Field
Reflective_Field.field.nth_el_rel	concealed	HOL-Decision_Procs.Reflective_Field
Reflective_Field.field.nth_el_dom	infra_theory	HOL-Decision_Procs.Reflective_Field
Reflective_Field.fexpr.size_fexpr	infra_theory	HOL-Decision_Procs.Reflective_Field
Reflective_Field.fexpr.dtor_fexpr	concealed	HOL-Decision_Procs.Reflective_Field
Reflective_Field.fexpr.ctor_fexpr	concealed	HOL-Decision_Procs.Reflective_Field
Reflective_Field.fexpr.case_fexpr	KEPT	HOL-Decision_Procs.Reflective_Field
Real_Vector_Spaces.scaleR.divideR	class_variant	HOL.Real_Vector_Spaces
Real_Vector_Spaces.representation	KEPT	HOL.Real_Vector_Spaces
Real_Vector_Spaces.bounded_linear	KEPT	HOL.Real_Vector_Spaces
Real.uminus_real_inst.uminus_real	inst_infix	HOL.Real
Real.random_real_inst.random_real	inst_infix	HOL.Real
Real.divide_real_inst.divide_real	inst_infix	HOL.Real
Reachability_Analysis.sctn.normal	KEPT	Ordinary_Differential_Equations.Reachability_Analysis
RatFPS.random_fps_inst.random_fps	inst_infix	Linear_Recurrences.RatFPS
RatFPS.one_ratfps_inst.one_ratfps	inst_infix	Linear_Recurrences.RatFPS
RatFPS.gcd_ratfps_inst.lcm_ratfps	inst_infix	Linear_Recurrences.RatFPS
RatFPS.gcd_ratfps_inst.gcd_ratfps	inst_infix	Linear_Recurrences.RatFPS
RatFPS.Gcd_ratfps_inst.Lcm_ratfps	inst_infix	Linear_Recurrences.RatFPS
RatFPS.Gcd_ratfps_inst.Gcd_ratfps	inst_infix	Linear_Recurrences.RatFPS
Quickcheck_Random.random_fun_lift	KEPT	HOL.Quickcheck_Random
Quickcheck_Exhaustive.mk_map_term	KEPT	HOL.Quickcheck_Exhaustive
Quadratic_Reciprocity.QR.Res_ge_0	KEPT	HOL-Number_Theory.Quadratic_Reciprocity
Probability_Mass_Function.set_pmf	KEPT	HOL-Probability.Probability_Mass_Function
Probability_Mass_Function.rel_pmf	KEPT	HOL-Probability.Probability_Mass_Function
Probability_Mass_Function.map_pmf	KEPT	HOL-Probability.Probability_Mass_Function
Primes.uminus_gf2_inst.uminus_gf2	inst_infix	HOL-Computational_Algebra.Primes
Primes.divide_gf2_inst.divide_gf2	inst_infix	HOL-Computational_Algebra.Primes
Primes.comm_ring_prime_char_class	class_pred	HOL-Computational_Algebra.Primes
Primes.class.comm_ring_prime_char	class_infix	HOL-Computational_Algebra.Primes
Primes.class.check_prime_by_range	class_infix	HOL-Computational_Algebra.Primes
Primes.check_prime_by_range_class	class_pred	HOL-Computational_Algebra.Primes
Predicate.pre_seq.seq.wit_pre_seq	concealed	HOL.Predicate
Predicate.pre_seq.seq.set_pre_seq	concealed	HOL.Predicate
Predicate.pre_seq.seq.rel_pre_seq	concealed	HOL.Predicate
Predicate.pre_seq.seq.map_pre_seq	concealed	HOL.Predicate
Predicate.ord_pred_inst.less_pred	inst_infix	HOL.Predicate
Pratt_Certificate.valid_cert_sumC	KEPT	Pratt_Certificate.Pratt_Certificate
Pratt_Certificate.size_pratt_sumC	KEPT	Pratt_Certificate.Pratt_Certificate
Pratt_Certificate.size_cert_graph	concealed	Pratt_Certificate.Pratt_Certificate
Pratt_Certificate.pratt.rec_pratt	KEPT	Pratt_Certificate.Pratt_Certificate
Pratt_Certificate.pratt.mor_pratt	concealed	Pratt_Certificate.Pratt_Certificate
Pratt_Certificate.pratt.alg_pratt	concealed	Pratt_Certificate.Pratt_Certificate
Pratt_Certificate.pratt.Rep_pratt	concealed	Pratt_Certificate.Pratt_Certificate
Pratt_Certificate.pratt.Abs_pratt	concealed	Pratt_Certificate.Pratt_Certificate
Pratt_Certificate.mod_exp_nat_aux	KEPT	Pratt_Certificate.Pratt_Certificate
Pratt_Certificate.efficient_power	KEPT	Pratt_Certificate.Pratt_Certificate
Pratt_Certificate.build_fpc_graph	concealed	Pratt_Certificate.Pratt_Certificate
Polynomial_List.semiring_0.mulexp	infra_theory	HOL-Decision_Procs.Polynomial_List
Polynomial_List.semiring_0.degree	infra_theory	HOL-Decision_Procs.Polynomial_List
Polynomial_List.ring_1.poly_minus	infra_theory	HOL-Decision_Procs.Polynomial_List
Polynomial_List.idom_char_0_class	infra_theory	HOL-Decision_Procs.Polynomial_List
Polynomial_List.field_class.pquot	infra_theory	HOL-Decision_Procs.Polynomial_List
Polynomial_List.class.idom_char_0	infra_theory	HOL-Decision_Procs.Polynomial_List
Polynomial_Factorial.unfract_poly	KEPT	HOL-Computational_Algebra.Polynomial_Factorial
Polynomial.sgn_poly_inst.sgn_poly	inst_infix	HOL-Computational_Algebra.Polynomial
Polynomial.pseudo_divmod_main_rel	concealed	HOL-Computational_Algebra.Polynomial
Polynomial.pseudo_divmod_main_dom	KEPT	HOL-Computational_Algebra.Polynomial
Polynomial.pderiv_coeffs_code_rel	concealed	HOL-Computational_Algebra.Polynomial
Polynomial.pderiv_coeffs_code_dom	KEPT	HOL-Computational_Algebra.Polynomial
Polynomial.one_poly_inst.one_poly	inst_infix	HOL-Computational_Algebra.Polynomial
Polynomial.mod_poly_one_main_list	KEPT	HOL-Computational_Algebra.Polynomial
Polynomial.divide_poly_main_graph	concealed	HOL-Computational_Algebra.Polynomial
Polynomial.class.alg_closed_field	class_infix	HOL-Computational_Algebra.Polynomial
Polynomial.alg_closed_field_class	class_pred	HOL-Computational_Algebra.Polynomial
Polynomial.abs_poly_inst.abs_poly	inst_infix	HOL-Computational_Algebra.Polynomial
Phantom_Type.phantom.size_phantom	adt_record	HOL-Library.Phantom_Type
Phantom_Type.phantom.set2_phantom	KEPT	HOL-Library.Phantom_Type
Phantom_Type.phantom.set1_phantom	KEPT	HOL-Library.Phantom_Type
Phantom_Type.phantom.pred_phantom	KEPT	HOL-Library.Phantom_Type
Phantom_Type.phantom.dtor_phantom	concealed	HOL-Library.Phantom_Type
Phantom_Type.phantom.ctor_phantom	concealed	HOL-Library.Phantom_Type
Phantom_Type.phantom.case_phantom	KEPT	HOL-Library.Phantom_Type
Permutations.adj_transp_seq_graph	concealed	HOL-Combinatorics.Permutations
Perm.divide_perm_inst.divide_perm	inst_infix	HOL-Combinatorics.Perm
Periodic_Fun.periodic_fun_simple'	KEPT	HOL-Library.Periodic_Fun
Pell_Algorithm.pell_mul_nat_graph	concealed	Pell.Pell_Algorithm
Pell_Algorithm.find_fund_sol_step	KEPT	Pell.Pell_Algorithm
Path_Connected.path_components_of	KEPT	HOL-Analysis.Path_Connected
Path_Connected.path_component_set	KEPT	HOL-Analysis.Path_Connected
Partial_Function.tailrec.fixp_fun	KEPT	HOL.Partial_Function
Partial_Function.option.mono_body	KEPT	HOL.Partial_Function
Parity.semiring_parity_class.even	KEPT	HOL.Parity
Parametric_Ferrante_Rackoff.tmsub	infra_theory	HOL-Decision_Procs.Parametric_Ferrante_Rackoff
Parametric_Ferrante_Rackoff.tmneg	infra_theory	HOL-Decision_Procs.Parametric_Ferrante_Rackoff
Parametric_Ferrante_Rackoff.tmmul	infra_theory	HOL-Decision_Procs.Parametric_Ferrante_Rackoff
Parametric_Ferrante_Rackoff.tmadd	infra_theory	HOL-Decision_Procs.Parametric_Ferrante_Rackoff
Parametric_Ferrante_Rackoff.tm.CP	KEPT	HOL-Decision_Procs.Parametric_Ferrante_Rackoff
Parametric_Ferrante_Rackoff.subst	infra_theory	HOL-Decision_Procs.Parametric_Ferrante_Rackoff
Parametric_Ferrante_Rackoff.qfree	infra_theory	HOL-Decision_Procs.Parametric_Ferrante_Rackoff
Parametric_Ferrante_Rackoff.qelim	infra_theory	HOL-Decision_Procs.Parametric_Ferrante_Rackoff
Parametric_Ferrante_Rackoff.islin	infra_theory	HOL-Decision_Procs.Parametric_Ferrante_Rackoff
Parametric_Ferrante_Rackoff.frpar	infra_theory	HOL-Decision_Procs.Parametric_Ferrante_Rackoff
Parametric_Ferrante_Rackoff.fm.Or	KEPT	HOL-Decision_Procs.Parametric_Ferrante_Rackoff
Parametric_Ferrante_Rackoff.fm.Lt	KEPT	HOL-Decision_Procs.Parametric_Ferrante_Rackoff
Parametric_Ferrante_Rackoff.fm.Le	KEPT	HOL-Decision_Procs.Parametric_Ferrante_Rackoff
Parametric_Ferrante_Rackoff.fm.Eq	KEPT	HOL-Decision_Procs.Parametric_Ferrante_Rackoff
Parametric_Ferrante_Rackoff.decr0	infra_theory	HOL-Decision_Procs.Parametric_Ferrante_Rackoff
Parametric_Ferrante_Rackoff.conjs	infra_theory	HOL-Decision_Procs.Parametric_Ferrante_Rackoff
Parametric_Ferrante_Rackoff.bound	infra_theory	HOL-Decision_Procs.Parametric_Ferrante_Rackoff
PMF_Impl.equal_pmf_inst.equal_pmf	inst_infix	HOL-Probability.PMF_Impl
Orderings.ord_bool_inst.less_bool	inst_infix	HOL.Orderings
Number_Partition.number_partition	KEPT	Card_Number_Partitions.Number_Partition
Nth_Powers.nth_root_nat_aux_graph	concealed	HOL-Computational_Algebra.Nth_Powers
Normalized_Fraction.quot_to_fract	KEPT	HOL-Computational_Algebra.Normalized_Fraction
Normalized_Fraction.quot_of_fract	KEPT	HOL-Computational_Algebra.Normalized_Fraction
Nitpick.pair_box.min_alg_pair_box	concealed	HOL.Nitpick
Nitpick.fun_box.ctor_fold_fun_box	concealed	HOL.Nitpick
Nat_Bijection.prod_decode_aux_rel	concealed	HOL-Library.Nat_Bijection
Nat_Bijection.prod_decode_aux_dom	KEPT	HOL-Library.Nat_Bijection
Multiset.subset_eq_mset_impl_sumC	KEPT	HOL-Library.Multiset
Multiset.comm_monoid_add.sum_mset	class_variant	HOL-Library.Multiset
Multiseries_Expansion.sin_ms_aux'	KEPT	HOL-Real_Asymp.Multiseries_Expansion
Multiseries_Expansion.powr_ms_aux	KEPT	HOL-Real_Asymp.Multiseries_Expansion
Multiseries_Expansion.plus_ms_rel	concealed	HOL-Real_Asymp.Multiseries_Expansion
Multiseries_Expansion.plus_ms_dom	KEPT	HOL-Real_Asymp.Multiseries_Expansion
Multiseries_Expansion.plus_ms_aux	KEPT	HOL-Real_Asymp.Multiseries_Expansion
Multiseries_Expansion.modify_eval	KEPT	HOL-Real_Asymp.Multiseries_Expansion
Multiseries_Expansion.lcoeff_sumC	KEPT	HOL-Real_Asymp.Multiseries_Expansion
Multiseries_Expansion.cos_ms_aux'	KEPT	HOL-Real_Asymp.Multiseries_Expansion
Missing_List.subtract_list_sorted	KEPT	Polynomial_Factorization.Missing_List
Missing_List.find_map_filter_sumC	KEPT	Polynomial_Factorization.Missing_List
Miscellaneous.matrix.extend_basis	KEPT	Rank_Nullity_Theorem.Miscellaneous
Meromorphic.nicely_meromorphic_on	KEPT	HOL-Complex_Analysis.Meromorphic
Matrix_To_IArray.transpose_iarray	KEPT	Gauss_Jordan.Matrix_To_IArray
Matrix_To_IArray.matrix_to_iarray	KEPT	Gauss_Jordan.Matrix_To_IArray
Matrix_To_IArray.iarray_to_matrix	KEPT	Gauss_Jordan.Matrix_To_IArray
Matrix.uminus_vec_inst.uminus_vec	inst_infix	Jordan_Normal_Form.Matrix
Matrix.uminus_mat_inst.uminus_mat	inst_infix	Jordan_Normal_Form.Matrix
Locally.locally_path_connected_at	KEPT	HOL-Analysis.Locally
List.random_list_inst.random_list	inst_infix	HOL.List
List.linorder_class.insort_insert	KEPT	HOL.List
Liouville_Lambda.liouville_lambda	KEPT	Dirichlet_Series.Liouville_Lambda
Linear_Homogenous_Recurrences.lhr	KEPT	Linear_Recurrences.Linear_Homogenous_Recurrences
Limited_Sequence.pos_iterate_upto	KEPT	HOL.Limited_Sequence
Limited_Sequence.neg_iterate_upto	KEPT	HOL.Limited_Sequence
Lebesgue_Measure.interval_measure	KEPT	HOL-Analysis.Lebesgue_Measure
Lazy_Sequence.small_lazy_list_rel	concealed	HOL.Lazy_Sequence
Lazy_Sequence.small_lazy_list_dom	KEPT	HOL.Lazy_Sequence
Lattices_Big.ord_class.is_arg_min	KEPT	HOL.Lattices_Big
Lattices_Big.ord_class.is_arg_max	KEPT	HOL.Lattices_Big
Lattices_Big.ord_class.arg_min_on	KEPT	HOL.Lattices_Big
Lattices_Big.ord_class.arg_max_on	KEPT	HOL.Lattices_Big
Lattices_Big.linorder_class.Min.F	KEPT	HOL.Lattices_Big
Lattices_Big.linorder_class.Max.F	KEPT	HOL.Lattices_Big
Lattices.semilattice_order_axioms	KEPT	HOL.Lattices
Lattices.minus_fun_inst.minus_fun	KEPT	HOL.Lattices
Lattice_Constructions.top.wit_top	adt_record	HOL-Library.Lattice_Constructions
Lattice_Constructions.top.set_top	KEPT	HOL-Library.Lattice_Constructions
Lattice_Constructions.top.rel_top	KEPT	HOL-Library.Lattice_Constructions
Lattice_Constructions.top.rec_top	KEPT	HOL-Library.Lattice_Constructions
Lattice_Constructions.top.mor_top	concealed	HOL-Library.Lattice_Constructions
Lattice_Constructions.top.map_top	KEPT	HOL-Library.Lattice_Constructions
Lattice_Constructions.top.alg_top	concealed	HOL-Library.Lattice_Constructions
Lattice_Constructions.top.Rep_top	concealed	HOL-Library.Lattice_Constructions
Lattice_Constructions.top.Abs_top	concealed	HOL-Library.Lattice_Constructions
Lattice_Constructions.bot.wit_bot	adt_record	HOL-Library.Lattice_Constructions
Lattice_Constructions.bot.set_bot	KEPT	HOL-Library.Lattice_Constructions
Lattice_Constructions.bot.rel_bot	KEPT	HOL-Library.Lattice_Constructions
Lattice_Constructions.bot.rec_bot	KEPT	HOL-Library.Lattice_Constructions
Lattice_Constructions.bot.mor_bot	concealed	HOL-Library.Lattice_Constructions
Lattice_Constructions.bot.map_bot	KEPT	HOL-Library.Lattice_Constructions
Lattice_Constructions.bot.alg_bot	concealed	HOL-Library.Lattice_Constructions
Lattice_Constructions.bot.Rep_bot	concealed	HOL-Library.Lattice_Constructions
Lattice_Constructions.bot.Abs_bot	concealed	HOL-Library.Lattice_Constructions
Landau_Symbols.asymp_equiv_at_top	KEPT	HOL-Library.Landau_Symbols
Landau_Real_Products.powr_primfun	KEPT	Landau_Symbols.Landau_Real_Products
Landau_Real_Products.powr_closure	KEPT	Landau_Symbols.Landau_Real_Products
Landau_Real_Products.eval_primfun	KEPT	Landau_Symbols.Landau_Real_Products
Landau_Real_Products.bigtheta_pow	KEPT	Landau_Symbols.Landau_Real_Products
Landau_Real_Products.LANDAU_PROD'	KEPT	Landau_Symbols.Landau_Real_Products
Landau_Real_Products.BIGTHETA_FUN	KEPT	Landau_Symbols.Landau_Real_Products
Is_Rat_To_Rat.is_rat_class.to_rat	KEPT	Polynomial_Interpolation.Is_Rat_To_Rat
Is_Rat_To_Rat.is_rat_class.is_rat	KEPT	Polynomial_Interpolation.Is_Rat_To_Rat
Is_Rat_To_Rat.class.is_rat_axioms	class_infix	Polynomial_Interpolation.Is_Rat_To_Rat
Interval_Integral_HK.ivl_integral	KEPT	Ordinary_Differential_Equations.Interval_Integral_HK
Interval_Float.subdivide_interval	KEPT	HOL-Library.Interval_Float
Infinite_Typeclass.infinite_class	class_pred	HOL-Library.Infinite_Typeclass
Infinite_Typeclass.class.infinite	class_infix	HOL-Library.Infinite_Typeclass
Infinite_Products.convergent_prod	KEPT	HOL-Analysis.Infinite_Products
Infinite_Product_Measure.comb_seq	KEPT	HOL-Probability.Infinite_Product_Measure
IDirProds.INTEG.R.add.is_idirprod	KEPT	Finitely_Generated_Abelian_Groups.IDirProds
IDirProds.INTEG.P.add.is_idirprod	KEPT	Finitely_Generated_Abelian_Groups.IDirProds
Harmonic_Numbers.euler_mascheroni	KEPT	HOL-Analysis.Harmonic_Numbers
Groups_List.monoid_mult.prod_list	class_variant	HOL.Groups_List
Groups_Big.comm_monoid_mult.prod'	class_variant	HOL.Groups_Big
Groups.ordered_ab_group_add_class	class_pred	HOL.Groups
Groups.class.ordered_ab_group_add	class_infix	HOL.Groups
Groups.class.cancel_semigroup_add	class_infix	HOL.Groups
Groups.cancel_semigroup_add_class	class_pred	HOL.Groups
Group_Sort.groupsort.part_aux_rel	concealed	Landau_Symbols.Group_Sort
Group_Sort.groupsort.part_aux_dom	hidden	Landau_Symbols.Group_Sort
Group_Relations.int.add.relations	KEPT	Finitely_Generated_Abelian_Groups.Group_Relations
Geo_Real2.real2.neu.circle_circle	KEPT	MathBench_ProverBase.Geo_Real2
Geo_Real2.real2.neu.Parallelogram	KEPT	MathBench_ProverBase.Geo_Real2
Geo_Real2.real2.neu.IsOrthocenter	KEPT	MathBench_ProverBase.Geo_Real2
Geo_Real2.real2.neu.GradExpn_sumC	KEPT	MathBench_ProverBase.Geo_Real2
Gauss_Sums.primitive_dchar_axioms	KEPT	Gauss_Sums.Gauss_Sums
Gamma_Function.class.Gamma_axioms	class_infix	HOL-Analysis.Gamma_Function
Gamma_Function.Gamma_class.rGamma	KEPT	HOL-Analysis.Gamma_Function
GCD.bounded_quasi_semilattice_set	KEPT	HOL.GCD
Fundamental_Theorem_Algebra.psize	KEPT	HOL-Computational_Algebra.Fundamental_Theorem_Algebra
Formal_Power_Series.radical_graph	concealed	HOL-Computational_Algebra.Formal_Power_Series
Formal_Power_Series.gcompinv_sumC	KEPT	HOL-Computational_Algebra.Formal_Power_Series
Formal_Power_Series.fps_nth_deriv	KEPT	HOL-Computational_Algebra.Formal_Power_Series
Formal_Power_Series.fps_integral0	KEPT	HOL-Computational_Algebra.Formal_Power_Series
Formal_Power_Series.compinv_graph	concealed	HOL-Computational_Algebra.Formal_Power_Series
Formal_Laurent_Series.fls_residue	KEPT	HOL-Computational_Algebra.Formal_Laurent_Series
Formal_Laurent_Series.fls_regpart	KEPT	HOL-Computational_Algebra.Formal_Laurent_Series
Formal_Laurent_Series.fls.fls_nth	KEPT	HOL-Computational_Algebra.Formal_Laurent_Series
Formal_Laurent_Series.fls.Abs_fls	abs_rep_name	HOL-Computational_Algebra.Formal_Laurent_Series
Finite_Set.folding_idem_on_axioms	KEPT	HOL.Finite_Set
Finite_Product_Measure.Pi\<^sub>M	KEPT	HOL-Analysis.Finite_Product_Measure
Filter.top_filter_inst.top_filter	inst_infix	HOL.Filter
Filter.sup_filter_inst.sup_filter	inst_infix	HOL.Filter
Filter.inf_filter_inst.inf_filter	inst_infix	HOL.Filter
Filter.bot_filter_inst.bot_filter	inst_infix	HOL.Filter
Filter.Sup_filter_inst.Sup_filter	inst_infix	HOL.Filter
Filter.Inf_filter_inst.Inf_filter	inst_infix	HOL.Filter
Fields.class.division_ring_axioms	class_infix	HOL.Fields
FSet.uminus_fset_inst.uminus_fset	inst_infix	HOL-Library.FSet
FSet.random_fset_inst.random_fset	inst_infix	HOL-Library.FSet
FSet.comm_monoid_add_class.fsum.F	KEPT	HOL-Library.FSet
FPS_Convergence.has_fps_expansion	KEPT	HOL-Analysis.FPS_Convergence
Extended_Real.real_of_ereal_graph	concealed	HOL-Library.Extended_Real
Extended_Real.inverse_ereal_graph	concealed	HOL-Library.Extended_Real
Extended_Real.ereal.min_alg_ereal	concealed	HOL-Library.Extended_Real
Extended_Nonnegative_Real.ennreal	KEPT	HOL-Library.Extended_Nonnegative_Real
Eratosthenes.dvd_class.dvd_strict	KEPT	HOL-Number_Theory.Eratosthenes
Enum.finite_distrib_lattice_class	class_pred	HOL.Enum
Enum.enum_unit_inst.enum_all_unit	inst_infix	HOL.Enum
Enum.enum_prod_inst.enum_all_prod	inst_infix	HOL.Enum
Enum.enum_option_inst.enum_option	inst_infix	HOL.Enum
Enum.enum_bool_inst.enum_all_bool	inst_infix	HOL.Enum
Enum.class.finite_distrib_lattice	class_infix	HOL.Enum
Elementary_Topology.homeomorphism	KEPT	HOL-Analysis.Elementary_Topology
Elementary_Operations.row_add_row	KEPT	Gauss_Jordan.Elementary_Operations
Elementary_Operations.mult_column	KEPT	Gauss_Jordan.Elementary_Operations
Elementary_Metric_Spaces.diameter	KEPT	HOL-Analysis.Elementary_Metric_Spaces
Elementary_Groups.singleton_group	KEPT	HOL-Algebra.Elementary_Groups
Efficient_Discrete_Sqrt.q65_array	KEPT	Pell.Efficient_Discrete_Sqrt
Efficient_Discrete_Sqrt.q64_array	KEPT	Pell.Efficient_Discrete_Sqrt
Efficient_Discrete_Sqrt.q63_array	KEPT	Pell.Efficient_Discrete_Sqrt
Efficient_Discrete_Sqrt.q11_array	KEPT	Pell.Efficient_Discrete_Sqrt
Dual_Order.dual_wellorder.mono_on	KEPT	Rank_Nullity_Theorem.Dual_Order
Dual_Order.dual_wellorder.lexordp	KEPT	Rank_Nullity_Theorem.Dual_Order
Dual_Order.dual_wellorder.greater	KEPT	Rank_Nullity_Theorem.Dual_Order
Dual_Order.dual_wellorder.atLeast	KEPT	Rank_Nullity_Theorem.Dual_Order
Dual_Order.dual_wellorder.arg_min	KEPT	Rank_Nullity_Theorem.Dual_Order
Dual_Order.dual_wellorder.arg_max	KEPT	Rank_Nullity_Theorem.Dual_Order
Divisibility.monoid_cancel_axioms	KEPT	HOL-Algebra.Divisibility
Divisibility.gcd_condition_monoid	KEPT	HOL-Algebra.Divisibility
Distributions.exponential_density	KEPT	HOL-Probability.Distributions
Discrete_Functions.floor_log_sumC	KEPT	HOL-Library.Discrete_Functions
Dirichlet_Characters.residues_nat	KEPT	Dirichlet_L.Dirichlet_Characters
DigitsInBase.LEeval_as_base_graph	concealed	DigitsInBase.DigitsInBase
Determinants.rotoinversion_matrix	KEPT	HOL-Analysis.Determinants
Dense_Linear_Order.linorder_no_ub	infra_theory	HOL-Decision_Procs.Dense_Linear_Order
Dense_Linear_Order.linorder_no_lb	infra_theory	HOL-Decision_Procs.Dense_Linear_Order
Cooper.typerep_fm_inst.typerep_fm	infra_theory	HOL-Decision_Procs.Cooper
Cooper.term_of_fm_inst.term_of_fm	infra_theory	HOL-Decision_Procs.Cooper
Cooper.random_num_inst.random_num	infra_theory	HOL-Decision_Procs.Cooper
Cooper.fm.fm_pre_fm.Rep_fm_pre_fm	concealed	HOL-Decision_Procs.Cooper
Cooper.fm.fm_pre_fm.Abs_fm_pre_fm	concealed	HOL-Decision_Procs.Cooper
Continued_Fractions.conv_num_sumC	KEPT	Continued_Fractions.Continued_Fractions
Continued_Fractions.conv_gen_sumC	KEPT	Continued_Fractions.Continued_Fractions
Continued_Fractions.cfrac_of_real	KEPT	Continued_Fractions.Continued_Fractions
Continued_Fractions.cfrac_of_list	KEPT	Continued_Fractions.Continued_Fractions
Continued_Fractions.cfrac_is_zero	KEPT	Continued_Fractions.Continued_Fractions
Containers_Auxiliary.less_eq_prod	KEPT	Containers.Containers_Auxiliary
Connected.connected_component_set	KEPT	HOL-Analysis.Connected
Conjugate.conjugatable_ring_class	class_pred	Jordan_Normal_Form.Conjugate
Conjugate.class.conjugatable_ring	class_infix	Jordan_Normal_Form.Conjugate
Congruence.partial_object.carrier	KEPT	HOL-Algebra.Congruence
Complex_Roots_Of_Unity.unity_root	KEPT	Gauss_Sums.Complex_Roots_Of_Unity
Complex_Lexorder.less_complex_lex	KEPT	Hermite_Lindemann.Complex_Lexorder
Complex_Lexorder.complex_lex.sort	KEPT	Hermite_Lindemann.Complex_Lexorder
Complex_Lexorder.complex_lex.part	KEPT	Hermite_Lindemann.Complex_Lexorder
Complex_Lexorder.complex_lex.mono	KEPT	Hermite_Lindemann.Complex_Lexorder
Complete_Partial_Order.class.ccpo	class_infix	HOL.Complete_Partial_Order
Complete_Partial_Order.ccpo_class	class_pred	HOL.Complete_Partial_Order
Complete_Measure.split_completion	KEPT	HOL-Analysis.Complete_Measure
Complete_Measure.outer_measure_of	KEPT	HOL-Analysis.Complete_Measure
Complete_Measure.complete_measure	KEPT	HOL-Analysis.Complete_Measure
Complete_Lattice.complete_lattice	KEPT	HOL-Algebra.Complete_Lattice
Commutative_Ring.random_aux_polex	concealed	HOL-Decision_Procs.Commutative_Ring
Commutative_Ring.polex.size_polex	infra_theory	HOL-Decision_Procs.Commutative_Ring
Commutative_Ring.polex.dtor_polex	concealed	HOL-Decision_Procs.Commutative_Ring
Commutative_Ring.polex.ctor_polex	concealed	HOL-Decision_Procs.Commutative_Ring
Commutative_Ring.polex.case_polex	KEPT	HOL-Decision_Procs.Commutative_Ring
Commutative_Ring.pol.str_init_pol	concealed	HOL-Decision_Procs.Commutative_Ring
Commutative_Ring.pol.ctor_rec_pol	concealed	HOL-Decision_Procs.Commutative_Ring
Commutative_Ring.mon.str_init_mon	concealed	HOL-Decision_Procs.Commutative_Ring
Commutative_Ring.mon.ctor_rec_mon	concealed	HOL-Decision_Procs.Commutative_Ring
Commutative_Ring.cring_class.head	infra_theory	HOL-Decision_Procs.Commutative_Ring
Commutative_Ring.cring_class.Ipol	infra_theory	HOL-Decision_Procs.Commutative_Ring
Commutative_Ring.cring_class.Imon	infra_theory	HOL-Decision_Procs.Commutative_Ring
Commutative_Ring.cring.in_carrier	infra_theory	HOL-Decision_Procs.Commutative_Ring
Column_Operations.add_col_sub_row	KEPT	Jordan_Normal_Form.Column_Operations
Coinductive_Nat.co.enat.case_enat	KEPT	Coinductive.Coinductive_Nat
Coinductive_List.random_aux_llist	concealed	Coinductive.Coinductive_List
Coinductive_List.llist.strT_llist	concealed	Coinductive.Coinductive_List
Coinductive_List.llist.pred_llist	KEPT	Coinductive.Coinductive_List
Coinductive_List.llist.llist_all2	KEPT	Coinductive.Coinductive_List
Coinductive_List.llist.dtor_llist	concealed	Coinductive.Coinductive_List
Coinductive_List.llist.ctor_llist	concealed	Coinductive.Coinductive_List
Coinductive_List.llist.case_llist	KEPT	Coinductive.Coinductive_List
Coinductive_List.llist.carT_llist	concealed	Coinductive.Coinductive_List
Coinductive_List.llist.admissible	KEPT	Coinductive.Coinductive_List
Code_Test.yxml_string_of_xml_tree	KEPT	HOL-Library.Code_Test
Code_Numeral.natural.case_natural	KEPT	HOL.Code_Numeral
Code_Evaluation.term.min_alg_term	concealed	HOL.Code_Evaluation
Chebyshev_Polynomials.cheb_poly.f	KEPT	Chebyshev_Polynomials.Chebyshev_Polynomials
Chebyshev_Polynomials.cheb_poly.P	KEPT	Chebyshev_Polynomials.Chebyshev_Polynomials
Centered_Division.centered_modulo	KEPT	HOL-Library.Centered_Division
Centered_Division.centered_divide	KEPT	HOL-Library.Centered_Division
Cauchy_Index_Theorem.cindex_pathE	KEPT	Winding_Number_Eval.Cauchy_Index_Theorem
Catalan_Numbers.tree.min_alg_tree	concealed	Catalan_Numbers.Catalan_Numbers
Catalan_Numbers.catalan_aux_graph	concealed	Catalan_Numbers.Catalan_Numbers
Cartesian_Space.orthogonal_matrix	KEPT	HOL-Analysis.Cartesian_Space
Bounded_Linear_Operator.cr_blinop	KEPT	Ordinary_Differential_Equations.Bounded_Linear_Operator
Bivariate_Polynomials.coeff_lift2	KEPT	Algebraic_Numbers.Bivariate_Polynomials
Bit_Operations.or_not_num_neg_rel	concealed	HOL.Bit_Operations
Bit_Operations.or_not_num_neg_dom	KEPT	HOL.Bit_Operations
BNF_Wellorder_Relation.wo_rel.suc	KEPT	HOL.BNF_Wellorder_Relation
BNF_Wellorder_Constructions.Restr	KEPT	HOL.BNF_Wellorder_Constructions
BNF_Greatest_Fixpoint.toCard_pred	KEPT	HOL.BNF_Greatest_Fixpoint
BNF_Greatest_Fixpoint.relInvImage	KEPT	HOL.BNF_Greatest_Fixpoint
BNF_Cardinal_Arithmetic.cinfinite	KEPT	HOL.BNF_Cardinal_Arithmetic
BNF_Cardinal_Arithmetic.Cinfinite	KEPT	HOL.BNF_Cardinal_Arithmetic
Approximation_Bounds.ub_ln_horner	infra_theory	HOL-Decision_Procs.Approximation_Bounds
Approximation_Bounds.lb_ln_horner	infra_theory	HOL-Decision_Procs.Approximation_Bounds
Approximation.isDERIV_approx_sumC	infra_theory	HOL-Decision_Procs.Approximation
Approximation.interpret_form_sumC	infra_theory	HOL-Decision_Procs.Approximation
Approximation.form.ctor_fold_form	concealed	HOL-Decision_Procs.Approximation
Approximation.approx_approx'_sumC	infra_theory	HOL-Decision_Procs.Approximation
Algebraic_Numbers_Prelim.poly_rat	KEPT	Algebraic_Numbers.Algebraic_Numbers_Prelim
Abstract_Topology.topology.openin	KEPT	HOL-Analysis.Abstract_Topology
Abstract_Topology.retraction_maps	KEPT	HOL-Analysis.Abstract_Topology
Abstract_Topology.connected_space	KEPT	HOL-Analysis.Abstract_Topology
AbelCoset.abelian_subgroup_axioms	KEPT	HOL-Algebra.AbelCoset
Word.enum_word_inst.enum_ex_word	inst_infix	HOL-Library.Word
Utility.sorted_list_subset_graph	concealed	Matrix.Utility
Urysohn.completely_regular_space	KEPT	HOL-Analysis.Urysohn
Unique_Factorization_Poly.eq_dff	KEPT	Berlekamp_Zassenhaus.Unique_Factorization_Poly
Typerep.typerep_class.typerep_of	KEPT	HOL.Typerep
Typerep.typerep.str_init_typerep	concealed	HOL.Typerep
Typerep.typerep.ctor_rec_typerep	concealed	HOL.Typerep
Tree_Multiset.subtrees_mset_sumC	KEPT	HOL-Library.Tree_Multiset
Tree.pre_tree.tree.set2_pre_tree	concealed	HOL-Library.Tree
Tree.pre_tree.tree.set1_pre_tree	concealed	HOL-Library.Tree
Tree.pre_tree.tree.pred_pre_tree	concealed	HOL-Library.Tree
Transfer_Cayley_Hamilton.Rel_vec	KEPT	Lie_Groups.Transfer_Cayley_Hamilton
Topological_Spaces.continuous_on	KEPT	HOL.Topological_Spaces
Time_Functions.T_size_list_graph	concealed	HOL-Library.Time_Functions
Tagged_Division.operative_axioms	KEPT	HOL-Analysis.Tagged_Division
Symmetric_Polynomials.restrictpm	KEPT	Symmetric_Polynomials.Symmetric_Polynomials
Symmetric_Polynomials.mapm_mpoly	KEPT	Symmetric_Polynomials.Symmetric_Polynomials
Symmetric_Polynomials.lead_monom	KEPT	Symmetric_Polynomials.Symmetric_Polynomials
Symmetric_Polynomials.lead_coeff	KEPT	Symmetric_Polynomials.Symmetric_Polynomials
Sublist.suffix_order.strict_mono	KEPT	HOL-Library.Sublist
Sublist.suffix_order.greaterThan	KEPT	HOL-Library.Sublist
Sublist.suffix_order.antimono_on	KEPT	HOL-Library.Sublist
Sublist.subseq_order.strict_mono	KEPT	HOL-Library.Sublist
Sublist.subseq_order.greaterThan	KEPT	HOL-Library.Sublist
Sublist.subseq_order.antimono_on	KEPT	HOL-Library.Sublist
Sublist.sublist_order.lexordp_eq	KEPT	HOL-Library.Sublist
Sublist.sublist_order.is_arg_min	KEPT	HOL-Library.Sublist
Sublist.sublist_order.is_arg_max	KEPT	HOL-Library.Sublist
Sublist.sublist_order.greater_eq	KEPT	HOL-Library.Sublist
Sublist.sublist_order.arg_min_on	KEPT	HOL-Library.Sublist
Sublist.sublist_order.arg_max_on	KEPT	HOL-Library.Sublist
Sublist.prefix_order.strict_mono	KEPT	HOL-Library.Sublist
Sublist.prefix_order.greaterThan	KEPT	HOL-Library.Sublist
Sublist.prefix_order.antimono_on	KEPT	HOL-Library.Sublist
Sturm_Theorem.split_sign_changes	KEPT	Sturm_Sequences.Sturm_Theorem
Stream.stream.dtor_unfold_stream	concealed	HOL-Library.Stream
State_Monad.state.str_init_state	concealed	HOL-Library.State_Monad
State_Monad.state.ctor_rec_state	concealed	HOL-Library.State_Monad
Square_Matrix.sq_matrix.subspace	KEPT	Cayley_Hamilton.Square_Matrix
Sigma_Algebra.smallest_ccdi_sets	KEPT	HOL-Analysis.Sigma_Algebra
Sigma_Algebra.countably_additive	KEPT	HOL-Analysis.Sigma_Algebra
Set_Interval.ord.atLeastLessThan	class_variant	HOL.Set_Interval
Set.typerep_set_inst.typerep_set	inst_infix	HOL.List
Set.term_of_set_inst.term_of_set	inst_infix	HOL.List
Saturated.zero_sat_inst.zero_sat	inst_infix	HOL-Library.Saturated
Saturated.plus_sat_inst.plus_sat	inst_infix	HOL-Library.Saturated
Saturated.enum_sat_inst.enum_sat	inst_infix	HOL-Library.Saturated
Rings.zero_neq_one_class.of_bool	KEPT	HOL.Rings
Rings.class.zero_less_one_axioms	class_infix	HOL.Rings
Rings.class.comm_semiring_axioms	class_infix	HOL.Rings
Ring_Hom.inj_comm_monoid_add_hom	KEPT	Polynomial_Interpolation.Ring_Hom
Riemann_Mapping.Moebius_function	KEPT	HOL-Complex_Analysis.Riemann_Mapping
Reflective_Field.split_aux_graph	concealed	HOL-Decision_Procs.Reflective_Field
Reflective_Field.pexpr.rec_pexpr	KEPT	HOL-Decision_Procs.Reflective_Field
Reflective_Field.pexpr.Rep_pexpr	concealed	HOL-Decision_Procs.Reflective_Field
Reflective_Field.pexpr.Abs_pexpr	concealed	HOL-Decision_Procs.Reflective_Field
Reflective_Field.field.peval_rel	concealed	HOL-Decision_Procs.Reflective_Field
Reflective_Field.field.peval_dom	infra_theory	HOL-Decision_Procs.Reflective_Field
Reflective_Field.fexpr.rec_fexpr	KEPT	HOL-Decision_Procs.Reflective_Field
Reflective_Field.fexpr.mor_fexpr	concealed	HOL-Decision_Procs.Reflective_Field
Reflective_Field.fexpr.alg_fexpr	concealed	HOL-Decision_Procs.Reflective_Field
Reflective_Field.fexpr.Rep_fexpr	concealed	HOL-Decision_Procs.Reflective_Field
Reflective_Field.fexpr.Abs_fexpr	concealed	HOL-Decision_Procs.Reflective_Field
Rat.typerep_rat_inst.typerep_rat	inst_infix	HOL.Rat
Rat.term_of_rat_inst.term_of_rat	inst_infix	HOL.Rat
Rat.inverse_rat_inst.inverse_rat	inst_infix	HOL.Rat
Random_Sequence.pos_iterate_upto	KEPT	HOL.Random_Sequence
Random_Sequence.neg_iterate_upto	KEPT	HOL.Random_Sequence
Ramanujan_Sums.gen_ramanujan_sum	KEPT	Gauss_Sums.Ramanujan_Sums
Quickcheck_Random.random_fun_aux	KEPT	HOL.Quickcheck_Random
Quickcheck_Random.random_aux_set	KEPT	HOL.Quickcheck_Random
Quickcheck_Narrowing.ffun.Update	KEPT	HOL.Quickcheck_Narrowing
Quickcheck_Narrowing.around_zero	hidden	HOL.Quickcheck_Narrowing
Quickcheck_Exhaustive.cps_single	KEPT	HOL.Quickcheck_Exhaustive
Quadratic_Reciprocity.QR.Sets_pq	KEPT	HOL-Number_Theory.Quadratic_Reciprocity
Projective_Family.Ionescu_Tulcea	KEPT	HOL-Probability.Projective_Family
Product_Vector.vector_space_prod	KEPT	HOL-Analysis.Product_Vector
Product_Vector.real_vector.scale	KEPT	HOL-Analysis.Product_Vector
Product_Vector.module_prod.scale	KEPT	HOL-Analysis.Product_Vector
Primes.semiring_prime_char_class	class_pred	HOL-Computational_Algebra.Primes
Primes.class.semiring_prime_char	class_infix	HOL-Computational_Algebra.Primes
Prime_Factorization.divisors_nat	KEPT	Polynomial_Factorization.Prime_Factorization
Prime_Factorization.divisors_int	KEPT	Polynomial_Factorization.Prime_Factorization
Prime_Factorization.divisors_fun	KEPT	Polynomial_Factorization.Prime_Factorization
Prerequisites.local_typedef.cr_S	KEPT	HOL-Types_To_Sets.Prerequisites
Predicate.top_pred_inst.top_pred	inst_infix	HOL.Predicate
Predicate.sup_pred_inst.sup_pred	inst_infix	HOL.Predicate
Predicate.inf_pred_inst.inf_pred	inst_infix	HOL.Predicate
Predicate.bot_pred_inst.bot_pred	inst_infix	HOL.Predicate
Predicate.Sup_pred_inst.Sup_pred	inst_infix	HOL.Predicate
Predicate.Inf_pred_inst.Inf_pred	inst_infix	HOL.Predicate
Pratt_Certificate.valid_cert_rel	concealed	Pratt_Certificate.Pratt_Certificate
Pratt_Certificate.valid_cert_dom	KEPT	Pratt_Certificate.Pratt_Certificate
Pratt_Certificate.size_pratt_rel	concealed	Pratt_Certificate.Pratt_Certificate
Pratt_Certificate.size_pratt_dom	KEPT	Pratt_Certificate.Pratt_Certificate
Pratt_Certificate.size_cert_sumC	KEPT	Pratt_Certificate.Pratt_Certificate
Pratt_Certificate.build_fpc_sumC	KEPT	Pratt_Certificate.Pratt_Certificate
Polynomial_List.semiring_0.pmult	infra_theory	HOL-Decision_Procs.Polynomial_List
Polynomial_List.semiring_0.cmult	infra_theory	HOL-Decision_Procs.Polynomial_List
Polynomial_FPS.prefix_length_aux	KEPT	HOL-Computational_Algebra.Polynomial_FPS
Polynomial.divide_poly_main_sumC	KEPT	HOL-Computational_Algebra.Polynomial
Polynomial.divide_poly_main_list	KEPT	HOL-Computational_Algebra.Polynomial
Poly_Mapping.poly_mapping.lookup	KEPT	HOL-Library.Poly_Mapping
Poincare_Map.invertibles_blinfun	KEPT	Ordinary_Differential_Equations.Poincare_Map
Phantom_Type.phantom.wit_phantom	adt_record	HOL-Library.Phantom_Type
Phantom_Type.phantom.rel_phantom	KEPT	HOL-Library.Phantom_Type
Phantom_Type.phantom.rec_phantom	KEPT	HOL-Library.Phantom_Type
Phantom_Type.phantom.mor_phantom	concealed	HOL-Library.Phantom_Type
Phantom_Type.phantom.map_phantom	KEPT	HOL-Library.Phantom_Type
Phantom_Type.phantom.alg_phantom	concealed	HOL-Library.Phantom_Type
Phantom_Type.phantom.Rep_phantom	concealed	HOL-Library.Phantom_Type
Phantom_Type.phantom.Abs_phantom	concealed	HOL-Library.Phantom_Type
Permutations.permutes_bij_finite	KEPT	HOL-Combinatorics.Permutations
Permutations.permutation_of_list	KEPT	HOL-Combinatorics.Permutations
Permutations.adj_transp_seq_sumC	KEPT	HOL-Combinatorics.Permutations
Periodic_Fun.periodic_fun_simple	KEPT	HOL-Library.Periodic_Fun
Pell_Algorithm.pell_mul_nat_sumC	KEPT	Pell.Pell_Algorithm
Pell_Algorithm.find_nth_solution	KEPT	Pell.Pell_Algorithm
Path_Connected.path_component_of	KEPT	HOL-Analysis.Path_Connected
Partial_Function.tailrec.lub_fun	KEPT	HOL.Partial_Function
Partial_Function.option.fixp_fun	KEPT	HOL.Partial_Function
Parity.semiring_parity_class.odd	KEPT	HOL.Parity
Parametric_Ferrante_Rackoff.uset	infra_theory	HOL-Decision_Procs.Parametric_Ferrante_Rackoff
Parametric_Ferrante_Rackoff.prep	infra_theory	HOL-Decision_Procs.Parametric_Ferrante_Rackoff
Parametric_Ferrante_Rackoff.fm.T	KEPT	HOL-Decision_Procs.Parametric_Ferrante_Rackoff
Parametric_Ferrante_Rackoff.fm.F	KEPT	HOL-Decision_Procs.Parametric_Ferrante_Rackoff
Parametric_Ferrante_Rackoff.fm.E	KEPT	HOL-Decision_Procs.Parametric_Ferrante_Rackoff
Parametric_Ferrante_Rackoff.fm.A	KEPT	HOL-Decision_Procs.Parametric_Ferrante_Rackoff
Parametric_Ferrante_Rackoff.disj	infra_theory	HOL-Decision_Procs.Parametric_Ferrante_Rackoff
Parametric_Ferrante_Rackoff.decr	infra_theory	HOL-Decision_Procs.Parametric_Ferrante_Rackoff
Parametric_Ferrante_Rackoff.conj	infra_theory	HOL-Decision_Procs.Parametric_Ferrante_Rackoff
Parametric_Ferrante_Rackoff.CJNB	infra_theory	HOL-Decision_Procs.Parametric_Ferrante_Rackoff
Parallel.future.ctor_fold_future	concealed	HOL-Library.Parallel
Orderings.top_bool_inst.top_bool	inst_infix	HOL.Orderings
Orderings.class.wellorder_axioms	class_infix	HOL.Orderings
Orderings.class.order_top_axioms	class_infix	HOL.Orderings
Orderings.class.order_bot_axioms	class_infix	HOL.Orderings
Orderings.bot_bool_inst.bot_bool	inst_infix	HOL.Orderings
Num.typerep_num_inst.typerep_num	inst_infix	HOL.Num
Num.term_of_num_inst.term_of_num	inst_infix	HOL.Num
Nth_Powers.nth_root_nat_aux_sumC	KEPT	HOL-Computational_Algebra.Nth_Powers
Nitpick.fun_box.str_init_fun_box	concealed	HOL.Nitpick
Nitpick.fun_box.ctor_rec_fun_box	concealed	HOL.Nitpick
Newton_Interpolation.xij_f_graph	concealed	Polynomial_Interpolation.Newton_Interpolation
Newton_Interpolation.newton_poly	KEPT	Polynomial_Interpolation.Newton_Interpolation
Nat.typerep_nat_inst.typerep_nat	inst_infix	HOL.Nat
Nat.term_of_nat_inst.term_of_nat	inst_infix	HOL.Nat
Nat.class.semiring_char_0_axioms	class_infix	HOL.Nat
Multiset.subset_mset.strict_mono	KEPT	HOL-Library.Multiset
Multiset.subset_mset.greaterThan	KEPT	HOL-Library.Multiset
Multiset.subset_mset.antimono_on	KEPT	HOL-Library.Multiset
Multiset.subset_eq_mset_impl_rel	concealed	HOL-Library.Multiset
Multiset.subset_eq_mset_impl_dom	KEPT	HOL-Library.Multiset
Multiseries_Expansion.ms_closure	KEPT	HOL-Real_Asymp.Multiseries_Expansion
Multiseries_Expansion.ms.size_ms	adt_record	HOL-Real_Asymp.Multiseries_Expansion
Multiseries_Expansion.ms.pred_ms	KEPT	HOL-Real_Asymp.Multiseries_Expansion
Multiseries_Expansion.ms.dtor_ms	concealed	HOL-Real_Asymp.Multiseries_Expansion
Multiseries_Expansion.ms.ctor_ms	concealed	HOL-Real_Asymp.Multiseries_Expansion
Multiseries_Expansion.ms.case_ms	KEPT	HOL-Real_Asymp.Multiseries_Expansion
Multiseries_Expansion.map_ms_aux	KEPT	HOL-Real_Asymp.Multiseries_Expansion
Multiseries_Expansion.lcoeff_rel	concealed	HOL-Real_Asymp.Multiseries_Expansion
Multiseries_Expansion.lcoeff_dom	KEPT	HOL-Real_Asymp.Multiseries_Expansion
Multiseries_Expansion.is_lifting	KEPT	HOL-Real_Asymp.Multiseries_Expansion
Multiseries_Expansion.expands_to	KEPT	HOL-Real_Asymp.Multiseries_Expansion
Multiseries_Expansion.eval_monom	KEPT	HOL-Real_Asymp.Multiseries_Expansion
Mod_Type.mod_type_class.from_nat	KEPT	Rank_Nullity_Theorem.Mod_Type
Missing_Polynomial.leading_coeff	KEPT	Polynomial_Interpolation.Missing_Polynomial
Missing_Polynomial.expand_powers	KEPT	Polynomial_Interpolation.Missing_Polynomial
Missing_List.find_map_filter_rel	concealed	Polynomial_Factorization.Missing_List
Missing_List.find_map_filter_dom	KEPT	Polynomial_Factorization.Missing_List
Miscellaneous.matrix_scalar_mult	KEPT	Rank_Nullity_Theorem.Miscellaneous
Miscellaneous.matrix.independent	KEPT	Rank_Nullity_Theorem.Miscellaneous
Matrix_To_IArray.mult_row_iarray	KEPT	Gauss_Jordan.Matrix_To_IArray
MPoly_Type.insertion_fun_natural	KEPT	Polynomials.MPoly_Type
MIR.typerep_num_inst.typerep_num	infra_theory	HOL-Decision_Procs.MIR
MIR.term_of_num_inst.term_of_num	infra_theory	HOL-Decision_Procs.MIR
MIR.fm.fm_IITN_fm.Rep_fm_IITN_fm	concealed	HOL-Decision_Procs.MIR
MIR.fm.fm_IITN_fm.Abs_fm_IITN_fm	concealed	HOL-Decision_Procs.MIR
List.pre_list.list.set2_pre_list	concealed	HOL.List
List.pre_list.list.set1_pre_list	concealed	HOL.List
List.pre_list.list.pred_pre_list	concealed	HOL.List
List.linorder.sorted_list_of_set	class_variant	HOL.List
List.interval_class.all_interval	KEPT	HOL.List
Linear_Recurrences_Misc.zip_with	KEPT	Linear_Recurrences.Linear_Recurrences_Misc
Linear_Maps.invertible_lf_axioms	KEPT	Gauss_Jordan.Linear_Maps
Lazy_Sequence.iterate_upto_graph	concealed	HOL.Lazy_Sequence
Lattices.semilattice_neutr_order	KEPT	HOL.Lattices
Lattice.upper_semilattice_axioms	KEPT	HOL-Algebra.Lattice
Lattice.lower_semilattice_axioms	KEPT	HOL-Algebra.Lattice
Landau_Symbols.smallomega_at_top	KEPT	HOL-Library.Landau_Symbols
Landau_Real_Products.set_inverse	KEPT	Landau_Symbols.Landau_Real_Products
Landau_Real_Products.nonneg_list	KEPT	Landau_Symbols.Landau_Real_Products
Landau_Real_Products.LANDAU_PROD	KEPT	Landau_Symbols.Landau_Real_Products
Int.typerep_int_inst.typerep_int	inst_infix	HOL.Int
Int.term_of_int_inst.term_of_int	inst_infix	HOL.Int
Initial_Value_Problem.solves_ode	KEPT	Ordinary_Differential_Equations.Initial_Value_Problem
Infinite_Set_Sum.abs_summable_on	KEPT	HOL-Analysis.Infinite_Set_Sum
Infinite_Set.wellorder.enumerate	class_variant	HOL-Library.Infinite_Set
Groups_List.comm_monoid_list_set	KEPT	HOL.Groups_List
Groups_Big_Fun.comm_monoid_fun.G	KEPT	HOL-Library.Groups_Big_Fun
Groups_Big.comm_monoid_mult.prod	class_variant	HOL.Groups_Big
Groups_Big.comm_monoid_mult.Prod	class_variant	HOL.Groups_Big
Groups.class.ab_group_add_axioms	class_infix	HOL.Groups
Group_Sort.groupsort.group_graph	concealed	Landau_Symbols.Group_Sort
Geo_Real2.real2.neu.GradExpn_rel	concealed	MathBench_ProverBase.Geo_Real2
Geo_Real2.real2.neu.GradExpn_dom	KEPT	MathBench_ProverBase.Geo_Real2
Geo_Real2.real2.neu.ConcyclicGen	KEPT	MathBench_ProverBase.Geo_Real2
Geo_Real2.real2.neu.CantorsAxiom	KEPT	MathBench_ProverBase.Geo_Real2
Gaussian_Integers.gauss_int_norm	KEPT	Gaussian_Integers.Gaussian_Integers
Gauss_Jordan_IArrays.rank_iarray	KEPT	Gauss_Jordan.Gauss_Jordan_IArrays
GCD.semiring_gcd_class.Lcm_fin.F	KEPT	HOL.GCD
GCD.semiring_gcd_class.Gcd_fin.F	KEPT	HOL.GCD
GCD.gcd_integer_inst.lcm_integer	inst_infix	HOL.GCD
GCD.gcd_integer_inst.gcd_integer	inst_infix	HOL.GCD
Fundamental_Subspaces.null_space	KEPT	Rank_Nullity_Theorem.Fundamental_Subspaces
Fun.ord_class.strict_antimono_on	KEPT	HOL.Fun
Formal_Power_Series.radical_sumC	KEPT	HOL-Computational_Algebra.Formal_Power_Series
Formal_Power_Series.gcompinv_rel	concealed	HOL-Computational_Algebra.Formal_Power_Series
Formal_Power_Series.gcompinv_dom	KEPT	HOL-Computational_Algebra.Formal_Power_Series
Formal_Power_Series.fps_integral	KEPT	HOL-Computational_Algebra.Formal_Power_Series
Formal_Power_Series.fps_hypergeo	KEPT	HOL-Computational_Algebra.Formal_Power_Series
Formal_Power_Series.fps_binomial	KEPT	HOL-Computational_Algebra.Formal_Power_Series
Formal_Power_Series.compinv_sumC	KEPT	HOL-Computational_Algebra.Formal_Power_Series
Formal_Laurent_Series.fps_to_fls	KEPT	HOL-Computational_Algebra.Formal_Laurent_Series
Formal_Laurent_Series.fls_prpart	KEPT	HOL-Computational_Algebra.Formal_Laurent_Series
Float.zero_float_inst.zero_float	inst_infix	HOL-Library.Float
Float.plus_float_inst.plus_float	inst_infix	HOL-Library.Float
Finite_Cartesian_Product.columns	KEPT	HOL-Analysis.Finite_Cartesian_Product
Fin_Map.open_fmap_inst.open_fmap	inst_infix	HOL-Probability.Fin_Map
Fin_Map.dist_fmap_inst.dist_fmap	inst_infix	HOL-Probability.Fin_Map
Ferrack.random_fm_inst.random_fm	infra_theory	HOL-Decision_Procs.Ferrack
Ferrack.pre_num.num.pred_pre_num	concealed	HOL-Decision_Procs.Ferrack
Ferrack.equal_num_inst.equal_num	infra_theory	HOL-Decision_Procs.Ferrack
Extended_Sturm.changes_alt_graph	concealed	Count_Complex_Roots.Extended_Sturm
Extended_Real.uminus_ereal_graph	concealed	HOL-Library.Extended_Real
Extended_Real.real_of_ereal_sumC	KEPT	HOL-Library.Extended_Real
Extended_Real.inverse_ereal_sumC	KEPT	HOL-Library.Extended_Real
Enum.finite_5.ctor_fold_finite_5	concealed	HOL.Enum
Enum.finite_4.ctor_fold_finite_4	concealed	HOL.Enum
Enum.finite_3.ctor_fold_finite_3	concealed	HOL.Enum
Enum.finite_2.ctor_fold_finite_2	concealed	HOL.Enum
Enum.finite_1.ctor_fold_finite_1	concealed	HOL.Enum
Enum.enum_unit_inst.enum_ex_unit	inst_infix	HOL.Enum
Enum.enum_prod_inst.enum_ex_prod	inst_infix	HOL.Enum
Enum.enum_bool_inst.enum_ex_bool	inst_infix	HOL.Enum
Enum.class.finite_lattice_axioms	class_infix	HOL.Enum
Elementary_Topology.homeomorphic	KEPT	HOL-Analysis.Elementary_Topology
Elementary_Operations.column_add	KEPT	Gauss_Jordan.Elementary_Operations
Elementary_Metric_Spaces.setdist	KEPT	HOL-Analysis.Elementary_Metric_Spaces
Elementary_Metric_Spaces.infdist	KEPT	HOL-Analysis.Elementary_Metric_Spaces
Dual_Ordered_Lattice.dual.undual	KEPT	HOL-Library.Dual_Ordered_Lattice
Dual_Order.dual_wellorder.sorted	KEPT	Rank_Nullity_Theorem.Dual_Order
Dual_Order.dual_wellorder.insort	KEPT	Rank_Nullity_Theorem.Dual_Order
Dual_Order.dual_wellorder.atMost	KEPT	Rank_Nullity_Theorem.Dual_Order
Distributions.std_normal_density	KEPT	HOL-Probability.Distributions
Disjoint_Sets.disjoint_family_on	KEPT	HOL-Library.Disjoint_Sets
Discrete_Functions.floor_log_rel	concealed	HOL-Library.Discrete_Functions
Discrete_Functions.floor_log_dom	KEPT	HOL-Library.Discrete_Functions
Dirichlet_Series.nat_power_class	class_pred	Dirichlet_Series.Dirichlet_Series
Dirichlet_Series.class.nat_power	class_infix	Dirichlet_Series.Dirichlet_Series
Dirichlet_Product.dirichlet_prod	KEPT	Dirichlet_Series.Dirichlet_Product
Dirichlet_Characters.dcharacters	KEPT	Dirichlet_L.Dirichlet_Characters
DigitsInBase.LEeval_as_base_sumC	KEPT	DigitsInBase.DigitsInBase
Determinants_IArrays.det_iarrays	KEPT	Gauss_Jordan.Determinants_IArrays
Determinants2.Gauss_Jordan_det_P	KEPT	Gauss_Jordan.Determinants2
Descartes_Sign_Rule.sign_changes	KEPT	Descartes_Sign_Rule.Descartes_Sign_Rule
Count_Line.proots_unbounded_line	KEPT	Count_Complex_Roots.Count_Line
Continued_Fractions.lnth_default	KEPT	Continued_Fractions.Continued_Fractions
Continued_Fractions.conv_num_rel	concealed	Continued_Fractions.Continued_Fractions
Continued_Fractions.conv_num_int	KEPT	Continued_Fractions.Continued_Fractions
Continued_Fractions.conv_num_fun	KEPT	Continued_Fractions.Continued_Fractions
Continued_Fractions.conv_num_dom	KEPT	Continued_Fractions.Continued_Fractions
Continued_Fractions.conv_gen_rel	concealed	Continued_Fractions.Continued_Fractions
Continued_Fractions.conv_gen_dom	KEPT	Continued_Fractions.Continued_Fractions
Continued_Fractions.cfrac_of_int	KEPT	Continued_Fractions.Continued_Fractions
Continued_Fractions.cfrac_length	KEPT	Continued_Fractions.Continued_Fractions
Continued_Fractions.cfrac_is_int	KEPT	Continued_Fractions.Continued_Fractions
Congruence.partial_object.fields	KEPT	HOL-Algebra.Congruence
Congruence.partial_object.extend	KEPT	HOL-Algebra.Congruence
Congruence.eq_object.more_update	KEPT	HOL-Algebra.Congruence
Complex_Transcendental.unwinding	KEPT	HOL-Analysis.Complex_Transcendental
Complex_Lexorder.complex_lex.min	KEPT	Hermite_Lindemann.Complex_Lexorder
Complex_Lexorder.complex_lex.max	KEPT	Hermite_Lindemann.Complex_Lexorder
Complex_Lexorder.complex_lex.Min	KEPT	Hermite_Lindemann.Complex_Lexorder
Complex_Lexorder.complex_lex.Max	KEPT	Hermite_Lindemann.Complex_Lexorder
Complete_Partial_Order2.prod_lub	KEPT	HOL-Library.Complete_Partial_Order2
Complete_Partial_Order.ccpo.fixp	class_variant	HOL.Complete_Partial_Order
Commutative_Ring_Complete.isnorm	infra_theory	HOL-Decision_Procs.Commutative_Ring_Complete
Commutative_Ring.polex.rec_polex	KEPT	HOL-Decision_Procs.Commutative_Ring
Commutative_Ring.polex.mor_polex	concealed	HOL-Decision_Procs.Commutative_Ring
Commutative_Ring.polex.alg_polex	concealed	HOL-Decision_Procs.Commutative_Ring
Commutative_Ring.polex.Rep_polex	concealed	HOL-Decision_Procs.Commutative_Ring
Commutative_Ring.polex.Abs_polex	concealed	HOL-Decision_Procs.Commutative_Ring
Commutative_Ring.pol.min_alg_pol	concealed	HOL-Decision_Procs.Commutative_Ring
Commutative_Ring.mon.min_alg_mon	concealed	HOL-Decision_Procs.Commutative_Ring
Column_Operations.swap_cols_rows	KEPT	Jordan_Normal_Form.Column_Operations
Column_Operations.mat_addcol_vec	KEPT	Jordan_Normal_Form.Column_Operations
Coinductive_Stream.unfold_stream	KEPT	Coinductive.Coinductive_Stream
Coinductive_List.mono_llist_lift	KEPT	Coinductive.Coinductive_List
Coinductive_List.llist.mor_llist	concealed	Coinductive.Coinductive_List
Coinductive_List.llist.mono_body	KEPT	Coinductive.Coinductive_List
Coinductive_List.llist.col_llist	concealed	Coinductive.Coinductive_List
Coinductive_List.llist.bis_llist	concealed	Coinductive.Coinductive_List
Coinductive_List.llist.beh_llist	concealed	Coinductive.Coinductive_List
Coinductive_List.llist.Rep_llist	concealed	Coinductive.Coinductive_List
Coinductive_List.llist.Lev_llist	concealed	Coinductive.Coinductive_List
Coinductive_List.llist.Abs_llist	concealed	Coinductive.Coinductive_List
Code_Test.xml_tree.dtor_xml_tree	concealed	HOL-Library.Code_Test
Code_Test.xml_tree.ctor_xml_tree	concealed	HOL-Library.Code_Test
Code_Test.xml_tree.case_xml_tree	KEPT	HOL-Library.Code_Test
Code_Numeral.natural.rec_natural	adt_record	HOL.Code_Numeral
Chebyshev_Polynomials.cheb_poly'	KEPT	Chebyshev_Polynomials.Chebyshev_Polynomials
Chebyshev_Polynomials.cheb_node'	KEPT	Chebyshev_Polynomials.Chebyshev_Polynomials
Chebyshev_Polynomials.Cheb_poly'	KEPT	Chebyshev_Polynomials.Chebyshev_Polynomials
Char_ord.ord_char_inst.less_char	inst_infix	HOL-Library.Char_ord
Cauchy_Index_Theorem.cindex_path	KEPT	Winding_Number_Eval.Cauchy_Index_Theorem
Cauchy_Index_Theorem.cindexE_ubd	KEPT	Winding_Number_Eval.Cauchy_Index_Theorem
Catalan_Numbers.catalan_aux_sumC	KEPT	Catalan_Numbers.Catalan_Numbers
Cartesian_Space.vec.extend_basis	KEPT	HOL-Analysis.Cartesian_Space
Card_Number_Partitions.Partition	KEPT	Card_Number_Partitions.Card_Number_Partitions
Caratheodory.outer_measure_space	KEPT	HOL-Analysis.Caratheodory
Bivariate_Polynomials.poly_lift2	KEPT	Algebraic_Numbers.Bivariate_Polynomials
Bit_Operations.and_not_num_graph	concealed	HOL.Bit_Operations
Bell_Numbers.Bell_list_aux_graph	concealed	Bell_Numbers_Spivey.Bell_Numbers
BNF_Wellorder_Constructions.curr	KEPT	HOL.BNF_Wellorder_Constructions
BNF_Wellorder_Constructions.bsqr	KEPT	HOL.BNF_Wellorder_Constructions
BNF_Wellorder_Constructions.Func	KEPT	HOL.BNF_Wellorder_Constructions
BNF_Cardinal_Arithmetic.Cnotzero	KEPT	HOL.BNF_Cardinal_Arithmetic
Arcwise_Connected.dyad_rec_graph	concealed	HOL-Analysis.Arcwise_Connected
Approximation.isDERIV_approx_rel	concealed	HOL-Decision_Procs.Approximation
Approximation.isDERIV_approx_dom	infra_theory	HOL-Decision_Procs.Approximation
Approximation.interpret_form_rel	concealed	HOL-Decision_Procs.Approximation
Approximation.interpret_form_dom	infra_theory	HOL-Decision_Procs.Approximation
Approximation.form.str_init_form	concealed	HOL-Decision_Procs.Approximation
Approximation.form.ctor_rec_form	concealed	HOL-Decision_Procs.Approximation
Approximation.form.AtLeastAtMost	KEPT	HOL-Decision_Procs.Approximation
Approximation.floatarith.Inverse	KEPT	HOL-Decision_Procs.Approximation
Approximation.approx_approx'_rel	concealed	HOL-Decision_Procs.Approximation
Approximation.approx_approx'_dom	infra_theory	HOL-Decision_Procs.Approximation
Algebraic_Numbers.poly_y_minus_x	hidden	Algebraic_Numbers.Algebraic_Numbers
Algebraic_Numbers.poly_x_minus_y	KEPT	Algebraic_Numbers.Algebraic_Numbers
Abstract_Topology.retraction_map	KEPT	HOL-Analysis.Abstract_Topology
Abstract_Topology.derived_set_of	KEPT	HOL-Analysis.Abstract_Topology
Abstract_Topology.continuous_map	KEPT	HOL-Analysis.Abstract_Topology
Abstract_Metric_Spaces.submetric	KEPT	HOL-Analysis.Abstract_Metric_Spaces
Abstract_Metric_Spaces.prod_dist	KEPT	HOL-Analysis.Abstract_Metric_Spaces
Abstract_Metric_Spaces.mcball_of	KEPT	HOL-Analysis.Abstract_Metric_Spaces
Abstract_Metric_Spaces.Submetric	KEPT	HOL-Analysis.Abstract_Metric_Spaces
Abstract_Limits.topcontinuous_at	KEPT	HOL-Analysis.Abstract_Limits
Abstract_Euclidean_Space.nsphere	KEPT	HOL-Analysis.Abstract_Euclidean_Space
Z2.typerep_bit_inst.typerep_bit	inst_infix	HOL-Library.Z2
Z2.term_of_bit_inst.term_of_bit	inst_infix	HOL-Library.Z2
Z2.inverse_bit_inst.inverse_bit	inst_infix	HOL-Library.Z2
Word.times_word_inst.times_word	inst_infix	HOL-Library.Word
Word.signed.greaterThanLessThan	KEPT	HOL-Library.Word
Word.ord_word_inst.less_eq_word	inst_infix	HOL-Library.Word
Word.minus_word_inst.minus_word	inst_infix	HOL-Library.Word
Word.equal_word_inst.equal_word	inst_infix	HOL-Library.Word
While_Combinator.while_saturate	KEPT	HOL-Library.While_Combinator
Vector_Spaces.vector_space_pair	KEPT	HOL.Vector_Spaces
Utility.sorted_list_subset_sumC	KEPT	Matrix.Utility
Unique_Factorization.dvd.is_gcd	class_variant	Berlekamp_Zassenhaus.Unique_Factorization
Typerep.typerep.min_alg_typerep	concealed	HOL.Typerep
Tree_Multiset.subtrees_mset_rel	concealed	HOL-Library.Tree_Multiset
Tree_Multiset.subtrees_mset_dom	KEPT	HOL-Library.Tree_Multiset
Tree.pre_tree.tree.wit_pre_tree	concealed	HOL-Library.Tree
Tree.pre_tree.tree.rel_pre_tree	concealed	HOL-Library.Tree
Tree.pre_tree.tree.map_pre_tree	concealed	HOL-Library.Tree
Tree.equal_tree_inst.equal_tree	inst_infix	HOL-Library.Tree
Topological_Spaces.t2_space.lim	class_variant	HOL.Topological_Spaces
Topological_Spaces.t2_space.Lim	class_variant	HOL.Topological_Spaces
Time_Functions.T_size_list_sumC	KEPT	HOL-Library.Time_Functions
Tarski.tarski_first3.is_segment	KEPT	Tarskis_Geometry.Tarski
Tagged_Division.division_points	KEPT	HOL-Analysis.Tagged_Division
Tagged_Division.division_filter	KEPT	HOL-Analysis.Tagged_Division
Symmetric_Polynomials.sym_mpoly	KEPT	Symmetric_Polynomials.Symmetric_Polynomials
Symmetric_Polynomials.map_mpoly	KEPT	Symmetric_Polynomials.Symmetric_Polynomials
Sublist.suffix_order.lexordp_eq	KEPT	HOL-Library.Sublist
Sublist.suffix_order.is_arg_min	KEPT	HOL-Library.Sublist
Sublist.suffix_order.is_arg_max	KEPT	HOL-Library.Sublist
Sublist.suffix_order.greater_eq	KEPT	HOL-Library.Sublist
Sublist.suffix_order.arg_min_on	KEPT	HOL-Library.Sublist
Sublist.suffix_order.arg_max_on	KEPT	HOL-Library.Sublist
Sublist.subseq_order.lexordp_eq	KEPT	HOL-Library.Sublist
Sublist.subseq_order.is_arg_min	KEPT	HOL-Library.Sublist
Sublist.subseq_order.is_arg_max	KEPT	HOL-Library.Sublist
Sublist.subseq_order.greater_eq	KEPT	HOL-Library.Sublist
Sublist.subseq_order.arg_min_on	KEPT	HOL-Library.Sublist
Sublist.subseq_order.arg_max_on	KEPT	HOL-Library.Sublist
Sublist.sublist_order.bdd_below	KEPT	HOL-Library.Sublist
Sublist.sublist_order.bdd_above	KEPT	HOL-Library.Sublist
Sublist.prefix_order.lexordp_eq	KEPT	HOL-Library.Sublist
Sublist.prefix_order.is_arg_min	KEPT	HOL-Library.Sublist
Sublist.prefix_order.is_arg_max	KEPT	HOL-Library.Sublist
Sublist.prefix_order.greater_eq	KEPT	HOL-Library.Sublist
Sublist.prefix_order.arg_min_on	KEPT	HOL-Library.Sublist
Sublist.prefix_order.arg_max_on	KEPT	HOL-Library.Sublist
Sturm_Theorem.sturm_squarefree'	KEPT	Sturm_Sequences.Sturm_Theorem
Sturm_Theorem.count_roots_below	KEPT	Sturm_Sequences.Sturm_Theorem
Sturm_Theorem.count_roots_above	KEPT	Sturm_Sequences.Sturm_Theorem
String.size_char_inst.size_char	inst_infix	HOL.String
String.enum_char_inst.enum_char	inst_infix	HOL.String
Stream.stream.dtor_corec_stream	concealed	HOL-Library.Stream
Stream.stream.Stream.wit_stream	adt_record	HOL-Library.Stream
State_Monad.traverse_list_graph	concealed	HOL-Library.State_Monad
State_Monad.state.min_alg_state	concealed	HOL-Library.State_Monad
Sorting_Algorithms.sorted_graph	concealed	HOL-Library.Sorting_Algorithms
Set_Interval.ord_class.lessThan	KEPT	HOL.Set_Interval
Set_Integral.complex_integrable	KEPT	HOL-Analysis.Set_Integral
Saturated.ord_sat_inst.less_sat	inst_infix	HOL-Library.Saturated
Rings.linordered_semiring_class	class_pred	HOL.Rings
Rings.class.linordered_semiring	class_infix	HOL.Rings
Rings.class.idom_abs_sgn_axioms	class_infix	HOL.Rings
Rings.algebraic_semidom.is_unit	class_variant	HOL.Rings
Rings.algebraic_semidom.coprime	class_variant	HOL.Rings
Ring_Hom_Poly.map_poly_zero_hom	KEPT	Polynomial_Interpolation.Ring_Hom_Poly
Ring_Hom_Poly.map_poly_idom_hom	KEPT	Polynomial_Interpolation.Ring_Hom_Poly
Ring_Hom.inj_semigroup_mult_hom	KEPT	Polynomial_Interpolation.Ring_Hom
Ring_Hom.idom_divide_hom_axioms	KEPT	Polynomial_Interpolation.Ring_Hom
Ring_Hom.comm_monoid_mult_hom_1	KEPT	Polynomial_Interpolation.Ring_Hom
Ring.ring.ring_ext.Rep_ring_ext	abs_rep_name	HOL-Algebra.Ring
Ring.ring.ring_ext.Abs_ring_ext	abs_rep_name	HOL-Algebra.Ring
Reflective_Field.split_aux_sumC	infra_theory	HOL-Decision_Procs.Reflective_Field
Real_Vector_Spaces.scaleR_class	class_pred	HOL.Real_Vector_Spaces
Real_Vector_Spaces.extend_basis	KEPT	HOL.Real_Vector_Spaces
Real_Vector_Spaces.class.banach	class_infix	HOL.Real_Vector_Spaces
Real_Vector_Spaces.banach_class	class_pred	HOL.Real_Vector_Spaces
Real.times_real_inst.times_real	inst_infix	HOL.Real
Real.ord_real_inst.less_eq_real	inst_infix	HOL.Real
Real.minus_real_inst.minus_real	inst_infix	HOL.Real
Real.equal_real_inst.equal_real	inst_infix	HOL.Real
Reachability_Analysis.sctn.pstn	KEPT	Ordinary_Differential_Equations.Reachability_Analysis
Reachability_Analysis.sctn.Sctn	KEPT	Ordinary_Differential_Equations.Reachability_Analysis
RatFPS.equal_fps_inst.equal_fps	inst_infix	Linear_Recurrences.RatFPS
Random_Sequence.not_random_dseq	KEPT	HOL.Random_Sequence
Quickcheck_Narrowing.drawn_from	hidden	HOL.Quickcheck_Narrowing
Quickcheck_Narrowing.conv_graph	concealed	HOL.Quickcheck_Narrowing
Quickcheck_Exhaustive.cps_empty	KEPT	HOL.Quickcheck_Exhaustive
Product_Type.internal_case_prod	hidden	HOL.Product_Type
Probability_Measure.distributed	KEPT	HOL-Probability.Probability_Measure
Primes.times_gf2_inst.times_gf2	inst_infix	HOL-Computational_Algebra.Primes
Primes.minus_gf2_inst.minus_gf2	inst_infix	HOL-Computational_Algebra.Primes
Prime_Factorization.primes_1000	KEPT	Polynomial_Factorization.Prime_Factorization
Prerequisites.local_typedef.rep	KEPT	HOL-Types_To_Sets.Prerequisites
Prerequisites.local_typedef.Abs	KEPT	HOL-Types_To_Sets.Prerequisites
Predicate_Compile.contains_pred	KEPT	HOL.Predicate_Compile
Pratt_Certificate.size_cert_rel	concealed	Pratt_Certificate.Pratt_Certificate
Pratt_Certificate.size_cert_dom	KEPT	Pratt_Certificate.Pratt_Certificate
Pratt_Certificate.build_fpc_rel	concealed	Pratt_Certificate.Pratt_Certificate
Pratt_Certificate.build_fpc_dom	KEPT	Pratt_Certificate.Pratt_Certificate
Polynomial_List.semiring_1.pexp	infra_theory	HOL-Decision_Procs.Polynomial_List
Polynomial_List.semiring_0.poly	infra_theory	HOL-Decision_Procs.Polynomial_List
Polynomial_List.semiring_0.padd	infra_theory	HOL-Decision_Procs.Polynomial_List
Polynomial_Factorial.fract_poly	KEPT	HOL-Computational_Algebra.Polynomial_Factorial
Polynomial.pseudo_mod_main_list	KEPT	HOL-Computational_Algebra.Polynomial
Polynomial.divide_poly_main_rel	concealed	HOL-Computational_Algebra.Polynomial
Polynomial.divide_poly_main_dom	KEPT	HOL-Computational_Algebra.Polynomial
Phantom_Type.random_aux_phantom	concealed	HOL-Library.Phantom_Type
Phantom_Type.phantom.of_phantom	KEPT	HOL-Library.Phantom_Type
Permutations.adj_transp_seq_rel	concealed	HOL-Combinatorics.Permutations
Permutations.adj_transp_seq_dom	KEPT	HOL-Combinatorics.Permutations
Perm.times_perm_inst.times_perm	inst_infix	HOL-Combinatorics.Perm
Pell_Algorithm.pell_mul_nat_rel	concealed	Pell.Pell_Algorithm
Pell_Algorithm.pell_mul_nat_dom	KEPT	Pell.Pell_Algorithm
Partial_Function.tailrec.le_fun	KEPT	HOL.Partial_Function
Partial_Function.option.lub_fun	KEPT	HOL.Partial_Function
Parametric_Ferrante_Rackoff.not	infra_theory	HOL-Decision_Procs.Parametric_Ferrante_Rackoff
Parametric_Ferrante_Rackoff.neq	infra_theory	HOL-Decision_Procs.Parametric_Ferrante_Rackoff
Parametric_Ferrante_Rackoff.imp	infra_theory	HOL-Decision_Procs.Parametric_Ferrante_Rackoff
Parametric_Ferrante_Rackoff.iff	infra_theory	HOL-Decision_Procs.Parametric_Ferrante_Rackoff
Parametric_Ferrante_Rackoff.djf	infra_theory	HOL-Decision_Procs.Parametric_Ferrante_Rackoff
Parametric_Ferrante_Rackoff.Itm	infra_theory	HOL-Decision_Procs.Parametric_Ferrante_Rackoff
Parametric_Ferrante_Rackoff.Ifm	infra_theory	HOL-Decision_Procs.Parametric_Ferrante_Rackoff
Parallel.future.str_init_future	concealed	HOL-Library.Parallel
Parallel.future.ctor_rec_future	concealed	HOL-Library.Parallel
Orderings.ord_fun_inst.less_fun	KEPT	HOL.Orderings
Orderings.class.linorder_axioms	class_infix	HOL.Orderings
Order_Relation.partial_order_on	KEPT	HOL.Order_Relation
Order_Continuity.sup_continuous	KEPT	HOL-Library.Order_Continuity
Order_Continuity.inf_continuous	KEPT	HOL-Library.Order_Continuity
Order.weak_partial_order_bottom	KEPT	HOL-Algebra.Order
Order.weak_partial_order_axioms	KEPT	HOL-Algebra.Order
Nth_Powers.nth_root_nat_aux_rel	concealed	HOL-Computational_Algebra.Nth_Powers
Nth_Powers.nth_root_nat_aux_dom	KEPT	HOL-Computational_Algebra.Nth_Powers
Nitpick.fun_box.min_alg_fun_box	concealed	HOL.Nitpick
Newton_Interpolation.xij_f_sumC	hidden	Polynomial_Interpolation.Newton_Interpolation
Nat_Bijection.list_encode_graph	concealed	HOL-Library.Nat_Bijection
Nat_Bijection.list_decode_graph	concealed	HOL-Library.Nat_Bijection
Nat.semiring_1_class.of_nat_aux	KEPT	HOL.Nat
Multiset.subset_mset.lexordp_eq	KEPT	HOL-Library.Multiset
Multiset.subset_mset.is_arg_min	KEPT	HOL-Library.Multiset
Multiset.subset_mset.is_arg_max	KEPT	HOL-Library.Multiset
Multiset.subset_mset.greater_eq	KEPT	HOL-Library.Multiset
Multiset.subset_mset.arg_min_on	KEPT	HOL-Library.Multiset
Multiset.subset_mset.arg_max_on	KEPT	HOL-Library.Multiset
Multiset.multisets_of_size_list	KEPT	HOL-Library.Multiset
Multiseries_Expansion.ms_exp_gt	KEPT	HOL-Real_Asymp.Multiseries_Expansion
Multiseries_Expansion.ms.wit_ms	adt_record	HOL-Real_Asymp.Multiseries_Expansion
Multiseries_Expansion.ms.set_ms	KEPT	HOL-Real_Asymp.Multiseries_Expansion
Multiseries_Expansion.ms.rel_ms	KEPT	HOL-Real_Asymp.Multiseries_Expansion
Multiseries_Expansion.ms.rec_ms	KEPT	HOL-Real_Asymp.Multiseries_Expansion
Multiseries_Expansion.ms.mor_ms	concealed	HOL-Real_Asymp.Multiseries_Expansion
Multiseries_Expansion.ms.map_ms	KEPT	HOL-Real_Asymp.Multiseries_Expansion
Multiseries_Expansion.ms.alg_ms	concealed	HOL-Real_Asymp.Multiseries_Expansion
Multiseries_Expansion.ms.Rep_ms	concealed	HOL-Real_Asymp.Multiseries_Expansion
Multiseries_Expansion.ms.Abs_ms	concealed	HOL-Real_Asymp.Multiseries_Expansion
Modular_Inverse.modular_inverse	KEPT	HOL-Number_Theory.Modular_Inverse
Missing_Ring.ordered_idom_class	class_pred	Jordan_Normal_Form.Missing_Ring
Missing_Ring.class.ordered_idom	class_infix	Jordan_Normal_Form.Missing_Ring
Missing_List.concat_lists_graph	concealed	Polynomial_Factorization.Missing_List
Measure_Space.almost_everywhere	KEPT	HOL-Analysis.Measure_Space
Matrix_To_IArray.row_add_iarray	KEPT	Gauss_Jordan.Matrix_To_IArray
Matrix_To_IArray.is_zero_iarray	KEPT	Gauss_Jordan.Matrix_To_IArray
Matrix_To_IArray.columns_iarray	KEPT	Gauss_Jordan.Matrix_To_IArray
Matrix.times_mat_inst.times_mat	inst_infix	Jordan_Normal_Form.Matrix
Matrix.ord_vec_inst.less_eq_vec	inst_infix	Jordan_Normal_Form.Matrix
Matrix.ord_mat_inst.less_eq_mat	inst_infix	Jordan_Normal_Form.Matrix
Matrix.minus_vec_inst.minus_vec	inst_infix	Jordan_Normal_Form.Matrix
Matrix.minus_mat_inst.minus_mat	inst_infix	Jordan_Normal_Form.Matrix
Lucas_Theorem.nth_digit_general	KEPT	Lucas_Theorem.Lucas_Theorem
Locally.locally_connected_space	KEPT	HOL-Analysis.Locally
List.pre_list.list.wit_pre_list	concealed	HOL.List
List.pre_list.list.rel_pre_list	concealed	HOL.List
List.pre_list.list.map_pre_list	concealed	HOL.List
List.linorder.insort_insert_key	class_variant	HOL.List
List.equal_list_inst.equal_list	inst_infix	HOL.List
Linear_Maps.equivalent_matrices	KEPT	Gauss_Jordan.Linear_Maps
Lazy_Sequence.small_lazy'_graph	concealed	HOL.Lazy_Sequence
Lazy_Sequence.iterate_upto_sumC	KEPT	HOL.Lazy_Sequence
Lazy_Eval.random_aux_cmp_result	concealed	HOL-Real_Asymp.Lazy_Eval
Lattices_Big.linorder_class.Min	KEPT	HOL.Lattices_Big
Lattices_Big.linorder_class.Max	KEPT	HOL.Lattices_Big
Lattice_Constructions.top.Value	KEPT	HOL-Library.Lattice_Constructions
Lattice_Constructions.bot.Value	KEPT	HOL-Library.Lattice_Constructions
Landau_Real_Products.set_divide	KEPT	Landau_Symbols.Landau_Real_Products
Interval_Float.in_real_interval	KEPT	HOL-Library.Interval_Float
Indicator_Function.indicat_real	KEPT	HOL-Library.Indicator_Function
IDirProds.int.add.complementary	KEPT	Finitely_Generated_Abelian_Groups.IDirProds
IDirProds.INTEG.R.add.compl_fam	KEPT	Finitely_Generated_Abelian_Groups.IDirProds
IDirProds.INTEG.P.add.compl_fam	KEPT	Finitely_Generated_Abelian_Groups.IDirProds
Hoeffding.binomial_distribution	KEPT	HOL-Probability.Hoeffding
Groups_List.monoid_add.sum_list	class_variant	HOL.Groups_List
Groups_Big.comm_monoid_add.sum'	class_variant	HOL.Groups_Big
Groups.class.monoid_mult_axioms	class_infix	HOL.Groups
Group_Sort.groupsort.sort_graph	concealed	Landau_Symbols.Group_Sort
Group_Sort.groupsort.group_sumC	hidden	Landau_Symbols.Group_Sort
Group_Sort.groupsort.group_sort	KEPT	Landau_Symbols.Group_Sort
Group_Sort.groupsort.group_part	KEPT	Landau_Symbols.Group_Sort
Going_To_Filter.going_to_within	KEPT	HOL-Library.Going_To_Filter
Giry_Monad.subprob_space_axioms	KEPT	HOL-Probability.Giry_Monad
Geo_Real2.real2.neu.equilateral	KEPT	MathBench_ProverBase.Geo_Real2
Geo_Real2.real2.neu.QCongAnNull	KEPT	MathBench_ProverBase.Geo_Real2
Geo_Real2.real2.neu.QCongAnFlat	KEPT	MathBench_ProverBase.Geo_Real2
Geo_Real2.real2.neu.QCongAAcute	KEPT	MathBench_ProverBase.Geo_Real2
Geo_Real2.real2.neu.Postulate35	KEPT	MathBench_ProverBase.Geo_Real2
Geo_Real2.real2.neu.Postulate34	KEPT	MathBench_ProverBase.Geo_Real2
Geo_Real2.real2.neu.Postulate33	KEPT	MathBench_ProverBase.Geo_Real2
Geo_Real2.real2.neu.Postulate32	KEPT	MathBench_ProverBase.Geo_Real2
Geo_Real2.real2.neu.Postulate31	KEPT	MathBench_ProverBase.Geo_Real2
Geo_Real2.real2.neu.Postulate30	KEPT	MathBench_ProverBase.Geo_Real2
Geo_Real2.real2.neu.Postulate29	KEPT	MathBench_ProverBase.Geo_Real2
Geo_Real2.real2.neu.Postulate28	KEPT	MathBench_ProverBase.Geo_Real2
Geo_Real2.real2.neu.Postulate27	KEPT	MathBench_ProverBase.Geo_Real2
Geo_Real2.real2.neu.Postulate26	KEPT	MathBench_ProverBase.Geo_Real2
Geo_Real2.real2.neu.Postulate25	KEPT	MathBench_ProverBase.Geo_Real2
Geo_Real2.real2.neu.Postulate24	KEPT	MathBench_ProverBase.Geo_Real2
Geo_Real2.real2.neu.Postulate23	KEPT	MathBench_ProverBase.Geo_Real2
Geo_Real2.real2.neu.Postulate22	KEPT	MathBench_ProverBase.Geo_Real2
Geo_Real2.real2.neu.Postulate21	KEPT	MathBench_ProverBase.Geo_Real2
Geo_Real2.real2.neu.Postulate20	KEPT	MathBench_ProverBase.Geo_Real2
Geo_Real2.real2.neu.Postulate19	KEPT	MathBench_ProverBase.Geo_Real2
Geo_Real2.real2.neu.Postulate18	KEPT	MathBench_ProverBase.Geo_Real2
Geo_Real2.real2.neu.Postulate17	KEPT	MathBench_ProverBase.Geo_Real2
Geo_Real2.real2.neu.Postulate16	KEPT	MathBench_ProverBase.Geo_Real2
Geo_Real2.real2.neu.Postulate15	KEPT	MathBench_ProverBase.Geo_Real2
Geo_Real2.real2.neu.Postulate14	KEPT	MathBench_ProverBase.Geo_Real2
Geo_Real2.real2.neu.Postulate13	KEPT	MathBench_ProverBase.Geo_Real2
Geo_Real2.real2.neu.Postulate12	KEPT	MathBench_ProverBase.Geo_Real2
Geo_Real2.real2.neu.Postulate11	KEPT	MathBench_ProverBase.Geo_Real2
Geo_Real2.real2.neu.Postulate10	KEPT	MathBench_ProverBase.Geo_Real2
Geo_Real2.real2.neu.Postulate09	KEPT	MathBench_ProverBase.Geo_Real2
Geo_Real2.real2.neu.Postulate08	KEPT	MathBench_ProverBase.Geo_Real2
Geo_Real2.real2.neu.Postulate07	KEPT	MathBench_ProverBase.Geo_Real2
Geo_Real2.real2.neu.Postulate06	KEPT	MathBench_ProverBase.Geo_Real2
Geo_Real2.real2.neu.Postulate05	KEPT	MathBench_ProverBase.Geo_Real2
Geo_Real2.real2.neu.Postulate04	KEPT	MathBench_ProverBase.Geo_Real2
Geo_Real2.real2.neu.Postulate03	KEPT	MathBench_ProverBase.Geo_Real2
Geo_Real2.real2.neu.Postulate02	KEPT	MathBench_ProverBase.Geo_Real2
Geo_Real2.real2.neu.Postulate01	KEPT	MathBench_ProverBase.Geo_Real2
Geo_Real2.real2.neu.Perp_bisect	KEPT	MathBench_ProverBase.Geo_Real2
Geo_Real2.real2.neu.IsNullAngaP	KEPT	MathBench_ProverBase.Geo_Real2
Geo_Real2.real2.neu.Gradn_graph	concealed	MathBench_ProverBase.Geo_Real2
Geo_Real2.real2.neu.GradExpInvn	KEPT	MathBench_ProverBase.Geo_Real2
Gaussian_Integers.round_complex	KEPT	Gaussian_Integers.Gaussian_Integers
Gaussian_Integers.gauss_int.ReZ	KEPT	Gaussian_Integers.Gaussian_Integers
Gaussian_Integers.gauss_int.ImZ	KEPT	Gaussian_Integers.Gaussian_Integers
Gaussian_Integers.gauss2complex	KEPT	Gaussian_Integers.Gaussian_Integers
Gauss_Sums.dcharacter.separable	KEPT	Gauss_Sums.Gauss_Sums
Gauss_Sums.dcharacter.gauss_sum	KEPT	Gauss_Sums.Gauss_Sums
Gauss_Sums.dcharacter.conductor	KEPT	Gauss_Sums.Gauss_Sums
Gauss_Jordan_PA.Gauss_Jordan_PA	KEPT	Gauss_Jordan.Gauss_Jordan_PA
Gauss_Jordan.Gauss_Jordan_upt_k	KEPT	Gauss_Jordan.Gauss_Jordan
Gauss_Jordan.Gauss_Jordan_in_ij	KEPT	Gauss_Jordan.Gauss_Jordan
Gamma_Function.ln_Gamma_series'	KEPT	HOL-Analysis.Gamma_Function
GCD.semiring_gcd_class.lcm_list	KEPT	HOL.GCD
GCD.semiring_gcd_class.gcd_list	KEPT	HOL.GCD
Fundamental_Subspaces.row_space	KEPT	Rank_Nullity_Theorem.Fundamental_Subspaces
Fundamental_Subspaces.col_space	KEPT	Rank_Nullity_Theorem.Fundamental_Subspaces
Functional_Spaces.space\<^sub>N	KEPT	Lp.Functional_Spaces
Functional_Spaces.quasinorm_sum	KEPT	Lp.Functional_Spaces
Function_Topology.powertop_real	KEPT	HOL-Analysis.Function_Topology
Formal_Power_Series.radical_rel	concealed	HOL-Computational_Algebra.Formal_Power_Series
Formal_Power_Series.radical_dom	KEPT	HOL-Computational_Algebra.Formal_Power_Series
Formal_Power_Series.fps_radical	KEPT	HOL-Computational_Algebra.Formal_Power_Series
Formal_Power_Series.fps_compose	KEPT	HOL-Computational_Algebra.Formal_Power_Series
Formal_Power_Series.fps.fps_nth	KEPT	HOL-Computational_Algebra.Formal_Power_Series
Formal_Power_Series.fps.Abs_fps	abs_rep_name	HOL-Computational_Algebra.Formal_Power_Series
Formal_Power_Series.compinv_rel	concealed	HOL-Computational_Algebra.Formal_Power_Series
Formal_Power_Series.compinv_dom	KEPT	HOL-Computational_Algebra.Formal_Power_Series
Formal_Laurent_Series.fls_shift	KEPT	HOL-Computational_Algebra.Formal_Laurent_Series
Formal_Laurent_Series.fls_deriv	KEPT	HOL-Computational_Algebra.Formal_Laurent_Series
Formal_Laurent_Series.fls_const	KEPT	HOL-Computational_Algebra.Formal_Laurent_Series
Formal_Laurent_Series.fls_X_inv	KEPT	HOL-Computational_Algebra.Formal_Laurent_Series
Flow.c1_on_open_euclidean.vareq	KEPT	Ordinary_Differential_Equations.Flow
Flow.c1_on_open_euclidean.Dflow	KEPT	Ordinary_Differential_Equations.Flow
Float.ord_float_inst.less_float	inst_infix	HOL-Library.Float
Finite_Set.comp_fun_idem_axioms	KEPT	HOL.Finite_Set
Finite_Product_Measure.prod_emb	KEPT	HOL-Analysis.Finite_Product_Measure
Finite_Cartesian_Product.matrix	KEPT	HOL-Analysis.Finite_Cartesian_Product
Finite_Cartesian_Product.column	KEPT	HOL-Analysis.Finite_Cartesian_Product
Ferrack.pre_num.num.wit_pre_num	concealed	HOL-Decision_Procs.Ferrack
Ferrack.pre_num.num.set_pre_num	concealed	HOL-Decision_Procs.Ferrack
Ferrack.pre_num.num.rel_pre_num	concealed	HOL-Decision_Procs.Ferrack
Ferrack.pre_num.num.map_pre_num	concealed	HOL-Decision_Procs.Ferrack
FSet.ord_fset_inst.less_eq_fset	inst_infix	HOL-Library.FSet
FSet.minus_fset_inst.minus_fset	inst_infix	HOL-Library.FSet
FSet.full_exhaustive_fset_graph	concealed	HOL-Library.FSet
FSet.equal_fset_inst.equal_fset	inst_infix	HOL-Library.FSet
FSet.comm_monoid_add_class.fsum	KEPT	HOL-Library.FSet
FPS_Convergence.fps_conv_radius	KEPT	HOL-Analysis.FPS_Convergence
Extraction.sumbool.dtor_sumbool	concealed	HOL.Extraction
Extraction.sumbool.ctor_sumbool	concealed	HOL.Extraction
Extraction.sumbool.case_sumbool	KEPT	HOL.Extraction
Extended_Sturm.changes_alt_sumC	KEPT	Count_Complex_Roots.Extended_Sturm
Extended_Real.uminus_ereal_sumC	KEPT	HOL-Library.Extended_Real
Extended_Real.times_ereal_graph	concealed	HOL-Library.Extended_Real
Extended_Real.real_of_ereal_rel	concealed	HOL-Library.Extended_Real
Extended_Real.real_of_ereal_dom	KEPT	HOL-Library.Extended_Real
Extended_Real.inverse_ereal_rel	concealed	HOL-Library.Extended_Real
Extended_Real.inverse_ereal_dom	KEPT	HOL-Library.Extended_Real
Extended.less_eq_extended_graph	concealed	HOL-Library.Extended
Extended.extended.size_extended	adt_record	HOL-Library.Extended
Extended.extended.pred_extended	KEPT	HOL-Library.Extended
Extended.extended.dtor_extended	concealed	HOL-Library.Extended
Extended.extended.ctor_extended	concealed	HOL-Library.Extended
Extended.extended.case_extended	KEPT	HOL-Library.Extended
Euclidean_Space.eucl.Basis_pair	KEPT	HOL-Analysis.Euclidean_Space
Enum.finite_5.str_init_finite_5	concealed	HOL.Enum
Enum.finite_5.ctor_rec_finite_5	concealed	HOL.Enum
Enum.finite_4.str_init_finite_4	concealed	HOL.Enum
Enum.finite_4.ctor_rec_finite_4	concealed	HOL.Enum
Enum.finite_3.str_init_finite_3	concealed	HOL.Enum
Enum.finite_3.ctor_rec_finite_3	concealed	HOL.Enum
Enum.finite_2.str_init_finite_2	concealed	HOL.Enum
Enum.finite_2.ctor_rec_finite_2	concealed	HOL.Enum
Enum.finite_1.str_init_finite_1	concealed	HOL.Enum
Enum.finite_1.ctor_rec_finite_1	concealed	HOL.Enum
Enum.enum_sum_inst.enum_all_sum	inst_infix	HOL.Enum
Enum.enum_set_inst.enum_all_set	inst_infix	HOL.Enum
Enum.enum_fun_inst.enum_all_fun	KEPT	HOL.Enum
Elementary_Topology.seq_compact	KEPT	HOL-Analysis.Elementary_Topology
Elementary_Metric_Spaces.sphere	KEPT	HOL-Analysis.Elementary_Metric_Spaces
Elementary_Groups.trivial_group	KEPT	HOL-Algebra.Elementary_Groups
Elementary_Groups.integer_group	KEPT	HOL-Algebra.Elementary_Groups
Dual_Order.dual_wellorder.Min.F	KEPT	Rank_Nullity_Theorem.Dual_Order
Dual_Order.dual_wellorder.Max.F	KEPT	Rank_Nullity_Theorem.Dual_Order
Dual_Order.dual_wellorder.Least	KEPT	Rank_Nullity_Theorem.Dual_Order
Divisibility.comm_monoid_cancel	KEPT	HOL-Algebra.Divisibility
Disjoint_Sets.common_refinement	KEPT	HOL-Library.Disjoint_Sets
Dirichlet_Characters.dcharacter	KEPT	Dirichlet_L.Dirichlet_Characters
DigitsInBase.LEeval_as_base_rel	concealed	DigitsInBase.DigitsInBase
DigitsInBase.LEeval_as_base_dom	KEPT	DigitsInBase.DigitsInBase
Descartes_Sign_Rule.reduce_root	KEPT	Descartes_Sign_Rule.Descartes_Sign_Rule
Descartes_Sign_Rule.psums_graph	concealed	Descartes_Sign_Rule.Descartes_Sign_Rule
Derivative.field_differentiable	KEPT	HOL-Analysis.Derivative
Derivative.C1_differentiable_on	KEPT	HOL-Analysis.Derivative
Derangements.count_derangements	KEPT	Derangements.Derangements
Count_Rectangle.not_rect_vertex	KEPT	Count_Complex_Roots.Count_Rectangle
Count_Circle.proots_sphere_card	KEPT	Count_Complex_Roots.Count_Circle
Cooper.random_fm_inst.random_fm	infra_theory	HOL-Decision_Procs.Cooper
Cooper.pre_num.num.pred_pre_num	concealed	HOL-Decision_Procs.Cooper
Cooper.equal_num_inst.equal_num	infra_theory	HOL-Decision_Procs.Cooper
Convex_Euclidean_Space.rel_open	KEPT	HOL-Analysis.Convex_Euclidean_Space
Continued_Fractions.conv'_graph	concealed	Continued_Fractions.Continued_Fractions
Continued_Fractions.cfrac.CFrac	KEPT	Continued_Fractions.Continued_Fractions
Containers_Auxiliary.less_prod'	hidden	Containers.Containers_Auxiliary
Complex.complex.recover_complex	concealed	HOL.Complex
Complete_Partial_Order2.the_Sup	KEPT	HOL-Library.Complete_Partial_Order2
Complete_Lattices.Sup_class.Sup	KEPT	HOL.Complete_Lattices
Complete_Lattices.Inf_class.Inf	KEPT	HOL.Complete_Lattices
Commutative_Ring.random_aux_pol	concealed	HOL-Decision_Procs.Commutative_Ring
Commutative_Ring.random_aux_mon	concealed	HOL-Decision_Procs.Commutative_Ring
Commutative_Ring.psubstl1_graph	concealed	HOL-Decision_Procs.Commutative_Ring
Commutative_Ring.pnsubstl_graph	concealed	HOL-Decision_Procs.Commutative_Ring
Commutative_Ring.pnsubst1_graph	concealed	HOL-Decision_Procs.Commutative_Ring
Commutative_Ring.mk_monpol_list	infra_theory	HOL-Decision_Procs.Commutative_Ring
Coinductive_List.lstrict_prefix	KEPT	Coinductive.Coinductive_List
Coinductive_List.llist.fixp_fun	KEPT	Coinductive.Coinductive_List
Coinductive_List.llist.bd_llist	adt_record	Coinductive.Coinductive_List
Coinductive_List.finite_lprefix	KEPT	Coinductive.Coinductive_List
Code_Test.xml_tree.rec_xml_tree	KEPT	HOL-Library.Code_Test
Code_Test.xml_tree.mor_xml_tree	concealed	HOL-Library.Code_Test
Code_Test.xml_tree.alg_xml_tree	concealed	HOL-Library.Code_Test
Code_Test.xml_tree.Rep_xml_tree	concealed	HOL-Library.Code_Test
Code_Test.xml_tree.Abs_xml_tree	concealed	HOL-Library.Code_Test
Code_Numeral.natural_of_integer	KEPT	HOL.Code_Numeral
Code_Numeral.integer_of_natural	KEPT	HOL.Code_Numeral
Code_Evaluation.term.dummy_term	KEPT	HOL.Code_Evaluation
Chebyshev_Polynomials.cheb_poly	KEPT	Chebyshev_Polynomials.Chebyshev_Polynomials
Chebyshev_Polynomials.cheb_node	KEPT	Chebyshev_Polynomials.Chebyshev_Polynomials
Chebyshev_Polynomials.cheb_eval	KEPT	Chebyshev_Polynomials.Chebyshev_Polynomials
Chebyshev_Polynomials.Cheb_poly	KEPT	Chebyshev_Polynomials.Chebyshev_Polynomials
Char_ord.sup_char_inst.sup_char	inst_infix	HOL-Library.Char_ord
Char_ord.inf_char_inst.inf_char	inst_infix	HOL-Library.Char_ord
Cayley_Hamilton.max_perm_degree	KEPT	Cayley_Hamilton.Cayley_Hamilton
Cauchy_Integral_Theorem.Chain.f	KEPT	HOL-Complex_Analysis.Cauchy_Integral_Theorem
Catalan_Numbers.random_aux_tree	concealed	Catalan_Numbers.Catalan_Numbers
Catalan_Numbers.catalan_aux_rel	concealed	Catalan_Numbers.Catalan_Numbers
Catalan_Numbers.catalan_aux_dom	KEPT	Catalan_Numbers.Catalan_Numbers
Cartesian_Space.vec.independent	KEPT	HOL-Analysis.Cartesian_Space
Bounded_Continuous_Function.PiC	KEPT	HOL-Analysis.Bounded_Continuous_Function
Bivariate_Polynomials.poly_lift	KEPT	Algebraic_Numbers.Bivariate_Polynomials
Bivariate_Polynomials.map_poly2	KEPT	Algebraic_Numbers.Bivariate_Polynomials
Bit_Operations.and_not_num_sumC	KEPT	HOL.Bit_Operations
Bell_Numbers.Bell_list_aux_sumC	KEPT	Bell_Numbers_Spivey.Bell_Numbers
BNF_Cardinal_Arithmetic.cfinite	KEPT	HOL.BNF_Cardinal_Arithmetic
BNF_Cardinal_Arithmetic.Cfinite	KEPT	HOL.BNF_Cardinal_Arithmetic
Arcwise_Connected.dyad_rec_sumC	KEPT	HOL-Analysis.Arcwise_Connected
Approximation.form.min_alg_form	concealed	HOL-Decision_Procs.Approximation
Approximation.floatarith.Arctan	KEPT	HOL-Decision_Procs.Approximation
Algebraic_Numbers_Prelim.cf_pos	KEPT	Algebraic_Numbers.Algebraic_Numbers_Prelim
Algebraic_Numbers.poly_x_mult_y	KEPT	Algebraic_Numbers.Algebraic_Numbers
Algebraic_Numbers.poly_add_sign	KEPT	Algebraic_Numbers.Algebraic_Numbers
Abstract_Topology_2.constant_on	KEPT	HOL-Analysis.Abstract_Topology_2
Abstract_Topology.euclideanreal	KEPT	HOL-Analysis.Abstract_Topology
Abstract_Topology.embedding_map	KEPT	HOL-Analysis.Abstract_Topology
Abstract_Topology.compact_space	KEPT	HOL-Analysis.Abstract_Topology
Abstract_Metric_Spaces.mball_of	KEPT	HOL-Analysis.Abstract_Metric_Spaces
Zorn.pred_on.suc_Union_closedp	KEPT	HOL.Zorn
Zorn.initial_segment_of_syntax	KEPT	HOL.Zorn
Word.signed.strict_antimono_on	KEPT	HOL-Library.Word
Word.signed.sorted_list_of_set	KEPT	HOL-Library.Word
Word.semiring_1_class.unsigned	KEPT	HOL-Library.Word
Winding_Numbers.winding_number	KEPT	HOL-Complex_Analysis.Winding_Numbers
While_Combinator.rtrancl_while	KEPT	HOL-Library.While_Combinator
Weierstrass_Theorems.Bernstein	KEPT	HOL-Analysis.Weierstrass_Theorems
Vector_Spaces.vector_space.dim	KEPT	HOL.Vector_Spaces
Utility.sorted_list_subset_rel	concealed	Matrix.Utility
Utility.sorted_list_subset_dom	KEPT	Matrix.Utility
Unique_Factorization.ufd_class	class_pred	Berlekamp_Zassenhaus.Unique_Factorization
Unique_Factorization.class.ufd	class_infix	Berlekamp_Zassenhaus.Unique_Factorization
Tree.linorder_class.heap_graph	concealed	HOL-Library.Tree
Transfer_Cayley_Hamilton.cofac	KEPT	Lie_Groups.Transfer_Cayley_Hamilton
Transcendental.class.ln_axioms	class_infix	HOL.Transcendental
Topology_Euclidean_Space.clamp	KEPT	HOL-Analysis.Topology_Euclidean_Space
Time_Functions.T_size_list_rel	concealed	HOL-Library.Time_Functions
Time_Functions.T_size_list_dom	KEPT	HOL-Library.Time_Functions
Time_Functions.T2_filter_graph	concealed	HOL-Library.Time_Functions
Tagged_Division.operative_real	KEPT	HOL-Analysis.Tagged_Division
Symmetric_Polynomials.permutep	KEPT	Symmetric_Polynomials.Symmetric_Polynomials
Sublist.suffix_order.bdd_below	KEPT	HOL-Library.Sublist
Sublist.suffix_order.bdd_above	KEPT	HOL-Library.Sublist
Sublist.subseq_order.bdd_below	KEPT	HOL-Library.Sublist
Sublist.subseq_order.bdd_above	KEPT	HOL-Library.Sublist
Sublist.sublist_order.lessThan	KEPT	HOL-Library.Sublist
Sublist.sublist_order.antimono	KEPT	HOL-Library.Sublist
Sublist.sublist_order.Greatest	KEPT	HOL-Library.Sublist
Sublist.prefix_order.bdd_below	KEPT	HOL-Library.Sublist
Sublist.prefix_order.bdd_above	KEPT	HOL-Library.Sublist
Sturm_Theorem.sturm_squarefree	KEPT	Sturm_Sequences.Sturm_Theorem
Sturm_Theorem.sturm_seq_axioms	KEPT	Sturm_Sequences.Sturm_Theorem
Sturm_Theorem.sign_changes_inf	KEPT	Sturm_Sequences.Sturm_Theorem
Sturm_Tarski.changes_itv_smods	KEPT	Sturm_Tarski.Sturm_Tarski
Sturm_Multiple_Roots.smods_ext	KEPT	Budan_Fourier.Sturm_Multiple_Roots
String.comm_semiring_1.of_char	class_variant	HOL.String
State_Monad.traverse_list_sumC	KEPT	HOL-Library.State_Monad
Square_Matrix.sq_matrix.to_fun	KEPT	Cayley_Hamilton.Square_Matrix
Square_Matrix.sq_matrix.of_fun	KEPT	Cayley_Hamilton.Square_Matrix
Sorting_Algorithms.sorted_sumC	KEPT	HOL-Library.Sorting_Algorithms
Sorting_Algorithms.merge_graph	concealed	HOL-Library.Sorting_Algorithms
Sigma_Algebra.semiring_of_sets	KEPT	HOL-Analysis.Sigma_Algebra
Set_Interval.ord_class.atLeast	KEPT	HOL.Set_Interval
Set_Interval.ord.atLeastAtMost	class_variant	HOL.Set_Interval
Set.uminus_set_inst.uminus_set	inst_infix	HOL.Set
Saturated.top_sat_inst.top_sat	inst_infix	HOL-Library.Saturated
Saturated.sup_sat_inst.sup_sat	inst_infix	HOL-Library.Saturated
Saturated.one_sat_inst.one_sat	inst_infix	HOL-Library.Saturated
Saturated.inf_sat_inst.inf_sat	inst_infix	HOL-Library.Saturated
Saturated.bot_sat_inst.bot_sat	inst_infix	HOL-Library.Saturated
Saturated.Sup_sat_inst.Sup_sat	inst_infix	HOL-Library.Saturated
Saturated.Inf_sat_inst.Inf_sat	inst_infix	HOL-Library.Saturated
SPMF.rel_spmf_characterisation	KEPT	HOL-Probability.SPMF
Rings.ordered_semiring_1_class	class_pred	HOL.Rings
Rings.ordered_semiring_0_class	class_pred	HOL.Rings
Rings.linordered_semidom_class	class_pred	HOL.Rings
Rings.class.ordered_semiring_1	class_infix	HOL.Rings
Rings.class.ordered_semiring_0	class_infix	HOL.Rings
Rings.class.linordered_semidom	class_infix	HOL.Rings
Ring_Hom.inj_semigroup_add_hom	KEPT	Polynomial_Interpolation.Ring_Hom
Ring_Hom.inj_comm_semiring_hom	KEPT	Polynomial_Interpolation.Ring_Hom
Ring_Hom.comm_monoid_mult_isom	KEPT	Polynomial_Interpolation.Ring_Hom
Ring_Hom.comm_monoid_add_hom_0	KEPT	Polynomial_Interpolation.Ring_Hom
Ring_Hom.ab_semigroup_mult_hom	KEPT	Polynomial_Interpolation.Ring_Hom
Resultant_Prelim.sylvester_mat	KEPT	Subresultants.Resultant_Prelim
Resultant_Prelim.resultant_sub	KEPT	Subresultants.Resultant_Prelim
Reflective_Field.split_aux_rel	concealed	HOL-Decision_Procs.Reflective_Field
Reflective_Field.split_aux_dom	infra_theory	HOL-Decision_Procs.Reflective_Field
Reflective_Field.field.nonzero	infra_theory	HOL-Decision_Procs.Reflective_Field
Real_Vector_Spaces.independent	KEPT	HOL.Real_Vector_Spaces
Reachability_Analysis.plane_of	KEPT	Ordinary_Differential_Equations.Reachability_Analysis
Rat.uminus_rat_inst.uminus_rat	inst_infix	HOL.Rat
Rat.random_rat_inst.random_rat	inst_infix	HOL.Rat
Rat.divide_rat_inst.divide_rat	inst_infix	HOL.Rat
Random_Sequence.if_random_dseq	KEPT	HOL.Random_Sequence
Quickcheck_Random.random_class	class_pred	HOL.Quickcheck_Random
Quickcheck_Narrowing.non_empty	hidden	HOL.Quickcheck_Narrowing
Quickcheck_Narrowing.eval_ffun	KEPT	HOL.Quickcheck_Narrowing
Quickcheck_Narrowing.eval_cfun	KEPT	HOL.Quickcheck_Narrowing
Quickcheck_Narrowing.conv_sumC	KEPT	HOL.Quickcheck_Narrowing
Quickcheck_Exhaustive.cps_plus	KEPT	HOL.Quickcheck_Exhaustive
Quickcheck_Exhaustive.cps_bind	KEPT	HOL.Quickcheck_Exhaustive
Quadratic_Reciprocity.QR.Res_l	KEPT	HOL-Number_Theory.Quadratic_Reciprocity
Quadratic_Reciprocity.QR.Res_h	KEPT	HOL-Number_Theory.Quadratic_Reciprocity
Quadratic_Reciprocity.QR.Res_0	KEPT	HOL-Number_Theory.Quadratic_Reciprocity
Quadratic_Reciprocity.QR.BuDuF	KEPT	HOL-Number_Theory.Quadratic_Reciprocity
Quadratic_Discriminant.discrim	KEPT	HOL-Library.Quadratic_Discriminant
Product_Type.old.unit.rec_unit	KEPT	HOL.Product_Type
Product_Type.old.prod.rec_prod	KEPT	HOL.Product_Type
Product_Type.old.bool.rec_bool	KEPT	HOL.Product_Type
Product_Topology.prod_topology	KEPT	HOL-Analysis.Product_Topology
Probability_Measure.prob_space	KEPT	HOL-Probability.Probability_Measure
Primes.enum_finite_field_class	class_pred	HOL-Computational_Algebra.Primes
Primes.class.enum_finite_field	class_infix	HOL-Computational_Algebra.Primes
Pratt_Certificate.pratt_triple	KEPT	Pratt_Certificate.Pratt_Certificate
Pratt_Certificate.pratt.Triple	KEPT	Pratt_Certificate.Pratt_Certificate
Polynomial.minus_poly_rev_list	KEPT	HOL-Computational_Algebra.Polynomial
Polynomial.div_field_poly_impl	KEPT	HOL-Computational_Algebra.Polynomial
Poly_Mapping.poly_mapping_size	KEPT	HOL-Library.Poly_Mapping
Poly_Mapping.no_trailing_zeros	KEPT	HOL-Library.Poly_Mapping
Permutations.apply_adj_transps	KEPT	HOL-Combinatorics.Permutations
Pell_Algorithm.efficient_power	KEPT	Pell.Pell_Algorithm
Partial_Function.option.le_fun	KEPT	HOL.Partial_Function
Parametric_Ferrante_Rackoff.lt	infra_theory	HOL-Decision_Procs.Parametric_Ferrante_Rackoff
Parametric_Ferrante_Rackoff.le	infra_theory	HOL-Decision_Procs.Parametric_Ferrante_Rackoff
Parametric_Ferrante_Rackoff.eq	infra_theory	HOL-Decision_Procs.Parametric_Ferrante_Rackoff
Parametric_Ferrante_Rackoff.DJ	infra_theory	HOL-Decision_Procs.Parametric_Ferrante_Rackoff
Parallel.future.min_alg_future	concealed	HOL-Library.Parallel
Orderings.top_fun_inst.top_fun	KEPT	HOL.Orderings
Orderings.order_class.Greatest	KEPT	HOL.Orderings
Orderings.ord_class.greater_eq	KEPT	HOL.Orderings
Orderings.dense_linorder_class	class_pred	HOL.Orderings
Orderings.class.dense_linorder	class_infix	HOL.Orderings
Orderings.bot_fun_inst.bot_fun	KEPT	HOL.Orderings
Order_Relation.linear_order_on	KEPT	HOL.Order_Relation
Option.option.ctor_fold_option	concealed	HOL.Option
Num.random_num_inst.random_num	inst_infix	HOL.Num
Nitpick.pair_box.dtor_pair_box	concealed	HOL.Nitpick
Nitpick.pair_box.ctor_pair_box	concealed	HOL.Nitpick
Nitpick.pair_box.case_pair_box	KEPT	HOL.Nitpick
Newton_Interpolation.xij_f_rel	concealed	Polynomial_Interpolation.Newton_Interpolation
Newton_Interpolation.xij_f_dom	hidden	Polynomial_Interpolation.Newton_Interpolation
Nat_Bijection.list_encode_sumC	KEPT	HOL-Library.Nat_Bijection
Nat_Bijection.list_decode_sumC	KEPT	HOL-Library.Nat_Bijection
Multiset.subset_mset.bdd_below	KEPT	HOL-Library.Multiset
Multiset.subset_mset.bdd_above	KEPT	HOL-Library.Multiset
Multiset.subset_mset.Sup_fin.F	KEPT	HOL-Library.Multiset
Multiset.subset_mset.Inf_fin.F	KEPT	HOL-Library.Multiset
Multiset.multiset.Abs_multiset	abs_rep_name	HOL-Library.Multiset
Multiseries_Expansion.scale_ms	KEPT	HOL-Real_Asymp.Multiseries_Expansion
Multiseries_Expansion.powr_nat	KEPT	HOL-Real_Asymp.Multiseries_Expansion
Multiseries_Expansion.basis_wf	KEPT	HOL-Real_Asymp.Multiseries_Expansion
Multiplicative_Group.group.ord	KEPT	HOL-Algebra.Multiplicative_Group
Mod_Type.mod_type_class.to_nat	KEPT	Rank_Nullity_Theorem.Mod_Type
Mod_Type.class.mod_type_axioms	class_infix	Rank_Nullity_Theorem.Mod_Type
Missing_List.union_list_sorted	KEPT	Polynomial_Factorization.Missing_List
Missing_List.remdups_gen_graph	concealed	Polynomial_Factorization.Missing_List
Missing_List.is_partition_impl	hidden	Polynomial_Factorization.Missing_List
Missing_List.distinct_eq_graph	concealed	Polynomial_Factorization.Missing_List
Missing_List.concat_lists_sumC	KEPT	Polynomial_Factorization.Missing_List
Missing_Algebraic.roots_within	KEPT	Winding_Number_Eval.Missing_Algebraic
Miscellaneous.matrix.dependent	KEPT	Rank_Nullity_Theorem.Miscellaneous
Min_Int_Poly.min_int_poly_real	KEPT	Algebraic_Numbers.Min_Int_Poly
Matrix_To_IArray.vec_to_iarray	KEPT	Gauss_Jordan.Matrix_To_IArray
Matrix_To_IArray.iarray_to_vec	KEPT	Gauss_Jordan.Matrix_To_IArray
Matrix_To_IArray.column_iarray	KEPT	Gauss_Jordan.Matrix_To_IArray
Matrix.comm_monoid_add.sum_mat	class_variant	Jordan_Normal_Form.Matrix
MIR.typerep_fm_inst.typerep_fm	infra_theory	HOL-Decision_Procs.MIR
MIR.term_of_fm_inst.term_of_fm	infra_theory	HOL-Decision_Procs.MIR
MIR.random_num_inst.random_num	infra_theory	HOL-Decision_Procs.MIR
MIR.fm.fm_pre_fm.Rep_fm_pre_fm	concealed	HOL-Decision_Procs.MIR
MIR.fm.fm_pre_fm.Abs_fm_pre_fm	concealed	HOL-Decision_Procs.MIR
List.linorder_class.insort_key	KEPT	HOL.List
List.folding_insort_key_axioms	KEPT	HOL.List
Lindelof_Spaces.Lindelof_space	KEPT	HOL-Analysis.Lindelof_Spaces
Limited_Sequence.pos_decr_bind	KEPT	HOL.Limited_Sequence
Limited_Sequence.neg_decr_bind	KEPT	HOL.Limited_Sequence
Lazy_Sequence.small_lazy_class	class_pred	HOL.Lazy_Sequence
Lazy_Sequence.small_lazy'_sumC	KEPT	HOL.Lazy_Sequence
Lazy_Sequence.iterate_upto_rel	concealed	HOL.Lazy_Sequence
Lazy_Sequence.iterate_upto_dom	KEPT	HOL.Lazy_Sequence
Lattices_Big.semilattice_set.F	KEPT	HOL.Lattices_Big
Lattices_Big.ord_class.arg_min	KEPT	HOL.Lattices_Big
Lattices_Big.ord_class.arg_max	KEPT	HOL.Lattices_Big
Lattices.semilattice_sup_class	class_pred	HOL.Lattices
Lattices.semilattice_inf_class	class_pred	HOL.Lattices
Lattices.distrib_lattice_class	class_pred	HOL.Lattices
Lattices.class.semilattice_sup	class_infix	HOL.Lattices
Lattices.class.semilattice_inf	class_infix	HOL.Lattices
Lattices.class.distrib_lattice	class_infix	HOL.Lattices
Lattices.class.bounded_lattice	class_infix	HOL.Lattices
Lattices.bounded_lattice_class	class_pred	HOL.Lattices
Lattice.weak_upper_semilattice	KEPT	HOL-Algebra.Lattice
Lattice.weak_lower_semilattice	KEPT	HOL-Algebra.Lattice
Landau_Symbols.bigtheta_at_top	KEPT	HOL-Library.Landau_Symbols
Landau_Symbols.bigomega_at_top	KEPT	HOL-Library.Landau_Symbols
Landau_Real_Products.dominates	KEPT	Landau_Symbols.Landau_Real_Products
Int.uminus_int_inst.uminus_int	inst_infix	HOL.Int
Inner_Product.real_inner_class	class_pred	HOL-Analysis.Inner_Product
Inner_Product.class.real_inner	class_infix	HOL-Analysis.Inner_Product
Initial_Value_Problem.interval	KEPT	Ordinary_Differential_Equations.Initial_Value_Problem
Initial_Value_Problem.cfuncset	KEPT	Ordinary_Differential_Equations.Initial_Value_Problem
Information.prob_space.entropy	KEPT	HOL-Probability.Information
Infinite_Products.raw_has_prod	KEPT	HOL-Analysis.Infinite_Products
Inductive.complete_lattice.lfp	class_variant	HOL.Inductive
Inductive.complete_lattice.gfp	class_variant	HOL.Inductive
IArray.iarray.ctor_fold_iarray	concealed	HOL-Library.IArray
Groups_Big_Fun.comm_monoid_fun	KEPT	HOL-Library.Groups_Big_Fun
Groups_Big.comm_monoid_add.sum	class_variant	HOL.Groups_Big
Groups_Big.comm_monoid_add.Sum	class_variant	HOL.Groups_Big
Groups.class.monoid_add_axioms	class_infix	HOL.Groups
Groups.class.ab_semigroup_mult	class_infix	HOL.Groups
Groups.ab_semigroup_mult_class	class_pred	HOL.Groups
Group_Sort.groupsort.sort_sumC	hidden	Landau_Symbols.Group_Sort
Group_Sort.groupsort.group_rel	concealed	Landau_Symbols.Group_Sort
Group_Sort.groupsort.group_dom	hidden	Landau_Symbols.Group_Sort
Geo_Real2.real2.neu.SymR_graph	concealed	MathBench_ProverBase.Geo_Real2
Geo_Real2.real2.neu.SumVExists	KEPT	MathBench_ProverBase.Geo_Real2
Geo_Real2.real2.neu.ReflectLAt	KEPT	MathBench_ProverBase.Geo_Real2
Geo_Real2.real2.neu.QCongANull	KEPT	MathBench_ProverBase.Geo_Real2
Geo_Real2.real2.neu.OutCircleS	KEPT	MathBench_ProverBase.Geo_Real2
Geo_Real2.real2.neu.MidR_graph	concealed	MathBench_ProverBase.Geo_Real2
Geo_Real2.real2.neu.Gradn_sumC	KEPT	MathBench_ProverBase.Geo_Real2
Geo_Real2.real2.neu.GradExpInv	KEPT	MathBench_ProverBase.Geo_Real2
Geo_Real2.real2.neu.Concyclic2	KEPT	MathBench_ProverBase.Geo_Real2
Gauss_Jordan_PA.P_Gauss_Jordan	KEPT	Gauss_Jordan.Gauss_Jordan_PA
Gamma_Function.ln_Gamma_series	KEPT	HOL-Analysis.Gamma_Function
GCD.semiring_gcd_class.Lcm_fin	KEPT	HOL.GCD
GCD.semiring_gcd_class.Gcd_fin	KEPT	HOL.GCD
Functional_Spaces.quasinorm_on	KEPT	Lp.Functional_Spaces
Fraction_Field.fract.Rep_fract	quotient_typedef	HOL-Computational_Algebra.Fraction_Field
Fraction_Field.fract.Abs_fract	quotient_typedef	HOL-Computational_Algebra.Fraction_Field
Formal_Power_Series.natpermute	KEPT	HOL-Computational_Algebra.Formal_Power_Series
Formal_Power_Series.fps_cutoff	KEPT	HOL-Computational_Algebra.Formal_Power_Series
Flow.compact_continuously_diff	KEPT	Ordinary_Differential_Equations.Flow
Float.sup_float_inst.sup_float	inst_infix	HOL-Library.Float
Float.sgn_float_inst.sgn_float	inst_infix	HOL-Library.Float
Float.one_float_inst.one_float	inst_infix	HOL-Library.Float
Float.inf_float_inst.inf_float	inst_infix	HOL-Library.Float
Float.abs_float_inst.abs_float	inst_infix	HOL-Library.Float
Finite_Set.folding_idem_axioms	KEPT	HOL.Finite_Set
Finite_Set.comp_fun_commute_on	KEPT	HOL.Finite_Set
Finite_Map.sorted_list_of_fmap	KEPT	HOL-Library.Finite_Map
Ferrack.size_num_inst.size_num	infra_theory	HOL-Decision_Procs.Ferrack
Ferrack.equal_fm_inst.equal_fm	infra_theory	HOL-Decision_Procs.Ferrack
Factorial.semiring_char_0.fact	class_variant	HOL.Factorial
FSet.full_exhaustive_fset_sumC	KEPT	HOL-Library.FSet
Extraction.sumbool.rec_sumbool	KEPT	HOL.Extraction
Extraction.sumbool.mor_sumbool	concealed	HOL.Extraction
Extraction.sumbool.alg_sumbool	concealed	HOL.Extraction
Extraction.sumbool.Rep_sumbool	concealed	HOL.Extraction
Extraction.sumbool.Abs_sumbool	concealed	HOL.Extraction
Extended_Sturm.cindex_poly_ubd	KEPT	Count_Complex_Roots.Extended_Sturm
Extended_Sturm.changes_alt_rel	concealed	Count_Complex_Roots.Extended_Sturm
Extended_Sturm.changes_alt_dom	KEPT	Count_Complex_Roots.Extended_Sturm
Extended_Real.uminus_ereal_rel	concealed	HOL-Library.Extended_Real
Extended_Real.uminus_ereal_dom	KEPT	HOL-Library.Extended_Real
Extended_Real.times_ereal_sumC	KEPT	HOL-Library.Extended_Real
Extended_Real.random_aux_ereal	concealed	HOL-Library.Extended_Real
Extended_Real.plus_ereal_graph	concealed	HOL-Library.Extended_Real
Extended_Real.less_ereal_graph	concealed	HOL-Library.Extended_Real
Extended_Real.ereal.size_ereal	adt_record	HOL-Library.Extended_Real
Extended_Real.ereal.dtor_ereal	concealed	HOL-Library.Extended_Real
Extended_Real.ereal.ctor_ereal	concealed	HOL-Library.Extended_Real
Extended_Real.ereal.case_ereal	KEPT	HOL-Library.Extended_Real
Extended_Nat.enat.rec_set_enat	concealed	HOL-Library.Extended_Nat
Extended.uminus_extended_graph	concealed	HOL-Library.Extended
Extended.less_eq_extended_sumC	KEPT	HOL-Library.Extended
Extended.extended.wit_extended	adt_record	HOL-Library.Extended
Extended.extended.set_extended	KEPT	HOL-Library.Extended
Extended.extended.rel_extended	KEPT	HOL-Library.Extended
Extended.extended.rec_extended	KEPT	HOL-Library.Extended
Extended.extended.mor_extended	concealed	HOL-Library.Extended
Extended.extended.map_extended	KEPT	HOL-Library.Extended
Extended.extended.alg_extended	concealed	HOL-Library.Extended
Extended.extended.Rep_extended	concealed	HOL-Library.Extended
Extended.extended.Abs_extended	concealed	HOL-Library.Extended
Euler_MacLaurin.harm_remainder	KEPT	Euler_MacLaurin.Euler_MacLaurin
Euclidean_Space.eucl.dimension	KEPT	HOL-Analysis.Euclidean_Space
Enum.finite_5.min_alg_finite_5	concealed	HOL.Enum
Enum.finite_4.min_alg_finite_4	concealed	HOL.Enum
Enum.finite_3.min_alg_finite_3	concealed	HOL.Enum
Enum.finite_2.min_alg_finite_2	concealed	HOL.Enum
Enum.finite_1.min_alg_finite_1	concealed	HOL.Enum
Enum.enum_sum_inst.enum_ex_sum	inst_infix	HOL.Enum
Enum.enum_set_inst.enum_ex_set	inst_infix	HOL.Enum
Enum.enum_fun_inst.enum_ex_fun	KEPT	HOL.Enum
Elementary_Operations.mult_row	KEPT	Gauss_Jordan.Elementary_Operations
Elementary_Metric_Spaces.cball	KEPT	HOL-Analysis.Elementary_Metric_Spaces
Elementary_Groups.cyclic_group	KEPT	HOL-Algebra.Elementary_Groups
Dual_Ordered_Lattice.dual.dual	KEPT	HOL-Library.Dual_Ordered_Lattice
Dual_Order.dual_wellorder.sort	KEPT	Rank_Nullity_Theorem.Dual_Order
Dual_Order.dual_wellorder.mono	KEPT	Rank_Nullity_Theorem.Dual_Order
Dlist.Quotient_dlist.pcr_dlist	KEPT	HOL-Library.Dlist
Divisibility.essentially_equal	KEPT	HOL-Algebra.Divisibility
Dirichlet_Series.fds_subseries	KEPT	Dirichlet_Series.Dirichlet_Series
Dirichlet_Series.fds_converges	KEPT	Dirichlet_Series.Dirichlet_Series
Determinants2.upper_triangular	KEPT	Gauss_Jordan.Determinants2
Determinant.permutation_insert	KEPT	Jordan_Normal_Form.Determinant
Determinant.permutation_delete	KEPT	Jordan_Normal_Form.Determinant
Descartes_Sign_Rule.roots_with	KEPT	Descartes_Sign_Rule.Descartes_Sign_Rule
Descartes_Sign_Rule.psums_sumC	KEPT	Descartes_Sign_Rule.Descartes_Sign_Rule
Count_Rectangle.proots_rect_ll	KEPT	Count_Complex_Roots.Count_Rectangle
Count_Circle.proots_cball_card	KEPT	Count_Complex_Roots.Count_Circle
Cooper.pre_num.num.wit_pre_num	concealed	HOL-Decision_Procs.Cooper
Cooper.pre_num.num.set_pre_num	concealed	HOL-Decision_Procs.Cooper
Cooper.pre_num.num.rel_pre_num	concealed	HOL-Decision_Procs.Cooper
Cooper.pre_num.num.map_pre_num	concealed	HOL-Decision_Procs.Cooper
Contour_Integration.circlepath	KEPT	HOL-Complex_Analysis.Contour_Integration
Continued_Fractions.conv_graph	concealed	Continued_Fractions.Continued_Fractions
Continued_Fractions.conv_denom	KEPT	Continued_Fractions.Continued_Fractions
Continued_Fractions.conv'_sumC	KEPT	Continued_Fractions.Continued_Fractions
Continued_Fractions.cfrac_drop	KEPT	Continued_Fractions.Continued_Fractions
Continued_Fractions.cfrac_cons	KEPT	Continued_Fractions.Continued_Fractions
Containers_Auxiliary.less_prod	KEPT	Containers.Containers_Auxiliary
Congruence.partial_object.more	KEPT	HOL-Algebra.Congruence
Congruence.partial_object.make	KEPT	HOL-Algebra.Congruence
Congruence.eq_object.eq_update	KEPT	HOL-Algebra.Congruence
Complex_Transcendental.moebius	KEPT	HOL-Analysis.Complex_Transcendental
Complex_Singularities.zor_poly	KEPT	HOL-Complex_Analysis.Complex_Singularities
Complex.complex.isNode_complex	concealed	HOL.Complex
Complete_Lattice.weak_sup_pres	KEPT	HOL-Algebra.Complete_Lattice
Complete_Lattice.weak_inf_pres	KEPT	HOL-Algebra.Complete_Lattice
Comparator.comp.ctor_fold_comp	concealed	HOL-Library.Comparator
Commutative_Ring.psubstl_graph	concealed	HOL-Decision_Procs.Commutative_Ring
Commutative_Ring.psubstl1_sumC	infra_theory	HOL-Decision_Procs.Commutative_Ring
Commutative_Ring.pnsubstl_sumC	infra_theory	HOL-Decision_Procs.Commutative_Ring
Commutative_Ring.pnsubst1_sumC	infra_theory	HOL-Decision_Procs.Commutative_Ring
Commutative_Ring.mfactor_graph	concealed	HOL-Decision_Procs.Commutative_Ring
Commutative_Ring.cfactor_graph	concealed	HOL-Decision_Procs.Commutative_Ring
Column_Operations.mat_swapcols	KEPT	Jordan_Normal_Form.Column_Operations
Coinductive_List.llist.lub_fun	KEPT	Coinductive.Coinductive_List
Code_Evaluation.term.dtor_term	concealed	HOL.Code_Evaluation
Code_Evaluation.term.ctor_term	concealed	HOL.Code_Evaluation
Code_Evaluation.term.case_term	KEPT	HOL.Code_Evaluation
Chebyshev_Polynomials.clenshaw	KEPT	Chebyshev_Polynomials.Chebyshev_Polynomials
Cauchy_Index_Theorem.sgnx_able	KEPT	Winding_Number_Eval.Cauchy_Index_Theorem
Catalan_Numbers.tree.size_tree	adt_record	Catalan_Numbers.Catalan_Numbers
Catalan_Numbers.tree.dtor_tree	concealed	Catalan_Numbers.Catalan_Numbers
Catalan_Numbers.tree.ctor_tree	concealed	Catalan_Numbers.Catalan_Numbers
Catalan_Numbers.tree.case_tree	KEPT	Catalan_Numbers.Catalan_Numbers
Cardinality.class.card2_axioms	class_infix	HOL-Library.Cardinality
Bounded_Linear_Operator.Blinop	KEPT	Ordinary_Differential_Equations.Bounded_Linear_Operator
Bochner_Integration.integrable	KEPT	HOL-Analysis.Bochner_Integration
Bivariate_Polynomials.poly_y_x	KEPT	Algebraic_Numbers.Bivariate_Polynomials
Bit_Operations.xor_int.F_graph	concealed	HOL.Bit_Operations
Bit_Operations.fold2_bit_int.F	KEPT	HOL.Bit_Operations
Bit_Operations.and_not_num_rel	concealed	HOL.Bit_Operations
Bit_Operations.and_not_num_dom	KEPT	HOL.Bit_Operations
Bit_Operations.and_int.F_graph	concealed	HOL.Bit_Operations
Bernoulli_FPS.akiyama_tanigawa	KEPT	Bernoulli.Bernoulli_FPS
Bell_Numbers.Bell_list_aux_rel	concealed	Bell_Numbers_Spivey.Bell_Numbers
Bell_Numbers.Bell_list_aux_dom	KEPT	Bell_Numbers_Spivey.Bell_Numbers
BNF_Wellorder_Embedding.embedS	KEPT	HOL.BNF_Wellorder_Embedding
BNF_Wellorder_Embedding.compat	KEPT	HOL.BNF_Wellorder_Embedding
BNF_Greatest_Fixpoint.relImage	KEPT	HOL.BNF_Greatest_Fixpoint
BNF_Greatest_Fixpoint.fromCard	KEPT	HOL.BNF_Greatest_Fixpoint
Arcwise_Connected.dyad_rec_rel	concealed	HOL-Analysis.Arcwise_Connected
Arcwise_Connected.dyad_rec_dom	KEPT	HOL-Analysis.Arcwise_Connected
Approximation_Bounds.ub_arctan	infra_theory	HOL-Decision_Procs.Approximation_Bounds
Approximation_Bounds.lb_arctan	infra_theory	HOL-Decision_Procs.Approximation_Bounds
Approximation_Bounds.bnds_powr	infra_theory	HOL-Decision_Procs.Approximation_Bounds
Approximation_Bounds.bnds_mult	infra_theory	HOL-Decision_Procs.Approximation_Bounds
Approximation.floatarith.Power	KEPT	HOL-Decision_Procs.Approximation
Approximation.floatarith.Minus	KEPT	HOL-Decision_Procs.Approximation
Approximation.floatarith.Floor	KEPT	HOL-Decision_Procs.Approximation
Approximation.approx_tse_graph	concealed	HOL-Decision_Procs.Approximation
Approximation.approx_tse_form'	infra_theory	HOL-Decision_Procs.Approximation
Approximation.approx_tse_concl	infra_theory	HOL-Decision_Procs.Approximation
Approximation.approx_form_eval	infra_theory	HOL-Decision_Procs.Approximation
Approximation.DERIV_floatarith	infra_theory	HOL-Decision_Procs.Approximation
Algebraic_Numbers_Prelim.ipoly	KEPT	Algebraic_Numbers.Algebraic_Numbers_Prelim
Abstract_Topology_2.retraction	KEPT	HOL-Analysis.Abstract_Topology_2
Abstract_Topology_2.retract_of	KEPT	HOL-Analysis.Abstract_Topology_2
Abstract_Topology.quotient_map	KEPT	HOL-Analysis.Abstract_Topology
Zorn.subset.suc_Union_closedp	KEPT	HOL.Zorn
Zorn.pred_on.suc_Union_closed	hidden	HOL.Zorn
Z2.uminus_bit_inst.uminus_bit	inst_infix	HOL-Library.Z2
Z2.modulo_bit_inst.modulo_bit	inst_infix	HOL-Library.Z2
Z2.divide_bit_inst.divide_bit	inst_infix	HOL-Library.Z2
Word.zero_word_inst.zero_word	inst_infix	HOL-Library.Word
Word.size_word_inst.size_word	inst_infix	HOL-Library.Word
Word.signed.insort_insert_key	KEPT	HOL-Library.Word
Word.signed.greaterThanAtMost	KEPT	HOL-Library.Word
Word.plus_word_inst.plus_word	inst_infix	HOL-Library.Word
Word.enum_word_inst.enum_word	inst_infix	HOL-Library.Word
While_Combinator.while_option	KEPT	HOL-Library.While_Combinator
UnivPoly.up_ring.monom_update	KEPT	HOL-Algebra.UnivPoly
UnivPoly.up_ring.coeff_update	KEPT	HOL-Algebra.UnivPoly
Unique_Factorization.dvd.ddvd	class_variant	Berlekamp_Zassenhaus.Unique_Factorization
Typerep.typerep_class.typerep	KEPT	HOL.Typerep
Type_Length.len0_class.len_of	KEPT	HOL-Library.Type_Length
Tree_Multiset.mset_tree_graph	concealed	HOL-Library.Tree_Multiset
Tree.size_tree_inst.size_tree	inst_infix	HOL-Library.Tree
Tree.linorder_class.heap_sumC	KEPT	HOL-Library.Tree
Topology_Euclidean_Space.cbox	KEPT	HOL-Analysis.Topology_Euclidean_Space
Topological_Spaces.open_class	class_pred	HOL.Topological_Spaces
Topological_Spaces.continuous	KEPT	HOL.Topological_Spaces
Time_Functions.T_append_graph	concealed	HOL-Library.Time_Functions
Time_Functions.T2_filter_sumC	KEPT	HOL-Library.Time_Functions
Tarski.tarski_first3.segments	KEPT	Tarskis_Geometry.Tarski
Tarski.tarski_absolute_axioms	KEPT	Tarskis_Geometry.Tarski
Tarski.norm_metric.is_segment	KEPT	Tarskis_Geometry.Tarski
Sublist.suffix_order.lessThan	KEPT	HOL-Library.Sublist
Sublist.suffix_order.antimono	KEPT	HOL-Library.Sublist
Sublist.suffix_order.Greatest	KEPT	HOL-Library.Sublist
Sublist.subseq_order.lessThan	KEPT	HOL-Library.Sublist
Sublist.subseq_order.antimono	KEPT	HOL-Library.Sublist
Sublist.subseq_order.Greatest	KEPT	HOL-Library.Sublist
Sublist.sublist_order.mono_on	KEPT	HOL-Library.Sublist
Sublist.sublist_order.lexordp	KEPT	HOL-Library.Sublist
Sublist.sublist_order.greater	KEPT	HOL-Library.Sublist
Sublist.sublist_order.atLeast	KEPT	HOL-Library.Sublist
Sublist.sublist_order.arg_min	KEPT	HOL-Library.Sublist
Sublist.sublist_order.arg_max	KEPT	HOL-Library.Sublist
Sublist.prefix_order.lessThan	KEPT	HOL-Library.Sublist
Sublist.prefix_order.antimono	KEPT	HOL-Library.Sublist
Sublist.prefix_order.Greatest	KEPT	HOL-Library.Sublist
Sublist.longest_common_prefix	KEPT	HOL-Library.Sublist
Sublist.Longest_common_prefix	KEPT	HOL-Library.Sublist
Sturm_Theorem.sturm_aux_graph	concealed	Sturm_Sequences.Sturm_Theorem
Sturm_Theorem.quasi_sturm_seq	KEPT	Sturm_Sequences.Sturm_Theorem
Sturm_Tarski.changes_le_smods	KEPT	Sturm_Tarski.Sturm_Tarski
Sturm_Tarski.changes_gt_smods	KEPT	Sturm_Tarski.Sturm_Tarski
State_Monad.traverse_list_rel	concealed	HOL-Library.State_Monad
State_Monad.traverse_list_dom	KEPT	HOL-Library.State_Monad
State_Monad.strict_mono_state	KEPT	HOL-Library.State_Monad
Square_Matrix.smult_sq_matrix	KEPT	Cayley_Hamilton.Square_Matrix
Sorting_Algorithms.sorted_rel	concealed	HOL-Library.Sorting_Algorithms
Sorting_Algorithms.sorted_dom	KEPT	HOL-Library.Sorting_Algorithms
Sorting_Algorithms.merge_sumC	KEPT	HOL-Library.Sorting_Algorithms
Set_Interval.ord_class.atMost	KEPT	HOL.Set_Interval
Rref.reduced_row_echelon_form	KEPT	Gauss_Jordan.Rref
Rings.semiring_1_cancel_class	class_pred	HOL.Rings
Rings.semiring_0_cancel_class	class_pred	HOL.Rings
Rings.ordered_comm_ring_class	class_pred	HOL.Rings
Rings.class.semiring_1_cancel	class_infix	HOL.Rings
Rings.class.semiring_0_cancel	class_infix	HOL.Rings
Rings.class.ordered_comm_ring	class_infix	HOL.Rings
Rings.class.algebraic_semidom	class_infix	HOL.Rings
Rings.algebraic_semidom_class	class_pred	HOL.Rings
Ring_Hom.inj_ab_group_add_hom	KEPT	Polynomial_Interpolation.Ring_Hom
Ring_Hom.comm_monoid_mult_hom	KEPT	Polynomial_Interpolation.Ring_Hom
Ring_Hom.comm_monoid_add_isom	KEPT	Polynomial_Interpolation.Ring_Hom
Ring_Hom.ab_semigroup_add_hom	KEPT	Polynomial_Interpolation.Ring_Hom
Reflective_Field.pexpr1.PCnst	KEPT	HOL-Decision_Procs.Reflective_Field
Reflective_Field.pexpr.PExpr2	KEPT	HOL-Decision_Procs.Reflective_Field
Reflective_Field.pexpr.PExpr1	KEPT	HOL-Decision_Procs.Reflective_Field
Reflective_Field.npemul_graph	concealed	HOL-Decision_Procs.Reflective_Field
Reflective_Field.field.nth_el	infra_theory	HOL-Decision_Procs.Reflective_Field
Real_Vector_Spaces.norm_class	class_pred	HOL.Real_Vector_Spaces
Real_Vector_Spaces.dist_class	class_pred	HOL.Real_Vector_Spaces
Real.zero_real_inst.zero_real	inst_infix	HOL.Real
Real.plus_real_inst.plus_real	inst_infix	HOL.Real
Rat.field_char_0_class.of_rat	KEPT	HOL.Rat
Random_Sequence.pos_decr_bind	KEPT	HOL.Random_Sequence
Random_Sequence.neg_decr_bind	KEPT	HOL.Random_Sequence
Quickcheck_Random.catch_match	KEPT	HOL.Quickcheck_Random
Quickcheck_Narrowing.map_cons	hidden	HOL.Quickcheck_Narrowing
Quickcheck_Narrowing.conv_rel	concealed	HOL.Quickcheck_Narrowing
Quickcheck_Narrowing.conv_dom	KEPT	HOL.Quickcheck_Narrowing
Quickcheck_Exhaustive.unknown	KEPT	HOL.Quickcheck_Exhaustive
Quickcheck_Exhaustive.cps_not	KEPT	HOL.Quickcheck_Exhaustive
Probability_Measure.cond_prob	KEPT	HOL-Probability.Probability_Measure
Probability_Mass_Function.pmf	KEPT	HOL-Probability.Probability_Mass_Function
Primes.zero_gf2_inst.zero_gf2	inst_infix	HOL-Computational_Algebra.Primes
Primes.plus_gf2_inst.plus_gf2	inst_infix	HOL-Computational_Algebra.Primes
Primes.field_prime_char_class	class_pred	HOL-Computational_Algebra.Primes
Primes.class.field_prime_char	class_infix	HOL-Computational_Algebra.Primes
Prime_Powers.primepow_factors	KEPT	HOL-Number_Theory.Prime_Powers
Prime_Factorization.prime_nat	KEPT	Polynomial_Factorization.Prime_Factorization
Preorder.preorder_equiv_class	class_pred	HOL-Library.Preorder
Preorder.preorder_equiv.equiv	class_variant	HOL-Library.Preorder
Preorder.class.preorder_equiv	class_infix	HOL-Library.Preorder
Predicate.pred.ctor_fold_pred	concealed	HOL.Predicate
Pratt_Certificate.pratt.Prime	KEPT	Pratt_Certificate.Pratt_Certificate
Pratt_Certificate.mod_exp_nat	KEPT	Pratt_Certificate.Pratt_Certificate
Polynomial_Factorial.to_fract	KEPT	HOL-Computational_Algebra.Polynomial_Factorial
Polynomial_FPS.poly_subdegree	KEPT	HOL-Computational_Algebra.Polynomial_FPS
Polynomial.pseudo_divmod_main	KEPT	HOL-Computational_Algebra.Polynomial
Polynomial.pseudo_divmod_list	KEPT	HOL-Computational_Algebra.Polynomial
Polynomial.pderiv_coeffs_code	KEPT	HOL-Computational_Algebra.Polynomial
Poly_Mapping.pcr_poly_mapping	KEPT	HOL-Library.Poly_Mapping
Pell_Algorithm.pell_solutions	KEPT	Pell.Pell_Algorithm
Path_Connected.path_connected	KEPT	HOL-Analysis.Path_Connected
Path_Connected.path_component	KEPT	HOL-Analysis.Path_Connected
Partial_Function.mono_tailrec	KEPT	HOL.Partial_Function
PMF_Impl.pmf_of_multiset_impl	KEPT	HOL-Probability.PMF_Impl
Orderings.partial_preordering	KEPT	HOL.Orderings
Orderings.ordering_top_axioms	KEPT	HOL.Orderings
Orderings.class.no_top_axioms	class_infix	HOL.Orderings
Orderings.class.no_bot_axioms	class_infix	HOL.Orderings
Order.weak_total_order_axioms	KEPT	HOL-Algebra.Order
Option.option.str_init_option	concealed	HOL.Option
Option.option.ctor_rec_option	concealed	HOL.Option
Num.neg_numeral_class.dbl_inc	KEPT	HOL.Num
Num.neg_numeral_class.dbl_dec	KEPT	HOL.Num
Nitpick.pair_box.rec_pair_box	KEPT	HOL.Nitpick
Nitpick.pair_box.mor_pair_box	concealed	HOL.Nitpick
Nitpick.pair_box.alg_pair_box	concealed	HOL.Nitpick
Nitpick.pair_box.Rep_pair_box	concealed	HOL.Nitpick
Nitpick.pair_box.Abs_pair_box	concealed	HOL.Nitpick
Nat_Bijection.prod_decode_aux	KEPT	HOL-Library.Nat_Bijection
Nat_Bijection.list_encode_rel	concealed	HOL-Library.Nat_Bijection
Nat_Bijection.list_encode_dom	KEPT	HOL-Library.Nat_Bijection
Nat_Bijection.list_decode_rel	concealed	HOL-Library.Nat_Bijection
Nat_Bijection.list_decode_dom	KEPT	HOL-Library.Nat_Bijection
Multiset.subset_mset.lessThan	KEPT	HOL-Library.Multiset
Multiset.subset_mset.antimono	KEPT	HOL-Library.Multiset
Multiset.subset_mset.Greatest	KEPT	HOL-Library.Multiset
Multiseries_Expansion.rnatmod	KEPT	HOL-Real_Asymp.Multiseries_Expansion
Multiseries_Expansion.rintmod	KEPT	HOL-Real_Asymp.Multiseries_Expansion
Multiseries_Expansion.lift_ms	KEPT	HOL-Real_Asymp.Multiseries_Expansion
More_MPoly_Type.replace_coeff	KEPT	Polynomials.More_MPoly_Type
More_Homomorphisms.coeff_lift	KEPT	Subresultants.More_Homomorphisms
Modules.module.representation	KEPT	HOL.Modules
Missing_Polynomial.monom_mult	KEPT	Polynomial_Interpolation.Missing_Polynomial
Missing_List.remdups_gen_sumC	KEPT	Polynomial_Factorization.Missing_List
Missing_List.is_partition_alt	KEPT	Polynomial_Factorization.Missing_List
Missing_List.distinct_eq_sumC	KEPT	Polynomial_Factorization.Missing_List
Missing_List.concat_lists_rel	concealed	Polynomial_Factorization.Missing_List
Missing_List.concat_lists_dom	KEPT	Polynomial_Factorization.Missing_List
Miscellaneous.matrix.subspace	KEPT	Rank_Nullity_Theorem.Miscellaneous
Minkowskis_Theorem.of_int_vec	KEPT	Minkowskis_Theorem.Minkowskis_Theorem
Matrix_To_IArray.nrows_iarray	KEPT	Gauss_Jordan.Matrix_To_IArray
Matrix_To_IArray.ncols_iarray	KEPT	Gauss_Jordan.Matrix_To_IArray
Matrix.plus_vec_inst.plus_vec	inst_infix	Jordan_Normal_Form.Matrix
Matrix.plus_mat_inst.plus_mat	inst_infix	Jordan_Normal_Form.Matrix
Locally.neighbourhood_base_of	KEPT	HOL-Analysis.Locally
Locally.neighbourhood_base_at	KEPT	HOL-Analysis.Locally
List.size_list_inst.size_list	inst_infix	HOL.List
List.linorder.stable_sort_key	class_variant	HOL.List
Lazy_Sequence.small_lazy'_rel	concealed	HOL.Lazy_Sequence
Lazy_Sequence.small_lazy'_dom	KEPT	HOL.Lazy_Sequence
Lattices.sup_fun_inst.sup_fun	KEPT	HOL.Lattices
Lattices.inf_fun_inst.inf_fun	KEPT	HOL.Lattices
Lattice_Constructions.top.Top	KEPT	HOL-Library.Lattice_Constructions
Lattice_Constructions.bot.Bot	KEPT	HOL-Library.Lattice_Constructions
Landau_Real_Products.set_powr	KEPT	Landau_Symbols.Landau_Real_Products
Landau_Real_Products.set_mult	KEPT	Landau_Symbols.Landau_Real_Products
Landau_Real_Products.pos_list	KEPT	Landau_Symbols.Landau_Real_Products
Interval_Float.round_interval	KEPT	HOL-Library.Interval_Float
Interval.preorder.in_interval	class_variant	HOL-Library.Interval
Information.information_space	KEPT	HOL-Probability.Information
IDirProds.int.add.is_idirprod	KEPT	Finitely_Generated_Abelian_Groups.IDirProds
IDirProds.group.complementary	KEPT	Finitely_Generated_Abelian_Groups.IDirProds
IArray.iarray.str_init_iarray	concealed	HOL-Library.IArray
IArray.iarray.ctor_rec_iarray	concealed	HOL-Library.IArray
Homotopy.homotopic_with_canon	KEPT	HOL-Analysis.Homotopy
Groups.comm_monoid_mult_class	class_pred	HOL.Groups
Groups.comm_monoid_diff_class	class_pred	HOL.Groups
Groups.class.group_add_axioms	class_infix	HOL.Groups
Groups.class.comm_monoid_mult	class_infix	HOL.Groups
Groups.class.comm_monoid_diff	class_infix	HOL.Groups
Groups.class.ab_semigroup_add	class_infix	HOL.Groups
Groups.ab_semigroup_add_class	class_pred	HOL.Groups
Group_Sort.groupsort.sort_rel	concealed	Landau_Symbols.Group_Sort
Group_Sort.groupsort.sort_dom	hidden	Landau_Symbols.Group_Sort
Group_Sort.groupsort.part_aux	hidden	Landau_Symbols.Group_Sort
Giry_Monad.pair_subprob_space	KEPT	HOL-Probability.Giry_Monad
Geo_Real2.real2.neu.isosceles	KEPT	MathBench_ProverBase.Geo_Real2
Geo_Real2.real2.neu.TarskiLen	KEPT	MathBench_ProverBase.Geo_Real2
Geo_Real2.real2.neu.TangentCC	KEPT	MathBench_ProverBase.Geo_Real2
Geo_Real2.real2.neu.TangentAt	KEPT	MathBench_ProverBase.Geo_Real2
Geo_Real2.real2.neu.Sym_graph	concealed	MathBench_ProverBase.Geo_Real2
Geo_Real2.real2.neu.SymR_sumC	KEPT	MathBench_ProverBase.Geo_Real2
Geo_Real2.real2.neu.ReflectAt	KEPT	MathBench_ProverBase.Geo_Real2
Geo_Real2.real2.neu.Rectangle	KEPT	MathBench_ProverBase.Geo_Real2
Geo_Real2.real2.neu.QCongNull	KEPT	MathBench_ProverBase.Geo_Real2
Geo_Real2.real2.neu.ParStrict	KEPT	MathBench_ProverBase.Geo_Real2
Geo_Real2.real2.neu.OutCircle	KEPT	MathBench_ProverBase.Geo_Real2
Geo_Real2.real2.neu.MidR_sumC	KEPT	MathBench_ProverBase.Geo_Real2
Geo_Real2.real2.neu.InterCCAt	KEPT	MathBench_ProverBase.Geo_Real2
Geo_Real2.real2.neu.InCircleS	KEPT	MathBench_ProverBase.Geo_Real2
Geo_Real2.real2.neu.Gradn_rel	concealed	MathBench_ProverBase.Geo_Real2
Geo_Real2.real2.neu.Gradn_dom	KEPT	MathBench_ProverBase.Geo_Real2
Geo_Real2.real2.neu.EqLTarski	KEPT	MathBench_ProverBase.Geo_Real2
Geo_Real2.real2.neu.Concyclic	KEPT	MathBench_ProverBase.Geo_Real2
Geo_Real2.real2.neu.Alpha'Fun	KEPT	MathBench_ProverBase.Geo_Real2
Gauss_Sums.nonprimitive_dchar	KEPT	Gauss_Sums.Gauss_Sums
GCD.class.semiring_gcd_axioms	class_infix	HOL.GCD
GCD.class.semiring_Gcd_axioms	class_infix	HOL.GCD
GCD.bounded_quasi_semilattice	KEPT	HOL.GCD
Formal_Power_Series.subdegree	KEPT	HOL-Computational_Algebra.Formal_Power_Series
Formal_Power_Series.fps_shift	KEPT	HOL-Computational_Algebra.Formal_Power_Series
Formal_Power_Series.fps_deriv	KEPT	HOL-Computational_Algebra.Formal_Power_Series
Formal_Power_Series.fps_const	KEPT	HOL-Computational_Algebra.Formal_Power_Series
Formal_Laurent_Series.pcr_fls	KEPT	HOL-Computational_Algebra.Formal_Laurent_Series
Finite_Cartesian_Product.rows	KEPT	HOL-Analysis.Finite_Cartesian_Product
Finite_Cartesian_Product.axis	KEPT	HOL-Analysis.Finite_Cartesian_Product
Fin_Map.function_to_finmap.mf	KEPT	HOL-Probability.Fin_Map
Fin_Map.function_to_finmap.fm	KEPT	HOL-Probability.Fin_Map
Fields.linordered_field_class	class_pred	HOL.Fields
Fields.inverse.inverse_divide	class_variant	HOL.Fields
Fields.class.linordered_field	class_infix	HOL.Fields
Field_as_Ring.field.mod_field	class_variant	HOL-Computational_Algebra.Field_as_Ring
Ferrack.pre_fm.fm.pred_pre_fm	concealed	HOL-Decision_Procs.Ferrack
FSet.size_fset_inst.size_fset	inst_infix	HOL-Library.FSet
FSet.full_exhaustive_fset_rel	concealed	HOL-Library.FSet
FSet.full_exhaustive_fset_dom	KEPT	HOL-Library.FSet
Extended_Sturm.jumpF_poly_top	KEPT	Count_Complex_Roots.Extended_Sturm
Extended_Sturm.jumpF_poly_bot	KEPT	Count_Complex_Roots.Extended_Sturm
Extended_Real.times_ereal_rel	concealed	HOL-Library.Extended_Real
Extended_Real.times_ereal_dom	KEPT	HOL-Library.Extended_Real
Extended_Real.sgn_ereal_graph	concealed	HOL-Library.Extended_Real
Extended_Real.plus_ereal_sumC	KEPT	HOL-Library.Extended_Real
Extended_Real.less_ereal_sumC	KEPT	HOL-Library.Extended_Real
Extended_Real.ereal.rec_ereal	KEPT	HOL-Library.Extended_Real
Extended_Real.ereal.mor_ereal	concealed	HOL-Library.Extended_Real
Extended_Real.ereal.alg_ereal	concealed	HOL-Library.Extended_Real
Extended_Real.ereal.Rep_ereal	concealed	HOL-Library.Extended_Real
Extended_Real.ereal.Abs_ereal	concealed	HOL-Library.Extended_Real
Extended_Real.abs_ereal_graph	concealed	HOL-Library.Extended_Real
Extended.uminus_extended_sumC	KEPT	HOL-Library.Extended
Extended.less_eq_extended_rel	concealed	HOL-Library.Extended
Extended.less_eq_extended_dom	KEPT	HOL-Library.Extended
Euler_MacLaurin.EM_remainder'	KEPT	Euler_MacLaurin.Euler_MacLaurin
Euclid_Tarski.real_euclid.OFS	KEPT	Tarskis_Geometry.Euclid_Tarski
Euclid_Tarski.real_euclid.Col	KEPT	Tarskis_Geometry.Euclid_Tarski
Eratosthenes.numbers_of_marks	KEPT	HOL-Number_Theory.Eratosthenes
Enum.equal_fun_inst.equal_fun	KEPT	HOL.Enum
Enum.enum_unit_inst.enum_unit	inst_infix	HOL.Enum
Enum.enum_prod_inst.enum_prod	inst_infix	HOL.Enum
Enum.enum_bool_inst.enum_bool	inst_infix	HOL.Enum
Elementary_Operations.row_add	KEPT	Gauss_Jordan.Elementary_Operations
Elementary_Metric_Spaces.ball	KEPT	HOL-Analysis.Elementary_Metric_Spaces
Dual_Ordered_Lattice.pcr_dual	KEPT	HOL-Library.Dual_Ordered_Lattice
Dual_Order.dual_wellorder.min	KEPT	Rank_Nullity_Theorem.Dual_Order
Dual_Order.dual_wellorder.max	KEPT	Rank_Nullity_Theorem.Dual_Order
Dual_Order.dual_wellorder.Min	KEPT	Rank_Nullity_Theorem.Dual_Order
Dual_Order.dual_wellorder.Max	KEPT	Rank_Nullity_Theorem.Dual_Order
Divisibility.factorial_monoid	KEPT	HOL-Algebra.Divisibility
Disjoint_Sets.disjoint_family	KEPT	HOL-Library.Disjoint_Sets
Discrete_Functions.floor_sqrt	KEPT	HOL-Library.Discrete_Functions
Dirichlet_Series.fds_truncate	KEPT	Dirichlet_Series.Dirichlet_Series
Dirichlet_Series.fds_integral	KEPT	Dirichlet_Series.Dirichlet_Series
Descartes_Sign_Rule.psums_rel	concealed	Descartes_Sign_Rule.Descartes_Sign_Rule
Descartes_Sign_Rule.psums_dom	KEPT	Descartes_Sign_Rule.Descartes_Sign_Rule
Descartes_Sign_Rule.pos_roots	KEPT	Descartes_Sign_Rule.Descartes_Sign_Rule
Derivative.frechet_derivative	KEPT	HOL-Analysis.Derivative
Countable_Set_Type.csubset_eq	KEPT	HOL-Library.Countable_Set_Type
Countable_Set_Type.cset.rcset	KEPT	HOL-Library.Countable_Set_Type
Countable_Set_Type.cset.acset	KEPT	HOL-Library.Countable_Set_Type
Count_Half_Plane.proots_upper	KEPT	Count_Complex_Roots.Count_Half_Plane
Count_Circle.proots_ball_card	KEPT	Count_Complex_Roots.Count_Circle
Cooper.size_num_inst.size_num	infra_theory	HOL-Decision_Procs.Cooper
Cooper.equal_fm_inst.equal_fm	infra_theory	HOL-Decision_Procs.Cooper
Continued_Fractions.pcr_cfrac	KEPT	Continued_Fractions.Continued_Fractions
Continued_Fractions.linfinite	KEPT	Continued_Fractions.Continued_Fractions
Continued_Fractions.conv_sumC	KEPT	Continued_Fractions.Continued_Fractions
Continued_Fractions.conv'_rel	concealed	Continued_Fractions.Continued_Fractions
Continued_Fractions.conv'_dom	KEPT	Continued_Fractions.Continued_Fractions
Continued_Fractions.cfrac_nth	KEPT	Continued_Fractions.Continued_Fractions
Continued_Fractions.cfrac_lim	KEPT	Continued_Fractions.Continued_Fractions
Connected.connected_component	KEPT	HOL-Analysis.Connected
Congruence.eq_object.truncate	KEPT	HOL-Algebra.Congruence
Complex_Transcendental.is_Arg	KEPT	HOL-Analysis.Complex_Transcendental
Complex_Transcendental.Arg2pi	KEPT	HOL-Analysis.Complex_Transcendental
Complex_Transcendental.Arctan	KEPT	HOL-Analysis.Complex_Transcendental
Complex_Transcendental.Arcsin	KEPT	HOL-Analysis.Complex_Transcendental
Complex_Transcendental.Arccos	KEPT	HOL-Analysis.Complex_Transcendental
Complex_Singularities.is_pole	KEPT	HOL-Complex_Analysis.Complex_Singularities
Complex.complex.lsbis_complex	concealed	HOL.Complex
Complex.complex.corec_complex	KEPT	HOL.Complex
Complex.complex.coalg_complex	concealed	HOL.Complex
Complete_Partial_Order2.mcont	KEPT	HOL-Library.Complete_Partial_Order2
Comparator.raw_comparator_nat	KEPT	HOL-Library.Comparator
Comparator.comparator.compare	KEPT	HOL-Library.Comparator
Comparator.comp.str_init_comp	concealed	HOL-Library.Comparator
Comparator.comp.ctor_rec_comp	concealed	HOL-Library.Comparator
Commutative_Ring.psubstl_sumC	infra_theory	HOL-Decision_Procs.Commutative_Ring
Commutative_Ring.psubstl1_rel	concealed	HOL-Decision_Procs.Commutative_Ring
Commutative_Ring.psubstl1_dom	infra_theory	HOL-Decision_Procs.Commutative_Ring
Commutative_Ring.pol.size_pol	infra_theory	HOL-Decision_Procs.Commutative_Ring
Commutative_Ring.pol.dtor_pol	concealed	HOL-Decision_Procs.Commutative_Ring
Commutative_Ring.pol.ctor_pol	concealed	HOL-Decision_Procs.Commutative_Ring
Commutative_Ring.pol.case_pol	KEPT	HOL-Decision_Procs.Commutative_Ring
Commutative_Ring.pnsubstl_rel	concealed	HOL-Decision_Procs.Commutative_Ring
Commutative_Ring.pnsubstl_dom	infra_theory	HOL-Decision_Procs.Commutative_Ring
Commutative_Ring.pnsubst1_rel	concealed	HOL-Decision_Procs.Commutative_Ring
Commutative_Ring.pnsubst1_dom	infra_theory	HOL-Decision_Procs.Commutative_Ring
Commutative_Ring.mon.size_mon	infra_theory	HOL-Decision_Procs.Commutative_Ring
Commutative_Ring.mon.dtor_mon	concealed	HOL-Decision_Procs.Commutative_Ring
Commutative_Ring.mon.ctor_mon	concealed	HOL-Decision_Procs.Commutative_Ring
Commutative_Ring.mon.case_mon	KEPT	HOL-Decision_Procs.Commutative_Ring
Commutative_Ring.mfactor_sumC	infra_theory	HOL-Decision_Procs.Commutative_Ring
Commutative_Ring.cring.Ipolex	infra_theory	HOL-Decision_Procs.Commutative_Ring
Commutative_Ring.cfactor_sumC	infra_theory	HOL-Decision_Procs.Commutative_Ring
Column_Operations.mat_multcol	KEPT	Jordan_Normal_Form.Column_Operations
Coinductive_Stream.stakeWhile	KEPT	Coinductive.Coinductive_Stream
Coinductive_Nat.epred_numeral	KEPT	Coinductive.Coinductive_Nat
Coinductive_Nat.co.enat.epred	KEPT	Coinductive.Coinductive_Nat
Coinductive_List.unfold_llist	KEPT	Coinductive.Coinductive_List
Coinductive_List.llist.le_fun	KEPT	Coinductive.Coinductive_List
Code_Test.yxml_string_of_term	KEPT	HOL-Library.Code_Test
Code_Test.yxml_string_of_body	KEPT	HOL-Library.Code_Test
Code_Evaluation.term_of_class	infra_theory	HOL.Code_Evaluation
Code_Evaluation.term.rec_term	KEPT	HOL.Code_Evaluation
Code_Evaluation.term.mor_term	concealed	HOL.Code_Evaluation
Code_Evaluation.term.alg_term	concealed	HOL.Code_Evaluation
Code_Evaluation.term.Rep_term	concealed	HOL.Code_Evaluation
Code_Evaluation.term.Abs_term	concealed	HOL.Code_Evaluation
Code_Evaluation.TERM_OF_EQUAL	infra_theory	HOL.Code_Evaluation
Characteristic_Functions.iexp	KEPT	HOL-Probability.Characteristic_Functions
Characteristic_Functions.char	KEPT	HOL-Probability.Characteristic_Functions
Cauchy_Integral_Theorem.Chain	KEPT	HOL-Complex_Analysis.Cauchy_Integral_Theorem
Cauchy_Index_Theorem.has_sgnx	KEPT	Winding_Number_Eval.Cauchy_Index_Theorem
Catalan_Numbers.trees_of_size	KEPT	Catalan_Numbers.Catalan_Numbers
Catalan_Numbers.tree.rec_tree	KEPT	Catalan_Numbers.Catalan_Numbers
Catalan_Numbers.tree.mor_tree	concealed	Catalan_Numbers.Catalan_Numbers
Catalan_Numbers.tree.alg_tree	concealed	Catalan_Numbers.Catalan_Numbers
Catalan_Numbers.tree.Rep_tree	concealed	Catalan_Numbers.Catalan_Numbers
Catalan_Numbers.tree.Abs_tree	concealed	Catalan_Numbers.Catalan_Numbers
Catalan_Numbers.catalan_graph	concealed	Catalan_Numbers.Catalan_Numbers
Cartesian_Space.vec.dimension	KEPT	HOL-Analysis.Cartesian_Space
Cartesian_Space.vec.dependent	KEPT	HOL-Analysis.Cartesian_Space
Cartesian_Space.vec.construct	KEPT	HOL-Analysis.Cartesian_Space
Cardinality.finite_UNIV_class	class_pred	HOL-Library.Cardinality
Cardinality.class.finite_UNIV	class_infix	HOL-Library.Cardinality
CC_Polynomials_Extra.cpoly_of	KEPT	Count_Complex_Roots.CC_Polynomials_Extra
Budan_Fourier.changes_itv_der	KEPT	Budan_Fourier.Budan_Fourier
Brouwer_Fixpoint.kuhn_simplex	KEPT	HOL-Analysis.Brouwer_Fixpoint
Bit_Operations.xor_int.F_sumC	KEPT	HOL.Bit_Operations
Bit_Operations.or_not_num_neg	KEPT	HOL.Bit_Operations
Bit_Operations.or_int.F_graph	concealed	HOL.Bit_Operations
Bit_Operations.and_int.F_sumC	KEPT	HOL.Bit_Operations
Bernoulli_FPS.bernoulli_denom	KEPT	Bernoulli.Bernoulli_FPS
Basic_BNF_LFPs.prod.size_prod	KEPT	HOL.Basic_BNF_LFPs
BNF_Wellorder_Relation.wo_rel	KEPT	HOL.BNF_Wellorder_Relation
BNF_Wellorder_Embedding.embed	KEPT	HOL.BNF_Wellorder_Embedding
BNF_Greatest_Fixpoint.image2p	KEPT	HOL.BNF_Greatest_Fixpoint
BNF_Cardinal_Arithmetic.czero	KEPT	HOL.BNF_Cardinal_Arithmetic
BNF_Cardinal_Arithmetic.cprod	KEPT	HOL.BNF_Cardinal_Arithmetic
Arithmetic_Summatory.sum_upto	KEPT	Dirichlet_Series.Arithmetic_Summatory
Approximation_Bounds.map_bnds	infra_theory	HOL-Decision_Procs.Approximation_Bounds
Approximation_Bounds.get_even	infra_theory	HOL-Decision_Procs.Approximation_Bounds
Approximation_Bounds.bnds_cos	infra_theory	HOL-Decision_Procs.Approximation_Bounds
Approximation.random_aux_form	concealed	HOL-Decision_Procs.Approximation
Approximation.lift_bin'_graph	concealed	HOL-Decision_Procs.Approximation
Approximation.floatarith.Sqrt	KEPT	HOL-Decision_Procs.Approximation
Approximation.floatarith.Powr	KEPT	HOL-Decision_Procs.Approximation
Approximation.floatarith.Mult	KEPT	HOL-Decision_Procs.Approximation
Approximation.approx_tse_sumC	infra_theory	HOL-Decision_Procs.Approximation
Approximation.approx_tse_form	infra_theory	HOL-Decision_Procs.Approximation
Abstract_Topology.subtopology	KEPT	HOL-Analysis.Abstract_Topology
Abstract_Topology.separatedin	KEPT	HOL-Analysis.Abstract_Topology
Abstract_Topology.section_map	KEPT	HOL-Analysis.Abstract_Topology
Abstract_Topology.perfect_map	KEPT	HOL-Analysis.Abstract_Topology
Abstract_Topology.interior_of	KEPT	HOL-Analysis.Abstract_Topology
Abstract_Topology.frontier_of	KEPT	HOL-Analysis.Abstract_Topology
Abstract_Topology.connectedin	KEPT	HOL-Analysis.Abstract_Topology
Abstract_Metric_Spaces.mspace	KEPT	HOL-Analysis.Abstract_Metric_Spaces
Zorn.subset.suc_Union_closed	KEPT	HOL.Zorn
Z2.zero_neq_one_class.of_bit	KEPT	HOL-Library.Z2
Word.ord_word_inst.less_word	inst_infix	HOL-Library.Word
Weak_Convergence.weak_conv_m	KEPT	HOL-Probability.Weak_Convergence
UnivPoly.up_ring.up_ring_ext	KEPT	HOL-Algebra.UnivPoly
UnivPoly.up_ring.more_update	KEPT	HOL-Algebra.UnivPoly
UnivPoly.UP_univ_prop_axioms	KEPT	HOL-Algebra.UnivPoly
Typerep.typerep.size_typerep	adt_record	HOL.Typerep
Typerep.typerep.dtor_typerep	concealed	HOL.Typerep
Typerep.typerep.ctor_typerep	concealed	HOL.Typerep
Typerep.typerep.case_typerep	KEPT	HOL.Typerep
Tree_Multiset.mset_tree_sumC	KEPT	HOL-Library.Tree_Multiset
Tree.linorder_class.heap_rel	concealed	HOL-Library.Tree
Tree.linorder_class.heap_dom	KEPT	HOL-Library.Tree
Topology_Euclidean_Space.box	KEPT	HOL-Analysis.Topology_Euclidean_Space
Topology_Euclidean_Space.One	KEPT	HOL-Analysis.Topology_Euclidean_Space
Time_Functions.T_itrev_graph	concealed	HOL-Library.Time_Functions
Time_Functions.T_append_sumC	KEPT	HOL-Library.Time_Functions
Time_Functions.T2_filter_rel	concealed	HOL-Library.Time_Functions
Time_Functions.T2_filter_dom	KEPT	HOL-Library.Time_Functions
Tarski.tarski_absolute_space	KEPT	Tarskis_Geometry.Tarski
Sum_Type.old.sum.rec_set_sum	concealed	HOL.Sum_Type
Sublist.suffix_order.mono_on	KEPT	HOL-Library.Sublist
Sublist.suffix_order.lexordp	KEPT	HOL-Library.Sublist
Sublist.suffix_order.greater	KEPT	HOL-Library.Sublist
Sublist.suffix_order.atLeast	KEPT	HOL-Library.Sublist
Sublist.suffix_order.arg_min	KEPT	HOL-Library.Sublist
Sublist.suffix_order.arg_max	KEPT	HOL-Library.Sublist
Sublist.subseq_order.mono_on	KEPT	HOL-Library.Sublist
Sublist.subseq_order.lexordp	KEPT	HOL-Library.Sublist
Sublist.subseq_order.greater	KEPT	HOL-Library.Sublist
Sublist.subseq_order.atLeast	KEPT	HOL-Library.Sublist
Sublist.subseq_order.arg_min	KEPT	HOL-Library.Sublist
Sublist.subseq_order.arg_max	KEPT	HOL-Library.Sublist
Sublist.sublist_order.atMost	KEPT	HOL-Library.Sublist
Sublist.prefix_order.mono_on	KEPT	HOL-Library.Sublist
Sublist.prefix_order.lexordp	KEPT	HOL-Library.Sublist
Sublist.prefix_order.greater	KEPT	HOL-Library.Sublist
Sublist.prefix_order.atLeast	KEPT	HOL-Library.Sublist
Sublist.prefix_order.arg_min	KEPT	HOL-Library.Sublist
Sublist.prefix_order.arg_max	KEPT	HOL-Library.Sublist
Sturm_Theorem.sturm_aux_sumC	KEPT	Sturm_Sequences.Sturm_Theorem
Sturm_Tarski.changes_poly_at	KEPT	Sturm_Tarski.Sturm_Tarski
Sturm_Tarski.changes_R_smods	KEPT	Sturm_Tarski.Sturm_Tarski
Stream.stream.recover_stream	concealed	HOL-Library.Stream
State_Monad.state.size_state	adt_record	HOL-Library.State_Monad
State_Monad.state.pred_state	KEPT	HOL-Library.State_Monad
State_Monad.state.dtor_state	concealed	HOL-Library.State_Monad
State_Monad.state.ctor_state	concealed	HOL-Library.State_Monad
State_Monad.state.case_state	KEPT	HOL-Library.State_Monad
State_Monad.random_aux_state	concealed	HOL-Library.State_Monad
Square_Matrix.sq_matrix.span	KEPT	Cayley_Hamilton.Square_Matrix
Sorting_Algorithms.quicksort	KEPT	HOL-Library.Sorting_Algorithms
Sorting_Algorithms.partition	KEPT	HOL-Library.Sorting_Algorithms
Sorting_Algorithms.mergesort	KEPT	HOL-Library.Sorting_Algorithms
Sorting_Algorithms.merge_rel	concealed	HOL-Library.Sorting_Algorithms
Sorting_Algorithms.merge_dom	KEPT	HOL-Library.Sorting_Algorithms
Sigma_Algebra.vimage_algebra	KEPT	HOL-Analysis.Sigma_Algebra
Sigma_Algebra.restrict_space	KEPT	HOL-Analysis.Sigma_Algebra
Sigma_Algebra.extend_measure	KEPT	HOL-Analysis.Sigma_Algebra
Sigma_Algebra.algebra_axioms	KEPT	HOL-Analysis.Sigma_Algebra
Set_Interval.ord.greaterThan	class_variant	HOL.Set_Interval
Set_Integral.set_nn_integral	KEPT	HOL-Analysis.Set_Integral
Set.ord_set_inst.less_eq_set	inst_infix	HOL.Set
Set.minus_set_inst.minus_set	inst_infix	HOL.Set
Set.equal_set_inst.equal_set	inst_infix	HOL.Set
Rings.ordered_semiring_class	class_pred	HOL.Rings
Rings.ordered_ring_abs_class	class_pred	HOL.Rings
Rings.class.ordered_semiring	class_infix	HOL.Rings
Rings.class.ordered_ring_abs	class_infix	HOL.Rings
Ring_Hom.inj_monoid_mult_hom	KEPT	Polynomial_Interpolation.Ring_Hom
Ring_Hom.inj_idom_divide_hom	KEPT	Polynomial_Interpolation.Ring_Hom
Ring_Hom.comm_monoid_add_hom	KEPT	Polynomial_Interpolation.Ring_Hom
RingHom.ring_hom_ring_axioms	KEPT	HOL-Algebra.RingHom
Resultant.mk_poly2_row_graph	concealed	Algebraic_Numbers.Resultant
Resultant.mk_poly2_col_graph	concealed	Algebraic_Numbers.Resultant
Reflective_Field.pexpr2.PPow	KEPT	HOL-Decision_Procs.Reflective_Field
Reflective_Field.pexpr2.PMul	KEPT	HOL-Decision_Procs.Reflective_Field
Reflective_Field.pexpr1.PVar	KEPT	HOL-Decision_Procs.Reflective_Field
Reflective_Field.pexpr1.PSub	KEPT	HOL-Decision_Procs.Reflective_Field
Reflective_Field.pexpr1.PNeg	KEPT	HOL-Decision_Procs.Reflective_Field
Reflective_Field.pexpr1.PAdd	KEPT	HOL-Decision_Procs.Reflective_Field
Reflective_Field.npemul_sumC	infra_theory	HOL-Decision_Procs.Reflective_Field
Reflective_Field.fnorm_graph	concealed	HOL-Decision_Procs.Reflective_Field
Reflective_Field.field.peval	infra_theory	HOL-Decision_Procs.Reflective_Field
Reflective_Field.field.feval	infra_theory	HOL-Decision_Procs.Reflective_Field
Reflective_Field.fexpr.FCnst	KEPT	HOL-Decision_Procs.Reflective_Field
Real_Vector_Spaces.dependent	KEPT	HOL.Real_Vector_Spaces
Real_Vector_Spaces.construct	KEPT	HOL.Real_Vector_Spaces
Real.ord_real_inst.less_real	inst_infix	HOL.Real
Rat.times_rat_inst.times_rat	inst_infix	HOL.Rat
Rat.ord_rat_inst.less_eq_rat	inst_infix	HOL.Rat
Rat.minus_rat_inst.minus_rat	inst_infix	HOL.Rat
Rat.equal_rat_inst.equal_rat	inst_infix	HOL.Rat
Random_Sequence.Random_graph	concealed	HOL.Random_Sequence
Ramanujan_Sums.ramanujan_sum	KEPT	Gauss_Sums.Ramanujan_Sums
Quotient_Type.eqv_class.quot	KEPT	HOL-Library.Quotient_Type
Quickcheck_Exhaustive.setify	hidden	HOL.Quickcheck_Exhaustive
Quickcheck_Exhaustive.orelse	KEPT	HOL.Quickcheck_Exhaustive
Quickcheck_Exhaustive.cps_if	KEPT	HOL.Quickcheck_Exhaustive
Quadratic_Reciprocity.QR.g_3	KEPT	HOL-Number_Theory.Quadratic_Reciprocity
Quadratic_Reciprocity.QR.g_1	KEPT	HOL-Number_Theory.Quadratic_Reciprocity
Quadratic_Reciprocity.QR.f_3	KEPT	HOL-Number_Theory.Quadratic_Reciprocity
Quadratic_Reciprocity.QR.f_2	KEPT	HOL-Number_Theory.Quadratic_Reciprocity
Quadratic_Reciprocity.QR.f_1	KEPT	HOL-Number_Theory.Quadratic_Reciprocity
Quadratic_Reciprocity.QR.Res	KEPT	HOL-Number_Theory.Quadratic_Reciprocity
Quadratic_Reciprocity.QR.P_1	KEPT	HOL-Number_Theory.Quadratic_Reciprocity
Quadratic_Reciprocity.QR.BuD	KEPT	HOL-Number_Theory.Quadratic_Reciprocity
Quadratic_Reciprocity.QR.BuC	KEPT	HOL-Number_Theory.Quadratic_Reciprocity
Product_Type.random_aux_unit	concealed	HOL.Product_Type
Product_Type.random_aux_prod	concealed	HOL.Product_Type
Primes.idom_prime_char_class	class_pred	HOL-Computational_Algebra.Primes
Primes.class.idom_prime_char	class_infix	HOL-Computational_Algebra.Primes
Predicate.pred.str_init_pred	concealed	HOL.Predicate
Predicate.pred.ctor_rec_pred	concealed	HOL.Predicate
Predicate.iterate_upto_graph	concealed	HOL.Predicate
Pratt_Certificate.valid_cert	KEPT	Pratt_Certificate.Pratt_Certificate
Pratt_Certificate.size_pratt	KEPT	Pratt_Certificate.Pratt_Certificate
Polynomial_Transfer.rel_poly	KEPT	Chebyshev_Polynomials.Polynomial_Transfer
Polynomial_List.ring_1.order	infra_theory	HOL-Decision_Procs.Polynomial_List
Polynomial_FPS.prefix_length	KEPT	HOL-Computational_Algebra.Polynomial_FPS
Polynomial.plus_coeffs_graph	concealed	HOL-Computational_Algebra.Polynomial
Poly_Mapping.zero_class.when	KEPT	HOL-Library.Poly_Mapping
Poly_Mapping.cr_poly_mapping	KEPT	HOL-Library.Poly_Mapping
Phantom_Type.phantom.phantom	KEPT	HOL-Library.Phantom_Type
Permutations.map_permutation	KEPT	HOL-Combinatorics.Permutations
Pell_Algorithm.find_fund_sol	KEPT	Pell.Pell_Algorithm
Pattern_Aliases.test_2_graph	concealed	HOL-Library.Pattern_Aliases
Partial_Function.tailrec_ord	KEPT	HOL.Partial_Function
Partial_Function.mono_option	KEPT	HOL.Partial_Function
Parity.semiring_parity_class	class_pred	HOL.Parity
Parity.class.semiring_parity	class_infix	HOL.Parity
Orderings.preordering_axioms	KEPT	HOL.Orderings
Orderings.class.order_axioms	class_infix	HOL.Orderings
Order_Relation.well_order_on	KEPT	HOL.Order_Relation
Order_Relation.Partial_order	KEPT	HOL.Order_Relation
Order.weak_partial_order_top	KEPT	HOL-Algebra.Order
Option.option.min_alg_option	concealed	HOL.Option
Omega_Words_Fun.idx_sequence	KEPT	HOL-Library.Omega_Words_Fun
Num.times_num_inst.times_num	inst_infix	HOL.Num
Num.pre_num.num.pred_pre_num	concealed	HOL.Num
Num.ord_num_inst.less_eq_num	inst_infix	HOL.Num
Num.neg_numeral_class.is_num	KEPT	HOL.Num
Num.equal_num_inst.equal_num	inst_infix	HOL.Num
Nitpick.fun_box.dtor_fun_box	concealed	HOL.Nitpick
Nitpick.fun_box.ctor_fun_box	concealed	HOL.Nitpick
Nitpick.fun_box.case_fun_box	KEPT	HOL.Nitpick
Newton_Interpolation.b_graph	concealed	Polynomial_Interpolation.Newton_Interpolation
Nat.times_nat_inst.times_nat	inst_infix	HOL.Nat
Nat.ord_nat_inst.less_eq_nat	inst_infix	HOL.Nat
Nat.minus_nat_inst.minus_nat	inst_infix	HOL.Nat
Nat.equal_nat_inst.equal_nat	inst_infix	HOL.Nat
Multiset.subset_mset.mono_on	KEPT	HOL-Library.Multiset
Multiset.subset_mset.lexordp	KEPT	HOL-Library.Multiset
Multiset.subset_mset.greater	KEPT	HOL-Library.Multiset
Multiset.subset_mset.atLeast	KEPT	HOL-Library.Multiset
Multiset.subset_mset.arg_min	KEPT	HOL-Library.Multiset
Multiset.subset_mset.arg_max	KEPT	HOL-Library.Multiset
Multiset.subset_mset.Sup_fin	KEPT	HOL-Library.Multiset
Multiset.subset_mset.Inf_fin	KEPT	HOL-Library.Multiset
Multiset.subset_eq_mset_impl	KEPT	HOL-Library.Multiset
Multiset.linorder_class.part	KEPT	HOL-Library.Multiset
Multiseries_Expansion.rfloor	KEPT	HOL-Real_Asymp.Multiseries_Expansion
Multiseries_Expansion.powser	KEPT	HOL-Real_Asymp.Multiseries_Expansion
Multiseries_Expansion.mssnth	KEPT	HOL-Real_Asymp.Multiseries_Expansion
Multiseries_Expansion.lcoeff	KEPT	HOL-Real_Asymp.Multiseries_Expansion
Multiplicative_Group.mult_of	KEPT	HOL-Algebra.Multiplicative_Group
Mod_Type.mod_type_class.Abs'	KEPT	Rank_Nullity_Theorem.Mod_Type
Missing_Polynomial.sdiv_poly	KEPT	Polynomial_Interpolation.Missing_Polynomial
Missing_List.remdups_gen_rel	concealed	Polynomial_Factorization.Missing_List
Missing_List.remdups_gen_dom	KEPT	Polynomial_Factorization.Missing_List
Missing_List.find_map_filter	KEPT	Polynomial_Factorization.Missing_List
Missing_List.distinct_eq_rel	concealed	Polynomial_Factorization.Missing_List
Missing_List.distinct_eq_dom	KEPT	Polynomial_Factorization.Missing_List
Misc_Polynomial.poly_neg_inf	KEPT	Sturm_Sequences.Misc_Polynomial
Measure_Space.finite_measure	KEPT	HOL-Analysis.Measure_Space
Matrix_To_IArray.rows_iarray	KEPT	Gauss_Jordan.Matrix_To_IArray
Matrix_To_IArray.mult_iarray	KEPT	Gauss_Jordan.Matrix_To_IArray
Matrix.unit_vecs_first_graph	concealed	Jordan_Normal_Form.Matrix
Matrix.ord_vec_inst.less_vec	inst_infix	Jordan_Normal_Form.Matrix
Matrix.ord_mat_inst.less_mat	inst_infix	Jordan_Normal_Form.Matrix
MPoly_Type.pseudo_divmod_rel	KEPT	Polynomials.MPoly_Type
MPoly_Type.content_primitive	KEPT	Polynomials.MPoly_Type
MIR.random_fm_inst.random_fm	infra_theory	HOL-Decision_Procs.MIR
MIR.pre_num.num.pred_pre_num	concealed	HOL-Decision_Procs.MIR
MIR.equal_num_inst.equal_num	infra_theory	HOL-Decision_Procs.MIR
Locally.locally_connected_at	KEPT	HOL-Analysis.Locally
List.linorder_class.sort_key	KEPT	HOL.List
List.interval_class.interval	KEPT	HOL.List
Linear_Maps.similar_matrices	KEPT	Gauss_Jordan.Linear_Maps
Limited_Sequence.pos_not_seq	KEPT	HOL.Limited_Sequence
Limited_Sequence.neg_not_seq	KEPT	HOL.Limited_Sequence
Lebesgue_Measure.lmeasurable	KEPT	HOL-Analysis.Lebesgue_Measure
Lebesgue_Measure.lebesgue_on	KEPT	HOL-Analysis.Lebesgue_Measure
Laurent_Convergence.eval_fls	KEPT	HOL-Complex_Analysis.Laurent_Convergence
Lattices_Big.semilattice_set	KEPT	HOL.Lattices_Big
Lattice.weak_bounded_lattice	KEPT	HOL-Algebra.Lattice
Landau_Symbols.smallo_at_top	KEPT	HOL-Library.Landau_Symbols
Landau_Symbols.landau_symbol	KEPT	HOL-Library.Landau_Symbols
Landau_Real_Products.set_pow	KEPT	Landau_Symbols.Landau_Real_Products
Interval_Float.real_interval	KEPT	HOL-Library.Interval_Float
Interval.valtermify_interval	KEPT	HOL-Library.Interval
Int.times_int_inst.times_int	inst_infix	HOL.Int
Int.ord_int_inst.less_eq_int	inst_infix	HOL.Int
Int.minus_int_inst.minus_int	inst_infix	HOL.Int
Int.equal_int_inst.equal_int	inst_infix	HOL.Int
Infinite_Sum.abs_summable_on	KEPT	HOL-Analysis.Infinite_Sum
Indicator_Function.indicator	KEPT	HOL-Library.Indicator_Function
IArray.iarray.min_alg_iarray	concealed	HOL-Library.IArray
Homeomorphism.covering_space	KEPT	HOL-Analysis.Homeomorphism
Hoeffding.Hoeffding_ineq_iid	KEPT	HOL-Probability.Hoeffding
Groups_List.comm_monoid_list	KEPT	HOL.Groups_List
Groups_Big.comm_monoid_set.G	KEPT	HOL.Groups_Big
Groups_Big.comm_monoid_set.F	KEPT	HOL.Groups_Big
Groups.comm_monoid_add_class	class_pred	HOL.Groups
Groups.class.comm_monoid_add	class_infix	HOL.Groups
Groups.abel_semigroup_axioms	KEPT	HOL.Groups
Geo_Real2.real2.neu.euclid_5	KEPT	MathBench_ProverBase.Geo_Real2
Geo_Real2.real2.neu.Sym_sumC	KEPT	MathBench_ProverBase.Geo_Real2
Geo_Real2.real2.neu.SymR_rel	concealed	MathBench_ProverBase.Geo_Real2
Geo_Real2.real2.neu.SymR_dom	KEPT	MathBench_ProverBase.Geo_Real2
Geo_Real2.real2.neu.Saccheri	KEPT	MathBench_ProverBase.Geo_Real2
Geo_Real2.real2.neu.ReflectL	KEPT	MathBench_ProverBase.Geo_Real2
Geo_Real2.real2.neu.OnCircle	KEPT	MathBench_ProverBase.Geo_Real2
Geo_Real2.real2.neu.Midpoint	KEPT	MathBench_ProverBase.Geo_Real2
Geo_Real2.real2.neu.MidR_rel	concealed	MathBench_ProverBase.Geo_Real2
Geo_Real2.real2.neu.MidR_dom	KEPT	MathBench_ProverBase.Geo_Real2
Geo_Real2.real2.neu.IsLength	KEPT	MathBench_ProverBase.Geo_Real2
Geo_Real2.real2.neu.InCircle	KEPT	MathBench_ProverBase.Geo_Real2
Geo_Real2.real2.neu.GradExpn	KEPT	MathBench_ProverBase.Geo_Real2
Geo_Real2.real2.neu.GradExp2	KEPT	MathBench_ProverBase.Geo_Real2
Geo_Real2.real2.neu.GradAExp	KEPT	MathBench_ProverBase.Geo_Real2
Geo_Real2.real2.neu.Coplanar	KEPT	MathBench_ProverBase.Geo_Real2
Geo_Real2.real2.neu.Beta'Fun	KEPT	MathBench_ProverBase.Geo_Real2
Geo_Real2.real2.neu.AngAcute	KEPT	MathBench_ProverBase.Geo_Real2
Geo_Real2.real2.neu.AlphaFun	KEPT	MathBench_ProverBase.Geo_Real2
Generated_Groups.derived_set	KEPT	HOL-Algebra.Generated_Groups
Gauss_Jordan.row_add_iterate	KEPT	Gauss_Jordan.Gauss_Jordan
Gamma_Function.rGamma_series	KEPT	HOL-Analysis.Gamma_Function
Gamma_Function.Gamma_series'	KEPT	HOL-Analysis.Gamma_Function
GCD.semiring_1.semiring_char	class_variant	HOL.GCD
Further_Topology.unicoherent	KEPT	HOL-Analysis.Further_Topology
Fun.ord_class.strict_mono_on	KEPT	HOL.Fun
Fraction_Field.idom.fractrel	class_variant	HOL-Computational_Algebra.Fraction_Field
Formal_Power_Series.gcompinv	KEPT	HOL-Computational_Algebra.Formal_Power_Series
Formal_Power_Series.fps_ginv	KEPT	HOL-Computational_Algebra.Formal_Power_Series
Formal_Laurent_Series.cr_fls	KEPT	HOL-Computational_Algebra.Formal_Laurent_Series
Finite_Product_Measure.merge	KEPT	HOL-Analysis.Finite_Product_Measure
Finite_Cartesian_Product.vec	KEPT	HOL-Analysis.Finite_Cartesian_Product
Finite_Cartesian_Product.row	KEPT	HOL-Analysis.Finite_Cartesian_Product
Finite_Cartesian_Product.mat	KEPT	HOL-Analysis.Finite_Cartesian_Product
Filter.finite_subsets_at_top	KEPT	HOL.Filter
Fields.inverse_class.inverse	KEPT	HOL.Fields
Ferrack.size_fm_inst.size_fm	infra_theory	HOL-Decision_Procs.Ferrack
Ferrack.pre_fm.fm.wit_pre_fm	concealed	HOL-Decision_Procs.Ferrack
Ferrack.pre_fm.fm.set_pre_fm	concealed	HOL-Decision_Procs.Ferrack
Ferrack.pre_fm.fm.rel_pre_fm	concealed	HOL-Decision_Procs.Ferrack
Ferrack.pre_fm.fm.map_pre_fm	concealed	HOL-Decision_Procs.Ferrack
Fashoda_Theorem.interval_bij	KEPT	HOL-Analysis.Fashoda_Theorem
FSet.ord_fset_inst.less_fset	inst_infix	HOL-Library.FSet
Extended_Sturm.cindexP_pathE	KEPT	Count_Complex_Roots.Extended_Sturm
Extended_Sturm.cindexP_lineE	KEPT	Count_Complex_Roots.Extended_Sturm
Extended_Real.sgn_ereal_sumC	KEPT	HOL-Library.Extended_Real
Extended_Real.plus_ereal_rel	concealed	HOL-Library.Extended_Real
Extended_Real.plus_ereal_dom	KEPT	HOL-Library.Extended_Real
Extended_Real.less_ereal_rel	concealed	HOL-Library.Extended_Real
Extended_Real.less_ereal_dom	KEPT	HOL-Library.Extended_Real
Extended_Real.abs_ereal_sumC	KEPT	HOL-Library.Extended_Real
Extended_Nat.random_aux_enat	concealed	HOL-Library.Extended_Nat
Extended.uminus_extended_rel	concealed	HOL-Library.Extended
Extended.uminus_extended_dom	KEPT	HOL-Library.Extended
Extended.random_aux_extended	concealed	HOL-Library.Extended
Extended.plus_extended_graph	concealed	HOL-Library.Extended
Euler_MacLaurin.EM_remainder	KEPT	Euler_MacLaurin.Euler_MacLaurin
Elementary_Topology.netlimit	KEPT	HOL-Analysis.Elementary_Topology
Elementary_Topology.interior	KEPT	HOL-Analysis.Elementary_Topology
Elementary_Topology.frontier	KEPT	HOL-Analysis.Elementary_Topology
Dual_Ordered_Lattice.cr_dual	KEPT	HOL-Library.Dual_Ordered_Lattice
Dlist.dlist.Dlist.pred_dlist	KEPT	HOL-Library.Dlist
Dlist.Dlist.dlist.list_all2'	concealed	HOL-Library.Dlist
Distributions.normal_density	KEPT	HOL-Probability.Distributions
Distributions.erlang_density	KEPT	HOL-Probability.Distributions
Discrete_Functions.floor_log	KEPT	HOL-Library.Discrete_Functions
Dirichlet_Series.fds_of_real	KEPT	Dirichlet_Series.Dirichlet_Series
Dirichlet_Series.fds.Rep_fds	abs_rep_name	Dirichlet_Series.Dirichlet_Series
Dirichlet_Series.fds.Abs_fds	abs_rep_name	Dirichlet_Series.Dirichlet_Series
DigitsInBase.eventually_zero	KEPT	DigitsInBase.DigitsInBase
Diagonal_Subsequence.subseqs	KEPT	HOL-Library.Diagonal_Subsequence
Determinants.rotation_matrix	KEPT	HOL-Analysis.Determinants
Derivative.vector_derivative	KEPT	HOL-Analysis.Derivative
Derivative.differentiable_on	KEPT	HOL-Analysis.Derivative
Count_Rectangle.proots_crect	KEPT	Count_Complex_Roots.Count_Rectangle
Count_Half_Plane.proots_half	KEPT	Count_Complex_Roots.Count_Half_Plane
Cooper.pre_fm.fm.pred_pre_fm	concealed	HOL-Decision_Procs.Cooper
Continued_Fractions.is_cfrac	KEPT	Continued_Fractions.Continued_Fractions
Continued_Fractions.cr_cfrac	KEPT	Continued_Fractions.Continued_Fractions
Continued_Fractions.conv_rel	concealed	Continued_Fractions.Continued_Fractions
Continued_Fractions.conv_num	KEPT	Continued_Fractions.Continued_Fractions
Continued_Fractions.conv_gen	KEPT	Continued_Fractions.Continued_Fractions
Continued_Fractions.conv_dom	KEPT	Continued_Fractions.Continued_Fractions
Continued_Fractions.cfrac_tl	KEPT	Continued_Fractions.Continued_Fractions
Confluence.strong_confluentp	KEPT	HOL-Library.Confluence
Complex_Singularities.zorder	KEPT	HOL-Complex_Analysis.Complex_Singularities
Complex.complex.strT_complex	concealed	HOL.Complex
Complex.complex.dtor_complex	concealed	HOL.Complex
Complex.complex.ctor_complex	concealed	HOL.Complex
Complex.complex.case_complex	KEPT	HOL.Complex
Complex.complex.carT_complex	concealed	HOL.Complex
Complete_Partial_Order2.cont	KEPT	HOL-Library.Complete_Partial_Order2
Complete_Partial_Order.chain	KEPT	HOL.Complete_Partial_Order
Complete_Measure.cld_measure	KEPT	HOL-Analysis.Complete_Measure
Comparator.comp.min_alg_comp	concealed	HOL-Library.Comparator
Commutative_Ring.psubstl_rel	concealed	HOL-Decision_Procs.Commutative_Ring
Commutative_Ring.psubstl_dom	infra_theory	HOL-Decision_Procs.Commutative_Ring
Commutative_Ring.polex.Const	KEPT	HOL-Decision_Procs.Commutative_Ring
Commutative_Ring.pol.rec_pol	KEPT	HOL-Decision_Procs.Commutative_Ring
Commutative_Ring.pol.mor_pol	concealed	HOL-Decision_Procs.Commutative_Ring
Commutative_Ring.pol.alg_pol	concealed	HOL-Decision_Procs.Commutative_Ring
Commutative_Ring.pol.Rep_pol	concealed	HOL-Decision_Procs.Commutative_Ring
Commutative_Ring.pol.Abs_pol	concealed	HOL-Decision_Procs.Commutative_Ring
Commutative_Ring.mon.rec_mon	KEPT	HOL-Decision_Procs.Commutative_Ring
Commutative_Ring.mon.mor_mon	concealed	HOL-Decision_Procs.Commutative_Ring
Commutative_Ring.mon.alg_mon	concealed	HOL-Decision_Procs.Commutative_Ring
Commutative_Ring.mon.Rep_mon	concealed	HOL-Decision_Procs.Commutative_Ring
Commutative_Ring.mon.Abs_mon	concealed	HOL-Decision_Procs.Commutative_Ring
Commutative_Ring.mfactor_rel	concealed	HOL-Decision_Procs.Commutative_Ring
Commutative_Ring.mfactor_dom	infra_theory	HOL-Decision_Procs.Commutative_Ring
Commutative_Ring.cfactor_rel	concealed	HOL-Decision_Procs.Commutative_Ring
Commutative_Ring.cfactor_dom	infra_theory	HOL-Decision_Procs.Commutative_Ring
Column_Operations.mat_addcol	KEPT	Jordan_Normal_Form.Column_Operations
Coinductive_List.ord.lsorted	class_variant	Coinductive.Coinductive_List
Coinductive_List.llist.lnull	adt_record	Coinductive.Coinductive_List
Coinductive_List.llist.LCons	KEPT	Coinductive.Coinductive_List
Coinductive_List.list_of_aux	KEPT	Coinductive.Coinductive_List
Coinductive_List.gen_llength	KEPT	Coinductive.Coinductive_List
Code_Numeral.bit_cut_integer	KEPT	HOL.Code_Numeral
Code_Matrix.columnvector_row	KEPT	Gauss_Jordan.Code_Matrix
Cauchy_Index_Theorem.cindexE	KEPT	Winding_Number_Eval.Cauchy_Index_Theorem
Catalan_Numbers.catalan_sumC	KEPT	Catalan_Numbers.Catalan_Numbers
Cartesian_Space.vec.subspace	KEPT	HOL-Analysis.Cartesian_Space
Cartesian_Space.columnvector	KEPT	HOL-Analysis.Cartesian_Space
Budan_Fourier.changes_le_der	KEPT	Budan_Fourier.Budan_Fourier
Budan_Fourier.changes_gt_der	KEPT	Budan_Fourier.Budan_Fourier
Budan_Fourier.all_roots_real	KEPT	Budan_Fourier.Budan_Fourier
Borel_Space.borel_measurable	KEPT	HOL-Analysis.Borel_Space
Bit_Operations.xor_num_graph	concealed	HOL.Bit_Operations
Bit_Operations.or_int.F_sumC	KEPT	HOL.Bit_Operations
Bit_Operations.and_num_graph	concealed	HOL.Bit_Operations
Bernoulli_FPS.bernoulli'_fps	KEPT	Bernoulli.Bernoulli_FPS
BNF_Greatest_Fixpoint.toCard	KEPT	HOL.BNF_Greatest_Fixpoint
BNF_Greatest_Fixpoint.image2	KEPT	HOL.BNF_Greatest_Fixpoint
BNF_Cardinal_Arithmetic.ctwo	KEPT	HOL.BNF_Cardinal_Arithmetic
BNF_Cardinal_Arithmetic.csum	KEPT	HOL.BNF_Cardinal_Arithmetic
BNF_Cardinal_Arithmetic.cone	KEPT	HOL.BNF_Cardinal_Arithmetic
BNF_Cardinal_Arithmetic.cexp	KEPT	HOL.BNF_Cardinal_Arithmetic
BNF_Cardinal_Arithmetic.Csum	KEPT	HOL.BNF_Cardinal_Arithmetic
Approximation_Bounds.ub_sqrt	infra_theory	HOL-Decision_Procs.Approximation_Bounds
Approximation_Bounds.lb_sqrt	infra_theory	HOL-Decision_Procs.Approximation_Bounds
Approximation_Bounds.get_odd	infra_theory	HOL-Decision_Procs.Approximation_Bounds
Approximation.lift_un'_graph	concealed	HOL-Decision_Procs.Approximation
Approximation.lift_bin_graph	concealed	HOL-Decision_Procs.Approximation
Approximation.lift_bin'_sumC	infra_theory	HOL-Decision_Procs.Approximation
Approximation.isDERIV_approx	infra_theory	HOL-Decision_Procs.Approximation
Approximation.interpret_form	infra_theory	HOL-Decision_Procs.Approximation
Approximation.form.size_form	infra_theory	HOL-Decision_Procs.Approximation
Approximation.form.dtor_form	concealed	HOL-Decision_Procs.Approximation
Approximation.form.ctor_form	concealed	HOL-Decision_Procs.Approximation
Approximation.form.case_form	KEPT	HOL-Decision_Procs.Approximation
Approximation.form.LessEqual	KEPT	HOL-Decision_Procs.Approximation
Approximation.floatarith.Var	KEPT	HOL-Decision_Procs.Approximation
Approximation.floatarith.Num	KEPT	HOL-Decision_Procs.Approximation
Approximation.floatarith.Min	KEPT	HOL-Decision_Procs.Approximation
Approximation.floatarith.Max	KEPT	HOL-Decision_Procs.Approximation
Approximation.floatarith.Exp	KEPT	HOL-Decision_Procs.Approximation
Approximation.floatarith.Cos	KEPT	HOL-Decision_Procs.Approximation
Approximation.floatarith.Add	KEPT	HOL-Decision_Procs.Approximation
Approximation.floatarith.Abs	KEPT	HOL-Decision_Procs.Approximation
Approximation.approx_tse_rel	concealed	HOL-Decision_Procs.Approximation
Approximation.approx_tse_dom	infra_theory	HOL-Decision_Procs.Approximation
Abstract_Topology.top_of_set	KEPT	HOL-Analysis.Abstract_Topology
Abstract_Topology.proper_map	KEPT	HOL-Analysis.Abstract_Topology
Abstract_Topology.istopology	KEPT	HOL-Analysis.Abstract_Topology
Abstract_Topology.closure_of	KEPT	HOL-Analysis.Abstract_Topology
Abstract_Topology.closed_map	KEPT	HOL-Analysis.Abstract_Topology
Abstract_Metric_Spaces.mdist	KEPT	HOL-Analysis.Abstract_Metric_Spaces
Z2.times_bit_inst.times_bit	inst_infix	HOL-Library.Z2
Z2.minus_bit_inst.minus_bit	inst_infix	HOL-Library.Z2
Z2.equal_bit_inst.equal_bit	inst_infix	HOL-Library.Z2
Word.top_word_inst.top_word	inst_infix	HOL-Library.Word
Word.signed.stable_sort_key	KEPT	HOL-Library.Word
Word.signed.atLeastLessThan	KEPT	HOL-Library.Word
Word.one_word_inst.one_word	inst_infix	HOL-Library.Word
Word.bot_word_inst.bot_word	inst_infix	HOL-Library.Word
While_Combinator.while_Some	KEPT	HOL-Library.While_Combinator
Urysohn.Metric_space.fspace	KEPT	HOL-Analysis.Urysohn
Uprod.commute.apply_commute	KEPT	HOL-Library.Uprod
Uniform_Limit.uniform_limit	KEPT	HOL-Analysis.Uniform_Limit
Typerep.typerep.rec_typerep	KEPT	HOL.Typerep
Typerep.typerep.mor_typerep	concealed	HOL.Typerep
Typerep.typerep.alg_typerep	concealed	HOL.Typerep
Typerep.typerep.Rep_typerep	concealed	HOL.Typerep
Typerep.typerep.Abs_typerep	concealed	HOL.Typerep
Triangle.congruent_triangle	KEPT	Triangle.Triangle
Tree_Multiset.subtrees_mset	KEPT	HOL-Library.Tree_Multiset
Tree_Multiset.mset_tree_rel	concealed	HOL-Library.Tree_Multiset
Tree_Multiset.mset_tree_dom	KEPT	HOL-Library.Tree_Multiset
Transitive_Closure.rtranclp	KEPT	HOL.Transitive_Closure
Transitive_Closure.acyclicP	KEPT	HOL.Transitive_Closure
Transfer_Cayley_Hamilton.XX	KEPT	Lie_Groups.Transfer_Cayley_Hamilton
Transfer_Cayley_Hamilton.EQ	KEPT	Lie_Groups.Transfer_Cayley_Hamilton
Transfer_Cayley_Hamilton.CC	KEPT	Lie_Groups.Transfer_Cayley_Hamilton
Time_Functions.T_take_graph	concealed	HOL-Library.Time_Functions
Time_Functions.T_size_class	class_pred	HOL-Library.Time_Functions
Time_Functions.T_itrev_sumC	KEPT	HOL-Library.Time_Functions
Time_Functions.T_drop_graph	concealed	HOL-Library.Time_Functions
Time_Functions.T_append_rel	concealed	HOL-Library.Time_Functions
Time_Functions.T_append_dom	KEPT	HOL-Library.Time_Functions
Time_Functions.T2_map_graph	concealed	HOL-Library.Time_Functions
Tarski.tarski_first5_axioms	KEPT	Tarskis_Geometry.Tarski
Tarski.tarski_first3.SC_rel	KEPT	Tarskis_Geometry.Tarski
Tarski.norm_metric.segments	KEPT	Tarskis_Geometry.Tarski
Tagged_Division.lift_option	KEPT	HOL-Analysis.Tagged_Division
Tagged_Division.division_of	KEPT	HOL-Analysis.Tagged_Division
Summation_Tests.conv_radius	KEPT	HOL-Analysis.Summation_Tests
Sublist.suffix_order.atMost	KEPT	HOL-Library.Sublist
Sublist.subseq_order.atMost	KEPT	HOL-Library.Sublist
Sublist.sublist_order.Least	KEPT	HOL-Library.Sublist
Sublist.prefix_order.atMost	KEPT	HOL-Library.Sublist
Sturm_Theorem.sturm_aux_rel	concealed	Sturm_Sequences.Sturm_Theorem
Sturm_Theorem.sturm_aux_dom	KEPT	Sturm_Sequences.Sturm_Theorem
Stream.stream.isNode_stream	concealed	HOL-Library.Stream
Stopping_Time.stopping_time	KEPT	HOL-Probability.Stopping_Time
State_Monad.state.wit_state	adt_record	HOL-Library.State_Monad
State_Monad.state.set_state	KEPT	HOL-Library.State_Monad
State_Monad.state.run_state	KEPT	HOL-Library.State_Monad
State_Monad.state.rel_state	KEPT	HOL-Library.State_Monad
State_Monad.state.rec_state	KEPT	HOL-Library.State_Monad
State_Monad.state.mor_state	concealed	HOL-Library.State_Monad
State_Monad.state.map_state	KEPT	HOL-Library.State_Monad
State_Monad.state.alg_state	concealed	HOL-Library.State_Monad
State_Monad.state.Rep_state	concealed	HOL-Library.State_Monad
State_Monad.state.Abs_state	concealed	HOL-Library.State_Monad
Square_Matrix.sq_matrix.dim	KEPT	Cayley_Hamilton.Square_Matrix
Square_Matrix.pcr_sq_matrix	KEPT	Cayley_Hamilton.Square_Matrix
Square_Matrix.map_sq_matrix	KEPT	Cayley_Hamilton.Square_Matrix
Square_Integrable.l2product	KEPT	Fourier.Square_Integrable
Sigma_Algebra.sigma_algebra	KEPT	HOL-Analysis.Sigma_Algebra
Sigma_Algebra.measure_space	KEPT	HOL-Analysis.Sigma_Algebra
Sigma_Algebra.Dynkin_system	KEPT	HOL-Analysis.Sigma_Algebra
Set_Integral.set_integrable	KEPT	HOL-Analysis.Set_Integral
Rings.semiring_modulo_class	class_pred	HOL.Rings
Rings.linordered_ring_class	class_pred	HOL.Rings
Rings.linordered_idom_class	class_pred	HOL.Rings
Rings.comm_semiring_1_class	class_pred	HOL.Rings
Rings.comm_semiring_0_class	class_pred	HOL.Rings
Rings.class.semiring_modulo	class_infix	HOL.Rings
Rings.class.semiring_axioms	class_infix	HOL.Rings
Rings.class.linordered_ring	class_infix	HOL.Rings
Rings.class.linordered_idom	class_infix	HOL.Rings
Rings.class.comm_semiring_1	class_infix	HOL.Rings
Rings.class.comm_semiring_0	class_infix	HOL.Rings
Ring_Hom.semigroup_mult_hom	KEPT	Polynomial_Interpolation.Ring_Hom
Ring_Hom.inj_monoid_add_hom	KEPT	Polynomial_Interpolation.Ring_Hom
Ring_Hom.comm_semiring_isom	KEPT	Polynomial_Interpolation.Ring_Hom
Resultant.mk_poly_sub_graph	concealed	Algebraic_Numbers.Resultant
Resultant.mk_poly2_row_sumC	hidden	Algebraic_Numbers.Resultant
Resultant.mk_poly2_col_sumC	hidden	Algebraic_Numbers.Resultant
Reflective_Field.npemul_rel	concealed	HOL-Decision_Procs.Reflective_Field
Reflective_Field.npemul_dom	infra_theory	HOL-Decision_Procs.Reflective_Field
Reflective_Field.isin_graph	concealed	HOL-Decision_Procs.Reflective_Field
Reflective_Field.fnorm_sumC	infra_theory	HOL-Decision_Procs.Reflective_Field
Reflective_Field.fexpr.FVar	KEPT	HOL-Decision_Procs.Reflective_Field
Reflective_Field.fexpr.FSub	KEPT	HOL-Decision_Procs.Reflective_Field
Reflective_Field.fexpr.FPow	KEPT	HOL-Decision_Procs.Reflective_Field
Reflective_Field.fexpr.FNeg	KEPT	HOL-Decision_Procs.Reflective_Field
Reflective_Field.fexpr.FMul	KEPT	HOL-Decision_Procs.Reflective_Field
Reflective_Field.fexpr.FDiv	KEPT	HOL-Decision_Procs.Reflective_Field
Reflective_Field.fexpr.FAdd	KEPT	HOL-Decision_Procs.Reflective_Field
Record.iso_tuple_snd_update	KEPT	HOL.Record
Record.iso_tuple_fst_update	KEPT	HOL.Record
Real_Vector_Spaces.subspace	KEPT	HOL.Real_Vector_Spaces
Real.sup_real_inst.sup_real	inst_infix	HOL.Real
Real.sgn_real_inst.sgn_real	inst_infix	HOL.Real
Real.one_real_inst.one_real	inst_infix	HOL.Real
Real.inf_real_inst.inf_real	inst_infix	HOL.Real
Real.abs_real_inst.abs_real	inst_infix	HOL.Real
Real.Sup_real_inst.Sup_real	inst_infix	HOL.Real
Real.Inf_real_inst.Inf_real	inst_infix	HOL.Real
RatFPS.ratfps_nth_aux_graph	concealed	Linear_Recurrences.RatFPS
Rat.field_char_0_class.Rats	KEPT	HOL.Rat
Random_Sequence.Random_sumC	KEPT	HOL.Random_Sequence
Quotient_Type.quot.Rep_quot	abs_rep_name	HOL-Library.Quotient_Type
Quotient_Type.quot.Abs_quot	abs_rep_name	HOL-Library.Quotient_Type
Quotient_Type.eqv_class.eqv	KEPT	HOL-Library.Quotient_Type
Quickcheck_Narrowing.toEnum	hidden	HOL.Quickcheck_Narrowing
Quickcheck_Narrowing.marker	hidden	HOL.Quickcheck_Narrowing
Quickcheck_Narrowing.exists	hidden	HOL.Quickcheck_Narrowing
Product_Type.unit.case_unit	KEPT	HOL.Product_Type
Product_Type.prod.case_prod	KEPT	HOL.Product_Type
Product_Type.bool.case_bool	KEPT	HOL.Product_Type
Primes.one_gf2_inst.one_gf2	inst_infix	HOL-Computational_Algebra.Primes
Prerequisites.local_typedef	KEPT	HOL-Types_To_Sets.Prerequisites
Predicate.seq.ctor_fold_seq	concealed	HOL.Predicate
Predicate.pred.min_alg_pred	concealed	HOL.Predicate
Predicate.iterate_upto_sumC	KEPT	HOL.Predicate
Pratt_Certificate.size_cert	KEPT	Pratt_Certificate.Pratt_Certificate
Pratt_Certificate.build_fpc	KEPT	Pratt_Certificate.Pratt_Certificate
Polytope.simplicial_complex	KEPT	HOL-Analysis.Polytope
Polynomial_List.field.pquot	infra_theory	HOL-Decision_Procs.Polynomial_List
Polynomial_FPS.truncate_fps	KEPT	HOL-Computational_Algebra.Polynomial_FPS
Polynomial.synthetic_divmod	KEPT	HOL-Computational_Algebra.Polynomial
Polynomial.plus_coeffs_sumC	KEPT	HOL-Computational_Algebra.Polynomial
Polynomial.divide_poly_main	KEPT	HOL-Computational_Algebra.Polynomial
Polynomial.divide_poly_list	KEPT	HOL-Computational_Algebra.Polynomial
Poincare_Map.embed2_blinfun	KEPT	Ordinary_Differential_Equations.Poincare_Map
Poincare_Map.embed1_blinfun	KEPT	Ordinary_Differential_Equations.Poincare_Map
Permutations.adj_transp_seq	KEPT	HOL-Combinatorics.Permutations
Perm.one_perm_inst.one_perm	inst_infix	HOL-Combinatorics.Perm
Periodic_Bernpoly.pbernpoly	KEPT	Bernoulli.Periodic_Bernpoly
Pell_Algorithm.pell_mul_nat	KEPT	Pell.Pell_Algorithm
Pattern_Aliases.test_2_sumC	hidden	HOL-Library.Pattern_Aliases
Partial_Function.option_ord	KEPT	HOL.Partial_Function
Parity.semiring_parity.even	class_variant	HOL.Parity
Parallel.future.size_future	adt_record	HOL-Library.Parallel
Parallel.future.pred_future	KEPT	HOL-Library.Parallel
Parallel.future.dtor_future	concealed	HOL-Library.Parallel
Parallel.future.ctor_future	concealed	HOL-Library.Parallel
Parallel.future.case_future	KEPT	HOL-Library.Parallel
Orderings.ord_class.less_eq	KEPT	HOL.Orderings
Orderings.ord_class.greater	KEPT	HOL.Orderings
Orderings.dense_order_class	class_pred	HOL.Orderings
Orderings.class.dense_order	class_infix	HOL.Orderings
Order_Relation.linear_order	KEPT	HOL.Order_Relation
Order_Relation.Linear_order	KEPT	HOL.Order_Relation
Omega_Words_Fun.subsequence	KEPT	HOL-Library.Omega_Words_Fun
Number_Partition.partitions	KEPT	Card_Number_Partitions.Number_Partition
Num.pre_num.num.wit_pre_num	concealed	HOL.Num
Num.pre_num.num.set_pre_num	concealed	HOL.Num
Num.pre_num.num.rel_pre_num	concealed	HOL.Num
Num.pre_num.num.map_pre_num	concealed	HOL.Num
Nth_Powers.nth_root_nat_aux	KEPT	HOL-Computational_Algebra.Nth_Powers
Nth_Powers.is_nth_power_nat	KEPT	HOL-Computational_Algebra.Nth_Powers
Nitpick.word.ctor_fold_word	concealed	HOL.Nitpick
Nitpick.fun_box.rec_fun_box	KEPT	HOL.Nitpick
Nitpick.fun_box.mor_fun_box	concealed	HOL.Nitpick
Nitpick.fun_box.alg_fun_box	concealed	HOL.Nitpick
Nitpick.fun_box.Rep_fun_box	concealed	HOL.Nitpick
Nitpick.fun_box.Abs_fun_box	concealed	HOL.Nitpick
Newton_Interpolation.b_sumC	hidden	Polynomial_Interpolation.Newton_Interpolation
Nat.semiring_1_class.of_nat	KEPT	HOL.Nat
Multiset.subset_mset.atMost	KEPT	HOL-Library.Multiset
Multiset.comm_monoid_mset.F	KEPT	HOL-Library.Multiset
Multiseries_Expansion.rceil	KEPT	HOL-Real_Asymp.Multiseries_Expansion
Multiseries_Expansion.ms.MS	KEPT	HOL-Real_Asymp.Multiseries_Expansion
Multiplicative_Function.ind	KEPT	Dirichlet_Series.Multiplicative_Function
More_MPoly_Type.remove_term	KEPT	Polynomials.More_MPoly_Type
More_MPoly_Type.extract_var	KEPT	Polynomials.More_MPoly_Type
Mod_Type.mod_type_class.Rep	KEPT	Rank_Nullity_Theorem.Mod_Type
Mod_Type.mod_type_class.Abs	KEPT	Rank_Nullity_Theorem.Mod_Type
Missing_List.min_list_graph	concealed	Polynomial_Factorization.Missing_List
Missing_List.generate_lists	KEPT	Polynomial_Factorization.Missing_List
Missing_List.fold_map_graph	concealed	Polynomial_Factorization.Missing_List
Missing_List.adjust_idx_rev	KEPT	Polynomial_Factorization.Missing_List
Measure_Space.scale_measure	KEPT	HOL-Analysis.Measure_Space
Matrix_To_IArray.row_iarray	KEPT	Gauss_Jordan.Matrix_To_IArray
Matrix_To_IArray.mat_iarray	KEPT	Gauss_Jordan.Matrix_To_IArray
Matrix.unit_vecs_last_graph	concealed	Jordan_Normal_Form.Matrix
Matrix.unit_vecs_first_sumC	KEPT	Jordan_Normal_Form.Matrix
Matrix.semiring_hom.vec_hom	KEPT	Jordan_Normal_Form.Matrix
Matrix.semiring_hom.mat_hom	KEPT	Jordan_Normal_Form.Matrix
Matrix.diag_block_mat_graph	concealed	Jordan_Normal_Form.Matrix
MPoly_Type.mpoly.mapping_of	KEPT	Polynomials.MPoly_Type
MIR.pre_num.num.wit_pre_num	concealed	HOL-Decision_Procs.MIR
MIR.pre_num.num.set_pre_num	concealed	HOL-Decision_Procs.MIR
MIR.pre_num.num.rel_pre_num	concealed	HOL-Decision_Procs.MIR
MIR.pre_num.num.map_pre_num	concealed	HOL-Decision_Procs.MIR
List_Index.remove_nth_graph	concealed	List-Index.List_Index
List.linorder.insort_insert	class_variant	HOL.List
Line_Segment.closed_segment	KEPT	HOL-Analysis.Line_Segment
Limited_Sequence.pos_single	KEPT	HOL.Limited_Sequence
Limited_Sequence.pos_if_seq	KEPT	HOL.Limited_Sequence
Limited_Sequence.neg_single	KEPT	HOL.Limited_Sequence
Limited_Sequence.neg_if_seq	KEPT	HOL.Limited_Sequence
Lazy_Sequence.Lazy_Sequence	KEPT	HOL.Lazy_Sequence
Lattices_Big.ord.is_arg_min	class_variant	HOL.Lattices_Big
Lattices_Big.ord.is_arg_max	class_variant	HOL.Lattices_Big
Lattices_Big.ord.arg_min_on	class_variant	HOL.Lattices_Big
Lattices_Big.ord.arg_max_on	class_variant	HOL.Lattices_Big
Lattices_Big.Greatest_abort	KEPT	HOL.Lattices_Big
Lattices.semilattice_axioms	KEPT	HOL.Lattices
Interval_Integral.einterval	KEPT	HOL-Analysis.Interval_Integral
Interval_Float.truncate_ivl	KEPT	HOL-Library.Interval_Float
Interval.split_interval_aux	concealed	HOL-Library.Interval
Interval.split_domain_graph	concealed	HOL-Library.Interval
Information.entropy_density	KEPT	HOL-Probability.Information
Ideal.principalideal_axioms	KEPT	HOL-Algebra.Ideal
IDirProds.int.add.compl_fam	KEPT	Finitely_Generated_Abelian_Groups.IDirProds
IDirProds.group.is_idirprod	KEPT	Finitely_Generated_Abelian_Groups.IDirProds
Homotopy.contractible_space	KEPT	HOL-Analysis.Homotopy
Groups.semigroup_mult_class	class_pred	HOL.Groups
Groups.class.semigroup_mult	class_infix	HOL.Groups
Geo_Real2.real2.neu.TriSumA	KEPT	MathBench_ProverBase.Geo_Real2
Geo_Real2.real2.neu.Tangent	KEPT	MathBench_ProverBase.Geo_Real2
Geo_Real2.real2.neu.Sym_rel	concealed	MathBench_ProverBase.Geo_Real2
Geo_Real2.real2.neu.Sym_dom	KEPT	MathBench_ProverBase.Geo_Real2
Geo_Real2.real2.neu.SameDir	KEPT	MathBench_ProverBase.Geo_Real2
Geo_Real2.real2.neu.Rhombus	KEPT	MathBench_ProverBase.Geo_Real2
Geo_Real2.real2.neu.Reflect	KEPT	MathBench_ProverBase.Geo_Real2
Geo_Real2.real2.neu.PythRel	KEPT	MathBench_ProverBase.Geo_Real2
Geo_Real2.real2.neu.PreGrad	KEPT	MathBench_ProverBase.Geo_Real2
Geo_Real2.real2.neu.Lambert	KEPT	MathBench_ProverBase.Geo_Real2
Geo_Real2.real2.neu.InterCC	KEPT	MathBench_ProverBase.Geo_Real2
Geo_Real2.real2.neu.InAngle	KEPT	MathBench_ProverBase.Geo_Real2
Geo_Real2.real2.neu.GradExp	KEPT	MathBench_ProverBase.Geo_Real2
Geo_Real2.real2.neu.EqLcos3	KEPT	MathBench_ProverBase.Geo_Real2
Geo_Real2.real2.neu.EqLcos2	KEPT	MathBench_ProverBase.Geo_Real2
Geo_Real2.real2.neu.BetaFun	KEPT	MathBench_ProverBase.Geo_Real2
Geo_Real2.real2.neu.AngFlat	KEPT	MathBench_ProverBase.Geo_Real2
Gaussian_Integers.gauss_cnj	KEPT	Gaussian_Integers.Gaussian_Integers
Gauss_Lemma.rat_to_int_poly	KEPT	Polynomial_Factorization.Gauss_Lemma
Gamma_Function.Gamma_series	KEPT	HOL-Analysis.Gamma_Function
Functional_Spaces.N_of_norm	KEPT	Lp.Functional_Spaces
Function_Division.zero_free	KEPT	HOL-Library.Function_Division
FuncSet.extensional_funcset	KEPT	HOL-Library.FuncSet
Fun.order_class.strict_mono	KEPT	HOL.Fun
Fourier.Fourier_coefficient	KEPT	Fourier.Fourier
Formal_Power_Series.radical	KEPT	HOL-Computational_Algebra.Formal_Power_Series
Formal_Power_Series.fps_tan	KEPT	HOL-Computational_Algebra.Formal_Power_Series
Formal_Power_Series.fps_sin	KEPT	HOL-Computational_Algebra.Formal_Power_Series
Formal_Power_Series.fps_inv	KEPT	HOL-Computational_Algebra.Formal_Power_Series
Formal_Power_Series.fps_exp	KEPT	HOL-Computational_Algebra.Formal_Power_Series
Formal_Power_Series.fps_cos	KEPT	HOL-Computational_Algebra.Formal_Power_Series
Formal_Power_Series.fps_XDp	KEPT	HOL-Computational_Algebra.Formal_Power_Series
Formal_Power_Series.compinv	KEPT	HOL-Computational_Algebra.Formal_Power_Series
Formal_Laurent_Series.fls_X	KEPT	HOL-Computational_Algebra.Formal_Laurent_Series
Flow.c1_on_open_euclidean.Y	KEPT	Ordinary_Differential_Equations.Flow
Finite_Set.comp_fun_idem_on	KEPT	HOL.Finite_Set
Finite_Set.comp_fun_commute	KEPT	HOL.Finite_Set
Finite_Map.map_restrict_set	KEPT	HOL-Library.Finite_Map
FSet.top_fset_inst.top_fset	inst_infix	HOL-Library.FSet
FSet.sup_fset_inst.sup_fset	inst_infix	HOL-Library.FSet
FSet.semilattice_order_fset	KEPT	HOL-Library.FSet
FSet.inf_fset_inst.inf_fset	inst_infix	HOL-Library.FSet
FSet.bot_fset_inst.bot_fset	inst_infix	HOL-Library.FSet
FSet.Sup_fset_inst.Sup_fset	inst_infix	HOL-Library.FSet
FSet.Inf_fset_inst.Inf_fset	inst_infix	HOL-Library.FSet
Extended_Sturm.cindex_polyE	KEPT	Count_Complex_Roots.Extended_Sturm
Extended_Real.sgn_ereal_rel	concealed	HOL-Library.Extended_Real
Extended_Real.sgn_ereal_dom	KEPT	HOL-Library.Extended_Real
Extended_Real.real_of_ereal	KEPT	HOL-Library.Extended_Real
Extended_Real.ereal_of_enat	KEPT	HOL-Library.Extended_Real
Extended_Real.abs_ereal_rel	concealed	HOL-Library.Extended_Real
Extended_Real.abs_ereal_dom	KEPT	HOL-Library.Extended_Real
Extended_Nat.infinity_class	class_pred	HOL-Library.Extended_Nat
Extended_Nat.enat.case_enat	KEPT	HOL-Library.Extended_Nat
Extended.sup_extended_graph	concealed	HOL-Library.Extended
Extended.plus_extended_sumC	KEPT	HOL-Library.Extended
Extended.inf_extended_graph	concealed	HOL-Library.Extended
Euclid_Tarski.real_euclid_C	KEPT	Tarskis_Geometry.Euclid_Tarski
Euclid_Tarski.real_euclid_B	KEPT	Tarskis_Geometry.Euclid_Tarski
Eratosthenes.dvd.dvd_strict	class_variant	HOL-Number_Theory.Eratosthenes
Equiv_Relations.part_equivp	KEPT	HOL.Equiv_Relations
Enum.finite_5.dtor_finite_5	concealed	HOL.Enum
Enum.finite_5.ctor_finite_5	concealed	HOL.Enum
Enum.finite_5.case_finite_5	KEPT	HOL.Enum
Enum.finite_4.dtor_finite_4	concealed	HOL.Enum
Enum.finite_4.ctor_finite_4	concealed	HOL.Enum
Enum.finite_4.case_finite_4	KEPT	HOL.Enum
Enum.finite_3.dtor_finite_3	concealed	HOL.Enum
Enum.finite_3.ctor_finite_3	concealed	HOL.Enum
Enum.finite_3.case_finite_3	KEPT	HOL.Enum
Enum.finite_2.dtor_finite_2	concealed	HOL.Enum
Enum.finite_2.ctor_finite_2	concealed	HOL.Enum
Enum.finite_2.case_finite_2	KEPT	HOL.Enum
Enum.finite_1.dtor_finite_1	concealed	HOL.Enum
Enum.finite_1.ctor_finite_1	concealed	HOL.Enum
Enum.finite_1.case_finite_1	KEPT	HOL.Enum
Enum.enum_sum_inst.enum_sum	inst_infix	HOL.Enum
Enum.enum_set_inst.enum_set	inst_infix	HOL.Enum
Enum.enum_fun_inst.enum_fun	KEPT	HOL.Enum
Embed_Measure.embed_measure	KEPT	HOL-Analysis.Embed_Measure
Elementary_Topology.closure	KEPT	HOL-Analysis.Elementary_Topology
Efficient_Discrete_Sqrt.q65	KEPT	Pell.Efficient_Discrete_Sqrt
Efficient_Discrete_Sqrt.q64	KEPT	Pell.Efficient_Discrete_Sqrt
Efficient_Discrete_Sqrt.q63	KEPT	Pell.Efficient_Discrete_Sqrt
Efficient_Discrete_Sqrt.q11	KEPT	Pell.Efficient_Discrete_Sqrt
Dlist.dlist.Dlist.wit_dlist	adt_record	HOL-Library.Dlist
Dlist.dlist.Dlist.set_dlist	KEPT	HOL-Library.Dlist
Dlist.dlist.Dlist.rel_dlist	KEPT	HOL-Library.Dlist
Dlist.dlist.Dlist.map_dlist	KEPT	HOL-Library.Dlist
Divisor_Count.divisor_sigma	KEPT	Dirichlet_Series.Divisor_Count
Divisor_Count.divisor_count	KEPT	Dirichlet_Series.Divisor_Count
DigitsInBase.digits_in_base	KEPT	DigitsInBase.DigitsInBase
DigitsInBase.LEeval_as_base	KEPT	DigitsInBase.DigitsInBase
DigitsInBase.BEeval_as_base	KEPT	DigitsInBase.DigitsInBase
Deriv.has_vector_derivative	KEPT	HOL.Deriv
Countable_Set_Type.rel_cset	KEPT	HOL-Library.Countable_Set_Type
Countable_Set_Type.pcr_cset	KEPT	HOL-Library.Countable_Set_Type
Countable_Set.from_nat_into	KEPT	HOL-Library.Countable_Set
Count_Rectangle.proots_rect	KEPT	Count_Complex_Roots.Count_Rectangle
Count_Line.proots_line_card	KEPT	Count_Complex_Roots.Count_Line
Cooper.size_fm_inst.size_fm	infra_theory	HOL-Decision_Procs.Cooper
Cooper.pre_fm.fm.wit_pre_fm	concealed	HOL-Decision_Procs.Cooper
Cooper.pre_fm.fm.set_pre_fm	concealed	HOL-Decision_Procs.Cooper
Cooper.pre_fm.fm.rel_pre_fm	concealed	HOL-Decision_Procs.Cooper
Cooper.pre_fm.fm.map_pre_fm	concealed	HOL-Decision_Procs.Cooper
Congruence.eq_object.fields	KEPT	HOL-Algebra.Congruence
Congruence.eq_object.extend	KEPT	HOL-Algebra.Congruence
Complex.complex.mor_complex	concealed	HOL.Complex
Complex.complex.bis_complex	concealed	HOL.Complex
Complex.complex.beh_complex	concealed	HOL.Complex
Complex.complex.Rep_complex	concealed	HOL.Complex
Complex.complex.Lev_complex	concealed	HOL.Complex
Complex.complex.Abs_complex	concealed	HOL.Complex
Complete_Measure.completion	KEPT	HOL-Analysis.Complete_Measure
Complete_Lattices.Sup_class	class_pred	HOL.Complete_Lattices
Complete_Lattices.Inf_class	class_pred	HOL.Complete_Lattices
Commutative_Ring.mon_of_pol	infra_theory	HOL-Decision_Procs.Commutative_Ring
Commutative_Ring.cring.head	infra_theory	HOL-Decision_Procs.Commutative_Ring
Commutative_Ring.cring.Ipol	infra_theory	HOL-Decision_Procs.Commutative_Ring
Commutative_Ring.cring.Imon	infra_theory	HOL-Decision_Procs.Commutative_Ring
Coinductive_Nat.enat_unfold	KEPT	Coinductive.Coinductive_Nat
Coinductive_List.mono_llist	KEPT	Coinductive.Coinductive_List
Coinductive_List.ltakeWhile	KEPT	Coinductive.Coinductive_List
Coinductive_List.llist.lset	KEPT	Coinductive.Coinductive_List
Coinductive_List.llist.lmap	KEPT	Coinductive.Coinductive_List
Coinductive_List.llist.LNil	KEPT	Coinductive.Coinductive_List
Coinductive_List.ldropWhile	KEPT	Coinductive.Coinductive_List
Code_Test.yxml_of_term.YXML	KEPT	HOL-Library.Code_Test
Code_Test.xml_tree.XML_Tree	KEPT	HOL-Library.Code_Test
Code_Target_Nat.nat_of_char	KEPT	HOL-Library.Code_Target_Nat
Code_Target_Nat.char_of_nat	KEPT	HOL-Library.Code_Target_Nat
Code_Target_Int.int_of_char	KEPT	HOL-Library.Code_Target_Int
Code_Target_Int.char_of_int	KEPT	HOL-Library.Code_Target_Int
Code_Numeral.num_of_integer	KEPT	HOL.Code_Numeral
Code_Numeral.nat_of_integer	KEPT	HOL.Code_Numeral
Code_Numeral.integer_of_num	KEPT	HOL.Code_Numeral
Code_Numeral.integer_of_nat	KEPT	HOL.Code_Numeral
Code_Numeral.divmod_integer	KEPT	HOL.Code_Numeral
Code_Cardinality.card_UNIV'	KEPT	HOL-Library.Code_Cardinality
Cauchy_Index_Theorem.cindex	KEPT	Winding_Number_Eval.Cauchy_Index_Theorem
Catalan_Numbers.fps_catalan	KEPT	Catalan_Numbers.Catalan_Numbers
Catalan_Numbers.count_nodes	KEPT	Catalan_Numbers.Catalan_Numbers
Catalan_Numbers.catalan_rel	concealed	Catalan_Numbers.Catalan_Numbers
Catalan_Numbers.catalan_dom	KEPT	Catalan_Numbers.Catalan_Numbers
Catalan_Numbers.catalan_aux	KEPT	Catalan_Numbers.Catalan_Numbers
Cardinality.class.card_UNIV	class_infix	HOL-Library.Cardinality
Cardinality.card_UNIV_class	class_pred	HOL-Library.Cardinality
Bivariate_Polynomials.poly2	KEPT	Algebraic_Numbers.Bivariate_Polynomials
Bit_Operations.xor_num_sumC	KEPT	HOL.Bit_Operations
Bit_Operations.take_bit_num	KEPT	HOL.Bit_Operations
Bit_Operations.and_num_sumC	KEPT	HOL.Bit_Operations
Bernoulli_FPS.bernoulli_num	KEPT	Bernoulli.Bernoulli_FPS
Bernoulli_FPS.bernoulli_fps	KEPT	Bernoulli.Bernoulli_FPS
Basic_BNF_LFPs.sum.size_sum	KEPT	HOL.Basic_BNF_LFPs
BNF_Wellorder_Embedding.iso	KEPT	HOL.BNF_Wellorder_Embedding
BNF_Greatest_Fixpoint.shift	KEPT	HOL.BNF_Greatest_Fixpoint
BNF_Greatest_Fixpoint.Shift	KEPT	HOL.BNF_Greatest_Fixpoint
Arcwise_Connected.dyad_rec2	KEPT	HOL-Analysis.Arcwise_Connected
Approximation_Bounds.ub_ln2	infra_theory	HOL-Decision_Procs.Approximation_Bounds
Approximation_Bounds.ub_exp	infra_theory	HOL-Decision_Procs.Approximation_Bounds
Approximation_Bounds.ub_cos	infra_theory	HOL-Decision_Procs.Approximation_Bounds
Approximation_Bounds.lb_ln2	infra_theory	HOL-Decision_Procs.Approximation_Bounds
Approximation_Bounds.lb_exp	infra_theory	HOL-Decision_Procs.Approximation_Bounds
Approximation_Bounds.lb_cos	infra_theory	HOL-Decision_Procs.Approximation_Bounds
Approximation_Bounds.horner	infra_theory	HOL-Decision_Procs.Approximation_Bounds
Approximation.lift_un_graph	concealed	HOL-Decision_Procs.Approximation
Approximation.lift_un'_sumC	infra_theory	HOL-Decision_Procs.Approximation
Approximation.lift_bin_sumC	infra_theory	HOL-Decision_Procs.Approximation
Approximation.lift_bin'_rel	concealed	HOL-Decision_Procs.Approximation
Approximation.lift_bin'_dom	infra_theory	HOL-Decision_Procs.Approximation
Approximation.isDERIV_graph	concealed	HOL-Decision_Procs.Approximation
Approximation.form.rec_form	KEPT	HOL-Decision_Procs.Approximation
Approximation.form.mor_form	concealed	HOL-Decision_Procs.Approximation
Approximation.form.alg_form	concealed	HOL-Decision_Procs.Approximation
Approximation.form.Rep_form	concealed	HOL-Decision_Procs.Approximation
Approximation.form.Abs_form	concealed	HOL-Decision_Procs.Approximation
Approximation.floatarith.Pi	KEPT	HOL-Decision_Procs.Approximation
Approximation.floatarith.Ln	KEPT	HOL-Decision_Procs.Approximation
Algebraic_Numbers.poly_mult	KEPT	Algebraic_Numbers.Algebraic_Numbers
Algebra_Aux.cring_class_ops	infra_theory	HOL-Decision_Procs.Algebra_Aux
Abstract_Topology.euclidean	KEPT	HOL-Analysis.Abstract_Topology
Abstract_Topology.compactin	KEPT	HOL-Analysis.Abstract_Topology
Abstract_Limits.atin_within	KEPT	HOL-Analysis.Abstract_Limits
AbelCoset.additive_subgroup	KEPT	HOL-Algebra.AbelCoset
AbelCoset.abelian_group_hom	KEPT	HOL-Algebra.AbelCoset
Word.signed.strict_mono_on	KEPT	HOL-Library.Word
Wellfounded.finite_psubset	KEPT	HOL.Wellfounded
Weak_Convergence.weak_conv	KEPT	HOL-Probability.Weak_Convergence
Vector_Spaces.vector_space	KEPT	HOL.Vector_Spaces
Utility.sorted_list_subset	KEPT	Matrix.Utility
Urysohn.Metric_space.fdist	KEPT	HOL-Analysis.Urysohn
Uniform_Limit.uniformly_on	KEPT	HOL-Analysis.Uniform_Limit
Typerep.typerep.typerep_of	class_variant	HOL.Typerep
Transitive_Closure.tranclp	KEPT	HOL.Transitive_Closure
Transitive_Closure.rtrancl	KEPT	HOL.Transitive_Closure
Transitive_Closure.relpowp	KEPT	HOL.Transitive_Closure
Transitive_Closure.reflclp	KEPT	HOL.Transitive_Closure
Transitive_Closure.ntrancl	KEPT	HOL.Transitive_Closure
Transitive_Closure.acyclic	KEPT	HOL.Transitive_Closure
Transcendental.raw_ln_real	KEPT	HOL.Transcendental
Transcendental.ln_class.ln	KEPT	HOL.Transcendental
Topological_Spaces.monoseq	KEPT	HOL.Topological_Spaces
Time_Functions.itrev_graph	concealed	HOL-Library.Time_Functions
Time_Functions.T_take_sumC	KEPT	HOL-Library.Time_Functions
Time_Functions.T_snd_graph	concealed	HOL-Library.Time_Functions
Time_Functions.T_rev_graph	concealed	HOL-Library.Time_Functions
Time_Functions.T_nth_graph	concealed	HOL-Library.Time_Functions
Time_Functions.T_itrev_rel	concealed	HOL-Library.Time_Functions
Time_Functions.T_itrev_dom	KEPT	HOL-Library.Time_Functions
Time_Functions.T_fst_graph	concealed	HOL-Library.Time_Functions
Time_Functions.T_drop_sumC	KEPT	HOL-Library.Time_Functions
Time_Functions.T2_map_sumC	KEPT	HOL-Library.Time_Functions
Tarski.tarski_space_axioms	KEPT	Tarskis_Geometry.Tarski
Sublist.suffix_order.Least	KEPT	HOL-Library.Sublist
Sublist.subseq_order.Least	KEPT	HOL-Library.Sublist
Sublist.sublist_order.mono	KEPT	HOL-Library.Sublist
Sublist.prefix_order.Least	KEPT	HOL-Library.Sublist
Sturm_Theorem.sign_changes	KEPT	Sturm_Sequences.Sturm_Theorem
Sturm_Tarski.changes_graph	concealed	Sturm_Tarski.Sturm_Tarski
String.literal.Abs_literal	abs_rep_name	HOL.String
String.char.ctor_fold_char	concealed	HOL.String
Stream.stream.lsbis_stream	concealed	HOL-Library.Stream
Stream.stream.corec_stream	KEPT	HOL-Library.Stream
Stream.stream.coalg_stream	concealed	HOL-Library.Stream
Squarefree.squarefree_part	KEPT	HOL-Computational_Algebra.Squarefree
Square_Matrix.cr_sq_matrix	KEPT	Cayley_Hamilton.Square_Matrix
Sigma_Algebra.subset_class	KEPT	HOL-Analysis.Sigma_Algebra
Sigma_Algebra.ring_of_sets	KEPT	HOL-Analysis.Sigma_Algebra
Set_Idioms.intersection_of	KEPT	HOL-Library.Set_Idioms
Set_Algebras.elt_set_times	KEPT	HOL-Library.Set_Algebras
Rings.zero_neq_one.of_bool	class_variant	HOL.Rings
Rings.semidom_modulo_class	class_pred	HOL.Rings
Rings.semidom_divide_class	class_pred	HOL.Rings
Rings.divide_trivial_class	class_pred	HOL.Rings
Rings.class.semidom_modulo	class_infix	HOL.Rings
Rings.class.semidom_divide	class_infix	HOL.Rings
Rings.class.divide_trivial	class_infix	HOL.Rings
Ring_Hom.zero_hom_0_axioms	KEPT	Polynomial_Interpolation.Ring_Hom
Ring_Hom.semigroup_add_hom	KEPT	Polynomial_Interpolation.Ring_Hom
Ring_Hom.monoid_mult_hom_1	KEPT	Polynomial_Interpolation.Ring_Hom
Ring_Hom.inj_group_add_hom	KEPT	Polynomial_Interpolation.Ring_Hom
Ring_Hom.inj_comm_ring_hom	KEPT	Polynomial_Interpolation.Ring_Hom
Ring_Hom.comm_semiring_hom	KEPT	Polynomial_Interpolation.Ring_Hom
Ring.ring_hom_cring_axioms	KEPT	HOL-Algebra.Ring
Resultant_Prelim.resultant	KEPT	Subresultants.Resultant_Prelim
Resultant.mk_poly_sub_sumC	hidden	Algebraic_Numbers.Resultant
Resultant.mk_poly2_row_rel	concealed	Algebraic_Numbers.Resultant
Resultant.mk_poly2_row_dom	hidden	Algebraic_Numbers.Resultant
Resultant.mk_poly2_col_rel	concealed	Algebraic_Numbers.Resultant
Resultant.mk_poly2_col_dom	hidden	Algebraic_Numbers.Resultant
Reflective_Field.split_aux	infra_theory	HOL-Decision_Procs.Reflective_Field
Reflective_Field.isin_sumC	infra_theory	HOL-Decision_Procs.Reflective_Field
Reflective_Field.fnorm_rel	concealed	HOL-Decision_Procs.Reflective_Field
Reflective_Field.fnorm_dom	infra_theory	HOL-Decision_Procs.Reflective_Field
Real_Vector_Spaces.of_real	KEPT	HOL.Real_Vector_Spaces
RatFPS.ratfps_nth_aux_sumC	KEPT	Linear_Recurrences.RatFPS
Rat.zero_rat_inst.zero_rat	inst_infix	HOL.Rat
Rat.plus_rat_inst.plus_rat	inst_infix	HOL.Rat
Random_Sequence.pos_single	KEPT	HOL.Random_Sequence
Random_Sequence.pos_Random	KEPT	HOL.Random_Sequence
Random_Sequence.neg_single	KEPT	HOL.Random_Sequence
Random_Sequence.iter_graph	concealed	HOL.Random_Sequence
Random_Sequence.Random_rel	concealed	HOL.Random_Sequence
Random_Sequence.Random_dom	KEPT	HOL.Random_Sequence
Random_Pred.not_randompred	KEPT	HOL.Random_Pred
Radon_Nikodym.diff_measure	KEPT	HOL-Analysis.Radon_Nikodym
Quickcheck_Random.collapse	KEPT	HOL.Quickcheck_Random
Quickcheck_Narrowing.error	hidden	HOL.Quickcheck_Narrowing
Quickcheck_Narrowing.apply	KEPT	HOL.Quickcheck_Narrowing
Quadratic_Reciprocity.QR.r	KEPT	HOL-Number_Theory.Quadratic_Reciprocity
Quadratic_Reciprocity.QR.n	KEPT	HOL-Number_Theory.Quadratic_Reciprocity
Quadratic_Reciprocity.QR.m	KEPT	HOL-Number_Theory.Quadratic_Reciprocity
Quadratic_Reciprocity.QR.f	KEPT	HOL-Number_Theory.Quadratic_Reciprocity
Quadratic_Reciprocity.QR.e	KEPT	HOL-Number_Theory.Quadratic_Reciprocity
Quadratic_Reciprocity.QR.d	KEPT	HOL-Number_Theory.Quadratic_Reciprocity
Quadratic_Reciprocity.QR.c	KEPT	HOL-Number_Theory.Quadratic_Reciprocity
Quadratic_Reciprocity.QR.b	KEPT	HOL-Number_Theory.Quadratic_Reciprocity
Quadratic_Reciprocity.QR.a	KEPT	HOL-Number_Theory.Quadratic_Reciprocity
Quadratic_Reciprocity.QR.F	KEPT	HOL-Number_Theory.Quadratic_Reciprocity
Quadratic_Reciprocity.QR.E	KEPT	HOL-Number_Theory.Quadratic_Reciprocity
Quadratic_Reciprocity.QR.D	KEPT	HOL-Number_Theory.Quadratic_Reciprocity
Quadratic_Reciprocity.QR.C	KEPT	HOL-Number_Theory.Quadratic_Reciprocity
Quadratic_Reciprocity.QR.B	KEPT	HOL-Number_Theory.Quadratic_Reciprocity
Quadratic_Reciprocity.QR.A	KEPT	HOL-Number_Theory.Quadratic_Reciprocity
Product_Vector.module_prod	KEPT	HOL-Analysis.Product_Vector
Product_Type.unit.Rep_unit	abs_rep_name	HOL.Product_Type
Product_Type.unit.Abs_unit	abs_rep_name	HOL.Product_Type
Product_Type.prod.Rep_prod	abs_rep_name	HOL.Product_Type
Product_Type.prod.Abs_prod	abs_rep_name	HOL.Product_Type
Prime_Powers.aprimedivisor	KEPT	HOL-Number_Theory.Prime_Powers
Predicate_Compile.contains	KEPT	HOL.Predicate_Compile
Predicate.seq.str_init_seq	concealed	HOL.Predicate
Predicate.seq.ctor_rec_seq	concealed	HOL.Predicate
Predicate.iterate_upto_rel	concealed	HOL.Predicate
Predicate.iterate_upto_dom	KEPT	HOL.Predicate
Polynomial_FPS.fps_of_poly	KEPT	HOL-Computational_Algebra.Polynomial_FPS
Polynomial.random_aux_poly	concealed	HOL-Computational_Algebra.Polynomial
Polynomial.pseudo_mod_main	KEPT	HOL-Computational_Algebra.Polynomial
Polynomial.pseudo_mod_list	KEPT	HOL-Computational_Algebra.Polynomial
Polynomial.plus_coeffs_rel	concealed	HOL-Computational_Algebra.Polynomial
Polynomial.plus_coeffs_dom	KEPT	HOL-Computational_Algebra.Polynomial
Permutations.list_permutes	KEPT	HOL-Combinatorics.Permutations
Permutations.apply_transps	KEPT	HOL-Combinatorics.Permutations
Pell.pell.nontriv_solution	KEPT	Pell.Pell
Pattern_Aliases.test_2_rel	concealed	HOL-Library.Pattern_Aliases
Pattern_Aliases.test_2_dom	hidden	HOL-Library.Pattern_Aliases
Pattern_Aliases.fake_quant	hidden	HOL-Library.Pattern_Aliases
Path_Connected.simple_path	KEPT	HOL-Analysis.Path_Connected
Path_Connected.reversepath	KEPT	HOL-Analysis.Path_Connected
Parity.semiring_parity.odd	class_variant	HOL.Parity
Parallel.random_aux_future	concealed	HOL-Library.Parallel
Parallel.future.wit_future	adt_record	HOL-Library.Parallel
Parallel.future.set_future	KEPT	HOL-Library.Parallel
Parallel.future.rel_future	KEPT	HOL-Library.Parallel
Parallel.future.rec_future	KEPT	HOL-Library.Parallel
Parallel.future.mor_future	concealed	HOL-Library.Parallel
Parallel.future.map_future	KEPT	HOL-Library.Parallel
Parallel.future.alg_future	concealed	HOL-Library.Parallel
Parallel.future.Rep_future	concealed	HOL-Library.Parallel
Parallel.future.Abs_future	concealed	HOL-Library.Parallel
PMF_Impl.fold_combine_plus	KEPT	HOL-Probability.PMF_Impl
Order_Relation.relation_of	KEPT	HOL.Order_Relation
Order_Relation.preorder_on	KEPT	HOL.Order_Relation
Order.partial_order_axioms	KEPT	HOL-Algebra.Order
Old_Datatype.node.Rep_Node	abs_rep_name	HOL-Library.Old_Datatype
Old_Datatype.node.Abs_Node	abs_rep_name	HOL-Library.Old_Datatype
ODE_Auxiliarities.preflect	KEPT	Ordinary_Differential_Equations.ODE_Auxiliarities
Numeral_Type.num1.Rep_num1	abs_rep_name	HOL-Library.Numeral_Type
Numeral_Type.num1.Abs_num1	abs_rep_name	HOL-Library.Numeral_Type
Numeral_Type.num0.Rep_num0	abs_rep_name	HOL-Library.Numeral_Type
Numeral_Type.num0.Abs_num0	abs_rep_name	HOL-Library.Numeral_Type
Numeral_Type.bit1.Rep_bit1	abs_rep_name	HOL-Library.Numeral_Type
Numeral_Type.bit1.Abs_bit1	abs_rep_name	HOL-Library.Numeral_Type
Numeral_Type.bit0.Rep_bit0	abs_rep_name	HOL-Library.Numeral_Type
Numeral_Type.bit0.Abs_bit0	abs_rep_name	HOL-Library.Numeral_Type
Num.size_num_inst.size_num	inst_infix	HOL.Num
Num.semiring_numeral_class	class_pred	HOL.Num
Num.plus_num_inst.plus_num	inst_infix	HOL.Num
Num.numeral_class.Numeral1	KEPT	HOL.Num
Num.class.semiring_numeral	class_infix	HOL.Num
Nitpick.word.str_init_word	concealed	HOL.Nitpick
Nitpick.word.ctor_rec_word	concealed	HOL.Nitpick
Nitpick.bisim_iterator_max	KEPT	HOL.Nitpick
Newton_Interpolation.xij_f	hidden	Polynomial_Interpolation.Newton_Interpolation
Newton_Interpolation.pprod	hidden	Polynomial_Interpolation.Newton_Interpolation
Newton_Interpolation.b_rel	concealed	Polynomial_Interpolation.Newton_Interpolation
Newton_Interpolation.b_dom	hidden	Polynomial_Interpolation.Newton_Interpolation
Nat.zero_nat_inst.zero_nat	inst_infix	HOL.Nat
Nat.size_nat_inst.size_nat	inst_infix	HOL.Nat
Nat.plus_nat_inst.plus_nat	inst_infix	HOL.Nat
Multiset.subset_mset.Least	KEPT	HOL-Library.Multiset
Multiset.multisets_of_size	KEPT	HOL-Library.Multiset
More_MPoly_Type.remove_key	KEPT	Polynomials.More_MPoly_Type
Modules.module.independent	KEPT	HOL.Modules
Module.module.smult_update	KEPT	HOL-Algebra.Module
Mod_Type.mod_type.from_nat	class_variant	Rank_Nullity_Theorem.Mod_Type
Missing_List.min_list_sumC	KEPT	Polynomial_Factorization.Missing_List
Missing_List.mem_idx_graph	concealed	Polynomial_Factorization.Missing_List
Missing_List.fold_map_sumC	KEPT	Polynomial_Factorization.Missing_List
Missing_List.filter2_graph	concealed	Polynomial_Factorization.Missing_List
Meromorphic.meromorphic_on	KEPT	HOL-Complex_Analysis.Meromorphic
Measure_Space.sup_measure'	KEPT	HOL-Analysis.Measure_Space
Measure_Space.null_measure	KEPT	HOL-Analysis.Measure_Space
Measure_Space.Sup_measure'	KEPT	HOL-Analysis.Measure_Space
Matrix_To_IArray.tabulate2	KEPT	Gauss_Jordan.Matrix_To_IArray
Matrix.unit_vecs_last_sumC	KEPT	Jordan_Normal_Form.Matrix
Matrix.unit_vecs_first_rel	concealed	Jordan_Normal_Form.Matrix
Matrix.unit_vecs_first_dom	KEPT	Jordan_Normal_Form.Matrix
Matrix.of_real_hom.vec_hom	KEPT	Jordan_Normal_Form.Matrix
Matrix.of_real_hom.mat_hom	KEPT	Jordan_Normal_Form.Matrix
Matrix.diag_block_mat_sumC	KEPT	Jordan_Normal_Form.Matrix
MIR.size_num_inst.size_num	infra_theory	HOL-Decision_Procs.MIR
MIR.equal_fm_inst.equal_fm	infra_theory	HOL-Decision_Procs.MIR
Log_Nat.ceillog2_aux_graph	concealed	HOL-Library.Log_Nat
List_Index.remove_nth_sumC	KEPT	List-Index.List_Index
List.linorder_class.sorted	KEPT	HOL.List
List.linorder_class.insort	KEPT	HOL.List
List.interval.all_interval	class_variant	HOL.List
List.class.interval_axioms	class_infix	HOL.List
Linear_ODE.linode_solution	KEPT	Ordinary_Differential_Equations.Linear_ODE
Limited_Sequence.pos_union	KEPT	HOL.Limited_Sequence
Limited_Sequence.pos_empty	KEPT	HOL.Limited_Sequence
Limited_Sequence.neg_union	KEPT	HOL.Limited_Sequence
Limited_Sequence.neg_empty	KEPT	HOL.Limited_Sequence
Lazy_Sequence.iterate_upto	KEPT	HOL.Lazy_Sequence
Lattices.semilattice_order	KEPT	HOL.Lattices
Lattices.semilattice_neutr	KEPT	HOL.Lattices
Landau_Symbols.landau_pair	KEPT	HOL-Library.Landau_Symbols
Landau_Symbols.bigo_at_top	KEPT	HOL-Library.Landau_Symbols
Landau_Symbols.asymp_equiv	KEPT	HOL-Library.Landau_Symbols
Is_Rat_To_Rat.is_rat_class	class_pred	Polynomial_Interpolation.Is_Rat_To_Rat
Is_Rat_To_Rat.class.is_rat	class_infix	Polynomial_Interpolation.Is_Rat_To_Rat
Interval.split_domain_sumC	KEPT	HOL-Library.Interval
Interval.interval.Interval	KEPT	HOL-Library.Interval
Int.zero_int_inst.zero_int	inst_infix	HOL.Int
Int.plus_int_inst.plus_int	inst_infix	HOL.Int
Infinite_Set_Sum.infsetsum	KEPT	HOL-Analysis.Infinite_Set_Sum
Infinite_Products.has_prod	KEPT	HOL-Analysis.Infinite_Products
Groups_Big.comm_monoid_set	KEPT	HOL.Groups_Big
Groups.uminus_class.uminus	KEPT	HOL.Groups
Groups.semigroup_add_class	class_pred	HOL.Groups
Groups.class.semigroup_add	class_infix	HOL.Groups
Group_Sort.groupsort.group	hidden	Landau_Symbols.Group_Sort
Giry_Monad.subprob_algebra	KEPT	HOL-Probability.Giry_Monad
Geo_Real2.real2.neu.Square	KEPT	MathBench_ProverBase.Geo_Real2
Geo_Real2.real2.neu.SignEq	KEPT	MathBench_ProverBase.Geo_Real2
Geo_Real2.real2.neu.QCongA	KEPT	MathBench_ProverBase.Geo_Real2
Geo_Real2.real2.neu.PerpAt	KEPT	MathBench_ProverBase.Geo_Real2
Geo_Real2.real2.neu.OrthAt	KEPT	MathBench_ProverBase.Geo_Real2
Geo_Real2.real2.neu.OppDir	KEPT	MathBench_ProverBase.Geo_Real2
Geo_Real2.real2.neu.Obtuse	KEPT	MathBench_ProverBase.Geo_Real2
Geo_Real2.real2.neu.Nested	KEPT	MathBench_ProverBase.Geo_Real2
Geo_Real2.real2.neu.Length	KEPT	MathBench_ProverBase.Geo_Real2
Geo_Real2.real2.neu.EqLcos	KEPT	MathBench_ProverBase.Geo_Real2
Geo_Real2.real2.neu.Defect	KEPT	MathBench_ProverBase.Geo_Real2
Geo_Real2.real2.neu.CongA3	KEPT	MathBench_ProverBase.Geo_Real2
Geo_Real2.real2.neu.Axiom1	KEPT	MathBench_ProverBase.Geo_Real2
Generated_Groups.generatep	KEPT	HOL-Algebra.Generated_Groups
Gauss_Sums.primitive_dchar	KEPT	Gauss_Sums.Gauss_Sums
Gamma_Function.class.Gamma	class_infix	HOL-Analysis.Gamma_Function
Gamma_Function.Gamma_class	class_pred	HOL-Analysis.Gamma_Function
Further_Topology.Borsukian	KEPT	HOL-Analysis.Further_Topology
Fun.ord.strict_antimono_on	class_variant	HOL.Fun
Fourier.orthonormal_system	KEPT	Fourier.Fourier
Formal_Power_Series.fps_ln	KEPT	HOL-Computational_Algebra.Formal_Power_Series
Formal_Power_Series.fps_XD	KEPT	HOL-Computational_Algebra.Formal_Power_Series
Flow.two_ll_on_open_axioms	KEPT	Ordinary_Differential_Equations.Flow
Flow.auto_ll_on_open.flow0	KEPT	Ordinary_Differential_Equations.Flow
Finite_Set.folding_idem_on	KEPT	HOL.Finite_Set
Finite_Product_Measure.PiM	KEPT	HOL-Analysis.Finite_Product_Measure
Finite_Map.random_aux_fmap	concealed	HOL-Library.Finite_Map
Finite_Map.fmrestrict_fset	KEPT	HOL-Library.Finite_Map
Fin_Map.function_to_finmap	KEPT	HOL-Probability.Fin_Map
Fields.field_abs_sgn_class	class_pred	HOL.Fields
Fields.division_ring_class	class_pred	HOL.Fields
Fields.class.field_abs_sgn	class_infix	HOL.Fields
Fields.class.division_ring	class_infix	HOL.Fields
Ferrack.reducecoeffh_graph	concealed	HOL-Decision_Procs.Ferrack
FSet.random_aux_fset_graph	concealed	HOL-Library.FSet
FSet.linorder_class.fMin.F	KEPT	HOL-Library.FSet
FSet.linorder_class.fMax.F	KEPT	HOL-Library.FSet
FSet.exhaustive_fset_graph	concealed	HOL-Library.FSet
Extended_Sturm.jumpF_polyR	KEPT	Count_Complex_Roots.Extended_Sturm
Extended_Sturm.jumpF_polyL	KEPT	Count_Complex_Roots.Extended_Sturm
Extended_Sturm.changes_alt	KEPT	Count_Complex_Roots.Extended_Sturm
Extended_Real.ereal.PInfty	KEPT	HOL-Library.Extended_Real
Extended_Real.ereal.MInfty	KEPT	HOL-Library.Extended_Real
Extended_Nat.enat.rec_enat	adt_record	HOL-Library.Extended_Nat
Extended_Nat.enat.Rep_enat	abs_rep_name	HOL-Library.Extended_Nat
Extended_Nat.enat.Abs_enat	abs_rep_name	HOL-Library.Extended_Nat
Extended.sup_extended_sumC	KEPT	HOL-Library.Extended
Extended.plus_extended_rel	concealed	HOL-Library.Extended
Extended.plus_extended_dom	KEPT	HOL-Library.Extended
Extended.inf_extended_sumC	KEPT	HOL-Library.Extended
Euclidean_Rings.divmod_nat	KEPT	HOL.Euclidean_Rings
Equiv_Relations.congruent2	KEPT	HOL.Equiv_Relations
Enum.finite_5.rec_finite_5	KEPT	HOL.Enum
Enum.finite_5.mor_finite_5	concealed	HOL.Enum
Enum.finite_5.alg_finite_5	concealed	HOL.Enum
Enum.finite_5.Rep_finite_5	concealed	HOL.Enum
Enum.finite_5.Abs_finite_5	concealed	HOL.Enum
Enum.finite_4.rec_finite_4	KEPT	HOL.Enum
Enum.finite_4.mor_finite_4	concealed	HOL.Enum
Enum.finite_4.alg_finite_4	concealed	HOL.Enum
Enum.finite_4.Rep_finite_4	concealed	HOL.Enum
Enum.finite_4.Abs_finite_4	concealed	HOL.Enum
Enum.finite_3.rec_finite_3	KEPT	HOL.Enum
Enum.finite_3.mor_finite_3	concealed	HOL.Enum
Enum.finite_3.alg_finite_3	concealed	HOL.Enum
Enum.finite_3.Rep_finite_3	concealed	HOL.Enum
Enum.finite_3.Abs_finite_3	concealed	HOL.Enum
Enum.finite_2.rec_finite_2	KEPT	HOL.Enum
Enum.finite_2.mor_finite_2	concealed	HOL.Enum
Enum.finite_2.alg_finite_2	concealed	HOL.Enum
Enum.finite_2.Rep_finite_2	concealed	HOL.Enum
Enum.finite_2.Abs_finite_2	concealed	HOL.Enum
Enum.finite_1.rec_finite_1	KEPT	HOL.Enum
Enum.finite_1.mor_finite_1	concealed	HOL.Enum
Enum.finite_1.alg_finite_1	concealed	HOL.Enum
Enum.finite_1.Rep_finite_1	concealed	HOL.Enum
Enum.finite_1.Abs_finite_1	concealed	HOL.Enum
Divisibility.monoid_cancel	KEPT	HOL-Algebra.Divisibility
Distribution_Functions.cdf	KEPT	HOL-Probability.Distribution_Functions
Disjoint_Sets.partition_on	KEPT	HOL-Library.Disjoint_Sets
Dirichlet_Series.fds_shift	KEPT	Dirichlet_Series.Dirichlet_Series
Dirichlet_Series.fds_scale	KEPT	Dirichlet_Series.Dirichlet_Series
Dirichlet_Series.fds_deriv	KEPT	Dirichlet_Series.Dirichlet_Series
Dirichlet_Series.fds_const	KEPT	Dirichlet_Series.Dirichlet_Series
Deriv.has_field_derivative	KEPT	HOL.Deriv
Cycles.cycle_of_list_graph	concealed	HOL-Combinatorics.Cycles
Countable_Set_Type.csubset	KEPT	HOL-Library.Countable_Set_Type
Countable_Set_Type.csingle	KEPT	HOL-Library.Countable_Set_Type
Countable_Set_Type.cr_cset	KEPT	HOL-Library.Countable_Set_Type
Countable_Set_Type.cinsert	KEPT	HOL-Library.Countable_Set_Type
Count_Circle.proots_sphere	KEPT	Count_Complex_Roots.Count_Circle
Coset.trivial_homomorphism	KEPT	HOL-Algebra.Coset
Complex.random_aux_complex	concealed	HOL.Complex
Complete_Measure.null_part	KEPT	HOL-Analysis.Complete_Measure
Complete_Measure.main_part	KEPT	HOL-Analysis.Complete_Measure
Comparator.random_aux_comp	concealed	HOL-Library.Comparator
Comparator.comparator_bool	KEPT	HOL-Library.Comparator
Commutative_Ring.pow_graph	concealed	HOL-Decision_Procs.Commutative_Ring
Commutative_Ring.ponesubst	infra_theory	HOL-Decision_Procs.Commutative_Ring
Commutative_Ring.polex.Var	KEPT	HOL-Decision_Procs.Commutative_Ring
Commutative_Ring.polex.Sub	KEPT	HOL-Decision_Procs.Commutative_Ring
Commutative_Ring.polex.Pow	KEPT	HOL-Decision_Procs.Commutative_Ring
Commutative_Ring.polex.Neg	KEPT	HOL-Decision_Procs.Commutative_Ring
Commutative_Ring.polex.Mul	KEPT	HOL-Decision_Procs.Commutative_Ring
Commutative_Ring.polex.Add	KEPT	HOL-Decision_Procs.Commutative_Ring
Commutative_Ring.mul_graph	concealed	HOL-Decision_Procs.Commutative_Ring
Commutative_Ring.add_graph	concealed	HOL-Decision_Procs.Commutative_Ring
Commutative_Ring.Minj_pred	infra_theory	HOL-Decision_Procs.Commutative_Ring
Coinductive_List.llist_all	KEPT	Coinductive.Coinductive_List
Coinductive_List.llist.ltl	KEPT	Coinductive.Coinductive_List
Coinductive_List.llist.lhd	KEPT	Coinductive.Coinductive_List
Coinductive_List.ldistinct	KEPT	Coinductive.Coinductive_List
Coinductive_List.inf_llist	KEPT	Coinductive.Coinductive_List
Code_Target_Nat.int_of_nat	KEPT	HOL-Library.Code_Target_Nat
Code_Evaluation.valtermify	infra_theory	HOL.Code_Evaluation
Cayley_Hamilton.max_degree	KEPT	Cayley_Hamilton.Cayley_Hamilton
Cauchy_Index_Theorem.jumpF	KEPT	Winding_Number_Eval.Cauchy_Index_Theorem
Cartesian_Space.cart_basis	KEPT	HOL-Analysis.Cartesian_Space
Caratheodory.outer_measure	KEPT	HOL-Analysis.Caratheodory
Caratheodory.lambda_system	KEPT	HOL-Analysis.Caratheodory
Bit_Operations.xor_num_rel	concealed	HOL.Bit_Operations
Bit_Operations.xor_num_dom	KEPT	HOL.Bit_Operations
Bit_Operations.and_num_rel	concealed	HOL.Bit_Operations
Bit_Operations.and_num_dom	KEPT	HOL.Bit_Operations
Bit_Operations.and_not_num	KEPT	HOL.Bit_Operations
Bernoulli_FPS.Stirling_fps	KEPT	Bernoulli.Bernoulli_FPS
Bell_Numbers.Bell_list_aux	KEPT	Bell_Numbers_Spivey.Bell_Numbers
BNF_Greatest_Fixpoint.univ	KEPT	HOL.BNF_Greatest_Fixpoint
BNF_Greatest_Fixpoint.Succ	KEPT	HOL.BNF_Greatest_Fixpoint
Arcwise_Connected.rightrec	KEPT	HOL-Analysis.Arcwise_Connected
Arcwise_Connected.dyad_rec	KEPT	HOL-Analysis.Arcwise_Connected
Approximation_Bounds.ub_pi	infra_theory	HOL-Decision_Procs.Approximation_Bounds
Approximation_Bounds.ub_ln	infra_theory	HOL-Decision_Procs.Approximation_Bounds
Approximation_Bounds.lb_pi	infra_theory	HOL-Decision_Procs.Approximation_Bounds
Approximation_Bounds.lb_ln	infra_theory	HOL-Decision_Procs.Approximation_Bounds
Approximation.lift_un_sumC	infra_theory	HOL-Decision_Procs.Approximation
Approximation.lift_un'_rel	concealed	HOL-Decision_Procs.Approximation
Approximation.lift_un'_dom	infra_theory	HOL-Decision_Procs.Approximation
Approximation.lift_bin_rel	concealed	HOL-Decision_Procs.Approximation
Approximation.lift_bin_dom	infra_theory	HOL-Decision_Procs.Approximation
Approximation.isDERIV_sumC	infra_theory	HOL-Decision_Procs.Approximation
Approximation.approx_form'	infra_theory	HOL-Decision_Procs.Approximation
Algebraic_Numbers.poly_div	KEPT	Algebraic_Numbers.Algebraic_Numbers
Algebraic_Numbers.poly_add	KEPT	Algebraic_Numbers.Algebraic_Numbers
Abstract_Topology_2.pathin	KEPT	HOL-Analysis.Abstract_Topology_2
Abstract_Topology.topspace	KEPT	HOL-Analysis.Abstract_Topology
Abstract_Topology.open_map	KEPT	HOL-Analysis.Abstract_Topology
Abstract_Topology.closedin	KEPT	HOL-Analysis.Abstract_Topology
AbelCoset.abelian_subgroup	KEPT	HOL-Algebra.AbelCoset
Zeckendorf.le_fib_idx_set	KEPT	Zeckendorf.Zeckendorf
Z2.zero_bit_inst.zero_bit	inst_infix	HOL-Library.Z2
Z2.plus_bit_inst.plus_bit	inst_infix	HOL-Library.Z2
Word.signed.insort_insert	KEPT	HOL-Library.Word
Word.signed.bdd_below.bdd	KEPT	HOL-Library.Word
Word.signed.bdd_above.bdd	KEPT	HOL-Library.Word
Word.signed.atLeastAtMost	KEPT	HOL-Library.Word
Weak_Convergence.cts_step	KEPT	HOL-Probability.Weak_Convergence
Uprod.commute.Abs_commute	abs_rep_name	HOL-Library.Uprod
UnivPoly.up_ring.truncate	KEPT	HOL-Algebra.UnivPoly
UnivPoly.UP_pre_univ_prop	KEPT	HOL-Algebra.UnivPoly
Transitive_Closure.trancl	KEPT	HOL.Transitive_Closure
Transitive_Closure.symclp	KEPT	HOL.Transitive_Closure
Transitive_Closure.relpow	KEPT	HOL.Transitive_Closure
Transitive_Closure.reflcl	KEPT	HOL.Transitive_Closure
Transfer.transfer_implies	internal_prefix	HOL.Transfer
Transfer.transfer_bforall	internal_prefix	HOL.Transfer
Topological_Spaces.isCont	KEPT	HOL.Topological_Spaces
Topological_Spaces.incseq	KEPT	HOL.Topological_Spaces
Topological_Spaces.decseq	KEPT	HOL.Topological_Spaces
Time_Functions.itrev_sumC	KEPT	HOL-Library.Time_Functions
Time_Functions.T_tl_graph	concealed	HOL-Library.Time_Functions
Time_Functions.T_take_rel	concealed	HOL-Library.Time_Functions
Time_Functions.T_take_dom	KEPT	HOL-Library.Time_Functions
Time_Functions.T_snd_sumC	KEPT	HOL-Library.Time_Functions
Time_Functions.T_rev_sumC	KEPT	HOL-Library.Time_Functions
Time_Functions.T_nth_sumC	KEPT	HOL-Library.Time_Functions
Time_Functions.T_fst_sumC	KEPT	HOL-Library.Time_Functions
Time_Functions.T_drop_rel	concealed	HOL-Library.Time_Functions
Time_Functions.T_drop_dom	KEPT	HOL-Library.Time_Functions
Time_Functions.T2_map_rel	concealed	HOL-Library.Time_Functions
Time_Functions.T2_map_dom	KEPT	HOL-Library.Time_Functions
Tarski.norm_metric.SC_rel	KEPT	Tarskis_Geometry.Tarski
Tagged_Division.operative	KEPT	HOL-Analysis.Tagged_Division
T1_Spaces.Hausdorff_space	KEPT	HOL-Analysis.T1_Spaces
Sum_Topology.sum_topology	KEPT	HOL-Analysis.Sum_Topology
Sublist.suffix_order.mono	KEPT	HOL-Library.Sublist
Sublist.subseq_order.mono	KEPT	HOL-Library.Sublist
Sublist.sublist_order.min	KEPT	HOL-Library.Sublist
Sublist.sublist_order.max	KEPT	HOL-Library.Sublist
Sublist.prefix_order.mono	KEPT	HOL-Library.Sublist
Sturm_Theorem.count_roots	KEPT	Sturm_Sequences.Sturm_Theorem
Sturm_Tarski.changes_sumC	KEPT	Sturm_Tarski.Sturm_Tarski
String.char.str_init_char	concealed	HOL.String
String.char.ctor_rec_char	concealed	HOL.String
Stream_Space.stream_space	KEPT	HOL-Probability.Stream_Space
Stream.stream.stream_all2	KEPT	HOL-Library.Stream
Stream.stream.strT_stream	concealed	HOL-Library.Stream
Stream.stream.pred_stream	KEPT	HOL-Library.Stream
Stream.stream.dtor_stream	concealed	HOL-Library.Stream
Stream.stream.ctor_stream	concealed	HOL-Library.Stream
Stream.stream.case_stream	KEPT	HOL-Library.Stream
Stream.stream.carT_stream	concealed	HOL-Library.Stream
Stirling.stirling_row_aux	KEPT	HOL-Combinatorics.Stirling
State_Monad.traverse_list	KEPT	HOL-Library.State_Monad
Squarefree.squarefree_nat	KEPT	HOL-Computational_Algebra.Squarefree
Sorting_Algorithms.sorted	KEPT	HOL-Library.Sorting_Algorithms
Sorting_Algorithms.insort	KEPT	HOL-Library.Sorting_Algorithms
Sigma_Algebra.sigma_setsp	KEPT	HOL-Analysis.Sigma_Algebra
Sigma_Algebra.count_space	KEPT	HOL-Analysis.Sigma_Algebra
Set_Interval.ord.lessThan	class_variant	HOL.Set_Interval
Set_Algebras.elt_set_plus	KEPT	HOL-Library.Set_Algebras
Set.ord_set_inst.less_set	inst_infix	HOL.Set
Rings.zero_less_one_class	class_pred	HOL.Rings
Rings.modulo_class.modulo	KEPT	HOL.Rings
Rings.divide_class.divide	KEPT	HOL.Rings
Rings.comm_semiring_class	class_pred	HOL.Rings
Rings.class.zero_less_one	class_infix	HOL.Rings
Rings.class.comm_semiring	class_infix	HOL.Rings
Ring_Hom_Poly.of_int_poly	KEPT	Polynomial_Interpolation.Ring_Hom_Poly
Ring_Hom.one_hom_1_axioms	KEPT	Polynomial_Interpolation.Ring_Hom
Ring_Hom.monoid_mult_isom	KEPT	Polynomial_Interpolation.Ring_Hom
Ring_Hom.monoid_add_hom_0	KEPT	Polynomial_Interpolation.Ring_Hom
Ring_Hom.inj_semiring_hom	KEPT	Polynomial_Interpolation.Ring_Hom
Ring_Hom.field_char_0_hom	KEPT	Polynomial_Interpolation.Ring_Hom
Ring_Hom.ab_group_add_hom	KEPT	Polynomial_Interpolation.Ring_Hom
Ring.abelian_group_axioms	KEPT	HOL-Algebra.Ring
Resultant.mk_poly_sub_rel	concealed	Algebraic_Numbers.Resultant
Resultant.mk_poly_sub_dom	hidden	Algebraic_Numbers.Resultant
Reflective_Field.isin_rel	concealed	HOL-Decision_Procs.Reflective_Field
Reflective_Field.isin_dom	infra_theory	HOL-Decision_Procs.Reflective_Field
Real_Vector_Spaces.linear	KEPT	HOL.Real_Vector_Spaces
RatFPS.ratfps_nth_aux_rel	concealed	Linear_Recurrences.RatFPS
RatFPS.ratfps_nth_aux_dom	KEPT	Linear_Recurrences.RatFPS
Rat.ord_rat_inst.less_rat	inst_infix	HOL.Rat
Random_Sequence.pos_union	KEPT	HOL.Random_Sequence
Random_Sequence.pos_empty	KEPT	HOL.Random_Sequence
Random_Sequence.neg_union	KEPT	HOL.Random_Sequence
Random_Sequence.neg_empty	KEPT	HOL.Random_Sequence
Random_Sequence.iter_sumC	KEPT	HOL.Random_Sequence
Random_Pred.if_randompred	KEPT	HOL.Random_Pred
Quotient_Type.equiv_class	class_pred	HOL-Library.Quotient_Type
Quotient_Type.class.equiv	class_infix	HOL-Library.Quotient_Type
Quickcheck_Narrowing.conv	hidden	HOL.Quickcheck_Narrowing
Quickcheck_Narrowing.cons	KEPT	HOL.Quickcheck_Narrowing
Primes.finite_field_class	class_pred	HOL-Computational_Algebra.Primes
Primes.class.finite_field	class_infix	HOL-Computational_Algebra.Primes
Predicate.seq.min_alg_seq	concealed	HOL.Predicate
Polytope.extreme_point_of	KEPT	HOL-Analysis.Polytope
Polynomial.primitive_part	KEPT	HOL-Computational_Algebra.Polynomial
Permutations.permutes_bij	KEPT	HOL-Combinatorics.Permutations
Permutations.permute_list	KEPT	HOL-Combinatorics.Permutations
Periodic_Fun.periodic_fun	KEPT	HOL-Library.Periodic_Fun
Path_Connected.pathfinish	KEPT	HOL-Analysis.Path_Connected
Path_Connected.path_image	KEPT	HOL-Analysis.Path_Connected
Partial_Function.flat_ord	KEPT	HOL.Partial_Function
Partial_Function.flat_lub	KEPT	HOL.Partial_Function
PMF_Impl.pmf_set_integral	KEPT	HOL-Probability.PMF_Impl
Orderings.wellorder_class	class_pred	HOL.Orderings
Orderings.ordering_axioms	KEPT	HOL.Orderings
Orderings.order_top_class	class_pred	HOL.Orderings
Orderings.order_bot_class	class_pred	HOL.Orderings
Orderings.ord_class.Least	KEPT	HOL.Orderings
Orderings.class.wellorder	class_infix	HOL.Orderings
Orderings.class.order_top	class_infix	HOL.Orderings
Orderings.class.order_bot	class_infix	HOL.Orderings
Order_Relation.well_order	KEPT	HOL.Order_Relation
Order_Relation.Well_order	KEPT	HOL.Order_Relation
Option.option.size_option	adt_record	HOL.Option
Option.option.pred_option	KEPT	HOL.Option
Option.option.dtor_option	concealed	HOL.Option
Option.option.ctor_option	concealed	HOL.Option
Option.option.case_option	KEPT	HOL.Option
Num.ord_num_inst.less_num	inst_infix	HOL.Num
Num.numeral_class.numeral	KEPT	HOL.Num
Num.neg_numeral_class.sub	KEPT	HOL.Num
Num.neg_numeral_class.dbl	KEPT	HOL.Num
Nitpick.word.min_alg_word	concealed	HOL.Nitpick
Nat_Bijection.prod_encode	KEPT	HOL-Library.Nat_Bijection
Nat_Bijection.prod_decode	KEPT	HOL-Library.Nat_Bijection
Nat_Bijection.list_encode	KEPT	HOL-Library.Nat_Bijection
Nat_Bijection.list_decode	KEPT	HOL-Library.Nat_Bijection
Nat.semiring_char_0_class	class_pred	HOL.Nat
Nat.semiring_1_class.Nats	KEPT	HOL.Nat
Nat.semiring_1.of_nat_aux	class_variant	HOL.Nat
Nat.ord_nat_inst.less_nat	inst_infix	HOL.Nat
Nat.class.semiring_char_0	class_infix	HOL.Nat
Multiset.subset_mset.mono	KEPT	HOL-Library.Multiset
Multiset.comm_monoid_mset	KEPT	HOL-Library.Multiset
Multiplicative_Group.phi'	KEPT	HOL-Algebra.Multiplicative_Group
Modules.module_hom_axioms	KEPT	HOL.Modules
Module.module.more_update	KEPT	HOL-Algebra.Module
Missing_Unsorted.list_lcm	KEPT	Polynomial_Interpolation.Missing_Unsorted
Missing_Unsorted.list_gcd	KEPT	Polynomial_Interpolation.Missing_Unsorted
Missing_List.remdups_sort	KEPT	Polynomial_Factorization.Missing_List
Missing_List.min_list_rel	concealed	Polynomial_Factorization.Missing_List
Missing_List.min_list_dom	KEPT	Polynomial_Factorization.Missing_List
Missing_List.mem_idx_sumC	KEPT	Polynomial_Factorization.Missing_List
Missing_List.is_partition	KEPT	Polynomial_Factorization.Missing_List
Missing_List.fold_map_rel	concealed	Polynomial_Factorization.Missing_List
Missing_List.fold_map_dom	KEPT	Polynomial_Factorization.Missing_List
Missing_List.filter2_sumC	KEPT	Polynomial_Factorization.Missing_List
Missing_List.concat_lists	KEPT	Polynomial_Factorization.Missing_List
Miscellaneous.matrix.span	KEPT	Rank_Nullity_Theorem.Miscellaneous
Min_Int_Poly.min_int_poly	KEPT	Algebraic_Numbers.Min_Int_Poly
Measure_Space.subadditive	KEPT	HOL-Analysis.Measure_Space
Measure_Space.fmeasurable	KEPT	HOL-Analysis.Measure_Space
Matrix.unit_vecs_last_rel	concealed	Jordan_Normal_Form.Matrix
Matrix.unit_vecs_last_dom	KEPT	Jordan_Normal_Form.Matrix
Matrix.of_rat_hom.vec_hom	KEPT	Jordan_Normal_Form.Matrix
Matrix.of_rat_hom.mat_hom	KEPT	Jordan_Normal_Form.Matrix
Matrix.of_int_hom.vec_hom	KEPT	Jordan_Normal_Form.Matrix
Matrix.of_int_hom.mat_hom	KEPT	Jordan_Normal_Form.Matrix
Matrix.diag_block_mat_rel	concealed	Jordan_Normal_Form.Matrix
Matrix.diag_block_mat_dom	KEPT	Jordan_Normal_Form.Matrix
MIR.pre_fm.fm.pred_pre_fm	concealed	HOL-Decision_Procs.MIR
MIR.\<sigma>_\<rho>_graph	concealed	HOL-Decision_Procs.MIR
MIR.\<alpha>_\<rho>_graph	concealed	HOL-Decision_Procs.MIR
Log_Nat.ceillog2_aux_sumC	KEPT	HOL-Library.Log_Nat
List_Index.remove_nth_rel	concealed	List-Index.List_Index
List_Index.remove_nth_dom	KEPT	List-Index.List_Index
ListVector.zipwith0_graph	concealed	HOL-Library.ListVector
List.ord_class.lexordp_eq	KEPT	HOL.List
Lipschitz.local_lipschitz	KEPT	HOL-Analysis.Lipschitz
Linear_Maps.set_of_vector	KEPT	Gauss_Jordan.Linear_Maps
Linear_Maps.invertible_lf	KEPT	Gauss_Jordan.Linear_Maps
Line_Segment.open_segment	KEPT	HOL-Analysis.Line_Segment
Limited_Sequence.pos_bind	KEPT	HOL.Limited_Sequence
Limited_Sequence.neg_bind	KEPT	HOL.Limited_Sequence
Lebesgue_Measure.lebesgue	KEPT	HOL-Analysis.Lebesgue_Measure
Lazy_Sequence.small_lazy'	KEPT	HOL.Lazy_Sequence
Lattices_Big.linorder.Min	class_variant	HOL.Lattices_Big
Lattices_Big.linorder.Max	class_variant	HOL.Lattices_Big
Lattice.upper_semilattice	KEPT	HOL-Algebra.Lattice
Lattice.lower_semilattice	KEPT	HOL-Algebra.Lattice
Landau_Symbols.smallomega	KEPT	HOL-Library.Landau_Symbols
Interval_Float.all_subset	KEPT	HOL-Library.Interval_Float
Interval.split_domain_rel	concealed	HOL-Library.Interval
Interval.split_domain_dom	KEPT	HOL-Library.Interval
Int.ord_int_inst.less_int	inst_infix	HOL.Int
Information.KL_divergence	KEPT	HOL-Probability.Information
Infinite_Sum.lift_filter'	KEPT	HOL-Analysis.Infinite_Sum
Infinite_Products.prodinf	KEPT	HOL-Analysis.Infinite_Products
Ideal.maximalideal_axioms	KEPT	HOL-Algebra.Ideal
IDirProds.group.compl_fam	KEPT	Finitely_Generated_Abelian_Groups.IDirProds
IArray.iarray.size_iarray	adt_record	HOL-Library.IArray
IArray.iarray.pred_iarray	KEPT	HOL-Library.IArray
IArray.iarray.dtor_iarray	concealed	HOL-Library.IArray
IArray.iarray.ctor_iarray	concealed	HOL-Library.IArray
IArray.iarray.case_iarray	KEPT	HOL-Library.IArray
Homotopy.simply_connected	KEPT	HOL-Analysis.Homotopy
HOL.default_class.default	KEPT	HOL.HOL
Groups_List.monoid_list.F	KEPT	HOL.Groups_List
Groups.comm_monoid_axioms	KEPT	HOL.Groups
Groups.class.ab_group_add	class_infix	HOL.Groups
Groups.ab_group_add_class	class_pred	HOL.Groups
Group_Sort.groupsort.sort	hidden	Landau_Symbols.Group_Sort
Group_Sort.groupsort.part	hidden	Landau_Symbols.Group_Sort
Geo_Real2.real2.neu.sum22	KEPT	MathBench_ProverBase.Geo_Real2
Geo_Real2.real2.neu.SuppA	KEPT	MathBench_ProverBase.Geo_Real2
Geo_Real2.real2.neu.Reach	KEPT	MathBench_ProverBase.Geo_Real2
Geo_Real2.real2.neu.QCong	KEPT	MathBench_ProverBase.Geo_Real2
Geo_Real2.real2.neu.Projp	KEPT	MathBench_ProverBase.Geo_Real2
Geo_Real2.real2.neu.Prodp	KEPT	MathBench_ProverBase.Geo_Real2
Geo_Real2.real2.neu.Prodg	KEPT	MathBench_ProverBase.Geo_Real2
Geo_Real2.real2.neu.Perp2	KEPT	MathBench_ProverBase.Geo_Real2
Geo_Real2.real2.neu.Lcos3	KEPT	MathBench_ProverBase.Geo_Real2
Geo_Real2.real2.neu.Lcos2	KEPT	MathBench_ProverBase.Geo_Real2
Geo_Real2.real2.neu.Inter	KEPT	MathBench_ProverBase.Geo_Real2
Geo_Real2.real2.neu.Gradn	KEPT	MathBench_ProverBase.Geo_Real2
Geo_Real2.real2.neu.GradI	KEPT	MathBench_ProverBase.Geo_Real2
Geo_Real2.real2.neu.GradA	KEPT	MathBench_ProverBase.Geo_Real2
Geo_Real2.real2.neu.Grad2	KEPT	MathBench_ProverBase.Geo_Real2
Geo_Real2.real2.neu.CongA	KEPT	MathBench_ProverBase.Geo_Real2
Geo_Real2.real2.neu.Cong3	KEPT	MathBench_ProverBase.Geo_Real2
Geo_Real2.real2.neu.Ar2p4	KEPT	MathBench_ProverBase.Geo_Real2
Geo_Real2.real2.neu.Acute	KEPT	MathBench_ProverBase.Geo_Real2
Generated_Groups.generate	KEPT	HOL-Algebra.Generated_Groups
Gaussian_Integers.gauss_i	KEPT	Gaussian_Integers.Gaussian_Integers
Gauss_Jordan.Gauss_Jordan	KEPT	Gauss_Jordan.Gauss_Jordan
GCD.semiring_gcd.lcm_list	class_variant	HOL.GCD
GCD.semiring_gcd.gcd_list	class_variant	HOL.GCD
Fun.ord_class.antimono_on	KEPT	HOL.Fun
Fourier.trigonometric_set	KEPT	Fourier.Fourier
Fourier.orthonormal_coeff	KEPT	Fourier.Fourier
Formal_Power_Series.fps_X	KEPT	HOL-Computational_Algebra.Formal_Power_Series
Flow.two_ll_on_open.flow0	KEPT	Ordinary_Differential_Equations.Flow
Flow.c1_on_open_euclidean	KEPT	Ordinary_Differential_Equations.Flow
Float.float.real_of_float	KEPT	HOL-Library.Float
Finite_Map.rel_map_on_set	KEPT	HOL-Library.Finite_Map
Finite_Map.fmrestrict_set	KEPT	HOL-Library.Finite_Map
Filter.finite_sets_at_top	KEPT	HOL.Filter
Fields.field_char_0_class	class_pred	HOL.Fields
Fields.class.field_char_0	class_infix	HOL.Fields
Fields.class.field_axioms	class_infix	HOL.Fields
Ferrack.reducecoeffh_sumC	infra_theory	HOL-Decision_Procs.Ferrack
Ferrack.num.ctor_fold_num	concealed	HOL-Decision_Procs.Ferrack
Ferrack.nozerocoeff_graph	concealed	HOL-Decision_Procs.Ferrack
Ferrack.dvdnumcoeff_graph	concealed	HOL-Decision_Procs.Ferrack
FSet.random_aux_fset_sumC	KEPT	HOL-Library.FSet
FSet.exhaustive_fset_sumC	KEPT	HOL-Library.FSet
FSet.comm_monoid_add.fsum	class_variant	HOL-Library.FSet
Extended_Sturm.psign_diff	KEPT	Count_Complex_Roots.Extended_Sturm
Extended_Real.ereal.ereal	KEPT	HOL-Library.Extended_Real
Extended.sup_extended_rel	concealed	HOL-Library.Extended
Extended.sup_extended_dom	KEPT	HOL-Library.Extended
Extended.inf_extended_rel	concealed	HOL-Library.Extended
Extended.inf_extended_dom	KEPT	HOL-Library.Extended
Essential_Supremum.esssup	KEPT	HOL-Probability.Essential_Supremum
Eratosthenes.mark_out_aux	KEPT	HOL-Number_Theory.Eratosthenes
Equiv_Relations.congruent	KEPT	HOL.Equiv_Relations
Equiv_Relations.RESPECTS2	KEPT	HOL.Equiv_Relations
Enum.finite_lattice_class	class_pred	HOL.Enum
Enum.class.finite_lattice	class_infix	HOL.Enum
Dlist.dlist.list_of_dlist	KEPT	HOL-Library.Dlist
Dlist.Dlist.dlist.set_in'	concealed	HOL-Library.Dlist
Divisor_Count.divisor_sum	KEPT	Dirichlet_Series.Divisor_Count
Divisibility.properfactor	KEPT	HOL-Algebra.Divisibility
Divisibility.division_rel	KEPT	HOL-Algebra.Divisibility
Dirichlet_Series.fds_zeta	KEPT	Dirichlet_Series.Dirichlet_Series
Dirichlet_Series.fds_norm	KEPT	Dirichlet_Series.Dirichlet_Series
Dirichlet_Series.eval_fds	KEPT	Dirichlet_Series.Dirichlet_Series
Descartes_Sign_Rule.psums	KEPT	Descartes_Sign_Rule.Descartes_Sign_Rule
Deriv.has_real_derivative	KEPT	HOL.Deriv
Derangements.derangements	KEPT	Derangements.Derangements
Cycles.cycle_of_list_sumC	KEPT	HOL-Combinatorics.Cycles
Countable_Set_Type.cimage	KEPT	HOL-Library.Countable_Set_Type
Countable_Set_Type.cempty	KEPT	HOL-Library.Countable_Set_Type
Countable_Set_Type.cUnion	KEPT	HOL-Library.Countable_Set_Type
Countable_Set_Type.cUNION	KEPT	HOL-Library.Countable_Set_Type
Countable_Set.uncountable	KEPT	HOL-Library.Countable_Set
Countable.nat_to_rat_surj	KEPT	HOL-Library.Countable
Countable.countable_class	class_pred	HOL-Library.Countable
Countable.class.countable	class_infix	HOL-Library.Countable
Count_Line.unbounded_line	KEPT	Count_Complex_Roots.Count_Line
Count_Line.no_proots_line	KEPT	Count_Complex_Roots.Count_Line
Count_Circle.proots_cball	KEPT	Count_Complex_Roots.Count_Circle
Continued_Fractions.conv'	KEPT	Continued_Fractions.Continued_Fractions
Continued_Fractions.cfrac	KEPT	Continued_Fractions.Continued_Fractions
Conjugate.conjugate_class	class_pred	Jordan_Normal_Form.Conjugate
Conjugate.class.conjugate	class_infix	Jordan_Normal_Form.Conjugate
Congruence.eq_object.more	KEPT	HOL-Algebra.Congruence
Congruence.eq_object.make	KEPT	HOL-Algebra.Congruence
Confluence.semiconfluentp	KEPT	HOL-Library.Confluence
Complex_Transcendental.Ln	KEPT	HOL-Analysis.Complex_Transcendental
Complete_Lattice.sup_pres	KEPT	HOL-Algebra.Complete_Lattice
Complete_Lattice.inf_pres	KEPT	HOL-Algebra.Complete_Lattice
Comparator.pcr_comparator	KEPT	HOL-Library.Comparator
Comparator.comparator_nat	KEPT	HOL-Library.Comparator
Comparator.comp.size_comp	adt_record	HOL-Library.Comparator
Comparator.comp.dtor_comp	concealed	HOL-Library.Comparator
Comparator.comp.ctor_comp	concealed	HOL-Library.Comparator
Comparator.comp.case_comp	KEPT	HOL-Library.Comparator
Commutative_Ring.psubstl1	infra_theory	HOL-Decision_Procs.Commutative_Ring
Commutative_Ring.pow_sumC	infra_theory	HOL-Decision_Procs.Commutative_Ring
Commutative_Ring.pol.Pinj	KEPT	HOL-Decision_Procs.Commutative_Ring
Commutative_Ring.pnsubstl	infra_theory	HOL-Decision_Procs.Commutative_Ring
Commutative_Ring.pnsubst1	infra_theory	HOL-Decision_Procs.Commutative_Ring
Commutative_Ring.mul_sumC	infra_theory	HOL-Decision_Procs.Commutative_Ring
Commutative_Ring.mon.Minj	KEPT	HOL-Decision_Procs.Commutative_Ring
Commutative_Ring.add_sumC	infra_theory	HOL-Decision_Procs.Commutative_Ring
Coinductive_Stream.sfirst	KEPT	Coinductive.Coinductive_Stream
Coinductive_Stream.scount	KEPT	Coinductive.Coinductive_Stream
Coinductive_Stream.of_seq	KEPT	Coinductive.Coinductive_Stream
Coinductive_Nat.enat_setp	KEPT	Coinductive.Coinductive_Nat
Coinductive_List.llist_of	KEPT	Coinductive.Coinductive_List
Coinductive_List.iterates	KEPT	Coinductive.Coinductive_List
Coinductive_List.gen_lset	KEPT	Coinductive.Coinductive_List
Code_Matrix.transpose_row	KEPT	Gauss_Jordan.Code_Matrix
Code_Matrix.rowvector_row	KEPT	Gauss_Jordan.Code_Matrix
Cauchy_Index_Theorem.sgnx	KEPT	Winding_Number_Eval.Cauchy_Index_Theorem
Cauchy_Index_Theorem.jump	KEPT	Winding_Number_Eval.Cauchy_Index_Theorem
Catalan_Numbers.tree.Node	KEPT	Catalan_Numbers.Catalan_Numbers
Catalan_Numbers.tree.Leaf	KEPT	Catalan_Numbers.Catalan_Numbers
Cartesian_Space.rowvector	KEPT	HOL-Analysis.Cartesian_Space
Budan_Fourier.pders_graph	concealed	Budan_Fourier.Budan_Fourier
Brouwer_Fixpoint.ksimplex	KEPT	HOL-Analysis.Brouwer_Fixpoint
Bit_Operations.concat_bit	KEPT	HOL.Bit_Operations
Bernoulli.bernoulli_graph	concealed	Bernoulli.Bernoulli
Ball_Volume.unit_ball_vol	KEPT	HOL-Analysis.Ball_Volume
Arcwise_Connected.leftrec	KEPT	HOL-Analysis.Arcwise_Connected
Arcwise_Connected.dyadics	KEPT	HOL-Analysis.Arcwise_Connected
Archimedean_Field.ceiling	KEPT	HOL.Archimedean_Field
Approximation.lift_un_rel	concealed	HOL-Decision_Procs.Approximation
Approximation.lift_un_dom	infra_theory	HOL-Decision_Procs.Approximation
Approximation.isDERIV_rel	concealed	HOL-Decision_Procs.Approximation
Approximation.isDERIV_dom	infra_theory	HOL-Decision_Procs.Approximation
Approximation.form.Assign	KEPT	HOL-Decision_Procs.Approximation
Approximation.approx_form	infra_theory	HOL-Decision_Procs.Approximation
Word.semiring_1.unsigned	class_variant	HOL-Library.Word
Word.ring_1_class.signed	KEPT	HOL-Library.Word
Urysohn.Alexandroff_open	KEPT	HOL-Analysis.Urysohn
Tree.tree.ctor_fold_tree	concealed	HOL-Library.Tree
Tree.linorder_class.heap	KEPT	HOL-Library.Tree
Tree.linorder.heap_graph	concealed	HOL-Library.Tree
Tree.height_class.height	KEPT	HOL-Library.Tree
Transfer.transfer_forall	internal_prefix	HOL.Transfer
Transcendental.sin_coeff	KEPT	HOL.Transcendental
Transcendental.powr_real	KEPT	HOL.Transcendental
Transcendental.cos_coeff	KEPT	HOL.Transcendental
Time_Functions.itrev_rel	concealed	HOL-Library.Time_Functions
Time_Functions.itrev_dom	KEPT	HOL-Library.Time_Functions
Time_Functions.T_tl_sumC	KEPT	HOL-Library.Time_Functions
Time_Functions.T_snd_rel	concealed	HOL-Library.Time_Functions
Time_Functions.T_snd_dom	KEPT	HOL-Library.Time_Functions
Time_Functions.T_rev_rel	concealed	HOL-Library.Time_Functions
Time_Functions.T_rev_dom	KEPT	HOL-Library.Time_Functions
Time_Functions.T_nth_rel	concealed	HOL-Library.Time_Functions
Time_Functions.T_nth_dom	KEPT	HOL-Library.Time_Functions
Time_Functions.T_fst_rel	concealed	HOL-Library.Time_Functions
Time_Functions.T_fst_dom	KEPT	HOL-Library.Time_Functions
Time_Functions.T2_filter	KEPT	HOL-Library.Time_Functions
Tarski.tarski_first5.OFS	KEPT	Tarskis_Geometry.Tarski
Tarski.tarski_first5.Col	KEPT	Tarskis_Geometry.Tarski
Sum_Type.old.sum.rec_sum	KEPT	HOL.Sum_Type
Sublist.suffix_order.min	KEPT	HOL-Library.Sublist
Sublist.suffix_order.max	KEPT	HOL-Library.Sublist
Sublist.subseq_order.min	KEPT	HOL-Library.Sublist
Sublist.subseq_order.max	KEPT	HOL-Library.Sublist
Sublist.prefix_order.min	KEPT	HOL-Library.Sublist
Sublist.prefix_order.max	KEPT	HOL-Library.Sublist
Sturm_Tarski.smods_graph	concealed	Sturm_Tarski.Sturm_Tarski
Sturm_Tarski.sgn_pos_inf	KEPT	Sturm_Tarski.Sturm_Tarski
Sturm_Tarski.sgn_neg_inf	KEPT	Sturm_Tarski.Sturm_Tarski
Sturm_Tarski.cindex_poly	KEPT	Sturm_Tarski.Sturm_Tarski
Sturm_Tarski.changes_rel	concealed	Sturm_Tarski.Sturm_Tarski
Sturm_Tarski.changes_dom	KEPT	Sturm_Tarski.Sturm_Tarski
String.literal_of_asciis	KEPT	HOL.String
String.char.min_alg_char	concealed	HOL.String
String.asciis_of_literal	KEPT	HOL.String
Stream.stream.mor_stream	concealed	HOL-Library.Stream
Stream.stream.col_stream	concealed	HOL-Library.Stream
Stream.stream.bis_stream	concealed	HOL-Library.Stream
Stream.stream.beh_stream	concealed	HOL-Library.Stream
Stream.stream.Rep_stream	concealed	HOL-Library.Stream
Stream.stream.Lev_stream	concealed	HOL-Library.Stream
Stream.stream.Abs_stream	concealed	HOL-Library.Stream
Stream.random_aux_stream	concealed	HOL-Library.Stream
Stopping_Time.filtration	KEPT	HOL-Probability.Stopping_Time
State_Monad.state_io_rel	KEPT	HOL-Library.State_Monad
Starlike.orthogonal_comp	KEPT	HOL-Analysis.Starlike
Square_Integrable.l2norm	KEPT	Fourier.Square_Integrable
Sorting_Algorithms.merge	KEPT	HOL-Library.Sorting_Algorithms
Smooth_Paths.closed_path	KEPT	HOL-Analysis.Smooth_Paths
Sigma_Algebra.sigma_sets	KEPT	HOL-Analysis.Sigma_Algebra
Sigma_Algebra.measure_of	KEPT	HOL-Analysis.Sigma_Algebra
Sigma_Algebra.measurable	KEPT	HOL-Analysis.Sigma_Algebra
Sigma_Algebra.closed_cdi	KEPT	HOL-Analysis.Sigma_Algebra
Sigma_Algebra.Int_stable	KEPT	HOL-Analysis.Sigma_Algebra
Set_Interval.ord.atLeast	class_variant	HOL.Set_Interval
Set.top_set_inst.top_set	inst_infix	HOL.Set
Set.sup_set_inst.sup_set	inst_infix	HOL.Set
Set.inf_set_inst.inf_set	inst_infix	HOL.Set
Set.bot_set_inst.bot_set	inst_infix	HOL.Set
Rings.zero_neq_one_class	class_pred	HOL.Rings
Rings.ordered_ring_class	class_pred	HOL.Rings
Rings.idom_abs_sgn_class	class_pred	HOL.Rings
Rings.class.zero_neq_one	class_infix	HOL.Rings
Rings.class.ordered_ring	class_infix	HOL.Rings
Rings.class.idom_abs_sgn	class_infix	HOL.Rings
Ring_Hom_Poly.field_hom'	KEPT	Polynomial_Interpolation.Ring_Hom_Poly
Ring_Hom.monoid_mult_hom	KEPT	Polynomial_Interpolation.Ring_Hom
Ring_Hom.monoid_add_isom	KEPT	Polynomial_Interpolation.Ring_Hom
Ring_Hom.idom_divide_hom	KEPT	Polynomial_Interpolation.Ring_Hom
Riemann_Mapping.SC_Chain	KEPT	HOL-Complex_Analysis.Riemann_Mapping
Real_Vector_Spaces.Reals	KEPT	HOL.Real_Vector_Spaces
RatFPS.ratfps.Rep_ratfps	abs_rep_name	Linear_Recurrences.RatFPS
RatFPS.ratfps.Abs_ratfps	abs_rep_name	Linear_Recurrences.RatFPS
Rat.sup_rat_inst.sup_rat	inst_infix	HOL.Rat
Rat.sgn_rat_inst.sgn_rat	inst_infix	HOL.Rat
Rat.one_rat_inst.one_rat	inst_infix	HOL.Rat
Rat.inf_rat_inst.inf_rat	inst_infix	HOL.Rat
Rat.abs_rat_inst.abs_rat	inst_infix	HOL.Rat
Random_Sequence.pos_bind	KEPT	HOL.Random_Sequence
Random_Sequence.neg_bind	KEPT	HOL.Random_Sequence
Random_Sequence.iter_rel	concealed	HOL.Random_Sequence
Random_Sequence.iter_dom	KEPT	HOL.Random_Sequence
Random_Pred.iterate_upto	KEPT	HOL.Random_Pred
Quickcheck_Random.beyond	KEPT	HOL.Quickcheck_Random
Quickcheck_Narrowing.sum	KEPT	HOL.Quickcheck_Narrowing
Quickcheck_Narrowing.nth	hidden	HOL.Quickcheck_Narrowing
Quickcheck_Narrowing.all	hidden	HOL.Quickcheck_Narrowing
Quadratic_Reciprocity.QR	KEPT	HOL-Number_Theory.Quadratic_Reciprocity
Predicate.pred.dtor_pred	concealed	HOL.Predicate
Predicate.pred.ctor_pred	concealed	HOL.Predicate
Predicate.pred.case_pred	KEPT	HOL.Predicate
Power.power_class.power2	KEPT	HOL.Power
Polytope.exposed_face_of	KEPT	HOL-Analysis.Polytope
Polynomial.synthetic_div	KEPT	HOL-Computational_Algebra.Polynomial
Polynomial.pseudo_divmod	KEPT	HOL-Computational_Algebra.Polynomial
Polynomial.poly.Abs_poly	abs_rep_name	HOL-Computational_Algebra.Polynomial
Polynomial.pderiv_coeffs	KEPT	HOL-Computational_Algebra.Polynomial
Polynomial.algebraic_int	KEPT	HOL-Computational_Algebra.Polynomial
Poly_Mapping.frag_extend	KEPT	HOL-Library.Poly_Mapping
Permutations.restrict_id	KEPT	HOL-Combinatorics.Permutations
Permutations.permutation	KEPT	HOL-Combinatorics.Permutations
Pell.pell.pell_valuation	KEPT	Pell.Pell
Path_Connected.shiftpath	KEPT	HOL-Analysis.Path_Connected
Path_Connected.pathstart	KEPT	HOL-Analysis.Path_Connected
Path_Connected.loop_free	KEPT	HOL-Analysis.Path_Connected
Path_Connected.joinpaths	KEPT	HOL-Analysis.Path_Connected
Partial_Function.mk_less	KEPT	HOL.Partial_Function
Partial_Function.img_ord	KEPT	HOL.Partial_Function
Partial_Function.img_lub	KEPT	HOL.Partial_Function
Partial_Function.fun_ord	KEPT	HOL.Partial_Function
Partial_Function.fun_lub	KEPT	HOL.Partial_Function
Parity.ring_parity_class	class_pred	HOL.Parity
Parity.class.ring_parity	class_infix	HOL.Parity
PMF_Impl.pmf_of_set_impl	KEPT	HOL-Probability.PMF_Impl
Orderings.preorder_class	class_pred	HOL.Orderings
Orderings.order.Greatest	class_variant	HOL.Orderings
Orderings.ord_class.less	KEPT	HOL.Orderings
Orderings.ord.greater_eq	class_variant	HOL.Orderings
Orderings.linorder_class	class_pred	HOL.Orderings
Orderings.class.preorder	class_infix	HOL.Orderings
Orderings.class.linorder	class_infix	HOL.Orderings
Order.weak_partial_order	KEPT	HOL-Algebra.Order
Order.total_order_axioms	KEPT	HOL-Algebra.Order
Order.gorder.more_update	KEPT	HOL-Algebra.Order
Option.random_aux_option	concealed	HOL.Option
Option.option.wit_option	adt_record	HOL.Option
Option.option.set_option	KEPT	HOL.Option
Option.option.rel_option	KEPT	HOL.Option
Option.option.rec_option	KEPT	HOL.Option
Option.option.mor_option	concealed	HOL.Option
Option.option.map_option	KEPT	HOL.Option
Option.option.alg_option	concealed	HOL.Option
Option.option.Rep_option	concealed	HOL.Option
Option.option.Abs_option	concealed	HOL.Option
ODE_Auxiliarities.comp12	KEPT	Ordinary_Differential_Equations.ODE_Auxiliarities
Nonpos_Ints.nonpos_Reals	KEPT	HOL-Library.Nonpos_Ints
Nonpos_Ints.nonneg_Reals	KEPT	HOL-Library.Nonpos_Ints
Nitpick.pair_box.PairBox	KEPT	HOL.Nitpick
Newton_Interpolation.Xij	hidden	Polynomial_Interpolation.Newton_Interpolation
Nat_Bijection.sum_encode	KEPT	HOL-Library.Nat_Bijection
Nat_Bijection.sum_decode	KEPT	HOL-Library.Nat_Bijection
Nat_Bijection.set_encode	KEPT	HOL-Library.Nat_Bijection
Nat_Bijection.set_decode	KEPT	HOL-Library.Nat_Bijection
Nat_Bijection.int_encode	KEPT	HOL-Library.Nat_Bijection
Nat_Bijection.int_decode	KEPT	HOL-Library.Nat_Bijection
Nat.sup_nat_inst.sup_nat	inst_infix	HOL.Nat
Nat.one_nat_inst.one_nat	inst_infix	HOL.Nat
Nat.inf_nat_inst.inf_nat	inst_infix	HOL.Nat
Nat.bot_nat_inst.bot_nat	inst_infix	HOL.Nat
Multiset.subset_mset.min	KEPT	HOL-Library.Multiset
Multiset.subset_mset.max	KEPT	HOL-Library.Multiset
Multiset.not_member_mset	KEPT	HOL-Library.Multiset
Modules.module.dependent	KEPT	HOL.Modules
Module.module.module_ext	KEPT	HOL-Algebra.Module
Mod_Type.mod_type.to_nat	class_variant	Rank_Nullity_Theorem.Mod_Type
Missing_Polynomial.monic	KEPT	Polynomial_Interpolation.Missing_Polynomial
Missing_List.remdups_gen	KEPT	Polynomial_Factorization.Missing_List
Missing_List.mem_idx_rel	concealed	Polynomial_Factorization.Missing_List
Missing_List.mem_idx_dom	KEPT	Polynomial_Factorization.Missing_List
Missing_List.filter2_rel	concealed	Polynomial_Factorization.Missing_List
Missing_List.filter2_dom	KEPT	Polynomial_Factorization.Missing_List
Missing_List.distinct_eq	KEPT	Polynomial_Factorization.Missing_List
Miscellaneous.matrix.dim	KEPT	Rank_Nullity_Theorem.Miscellaneous
Misc_Polynomial.poly_inf	KEPT	Sturm_Sequences.Misc_Polynomial
Meromorphic.remove_sings	KEPT	HOL-Complex_Analysis.Meromorphic
Measure_Space.sup_lexord	KEPT	HOL-Analysis.Measure_Space
Measure_Space.increasing	KEPT	HOL-Analysis.Measure_Space
Measure_Space.Sup_lexord	KEPT	HOL-Analysis.Measure_Space
Mapping.combine_with_key	KEPT	HOL-Library.Mapping
MPoly_Type.insertion_fun	KEPT	Polynomials.MPoly_Type
MPoly_Type.insertion_aux	KEPT	Polynomials.MPoly_Type
MPoly_Type.Const\<^sub>0	KEPT	Polynomials.MPoly_Type
MIR.size_fm_inst.size_fm	infra_theory	HOL-Decision_Procs.MIR
MIR.pre_fm.fm.wit_pre_fm	concealed	HOL-Decision_Procs.MIR
MIR.pre_fm.fm.set_pre_fm	concealed	HOL-Decision_Procs.MIR
MIR.pre_fm.fm.rel_pre_fm	concealed	HOL-Decision_Procs.MIR
MIR.pre_fm.fm.map_pre_fm	concealed	HOL-Decision_Procs.MIR
MIR.\<sigma>_\<rho>_sumC	infra_theory	HOL-Decision_Procs.MIR
MIR.\<alpha>_\<rho>_sumC	infra_theory	HOL-Decision_Procs.MIR
Log_Nat.ceillog2_aux_rel	concealed	HOL-Library.Log_Nat
Log_Nat.ceillog2_aux_dom	KEPT	HOL-Library.Log_Nat
ListVector.zipwith0_sumC	KEPT	HOL-Library.ListVector
List.list.ctor_fold_list	concealed	HOL.List
List.linorder_class.sort	KEPT	HOL.List
List.linorder.insort_key	class_variant	HOL.List
Linear_Algebra.collinear	KEPT	HOL-Analysis.Linear_Algebra
Limited_Sequence.pos_map	KEPT	HOL.Limited_Sequence
Limited_Sequence.not_seq	KEPT	HOL.Limited_Sequence
Limited_Sequence.neg_map	KEPT	HOL.Limited_Sequence
Limited_Sequence.map_seq	KEPT	HOL.Limited_Sequence
Lazy_Sequence.hb_not_seq	KEPT	HOL.Lazy_Sequence
Lattices_Big.ord.arg_min	class_variant	HOL.Lattices_Big
Lattices_Big.ord.arg_max	class_variant	HOL.Lattices_Big
Lattices_Big.Least_abort	KEPT	HOL.Lattices_Big
Is_Rat_To_Rat.is_int_rat	KEPT	Polynomial_Interpolation.Is_Rat_To_Rat
Is_Rat_To_Rat.int_of_rat	KEPT	Polynomial_Interpolation.Is_Rat_To_Rat
Int.sup_int_inst.sup_int	inst_infix	HOL.Int
Int.sgn_int_inst.sgn_int	inst_infix	HOL.Int
Int.one_int_inst.one_int	inst_infix	HOL.Int
Int.inf_int_inst.inf_int	inst_infix	HOL.Int
Int.abs_int_inst.abs_int	inst_infix	HOL.Int
Infinite_Sum.summable_on	KEPT	HOL-Analysis.Infinite_Sum
Infinite_Sum.lift_filter	KEPT	HOL-Analysis.Infinite_Sum
IArray.random_aux_iarray	concealed	HOL-Library.IArray
IArray.iarray.wit_iarray	adt_record	HOL-Library.IArray
IArray.iarray.set_iarray	KEPT	HOL-Library.IArray
IArray.iarray.rel_iarray	KEPT	HOL-Library.IArray
IArray.iarray.rec_iarray	KEPT	HOL-Library.IArray
IArray.iarray.mor_iarray	concealed	HOL-Library.IArray
IArray.iarray.map_iarray	KEPT	HOL-Library.IArray
IArray.iarray.alg_iarray	concealed	HOL-Library.IArray
IArray.iarray.Rep_iarray	concealed	HOL-Library.IArray
IArray.iarray.Abs_iarray	concealed	HOL-Library.IArray
Homotopy.homotopic_paths	KEPT	HOL-Analysis.Homotopy
Homotopy.homotopic_loops	KEPT	HOL-Analysis.Homotopy
Hoeffding.Hoeffding_ineq	KEPT	HOL-Probability.Hoeffding
Hilbert_Choice.some_elem	KEPT	HOL.Hilbert_Choice
Hilbert_Choice.bijection	KEPT	HOL.Hilbert_Choice
Groups.times_class.times	KEPT	HOL.Groups
Groups.monoid_mult_class	class_pred	HOL.Groups
Groups.minus_class.minus	KEPT	HOL.Groups
Groups.class.monoid_mult	class_infix	HOL.Groups
Group.monoid.mult_update	KEPT	HOL-Algebra.Group
Group.monoid.more_update	KEPT	HOL-Algebra.Group
Group.group_isomorphisms	KEPT	HOL-Algebra.Group
Group.comm_monoid_axioms	KEPT	HOL-Algebra.Group
Going_To_Filter.going_to	KEPT	HOL-Library.Going_To_Filter
Giry_Monad.subprob_space	KEPT	HOL-Probability.Giry_Monad
Geo_Real2.real2.neu.sum4	KEPT	MathBench_ProverBase.Geo_Real2
Geo_Real2.real2.neu.sum3	KEPT	MathBench_ProverBase.Geo_Real2
Geo_Real2.real2.neu.SymR	KEPT	MathBench_ProverBase.Geo_Real2
Geo_Real2.real2.neu.Sump	KEPT	MathBench_ProverBase.Geo_Real2
Geo_Real2.real2.neu.Sumg	KEPT	MathBench_ProverBase.Geo_Real2
Geo_Real2.real2.neu.SumV	KEPT	MathBench_ProverBase.Geo_Real2
Geo_Real2.real2.neu.SumS	KEPT	MathBench_ProverBase.Geo_Real2
Geo_Real2.real2.neu.SumA	KEPT	MathBench_ProverBase.Geo_Real2
Geo_Real2.real2.neu.SAMS	KEPT	MathBench_ProverBase.Geo_Real2
Geo_Real2.real2.neu.Proj	KEPT	MathBench_ProverBase.Geo_Real2
Geo_Real2.real2.neu.Prod	KEPT	MathBench_ProverBase.Geo_Real2
Geo_Real2.real2.neu.Perp	KEPT	MathBench_ProverBase.Geo_Real2
Geo_Real2.real2.neu.Orth	KEPT	MathBench_ProverBase.Geo_Real2
Geo_Real2.real2.neu.OFSC	KEPT	MathBench_ProverBase.Geo_Real2
Geo_Real2.real2.neu.MidR	KEPT	MathBench_ProverBase.Geo_Real2
Geo_Real2.real2.neu.LtPs	KEPT	MathBench_ProverBase.Geo_Real2
Geo_Real2.real2.neu.Lcos	KEPT	MathBench_ProverBase.Geo_Real2
Geo_Real2.real2.neu.Kite	KEPT	MathBench_ProverBase.Geo_Real2
Geo_Real2.real2.neu.IFSC	KEPT	MathBench_ProverBase.Geo_Real2
Geo_Real2.real2.neu.Grad	KEPT	MathBench_ProverBase.Geo_Real2
Geo_Real2.real2.neu.Diff	KEPT	MathBench_ProverBase.Geo_Real2
Geo_Real2.real2.neu.Diam	KEPT	MathBench_ProverBase.Geo_Real2
Geo_Real2.real2.neu.BetS	KEPT	MathBench_ProverBase.Geo_Real2
Geo_Real2.real2.neu.Bet4	KEPT	MathBench_ProverBase.Geo_Real2
Generated_Groups.derived	KEPT	HOL-Algebra.Generated_Groups
Gauss_Lemma.common_denom	KEPT	Polynomial_Factorization.Gauss_Lemma
Gamma_Function.Polygamma	KEPT	HOL-Analysis.Gamma_Function
GCD.semiring_gcd.Lcm_fin	class_variant	HOL.GCD
GCD.semiring_gcd.Gcd_fin	class_variant	HOL.GCD
GCD.gcd_nat_inst.lcm_nat	inst_infix	HOL.GCD
GCD.gcd_nat_inst.gcd_nat	inst_infix	HOL.GCD
GCD.gcd_int_inst.lcm_int	inst_infix	HOL.GCD
GCD.gcd_int_inst.gcd_int	inst_infix	HOL.GCD
GCD.Gcd_nat_inst.Lcm_nat	inst_infix	HOL.GCD
GCD.Gcd_nat_inst.Gcd_nat	inst_infix	HOL.GCD
GCD.Gcd_int_inst.Lcm_int	inst_infix	HOL.GCD
GCD.Gcd_int_inst.Gcd_int	inst_infix	HOL.GCD
Functional_Spaces.defect	KEPT	Lp.Functional_Spaces
Fun.order_class.antimono	KEPT	HOL.Fun
Fraction_Field.rep_fract	KEPT	HOL-Computational_Algebra.Fraction_Field
Fraction_Field.pcr_fract	quotient_typedef	HOL-Computational_Algebra.Fraction_Field
Fraction_Field.abs_fract	KEPT	HOL-Computational_Algebra.Fraction_Field
Fourier.Dirichlet_kernel	KEPT	Fourier.Fourier
Finite_Set.comp_fun_idem	KEPT	HOL.Finite_Set
Finite_Map.fmrel_on_fset	KEPT	HOL-Library.Finite_Map
Finite_Map.fmap.fmlookup	KEPT	HOL-Library.Finite_Map
Finite_Map.fmap.Abs_fmap	abs_rep_name	HOL-Library.Finite_Map
Filter.filter.Rep_filter	abs_rep_name	HOL.Filter
Filter.filter.Abs_filter	abs_rep_name	HOL.Filter
Ferrack.reducecoeffh_rel	concealed	HOL-Decision_Procs.Ferrack
Ferrack.reducecoeffh_dom	infra_theory	HOL-Decision_Procs.Ferrack
Ferrack.num.str_init_num	concealed	HOL-Decision_Procs.Ferrack
Ferrack.num.ctor_rec_num	concealed	HOL-Decision_Procs.Ferrack
Ferrack.nozerocoeff_sumC	infra_theory	HOL-Decision_Procs.Ferrack
Ferrack.ismaxcoeff_graph	concealed	HOL-Decision_Procs.Ferrack
Ferrack.dvdnumcoeff_sumC	infra_theory	HOL-Decision_Procs.Ferrack
FSet.sorted_list_of_fset	KEPT	HOL-Library.FSet
FSet.random_aux_fset_rel	concealed	HOL-Library.FSet
FSet.random_aux_fset_dom	KEPT	HOL-Library.FSet
FSet.linorder_class.fMin	KEPT	HOL-Library.FSet
FSet.linorder_class.fMax	KEPT	HOL-Library.FSet
FSet.fset.FSet.pred_fset	KEPT	HOL-Library.FSet
FSet.exhaustive_fset_rel	concealed	HOL-Library.FSet
FSet.exhaustive_fset_dom	KEPT	HOL-Library.FSet
FPS_Convergence.eval_fps	KEPT	HOL-Analysis.FPS_Convergence
Extraction.sumbool.Right	KEPT	HOL.Extraction
Extended_Sturm.psign_aux	KEPT	Count_Complex_Roots.Extended_Sturm
Extended_Sturm.cross_alt	KEPT	Count_Complex_Roots.Extended_Sturm
Extended_Sturm.cdiff_aux	KEPT	Count_Complex_Roots.Extended_Sturm
Eratosthenes.sieve_graph	concealed	HOL-Number_Theory.Eratosthenes
Eratosthenes.primes_upto	KEPT	HOL-Number_Theory.Eratosthenes
Equiv_Relations.quotient	KEPT	HOL.Equiv_Relations
Equiv_Relations.equivclp	KEPT	HOL.Equiv_Relations
Equiv_Relations.RESPECTS	KEPT	HOL.Equiv_Relations
Enum.random_aux_finite_5	concealed	HOL.Enum
Enum.random_aux_finite_4	concealed	HOL.Enum
Enum.random_aux_finite_3	concealed	HOL.Enum
Enum.random_aux_finite_2	concealed	HOL.Enum
Enum.random_aux_finite_1	concealed	HOL.Enum
Enum.enum_class.enum_all	KEPT	HOL.Enum
Dlist.Dlist.dlist.set_in	concealed	HOL-Library.Dlist
Divisibility.irreducible	KEPT	HOL-Algebra.Divisibility
Divisibility.factorcount	KEPT	HOL-Algebra.Divisibility
Distributions.erlang_CDF	KEPT	HOL-Probability.Distributions
Disjoint_Sets.disjointed	KEPT	HOL-Library.Disjoint_Sets
Dirichlet_Series.pcr_fds	KEPT	Dirichlet_Series.Dirichlet_Series
Dirichlet_Series.fds_nth	KEPT	Dirichlet_Series.Dirichlet_Series
Dirichlet_Series.fds_ind	KEPT	Dirichlet_Series.Dirichlet_Series
Dirichlet_Series.fds_exp	KEPT	Dirichlet_Series.Dirichlet_Series
Determinant.insert_index	KEPT	Jordan_Normal_Form.Determinant
Determinant.delete_index	KEPT	Jordan_Normal_Form.Determinant
Cycles.cycle_of_list_rel	concealed	HOL-Combinatorics.Cycles
Cycles.cycle_of_list_dom	KEPT	HOL-Combinatorics.Cycles
Countable_Set_Type.cDiff	KEPT	HOL-Library.Countable_Set_Type
Countable_Set_Type.cBall	KEPT	HOL-Library.Countable_Set_Type
Countable.nth_item_graph	concealed	HOL-Library.Countable
Count_Circle.proots_ball	KEPT	Count_Complex_Roots.Count_Circle
Cooper.num.ctor_fold_num	concealed	HOL-Decision_Procs.Cooper
Continued_Fractions.conv	KEPT	Continued_Fractions.Continued_Fractions
Congruence.eq_closure_of	KEPT	HOL-Algebra.Congruence
Complex_Residues.residue	KEPT	HOL-Complex_Analysis.Complex_Residues
Comparator.cr_comparator	KEPT	HOL-Library.Comparator
Comparator.comp.rec_comp	KEPT	HOL-Library.Comparator
Comparator.comp.mor_comp	concealed	HOL-Library.Comparator
Comparator.comp.alg_comp	concealed	HOL-Library.Comparator
Comparator.comp.Rep_comp	concealed	HOL-Library.Comparator
Comparator.comp.Abs_comp	concealed	HOL-Library.Comparator
Commutative_Ring.psubstl	infra_theory	HOL-Decision_Procs.Commutative_Ring
Commutative_Ring.pow_rel	concealed	HOL-Decision_Procs.Commutative_Ring
Commutative_Ring.pow_dom	infra_theory	HOL-Decision_Procs.Commutative_Ring
Commutative_Ring.pnsubst	infra_theory	HOL-Decision_Procs.Commutative_Ring
Commutative_Ring.mul_rel	concealed	HOL-Decision_Procs.Commutative_Ring
Commutative_Ring.mul_dom	infra_theory	HOL-Decision_Procs.Commutative_Ring
Commutative_Ring.mfactor	infra_theory	HOL-Decision_Procs.Commutative_Ring
Commutative_Ring.cfactor	infra_theory	HOL-Decision_Procs.Commutative_Ring
Commutative_Ring.add_rel	concealed	HOL-Decision_Procs.Commutative_Ring
Commutative_Ring.add_dom	infra_theory	HOL-Decision_Procs.Commutative_Ring
Coinductive_Nat.enat_set	KEPT	Coinductive.Coinductive_Nat
Coinductive_Nat.Le_enatp	KEPT	Coinductive.Coinductive_Nat
Coinductive_List.lprefix	KEPT	Coinductive.Coinductive_List
Coinductive_List.lmember	KEPT	Coinductive.Coinductive_List
Coinductive_List.llexord	KEPT	Coinductive.Coinductive_List
Coinductive_List.llength	KEPT	Coinductive.Coinductive_List
Coinductive_List.list_of	KEPT	Coinductive.Coinductive_List
Coinductive_List.lfinite	KEPT	Coinductive.Coinductive_List
Coinductive_List.lfilter	KEPT	Coinductive.Coinductive_List
Coinductive_List.lconcat	KEPT	Coinductive.Coinductive_List
Coinductive_List.lappend	KEPT	Coinductive.Coinductive_List
Code_Target_Int.positive	KEPT	HOL-Library.Code_Target_Int
Code_Target_Int.negative	KEPT	HOL-Library.Code_Target_Int
Code_Numeral.pcr_natural	KEPT	HOL.Code_Numeral
Code_Numeral.pcr_integer	KEPT	HOL.Code_Numeral
Code_Matrix.mat_mult_row	KEPT	Gauss_Jordan.Code_Matrix
Code_Cardinality.subset'	KEPT	HOL-Library.Code_Cardinality
Code_Cardinality.finite'	KEPT	HOL-Library.Code_Cardinality
Cayley_Hamilton.poly_mat	KEPT	Cayley_Hamilton.Cayley_Hamilton
Cayley_Hamilton.charpoly	KEPT	Cayley_Hamilton.Cayley_Hamilton
Cartesian_Space.vec.span	KEPT	HOL-Analysis.Cartesian_Space
Cardinality.is_list_UNIV	KEPT	HOL-Library.Cardinality
Cardinality.class.CARD_1	class_infix	HOL-Library.Cardinality
Cardinality.CARD_1_class	class_pred	HOL-Library.Cardinality
Cancellation.iterate_add	KEPT	HOL-Library.Cancellation
Budan_Fourier.pders_sumC	KEPT	Budan_Fourier.Budan_Fourier
Brouwer_Fixpoint.reduced	KEPT	HOL-Analysis.Brouwer_Fixpoint
Bit_Operations.xor_int.F	KEPT	HOL.Bit_Operations
Bit_Operations.and_int.F	KEPT	HOL.Bit_Operations
Bernoulli.bernoulli_sumC	KEPT	Bernoulli.Bernoulli
Approximation.form.Bound	KEPT	HOL-Decision_Procs.Approximation
Approximation.bounded_by	infra_theory	HOL-Decision_Procs.Approximation
Approximation.approx_tse	infra_theory	HOL-Decision_Procs.Approximation
Zorn.pred_on.superchain	KEPT	HOL.Zorn
Z2.one_bit_inst.one_bit	inst_infix	HOL-Library.Z2
Word.signed.strict_mono	KEPT	HOL-Library.Word
Word.signed.greaterThan	KEPT	HOL-Library.Word
Word.signed.antimono_on	KEPT	HOL-Library.Word
Urysohn.kification_open	KEPT	HOL-Analysis.Urysohn
UnivPoly.up_ring.fields	KEPT	HOL-Algebra.UnivPoly
UnivPoly.up_ring.extend	KEPT	HOL-Algebra.UnivPoly
UnivPoly.UP_ring.lcoeff	KEPT	HOL-Algebra.UnivPoly
Typerep.typerep.Typerep	KEPT	HOL.Typerep
Typedef.type_definition	KEPT	HOL.Typedef
Tree_Multiset.mset_tree	KEPT	HOL-Library.Tree_Multiset
Tree.tree.str_init_tree	concealed	HOL-Library.Tree
Tree.tree.ctor_rec_tree	concealed	HOL-Library.Tree
Tree.linorder.heap_sumC	class_variant	HOL-Library.Tree
Transposition.transpose	KEPT	HOL-Combinatorics.Transposition
Transcendental.ln_class	class_pred	HOL.Transcendental
Transcendental.class.ln	class_infix	HOL.Transcendental
Time_Functions.T_tl_rel	concealed	HOL-Library.Time_Functions
Time_Functions.T_tl_dom	KEPT	HOL-Library.Time_Functions
Time_Functions.T_length	KEPT	HOL-Library.Time_Functions
Time_Functions.T_filter	KEPT	HOL-Library.Time_Functions
Time_Functions.T_append	KEPT	HOL-Library.Time_Functions
Tarski.tarski_first3.SC	KEPT	Tarskis_Geometry.Tarski
Sum_Type.random_aux_sum	concealed	HOL.Sum_Type
Sturm_Theorem.sturm_seq	KEPT	Sturm_Sequences.Sturm_Theorem
Sturm_Theorem.sturm_aux	KEPT	Sturm_Sequences.Sturm_Theorem
Sturm_Tarski.smods_sumC	KEPT	Sturm_Tarski.Sturm_Tarski
Sturm_Tarski.sign_r_pos	KEPT	Sturm_Tarski.Sturm_Tarski
Stream.stream.bd_stream	adt_record	HOL-Library.Stream
Stirling.stirling_graph	concealed	HOL-Combinatorics.Stirling
Stirling.Stirling_graph	concealed	HOL-Combinatorics.Stirling
State_Monad.state.State	KEPT	HOL-Library.State_Monad
Square_Matrix.transpose	KEPT	Cayley_Hamilton.Square_Matrix
Square_Matrix.perm_rows	KEPT	Cayley_Hamilton.Square_Matrix
Square_Matrix.perm_cols	KEPT	Cayley_Hamilton.Square_Matrix
Square_Integrable.lnorm	KEPT	Fourier.Square_Integrable
Sorting_Algorithms.sort	KEPT	HOL-Library.Sorting_Algorithms
Smooth_Paths.valid_path	KEPT	HOL-Analysis.Smooth_Paths
Sigma_Algebra.binaryset	KEPT	HOL-Analysis.Sigma_Algebra
Set_Interval.ord.atMost	class_variant	HOL.Set_Interval
Set_Algebras.elt_set_eq	KEPT	HOL-Library.Set_Algebras
Rings.unit_factor_class	class_pred	HOL.Rings
Rings.idom_modulo_class	class_pred	HOL.Rings
Rings.idom_divide_class	class_pred	HOL.Rings
Rings.comm_ring_1_class	class_pred	HOL.Rings
Rings.class.idom_modulo	class_infix	HOL.Rings
Rings.class.idom_divide	class_infix	HOL.Rings
Rings.class.comm_ring_1	class_infix	HOL.Rings
Ring_Hom_Poly.eval_poly	KEPT	Polynomial_Interpolation.Ring_Hom_Poly
Ring_Hom.monoid_add_hom	KEPT	Polynomial_Interpolation.Ring_Hom
Ring_Hom.comm_ring_isom	KEPT	Polynomial_Interpolation.Ring_Hom
Residues.residues_prime	KEPT	HOL-Number_Theory.Residues
Reflective_Field.npesub	infra_theory	HOL-Decision_Procs.Reflective_Field
Reflective_Field.npepow	infra_theory	HOL-Decision_Procs.Reflective_Field
Reflective_Field.npeneg	infra_theory	HOL-Decision_Procs.Reflective_Field
Reflective_Field.npemul	infra_theory	HOL-Decision_Procs.Reflective_Field
Reflective_Field.npeadd	infra_theory	HOL-Decision_Procs.Reflective_Field
Reflective_Field.Common	infra_theory	HOL-Decision_Procs.Reflective_Field
Record.isomorphic_tuple	KEPT	HOL.Record
Real_Vector_Spaces.span	KEPT	HOL.Real_Vector_Spaces
RatFPS.ratfps_subdegree	KEPT	Linear_Recurrences.RatFPS
Rat.field_char_0.of_rat	class_variant	HOL.Rat
Random_Sequence.pos_map	KEPT	HOL.Random_Sequence
Random_Sequence.neg_map	KEPT	HOL.Random_Sequence
Random_Pred.iter'_graph	concealed	HOL.Random_Pred
Quotient_Type.eqv_class	class_pred	HOL-Library.Quotient_Type
Predicate.pred.rec_pred	KEPT	HOL.Predicate
Predicate.pred.mor_pred	concealed	HOL.Predicate
Predicate.pred.alg_pred	concealed	HOL.Predicate
Predicate.pred.Rep_pred	concealed	HOL.Predicate
Predicate.pred.Abs_pred	concealed	HOL.Predicate
Power.power_class.power	KEPT	HOL.Power
Polynomial.reflect_poly	KEPT	HOL-Computational_Algebra.Polynomial
Polynomial.poly_of_list	KEPT	HOL-Computational_Algebra.Polynomial
Polynomial.pderiv_graph	concealed	HOL-Computational_Algebra.Polynomial
Path_Connected.rectpath	KEPT	HOL-Analysis.Path_Connected
Path_Connected.linepath	KEPT	HOL-Analysis.Path_Connected
PMF_Impl.pmf_of_mapping	KEPT	HOL-Probability.PMF_Impl
PMF_Impl.mapping_of_pmf	KEPT	HOL-Probability.PMF_Impl
Orderings.top_class.top	KEPT	HOL.Orderings
Orderings.ord_class.min	KEPT	HOL.Orderings
Orderings.ord_class.max	KEPT	HOL.Orderings
Orderings.bot_class.bot	KEPT	HOL.Orderings
Order_Relation.Preorder	KEPT	HOL.Order_Relation
Order.gorder.gorder_ext	KEPT	HOL-Algebra.Order
ODE_Auxiliarities.comp3	KEPT	Ordinary_Differential_Equations.ODE_Auxiliarities
Num.ring_1_class.iszero	KEPT	HOL.Num
Num.neg_numeral.dbl_inc	class_variant	HOL.Num
Num.neg_numeral.dbl_dec	class_variant	HOL.Num
Nth_Powers.nth_root_nat	KEPT	HOL-Computational_Algebra.Nth_Powers
Nth_Powers.is_nth_power	KEPT	HOL-Computational_Algebra.Nth_Powers
Nonpos_Ints.nonpos_Ints	KEPT	HOL-Library.Nonpos_Ints
Nitpick.norm_frac_graph	concealed	HOL.Nitpick
Newton_Interpolation.xd	hidden	Polynomial_Interpolation.Newton_Interpolation
Nat.old.nat.rec_set_nat	concealed	HOL.Nat
Multiset.replicate_mset	KEPT	HOL-Library.Multiset
Multiset.multiset.count	KEPT	HOL-Library.Multiset
More_MPoly_Type.polyfun	KEPT	Polynomials.More_MPoly_Type
Modules.module.subspace	KEPT	HOL.Modules
Module.submodule_axioms	KEPT	HOL-Algebra.Module
Mod_Type.mod_type_class	class_pred	Rank_Nullity_Theorem.Mod_Type
Mod_Type.class.mod_type	class_infix	Rank_Nullity_Theorem.Mod_Type
Missing_List.span_graph	concealed	Polynomial_Factorization.Missing_List
Missing_List.remove_nth	KEPT	Polynomial_Factorization.Missing_List
Missing_List.permut_aux	KEPT	Polynomial_Factorization.Missing_List
Missing_List.partition2	KEPT	Polynomial_Factorization.Missing_List
Missing_List.list_union	KEPT	Polynomial_Factorization.Missing_List
Missing_List.adjust_idx	KEPT	Polynomial_Factorization.Missing_List
Missing_Algebraic.roots	KEPT	Winding_Number_Eval.Missing_Algebraic
Measure_Space.null_sets	KEPT	HOL-Analysis.Measure_Space
Measure_Space.ae_filter	KEPT	HOL-Analysis.Measure_Space
Matrix.upper_triangular	KEPT	Jordan_Normal_Form.Matrix
Matrix.square_mat_graph	concealed	Jordan_Normal_Form.Matrix
Matrix.mat_of_rows_list	KEPT	Jordan_Normal_Form.Matrix
Matrix.mat_of_cols_list	KEPT	Jordan_Normal_Form.Matrix
Mapping.ordered_entries	KEPT	HOL-Library.Mapping
Mapping.mapping.Mapping	KEPT	HOL-Library.Mapping
MPoly_Type.total_degree	KEPT	Polynomials.MPoly_Type
MIR.\<sigma>_\<rho>_rel	concealed	HOL-Decision_Procs.MIR
MIR.\<sigma>_\<rho>_dom	infra_theory	HOL-Decision_Procs.MIR
MIR.\<alpha>_\<rho>_rel	concealed	HOL-Decision_Procs.MIR
MIR.\<alpha>_\<rho>_dom	infra_theory	HOL-Decision_Procs.MIR
Lucas_Theorem.fpsmodrel	KEPT	Lucas_Theorem.Lucas_Theorem
ListVector.zipwith0_rel	concealed	HOL-Library.ListVector
ListVector.zipwith0_dom	KEPT	HOL-Library.ListVector
List.successively_graph	concealed	HOL.List
List.list.str_init_list	concealed	HOL.List
List.list.ctor_rec_list	concealed	HOL.List
List.interval_top_class	class_pred	HOL.List
List.interval_bot_class	class_pred	HOL.List
List.folding_insort_key	KEPT	HOL.List
List.class.interval_top	class_infix	HOL.List
List.class.interval_bot	class_infix	HOL.List
List.arg_min_list_graph	concealed	HOL.List
Linear_Maps.cart_basis'	KEPT	Gauss_Jordan.Linear_Maps
Linear_Algebra.bilinear	KEPT	HOL-Analysis.Linear_Algebra
Limited_Sequence.single	KEPT	HOL.Limited_Sequence
Limited_Sequence.if_seq	KEPT	HOL.Limited_Sequence
Lebesgue_Measure.lborel	KEPT	HOL-Analysis.Lebesgue_Measure
Lebesgue_Measure.gdelta	KEPT	HOL-Analysis.Lebesgue_Measure
Lebesgue_Measure.fsigma	KEPT	HOL-Analysis.Lebesgue_Measure
Lazy_Sequence.hit_bound	KEPT	HOL.Lazy_Sequence
Lazy_Sequence.hb_single	KEPT	HOL.Lazy_Sequence
Lazy_Sequence.hb_if_seq	KEPT	HOL.Lazy_Sequence
Lazy_Eval.cmp_result.LT	KEPT	HOL-Real_Asymp.Lazy_Eval
Lazy_Eval.cmp_result.GT	KEPT	HOL-Real_Asymp.Lazy_Eval
Lazy_Eval.cmp_result.EQ	KEPT	HOL-Real_Asymp.Lazy_Eval
Lattice.bounded_lattice	KEPT	HOL-Algebra.Lattice
Landau_Symbols.bigtheta	KEPT	HOL-Library.Landau_Symbols
Landau_Symbols.bigomega	KEPT	HOL-Library.Landau_Symbols
Interval_Float.centered	KEPT	HOL-Library.Interval_Float
Interval_Float.all_in_i	KEPT	HOL-Library.Interval_Float
Interval.split_interval	KEPT	HOL-Library.Interval
Int.ring_1_class.of_int	KEPT	HOL.Int
Ideal.primeideal_axioms	KEPT	HOL-Algebra.Ideal
Homotopy.homotopic_with	KEPT	HOL-Analysis.Homotopy
Hilbert_Choice.inv_into	KEPT	HOL.Hilbert_Choice
Groups_List.monoid_list	KEPT	HOL.Groups_List
Groups.monoid_add_class	class_pred	HOL.Groups
Groups.class.monoid_add	class_infix	HOL.Groups
Group.monoid.one_update	KEPT	HOL-Algebra.Group
Group.monoid.monoid_ext	KEPT	HOL-Algebra.Group
Giry_Monad.prob_algebra	KEPT	HOL-Probability.Giry_Monad
Geo_Real2.real2.neu.TSP	KEPT	MathBench_ProverBase.Geo_Real2
Geo_Real2.real2.neu.Sym	KEPT	MathBench_ProverBase.Geo_Real2
Geo_Real2.real2.neu.Sum	KEPT	MathBench_ProverBase.Geo_Real2
Geo_Real2.real2.neu.Plg	KEPT	MathBench_ProverBase.Geo_Real2
Geo_Real2.real2.neu.Per	KEPT	MathBench_ProverBase.Geo_Real2
Geo_Real2.real2.neu.Par	KEPT	MathBench_ProverBase.Geo_Real2
Geo_Real2.real2.neu.Out	KEPT	MathBench_ProverBase.Geo_Real2
Geo_Real2.real2.neu.Opp	KEPT	MathBench_ProverBase.Geo_Real2
Geo_Real2.real2.neu.OSP	KEPT	MathBench_ProverBase.Geo_Real2
Geo_Real2.real2.neu.LtP	KEPT	MathBench_ProverBase.Geo_Real2
Geo_Real2.real2.neu.LtA	KEPT	MathBench_ProverBase.Geo_Real2
Geo_Real2.real2.neu.LeP	KEPT	MathBench_ProverBase.Geo_Real2
Geo_Real2.real2.neu.LeA	KEPT	MathBench_ProverBase.Geo_Real2
Geo_Real2.real2.neu.GtA	KEPT	MathBench_ProverBase.Geo_Real2
Geo_Real2.real2.neu.FSC	KEPT	MathBench_ProverBase.Geo_Real2
Geo_Real2.real2.neu.FOF	KEPT	MathBench_ProverBase.Geo_Real2
Geo_Real2.real2.neu.EqV	KEPT	MathBench_ProverBase.Geo_Real2
Geo_Real2.real2.neu.EqC	KEPT	MathBench_ProverBase.Geo_Real2
Geo_Real2.real2.neu.EqA	KEPT	MathBench_ProverBase.Geo_Real2
Geo_Real2.real2.neu.Col	KEPT	MathBench_ProverBase.Geo_Real2
Geo_Real2.real2.neu.Ar2	KEPT	MathBench_ProverBase.Geo_Real2
Geo_Real2.real2.neu.Ar1	KEPT	MathBench_ProverBase.Geo_Real2
Geo_Real2.real2.neu.Ang	KEPT	MathBench_ProverBase.Geo_Real2
Gamma_Function.ln_Gamma	KEPT	HOL-Analysis.Gamma_Function
Functional_Spaces.eNorm	KEPT	Lp.Functional_Spaces
Fraction_Field.cr_fract	quotient_typedef	HOL-Computational_Algebra.Fraction_Field
Finite_Set.folding_on.F	KEPT	HOL.Finite_Set
Finite_Set.folding_idem	KEPT	HOL.Finite_Set
Finite_Set.finite_class	class_pred	HOL.Finite_Set
Finite_Set.class.finite	class_infix	HOL.Finite_Set
Finite_Map.map_drop_set	KEPT	HOL-Library.Finite_Map
Finite_Map.fset_of_fmap	KEPT	HOL-Library.Finite_Map
Finite_Map.fmap_of_list	KEPT	HOL-Library.Finite_Map
FiniteProduct.foldSetDp	KEPT	HOL-Algebra.FiniteProduct
Ferrack.num.min_alg_num	concealed	HOL-Decision_Procs.Ferrack
Ferrack.nozerocoeff_rel	concealed	HOL-Decision_Procs.Ferrack
Ferrack.nozerocoeff_dom	infra_theory	HOL-Decision_Procs.Ferrack
Ferrack.ismaxcoeff_sumC	infra_theory	HOL-Decision_Procs.Ferrack
Ferrack.fm.ctor_fold_fm	concealed	HOL-Decision_Procs.Ferrack
Ferrack.dvdnumcoeff_rel	concealed	HOL-Decision_Procs.Ferrack
Ferrack.dvdnumcoeff_dom	infra_theory	HOL-Decision_Procs.Ferrack
Ferrack.disjuncts_graph	concealed	HOL-Decision_Procs.Ferrack
FSet.valtermify_finsert	KEPT	HOL-Library.FSet
FSet.semilattice_fset.F	KEPT	HOL-Library.FSet
FSet.comm_monoid_fset.F	KEPT	HOL-Library.FSet
Extraction.sumbool.Left	KEPT	HOL.Extraction
Eratosthenes.sieve_sumC	KEPT	HOL-Number_Theory.Eratosthenes
Enum.finite_5.a\<^sub>5	KEPT	HOL.Enum
Enum.finite_5.a\<^sub>4	KEPT	HOL.Enum
Enum.finite_5.a\<^sub>3	KEPT	HOL.Enum
Enum.finite_5.a\<^sub>2	KEPT	HOL.Enum
Enum.finite_5.a\<^sub>1	KEPT	HOL.Enum
Enum.finite_4.a\<^sub>4	KEPT	HOL.Enum
Enum.finite_4.a\<^sub>3	KEPT	HOL.Enum
Enum.finite_4.a\<^sub>2	KEPT	HOL.Enum
Enum.finite_4.a\<^sub>1	KEPT	HOL.Enum
Enum.finite_3.a\<^sub>3	KEPT	HOL.Enum
Enum.finite_3.a\<^sub>2	KEPT	HOL.Enum
Enum.finite_3.a\<^sub>1	KEPT	HOL.Enum
Enum.finite_2.a\<^sub>2	KEPT	HOL.Enum
Enum.finite_2.a\<^sub>1	KEPT	HOL.Enum
Enum.finite_1.a\<^sub>1	KEPT	HOL.Enum
Enum.enum_class.enum_ex	KEPT	HOL.Enum
Divisibility.list_assoc	KEPT	HOL-Algebra.Divisibility
Divisibility.associated	KEPT	HOL-Algebra.Divisibility
Dirichlet_Series.fds_ln	KEPT	Dirichlet_Series.Dirichlet_Series
Dirichlet_Series.cr_fds	KEPT	Dirichlet_Series.Dirichlet_Series
Determinant.replace_col	KEPT	Jordan_Normal_Form.Determinant
Countable_Set_Type.cInt	KEPT	HOL-Library.Countable_Set_Type
Countable_Set_Type.cBex	KEPT	HOL-Library.Countable_Set_Type
Countable_Set.to_nat_on	KEPT	HOL-Library.Countable_Set
Countable_Set.countable	KEPT	HOL-Library.Countable_Set
Countable.nth_item_sumC	KEPT	HOL-Library.Countable
Cooper.num.str_init_num	concealed	HOL-Decision_Procs.Cooper
Cooper.num.ctor_rec_num	concealed	HOL-Decision_Procs.Cooper
Cooper.d_\<delta>_graph	concealed	HOL-Decision_Procs.Cooper
Convolution.convolution	KEPT	HOL-Probability.Convolution
Containers_Auxiliary.ID	KEPT	Containers.Containers_Auxiliary
Congruence.eq_object.eq	KEPT	HOL-Algebra.Congruence
Congruence.eq_is_closed	KEPT	HOL-Algebra.Congruence
Complex.complex_of_real	KEPT	HOL.Complex
Complex.complex.Complex	KEPT	HOL.Complex
Complete_Lattices.Union	KEPT	HOL.Complete_Lattices
Complete_Lattices.Inter	KEPT	HOL.Complete_Lattices
Comparator.comp.Greater	KEPT	HOL-Library.Comparator
Commutative_Ring.pol.Pc	KEPT	HOL-Decision_Procs.Commutative_Ring
Commutative_Ring.pol.PX	KEPT	HOL-Decision_Procs.Commutative_Ring
Commutative_Ring.mon.Mc	KEPT	HOL-Decision_Procs.Commutative_Ring
Commutative_Ring.mon.MX	KEPT	HOL-Decision_Procs.Commutative_Ring
Commutative_Ring.mkPinj	infra_theory	HOL-Decision_Procs.Commutative_Ring
Commutative_Ring.mkMinj	infra_theory	HOL-Decision_Procs.Commutative_Ring
Combine_PER.combine_per	KEPT	HOL-Library.Combine_PER
Coinductive_Nat.Le_enat	KEPT	Coinductive.Coinductive_Nat
Coinductive_List.repeat	KEPT	Coinductive.Coinductive_List
Coinductive_List.ldropn	KEPT	Coinductive.Coinductive_List
Code_Target_Nat.natural	KEPT	HOL-Library.Code_Target_Nat
Code_Numeral.divmod_abs	KEPT	HOL.Code_Numeral
Code_Numeral.cr_natural	KEPT	HOL.Code_Numeral
Code_Numeral.cr_integer	KEPT	HOL.Code_Numeral
Code_Lazy.termify_lazy2	KEPT	HOL-Library.Code_Lazy
Code_Lazy.lazy.Rep_lazy	abs_rep_name	HOL-Library.Code_Lazy
Code_Lazy.lazy.Abs_lazy	abs_rep_name	HOL-Library.Code_Lazy
Code_Evaluation.tracing	infra_theory	HOL.Code_Evaluation
Code_Evaluation.termify	infra_theory	HOL.Code_Evaluation
Code_Evaluation.TERM_OF	infra_theory	HOL.Code_Evaluation
Code_Cardinality.eq_set	KEPT	HOL-Library.Code_Cardinality
Catalan_Numbers.catalan	KEPT	Catalan_Numbers.Catalan_Numbers
Cartesian_Space.vec.dim	KEPT	HOL-Analysis.Cartesian_Space
Cardinality.class.card2	class_infix	HOL-Library.Cardinality
Cardinality.card2_class	class_pred	HOL-Library.Cardinality
Budan_Fourier.pders_rel	concealed	Budan_Fourier.Budan_Fourier
Budan_Fourier.pders_dom	KEPT	Budan_Fourier.Budan_Fourier
Bit_Operations.or_int.F	KEPT	HOL.Bit_Operations
Bertrand.isprimedivisor	KEPT	Bertrands_Postulate.Bertrand
Bernoulli.bernoulli_rel	concealed	Bernoulli.Bernoulli
Bernoulli.bernoulli_dom	KEPT	Bernoulli.Bernoulli
Basic_BNF_LFPs.ctor_rec	KEPT	HOL.Basic_BNF_LFPs
BNF_Corec.cong.gen_cong	KEPT	HOL-Library.BNF_Corec
Archimedean_Field.round	KEPT	HOL.Archimedean_Field
Approximation.lift_bin'	infra_theory	HOL-Decision_Procs.Approximation
Approximation.form.Less	KEPT	HOL-Decision_Procs.Approximation
Approximation.form.Disj	KEPT	HOL-Decision_Procs.Approximation
Approximation.form.Conj	KEPT	HOL-Decision_Procs.Approximation
Affine.affine_dependent	KEPT	HOL-Analysis.Affine
Abstract_Limits.limitin	KEPT	HOL-Analysis.Abstract_Limits
AbelCoset.a_r_congruent	KEPT	HOL-Algebra.AbelCoset
AList.map_default_graph	concealed	HOL-Library.AList
Zorn.subset.superchain	KEPT	HOL.Zorn
Zeckendorf.fib_idx_set	KEPT	Zeckendorf.Zeckendorf
Z2.zero_neq_one.of_bit	class_variant	HOL-Library.Z2
Word.signed.lexordp_eq	KEPT	HOL-Library.Word
Word.signed.is_arg_min	KEPT	HOL-Library.Word
Word.signed.is_arg_max	KEPT	HOL-Library.Word
Word.signed.insort_key	KEPT	HOL-Library.Word
Word.signed.greater_eq	KEPT	HOL-Library.Word
Word.signed.arg_min_on	KEPT	HOL-Library.Word
Word.signed.arg_max_on	KEPT	HOL-Library.Word
While_Combinator.while	KEPT	HOL-Library.While_Combinator
Utility.max_list_graph	concealed	Matrix.Utility
Uprod.uprod.pred_uprod	KEPT	HOL-Library.Uprod
Uprod.random_aux_uprod	concealed	HOL-Library.Uprod
UnivPoly.up_ring.monom	KEPT	HOL-Algebra.UnivPoly
UnivPoly.up_ring.coeff	KEPT	HOL-Algebra.UnivPoly
Type_Length.len0_class	class_pred	HOL-Library.Type_Length
Tree.tree.min_alg_tree	concealed	HOL-Library.Tree
Tree.linorder.heap_rel	concealed	HOL-Library.Tree
Tree.linorder.heap_dom	class_variant	HOL-Library.Tree
Tree.height_tree_graph	concealed	HOL-Library.Tree
Transposition.Fun.swap	KEPT	HOL-Combinatorics.Transposition
Topological_Spaces.LIM	KEPT	HOL.Topological_Spaces
Time_Functions.T_itrev	KEPT	HOL-Library.Time_Functions
Tarski.tarski_absolute	KEPT	Tarskis_Geometry.Tarski
Tarski.norm_metric.smC	KEPT	Tarskis_Geometry.Tarski
Sublist.strict_sublist	KEPT	HOL-Library.Sublist
Sturm_Tarski.variation	KEPT	Sturm_Tarski.Sturm_Tarski
Sturm_Tarski.smods_rel	concealed	Sturm_Tarski.Sturm_Tarski
Sturm_Tarski.smods_dom	KEPT	Sturm_Tarski.Sturm_Tarski
Sturm_Tarski.jump_poly	KEPT	Sturm_Tarski.Sturm_Tarski
String.literal.explode	KEPT	HOL.String
String.integer_of_char	KEPT	HOL.String
String.char_of_integer	KEPT	HOL.String
Stream_Space.to_stream	KEPT	HOL-Probability.Stream_Space
Stream_Space.scylinder	KEPT	HOL-Probability.Stream_Space
Stirling.zip_with_prev	KEPT	HOL-Combinatorics.Stirling
Stirling.stirling_sumC	KEPT	HOL-Combinatorics.Stirling
Stirling.Stirling_sumC	KEPT	HOL-Combinatorics.Stirling
State_Monad.mono_state	KEPT	HOL-Library.State_Monad
Squarefree.square_part	KEPT	HOL-Computational_Algebra.Squarefree
Square_Matrix.upd_rows	KEPT	Cayley_Hamilton.Square_Matrix
Square_Matrix.upd_cols	KEPT	Cayley_Hamilton.Square_Matrix
Square_Matrix.from_vec	KEPT	Cayley_Hamilton.Square_Matrix
Square_Matrix.cofactor	KEPT	Cayley_Hamilton.Square_Matrix
Square_Matrix.adjugate	KEPT	Cayley_Hamilton.Square_Matrix
Sigma_Algebra.positive	KEPT	HOL-Analysis.Sigma_Algebra
Sigma_Algebra.emeasure	KEPT	HOL-Analysis.Sigma_Algebra
Set_Idioms.relative_to	KEPT	HOL-Library.Set_Idioms
Rref.is_zero_row_upt_k	KEPT	Gauss_Jordan.Rref
Rings.semiring_1_class	class_pred	HOL.Rings
Rings.semiring_0_class	class_pred	HOL.Rings
Rings.class.semiring_1	class_infix	HOL.Rings
Rings.class.semiring_0	class_infix	HOL.Rings
Ring_Hom_Poly.div_poly	KEPT	Polynomial_Interpolation.Ring_Hom_Poly
Ring_Hom.semiring_isom	KEPT	Polynomial_Interpolation.Ring_Hom
Ring_Hom.group_add_hom	KEPT	Polynomial_Interpolation.Ring_Hom
Ring_Hom.comm_ring_hom	KEPT	Polynomial_Interpolation.Ring_Hom
Resultant.mk_poly2_row	hidden	Algebraic_Numbers.Resultant
Resultant.mk_poly2_col	hidden	Algebraic_Numbers.Resultant
Relation.single_valued	KEPT	HOL.Relation
Reflective_Field.fnorm	infra_theory	HOL-Decision_Procs.Reflective_Field
Reflective_Field.Right	infra_theory	HOL-Decision_Procs.Reflective_Field
Reflective_Field.Denom	infra_theory	HOL-Decision_Procs.Reflective_Field
Record.tuple_iso_tuple	KEPT	HOL.Record
Real_Vector_Spaces.dim	KEPT	HOL.Real_Vector_Spaces
Random_Sequence.single	KEPT	HOL.Random_Sequence
Random_Sequence.Random	KEPT	HOL.Random_Sequence
Random_Pred.iter'_sumC	KEPT	HOL.Random_Pred
Radon_Nikodym.RN_deriv	KEPT	HOL-Analysis.Radon_Nikodym
Quotient_Type.eqv.quot	class_variant	HOL-Library.Quotient_Type
Quotient.quot_type.rep	KEPT	HOL.Quotient
Quotient.quot_type.abs	KEPT	HOL.Quotient
Product_Type.prod.swap	KEPT	HOL.Product_Type
Predicate.seq.dtor_seq	concealed	HOL.Predicate
Predicate.seq.ctor_seq	concealed	HOL.Predicate
Predicate.seq.case_seq	KEPT	HOL.Predicate
Predicate.iterate_upto	KEPT	HOL.Predicate
Polytope.triangulation	KEPT	HOL-Analysis.Polytope
Polynomial.rsquarefree	KEPT	HOL-Computational_Algebra.Polynomial
Polynomial.poly_cutoff	KEPT	HOL-Computational_Algebra.Polynomial
Polynomial.plus_coeffs	KEPT	HOL-Computational_Algebra.Polynomial
Polynomial.pderiv_sumC	KEPT	HOL-Computational_Algebra.Polynomial
Polynomial.fold_coeffs	KEPT	HOL-Computational_Algebra.Polynomial
Poly_Mapping.zero.when	class_variant	HOL-Library.Poly_Mapping
Poly_Mapping.the_value	KEPT	HOL-Library.Poly_Mapping
Poly_Mapping.frag_cmul	KEPT	HOL-Library.Poly_Mapping
Permutations.swapidseq	KEPT	HOL-Combinatorics.Permutations
Permutations.fixpoints	KEPT	HOL-Combinatorics.Permutations
Pell.pell.nth_solution	KEPT	Pell.Pell
Pattern_Aliases.test_2	hidden	HOL-Library.Pattern_Aliases
Pattern_Aliases.test_1	hidden	HOL-Library.Pattern_Aliases
Path_Connected.subpath	KEPT	HOL-Analysis.Path_Connected
Path_Connected.outside	KEPT	HOL-Analysis.Path_Connected
PMF_Impl.cond_pmf_impl	KEPT	HOL-Probability.PMF_Impl
Orderings.ordering_top	KEPT	HOL.Orderings
Orderings.no_top_class	class_pred	HOL.Orderings
Orderings.no_bot_class	class_pred	HOL.Orderings
Orderings.class.no_top	class_infix	HOL.Orderings
Orderings.class.no_bot	class_infix	HOL.Orderings
Order_Relation.ofilter	KEPT	HOL.Order_Relation
Order.weak_total_order	KEPT	HOL-Algebra.Order
Order.gorder.le_update	KEPT	HOL-Algebra.Order
Order.at_least_at_most	KEPT	HOL-Algebra.Order
Option.combine_options	KEPT	HOL.Option
Omega_Words_Fun.suffix	KEPT	HOL-Library.Omega_Words_Fun
Omega_Words_Fun.prefix	KEPT	HOL-Library.Omega_Words_Fun
Old_Datatype.Push_Node	KEPT	HOL-Library.Old_Datatype
Numeral_Type.Abs_bit1'	abs_rep_name	HOL-Library.Numeral_Type
Numeral_Type.Abs_bit0'	abs_rep_name	HOL-Library.Numeral_Type
Num.neg_numeral.is_num	class_variant	HOL.Num
Nitpick.word.dtor_word	concealed	HOL.Nitpick
Nitpick.word.ctor_word	concealed	HOL.Nitpick
Nitpick.word.case_word	KEPT	HOL.Nitpick
Nitpick.number_of_frac	KEPT	HOL.Nitpick
Nitpick.norm_frac_sumC	KEPT	HOL.Nitpick
Nitpick.fun_box.FunBox	KEPT	HOL.Nitpick
Newton_Interpolation.x	hidden	Polynomial_Interpolation.Newton_Interpolation
Newton_Interpolation.f	hidden	Polynomial_Interpolation.Newton_Interpolation
Newton_Interpolation.c	hidden	Polynomial_Interpolation.Newton_Interpolation
Newton_Interpolation.b	hidden	Polynomial_Interpolation.Newton_Interpolation
Newton_Interpolation.X	hidden	Polynomial_Interpolation.Newton_Interpolation
Newton_Interpolation.N	hidden	Polynomial_Interpolation.Newton_Interpolation
Nat_Bijection.triangle	KEPT	HOL-Library.Nat_Bijection
Multiset.supseteq_mset	KEPT	HOL-Library.Multiset
Multiset.subseteq_mset	KEPT	HOL-Library.Multiset
Multiset.size_multiset	KEPT	HOL-Library.Multiset
Multiset.linorder.part	class_variant	HOL-Library.Multiset
More_MPoly_Type.lookup	KEPT	Polynomials.More_MPoly_Type
Module.module.truncate	KEPT	HOL-Algebra.Module
Mod_Type.mod_type.Abs'	class_variant	Rank_Nullity_Theorem.Mod_Type
Missing_Ring.csemiring	KEPT	Jordan_Normal_Form.Missing_Ring
Missing_List.span_sumC	KEPT	Polynomial_Factorization.Missing_List
Missing_List.list_diff	KEPT	Polynomial_Factorization.Missing_List
Miscellaneous.is_basis	KEPT	Rank_Nullity_Theorem.Miscellaneous
Measure_Space.additive	KEPT	HOL-Analysis.Measure_Space
Matrix.unit_vecs_first	KEPT	Jordan_Normal_Form.Matrix
Matrix.square_mat_sumC	KEPT	Jordan_Normal_Form.Matrix
Matrix.similar_mat_wit	KEPT	Jordan_Normal_Form.Matrix
Mapping.lookup_default	KEPT	HOL-Library.Mapping
MPoly_Type.mpoly.MPoly	KEPT	Polynomials.MPoly_Type
MPoly_Type.Var\<^sub>0	KEPT	Polynomials.MPoly_Type
MIR.reducecoeffh_graph	concealed	HOL-Decision_Procs.MIR
List.trancl_list_graph	concealed	HOL.List
List.successively_sumC	KEPT	HOL.List
List.remdups_adj_graph	concealed	HOL.List
List.ord_class.lexordp	KEPT	HOL.List
List.list.min_alg_list	concealed	HOL.List
List.linorder.sort_key	class_variant	HOL.List
List.interval.interval	class_variant	HOL.List
List.arg_min_list_sumC	KEPT	HOL.List
Lipschitz.lipschitz_on	KEPT	HOL-Analysis.Lipschitz
Linear_Algebra.infnorm	KEPT	HOL-Analysis.Linear_Algebra
Linear_Algebra.adjoint	KEPT	HOL-Analysis.Linear_Algebra
Limited_Sequence.yield	KEPT	HOL.Limited_Sequence
Limited_Sequence.union	KEPT	HOL.Limited_Sequence
Limited_Sequence.empty	KEPT	HOL.Limited_Sequence
Lattices.sup_class.sup	KEPT	HOL.Lattices
Lattices.lattice_class	class_pred	HOL.Lattices
Lattices.inf_class.inf	KEPT	HOL.Lattices
Lattices.class.lattice	class_infix	HOL.Lattices
Interval_Float.set_of'	KEPT	HOL-Library.Interval_Float
Interval.Interval'_aux	concealed	HOL-Library.Interval
Groups.zero_class.zero	KEPT	HOL.Groups
Groups.plus_class.plus	KEPT	HOL.Groups
Groups.group_add_class	class_pred	HOL.Groups
Groups.class.group_add	class_infix	HOL.Groups
Group_On_With.sum_with	KEPT	HOL-Types_To_Sets.Group_On_With
Group.group_hom_axioms	KEPT	HOL-Algebra.Group
Giry_Monad.select_sets	KEPT	HOL-Probability.Giry_Monad
Geo_Real2.real2.neu.TS	KEPT	MathBench_ProverBase.Geo_Real2
Geo_Real2.real2.neu.Ps	KEPT	MathBench_ProverBase.Geo_Real2
Geo_Real2.real2.neu.Pj	KEPT	MathBench_ProverBase.Geo_Real2
Geo_Real2.real2.neu.OS	KEPT	MathBench_ProverBase.Geo_Real2
Geo_Real2.real2.neu.Ng	KEPT	MathBench_ProverBase.Geo_Real2
Geo_Real2.real2.neu.Lt	KEPT	MathBench_ProverBase.Geo_Real2
Geo_Real2.real2.neu.Le	KEPT	MathBench_ProverBase.Geo_Real2
Geo_Real2.real2.neu.Gt	KEPT	MathBench_ProverBase.Geo_Real2
Geo_Real2.real2.neu.Ge	KEPT	MathBench_ProverBase.Geo_Real2
Geo_Real2.real2.neu.Eq	KEPT	MathBench_ProverBase.Geo_Real2
Gamma_Function.Digamma	KEPT	HOL-Analysis.Gamma_Function
GCD.semiring_gcd_class	class_pred	HOL.GCD
GCD.semiring_Gcd_class	class_pred	HOL.GCD
GCD.class.semiring_gcd	class_infix	HOL.GCD
GCD.class.semiring_Gcd	class_infix	HOL.GCD
Functional_Spaces.Norm	KEPT	Lp.Functional_Spaces
Fun_Def.reduction_pair	KEPT	HOL.Fun_Def
Fun.ord.strict_mono_on	class_variant	HOL.Fun
Float.valtermify_float	KEPT	HOL-Library.Float
Float.power_down_graph	concealed	HOL-Library.Float
Float.float_round_down	KEPT	HOL-Library.Float
Finite_Map.fmdrop_fset	KEPT	HOL-Library.Finite_Map
Finite_Map.fmap.fmran'	KEPT	HOL-Library.Finite_Map
FiniteProduct.foldSetD	KEPT	HOL-Algebra.FiniteProduct
Filter.abstract_filter	KEPT	HOL.Filter
Ferrack.random_aux_num	concealed	HOL-Decision_Procs.Ferrack
Ferrack.minusinf_graph	concealed	HOL-Decision_Procs.Ferrack
Ferrack.maxcoeff_graph	concealed	HOL-Decision_Procs.Ferrack
Ferrack.ismaxcoeff_rel	concealed	HOL-Decision_Procs.Ferrack
Ferrack.ismaxcoeff_dom	infra_theory	HOL-Decision_Procs.Ferrack
Ferrack.fm.str_init_fm	concealed	HOL-Decision_Procs.Ferrack
Ferrack.fm.ctor_rec_fm	concealed	HOL-Decision_Procs.Ferrack
Ferrack.disjuncts_sumC	infra_theory	HOL-Decision_Procs.Ferrack
FSet.valterm_femptyset	KEPT	HOL-Library.FSet
Extended.extended.Pinf	KEPT	HOL-Library.Extended
Extended.extended.Minf	KEPT	HOL-Library.Extended
Eratosthenes.sieve_rel	concealed	HOL-Number_Theory.Eratosthenes
Eratosthenes.sieve_dom	KEPT	HOL-Number_Theory.Eratosthenes
Equiv_Relations.kernel	KEPT	HOL.Equiv_Relations
Equiv_Relations.equivp	KEPT	HOL.Equiv_Relations
Dlist.random_aux_dlist	concealed	HOL-Library.Dlist
Dlist.Dlist.dlist.set'	concealed	HOL-Library.Dlist
Disjoint_Sets.disjoint	KEPT	HOL-Library.Disjoint_Sets
Disjoint_FSets.fdisjnt	KEPT	HOL-Library.Disjoint_FSets
DigitsInBase.upper_sum	KEPT	DigitsInBase.DigitsInBase
Determinant.mat_delete	KEPT	Jordan_Normal_Form.Determinant
Determinant.insert_ran	KEPT	Jordan_Normal_Form.Determinant
Determinant.insert_dom	KEPT	Jordan_Normal_Form.Determinant
Determinant.delete_ran	KEPT	Jordan_Normal_Form.Determinant
Determinant.delete_dom	KEPT	Jordan_Normal_Form.Determinant
Countable_Set_Type.cin	KEPT	HOL-Library.Countable_Set_Type
Countable_Set_Type.cUn	KEPT	HOL-Library.Countable_Set_Type
Countable.nth_item_rel	concealed	HOL-Library.Countable
Countable.nth_item_dom	KEPT	HOL-Library.Countable
Count_Line.proots_line	KEPT	Count_Complex_Roots.Count_Line
Cooper.numsubst0_graph	concealed	HOL-Decision_Procs.Cooper
Cooper.num.min_alg_num	concealed	HOL-Decision_Procs.Cooper
Cooper.fm.ctor_fold_fm	concealed	HOL-Decision_Procs.Cooper
Cooper.disjuncts_graph	concealed	HOL-Decision_Procs.Cooper
Cooper.d_\<delta>_sumC	infra_theory	HOL-Decision_Procs.Cooper
Cooper.d_\<beta>_graph	concealed	HOL-Decision_Procs.Cooper
Cooper.a_\<beta>_graph	concealed	HOL-Decision_Procs.Cooper
Congruence.equivalence	KEPT	HOL-Algebra.Congruence
Congruence.eq_class_of	KEPT	HOL-Algebra.Congruence
Complex.imaginary_unit	KEPT	HOL.Complex
Complex.complex_of_rat	KEPT	HOL.Complex
Complex.complex_of_nat	KEPT	HOL.Complex
Complex.complex_of_int	KEPT	HOL.Complex
Coinductive_List.ltake	KEPT	Coinductive.Coinductive_List
Coinductive_List.lsetp	KEPT	Coinductive.Coinductive_List
Coinductive_List.lnths	KEPT	Coinductive.Coinductive_List
Coinductive_List.llast	KEPT	Coinductive.Coinductive_List
Coinductive_List.ldrop	KEPT	Coinductive.Coinductive_List
Code_Lazy.termify_lazy	KEPT	HOL-Library.Code_Lazy
Code_Evaluation.valapp	hidden	HOL.Code_Evaluation
Code_Cardinality.card'	KEPT	HOL-Library.Code_Cardinality
Cartesian_Space.vector	KEPT	HOL-Analysis.Cartesian_Space
Bit_Operations.xor_num	KEPT	HOL.Bit_Operations
Bit_Operations.and_num	KEPT	HOL.Bit_Operations
Bertrand.primepow_even	KEPT	Bertrands_Postulate.Bertrand
Bertrand.mangoldt_even	KEPT	Bertrands_Postulate.Bertrand
Bell_Numbers.Bell_list	KEPT	Bell_Numbers_Spivey.Bell_Numbers
BNF_Composition.id_bnf	pre_bnf_prefix	HOL.BNF_Composition
Archimedean_Field.frac	KEPT	HOL.Archimedean_Field
Approximation.lift_un'	infra_theory	HOL-Decision_Procs.Approximation
Approximation.lift_bin	infra_theory	HOL-Decision_Procs.Approximation
Algebra_Aux.of_natural	infra_theory	HOL-Decision_Procs.Algebra_Aux
Algebra_Aux.of_integer	infra_theory	HOL-Decision_Procs.Algebra_Aux
Affine.affine_parallel	KEPT	HOL-Analysis.Affine
Abstract_Limits.nhdsin	KEPT	HOL-Analysis.Abstract_Limits
AList.map_default_sumC	KEPT	HOL-Library.AList
AList.delete_aux_graph	concealed	HOL-Library.AList
Zorn.pred_on.maxchain	KEPT	HOL.Zorn
Zeckendorf.inc_seq_on	KEPT	Zeckendorf.Zeckendorf
Word.signed.bdd_below	KEPT	HOL-Library.Word
Word.signed.bdd_above	KEPT	HOL-Library.Word
Wellfounded.mlex_prod	KEPT	HOL.Wellfounded
Wellfounded.less_than	KEPT	HOL.Wellfounded
Utility.max_list_sumC	KEPT	Matrix.Utility
Urysohn.Met_TC.fspace	KEPT	HOL-Analysis.Urysohn
Uprod.uprod.Rep_uprod	quotient_typedef	HOL-Library.Uprod
Uprod.uprod.Abs_uprod	quotient_typedef	HOL-Library.Uprod
UnivPoly.up_ring.more	KEPT	HOL-Algebra.UnivPoly
UnivPoly.up_ring.make	KEPT	HOL-Algebra.UnivPoly
UnivPoly.UP_univ_prop	KEPT	HOL-Algebra.UnivPoly
UnivPoly.INTEG.lcoeff	KEPT	HOL-Algebra.UnivPoly
Typerep.typerep_class	class_pred	HOL.Typerep
Type_Length.len_class	class_pred	HOL-Library.Type_Length
Type_Length.class.len	class_infix	HOL-Library.Type_Length
Tree_Space.tree_sigma	KEPT	HOL-Probability.Tree_Space
Tree.min_height_graph	concealed	HOL-Library.Tree
Tree.height_tree_sumC	KEPT	HOL-Library.Tree
Transcendental.artanh	KEPT	HOL.Transcendental
Transcendental.arsinh	KEPT	HOL.Transcendental
Transcendental.arctan	KEPT	HOL.Transcendental
Transcendental.arcsin	KEPT	HOL.Transcendental
Transcendental.arcosh	KEPT	HOL.Transcendental
Transcendental.arccos	KEPT	HOL.Transcendental
Totient.totient_naive	KEPT	HOL-Number_Theory.Totient
Time_Functions.T_take	KEPT	HOL-Library.Time_Functions
Time_Functions.T_drop	KEPT	HOL-Library.Time_Functions
Time_Functions.T2_map	KEPT	HOL-Library.Time_Functions
Tarski.semimetric.smC	KEPT	Tarskis_Geometry.Tarski
Tarski.norm_metric.SC	KEPT	Tarskis_Geometry.Tarski
Tagged_Division.gauge	KEPT	HOL-Analysis.Tagged_Division
Sum_Type.sum.case_sum	KEPT	HOL.Sum_Type
Sublist.strict_suffix	KEPT	HOL-Library.Sublist
Sublist.strict_subseq	KEPT	HOL-Library.Sublist
Sublist.strict_prefix	KEPT	HOL-Library.Sublist
String.char.size_char	adt_record	HOL.String
String.char.dtor_char	concealed	HOL.String
String.char.ctor_char	concealed	HOL.String
String.char.case_char	KEPT	HOL.String
Stirling.stirling_row	KEPT	HOL-Combinatorics.Stirling
Stirling.stirling_rel	concealed	HOL-Combinatorics.Stirling
Stirling.stirling_dom	KEPT	HOL-Combinatorics.Stirling
Stirling.Stirling_rel	concealed	HOL-Combinatorics.Stirling
Stirling.Stirling_dom	KEPT	HOL-Combinatorics.Stirling
Starlike.rel_frontier	KEPT	HOL-Analysis.Starlike
Squarefree.squarefree	KEPT	HOL-Computational_Algebra.Squarefree
Square_Matrix.upd_row	KEPT	Cayley_Hamilton.Square_Matrix
Square_Matrix.upd_col	KEPT	Cayley_Hamilton.Square_Matrix
Sigma_Algebra.measure	KEPT	HOL-Analysis.Sigma_Algebra
Sigma_Algebra.algebra	KEPT	HOL-Analysis.Sigma_Algebra
Saturated.sat.Abs_sat	abs_rep_name	HOL-Library.Saturated
Rings.mult_zero_class	class_pred	HOL.Rings
Rings.comm_ring_class	class_pred	HOL.Rings
Rings.class.mult_zero	class_infix	HOL.Rings
Rings.class.comm_ring	class_infix	HOL.Rings
Ring_Hom.semiring_hom	KEPT	Polynomial_Interpolation.Ring_Hom
Ring_Hom.inj_zero_hom	KEPT	Polynomial_Interpolation.Ring_Hom
Ring_Hom.inj_ring_hom	KEPT	Polynomial_Interpolation.Ring_Hom
Ring_Hom.inj_idom_hom	KEPT	Polynomial_Interpolation.Ring_Hom
RingHom.ring_hom_ring	KEPT	HOL-Algebra.RingHom
Ring.ring.zero_update	KEPT	HOL-Algebra.Ring
Ring.ring.more_update	KEPT	HOL-Algebra.Ring
Resultant.vec_of_poly	KEPT	Algebraic_Numbers.Resultant
Resultant.poly_of_vec	KEPT	Algebraic_Numbers.Resultant
Resultant.mk_poly_sub	hidden	Algebraic_Numbers.Resultant
Residues.residue_ring	KEPT	HOL-Number_Theory.Residues
Relation.right_unique	KEPT	HOL.Relation
Reflective_Field.isin	infra_theory	HOL-Decision_Procs.Reflective_Field
Reflective_Field.Left	infra_theory	HOL-Decision_Procs.Reflective_Field
Reflective_Field.Cond	infra_theory	HOL-Decision_Procs.Reflective_Field
Record.iso_tuple_cons	KEPT	HOL.Record
RatFPS.valterm_ratfps	KEPT	Linear_Recurrences.RatFPS
RatFPS.ratfps_of_poly	KEPT	Linear_Recurrences.RatFPS
RatFPS.ratfps_nth_aux	KEPT	Linear_Recurrences.RatFPS
RatFPS.random_aux_fps	concealed	Linear_Recurrences.RatFPS
RatFPS.quot_to_ratfps	KEPT	Linear_Recurrences.RatFPS
RatFPS.quot_of_ratfps	KEPT	Linear_Recurrences.RatFPS
Rat.field_char_0.Rats	class_variant	HOL.Rat
Random_Sequence.union	KEPT	HOL.Random_Sequence
Random_Sequence.empty	KEPT	HOL.Random_Sequence
Random_Pred.iter'_rel	concealed	HOL.Random_Pred
Random_Pred.iter'_dom	KEPT	HOL.Random_Pred
Ramsey.transition_idx	KEPT	HOL-Library.Ramsey
Quotient_Set.rel_vset	KEPT	HOL-Library.Quotient_Set
QuotRing.morphic_prop	KEPT	HOL-Algebra.QuotRing
Product_Type.prod.snd	KEPT	HOL.Product_Type
Product_Type.prod.fst	KEPT	HOL.Product_Type
Product_Type.map_prod	KEPT	HOL.Product_Type
Product_Type.Pair_Rep	KEPT	HOL.Product_Type
Prime_Powers.primepow	KEPT	HOL-Number_Theory.Prime_Powers
Prime_Powers.mangoldt	KEPT	HOL-Number_Theory.Prime_Powers
Predicate.set_of_pred	KEPT	HOL.Predicate
Predicate.seq.rec_seq	KEPT	HOL.Predicate
Predicate.seq.mor_seq	concealed	HOL.Predicate
Predicate.seq.alg_seq	concealed	HOL.Predicate
Predicate.seq.Rep_seq	concealed	HOL.Predicate
Predicate.seq.Abs_seq	concealed	HOL.Predicate
Predicate.pred_of_set	KEPT	HOL.Predicate
Predicate.pred_of_seq	KEPT	HOL.Predicate
Polynomial.pseudo_mod	KEPT	HOL-Computational_Algebra.Polynomial
Polynomial.poly_shift	KEPT	HOL-Computational_Algebra.Polynomial
Polynomial.poly.coeff	KEPT	HOL-Computational_Algebra.Polynomial
Polynomial.pderiv_rel	concealed	HOL-Computational_Algebra.Polynomial
Polynomial.pderiv_dom	KEPT	HOL-Computational_Algebra.Polynomial
Polynomial.lead_coeff	KEPT	HOL-Computational_Algebra.Polynomial
Poly_Mapping.prod_fun	KEPT	HOL-Library.Poly_Mapping
Pocklington.primefact	KEPT	HOL-Number_Theory.Pocklington
Permutations.permutes	KEPT	HOL-Combinatorics.Permutations
Permutations.evenperm	KEPT	HOL-Combinatorics.Permutations
Path_Connected.inside	KEPT	HOL-Analysis.Path_Connected
PMF_Impl.pmf_of_alist	KEPT	HOL-Probability.PMF_Impl
PMF_Impl.pmf_integral	KEPT	HOL-Probability.PMF_Impl
PMF_Impl.bind_pmf_aux	KEPT	HOL-Probability.PMF_Impl
Orderings.preordering	KEPT	HOL.Orderings
Orderings.order_class	class_pred	HOL.Orderings
Orderings.ord.greater	class_variant	HOL.Orderings
Orderings.class.order	class_infix	HOL.Orderings
Order_Relation.underS	KEPT	HOL.Order_Relation
Order_Relation.aboveS	KEPT	HOL.Order_Relation
Order_Relation.UnderS	KEPT	HOL.Order_Relation
Order_Relation.AboveS	KEPT	HOL.Order_Relation
Order.gorder.truncate	KEPT	HOL-Algebra.Order
Omega_Words_Fun.merge	KEPT	HOL-Library.Omega_Words_Fun
Omega_Words_Fun.limit	KEPT	HOL-Library.Omega_Words_Fun
Omega_Words_Fun.build	KEPT	HOL-Library.Omega_Words_Fun
Numeral_Type.mod_type	KEPT	HOL-Library.Numeral_Type
Numeral_Type.mod_ring	KEPT	HOL-Library.Numeral_Type
Num.num.ctor_fold_num	concealed	HOL.Num
Num.neg_numeral_class	class_pred	HOL.Num
Num.class.neg_numeral	class_infix	HOL.Num
Nitpick.word.rec_word	KEPT	HOL.Nitpick
Nitpick.word.mor_word	concealed	HOL.Nitpick
Nitpick.word.alg_word	concealed	HOL.Nitpick
Nitpick.word.Rep_word	concealed	HOL.Nitpick
Nitpick.word.Abs_word	concealed	HOL.Nitpick
Nitpick.norm_frac_rel	concealed	HOL.Nitpick
Nitpick.norm_frac_dom	KEPT	HOL.Nitpick
Nitpick.nat_gcd_graph	concealed	HOL.Nitpick
Nat.semiring_1.of_nat	class_variant	HOL.Nat
Nat.ring_char_0_class	class_pred	HOL.Nat
Nat.class.ring_char_0	class_infix	HOL.Nat
Multiset.pcr_multiset	KEPT	HOL-Library.Multiset
Multiset.multeqp_code	KEPT	HOL-Library.Multiset
More_List.strip_while	KEPT	HOL-Library.More_List
More_List.nth_default	KEPT	HOL-Library.More_List
More_List.no_trailing	KEPT	HOL-Library.More_List
Moebius_Mu.moebius_mu	KEPT	Dirichlet_Series.Moebius_Mu
Module.algebra_axioms	KEPT	HOL-Algebra.Module
Missing_List.span_rel	concealed	Polynomial_Factorization.Missing_List
Missing_List.span_dom	KEPT	Polynomial_Factorization.Missing_List
Missing_List.min_list	KEPT	Polynomial_Factorization.Missing_List
Missing_List.fold_map	KEPT	Polynomial_Factorization.Missing_List
Matrix.unit_vecs_last	KEPT	Jordan_Normal_Form.Matrix
Matrix.square_mat_rel	concealed	Jordan_Normal_Form.Matrix
Matrix.square_mat_dom	KEPT	Jordan_Normal_Form.Matrix
Matrix.orthogonal_mat	KEPT	Jordan_Normal_Form.Matrix
Matrix.mat_of_row_fun	KEPT	Jordan_Normal_Form.Matrix
Matrix.invertible_mat	KEPT	Jordan_Normal_Form.Matrix
Matrix.four_block_mat	KEPT	Jordan_Normal_Form.Matrix
Matrix.diag_block_mat	KEPT	Jordan_Normal_Form.Matrix
Matrix.component_mult	KEPT	Jordan_Normal_Form.Matrix
MIR.reducecoeffh_sumC	infra_theory	HOL-Decision_Procs.MIR
MIR.num.ctor_fold_num	concealed	HOL-Decision_Procs.MIR
MIR.nozerocoeff_graph	concealed	HOL-Decision_Procs.MIR
MIR.dvdnumcoeff_graph	concealed	HOL-Decision_Procs.MIR
Lp.conjugate_exponent	KEPT	Lp.Lp
List_Permutation.perm	KEPT	HOL-Combinatorics.List_Permutation
List_Index.remove_nth	KEPT	List-Index.List_Index
List_Index.map_index'	KEPT	List-Index.List_Index
List_Index.last_index	KEPT	List-Index.List_Index
List_Index.insert_nth	KEPT	List-Index.List_Index
List_Index.find_index	KEPT	List-Index.List_Index
List.trancl_list_sumC	KEPT	HOL.List
List.successively_rel	concealed	HOL.List
List.successively_dom	KEPT	HOL.List
List.sorted_wrt_graph	concealed	HOL.List
List.remdups_adj_sumC	KEPT	HOL.List
List.arg_min_list_rel	concealed	HOL.List
List.arg_min_list_dom	KEPT	HOL.List
Line_Segment.midpoint	KEPT	HOL-Analysis.Line_Segment
Limited_Sequence.eval	KEPT	HOL.Limited_Sequence
Limited_Sequence.bind	KEPT	HOL.Limited_Sequence
Lifting.rel_pred_comp	internal_prefix	HOL.Lifting
Lazy_Sequence.product	KEPT	HOL.Lazy_Sequence
Lazy_Sequence.not_seq	KEPT	HOL.Lazy_Sequence
Lazy_Sequence.hb_flat	KEPT	HOL.Lazy_Sequence
Lazy_Sequence.hb_bind	KEPT	HOL.Lazy_Sequence
Lazy_LList.Lazy_llist	KEPT	Coinductive.Lazy_LList
Lattices_Big.Greatest	KEPT	HOL.Lattices_Big
Landau_Symbols.smallo	KEPT	HOL-Library.Landau_Symbols
Interval_Float.upperF	KEPT	HOL-Library.Interval_Float
Interval_Float.lowerF	KEPT	HOL-Library.Interval_Float
Interval_Float.all_in	KEPT	HOL-Library.Interval_Float
Interval.split_domain	KEPT	HOL-Library.Interval
Interval.pcr_interval	KEPT	HOL-Library.Interval
Interval.min_interval	KEPT	HOL-Library.Interval
Interval.max_interval	KEPT	HOL-Library.Interval
Interval.abs_interval	KEPT	HOL-Library.Interval
Int.ring_1_class.Ints	KEPT	HOL.Int
Int.int_ge_less_than2	KEPT	HOL.Int
Homotopy.homotopy_eqv	KEPT	HOL-Analysis.Homotopy
Homotopy.contractible	KEPT	HOL-Analysis.Homotopy
Helly_Selection.tight	KEPT	HOL-Probability.Helly_Selection
Harmonic_Numbers.harm	KEPT	HOL-Analysis.Harmonic_Numbers
HOL.equal_class.equal	internal_prefix	HOL.HOL
Groups.abel_semigroup	KEPT	HOL.Groups
Group.monoid.truncate	KEPT	HOL-Algebra.Group
Fun_Lexorder.less_fun	KEPT	HOL-Library.Fun_Lexorder
Fun.order.strict_mono	class_variant	HOL.Fun
Fun.ord_class.mono_on	KEPT	HOL.Fun
Flow.two_ll_on_open.Y	KEPT	Ordinary_Differential_Equations.Flow
Float.power_down_sumC	KEPT	HOL-Library.Float
Float.is_float_nonneg	KEPT	HOL-Library.Float
Float.float_plus_down	KEPT	HOL-Library.Float
Finite_Set.folding_on	KEPT	HOL.Finite_Set
Finite_Set.fold_graph	KEPT	HOL.Finite_Set
Finite_Map.set_of_map	KEPT	HOL-Library.Finite_Map
Finite_Map.map_filter	KEPT	HOL-Library.Finite_Map
Finite_Map.fmmap_keys	KEPT	HOL-Library.Finite_Map
Finite_Map.fmdrop_set	KEPT	HOL-Library.Finite_Map
Finite_Map.fmap.fmrel	KEPT	HOL-Library.Finite_Map
Finite_Map.fmap.fmmap	KEPT	HOL-Library.Finite_Map
FiniteProduct.finprod	KEPT	HOL-Algebra.FiniteProduct
Ferrack.simp_num_pair	infra_theory	HOL-Decision_Procs.Ferrack
Ferrack.rsplit0_graph	concealed	HOL-Decision_Procs.Ferrack
Ferrack.random_aux_fm	concealed	HOL-Decision_Procs.Ferrack
Ferrack.plusinf_graph	concealed	HOL-Decision_Procs.Ferrack
Ferrack.numgcdh_graph	concealed	HOL-Decision_Procs.Ferrack
Ferrack.minusinf_sumC	infra_theory	HOL-Decision_Procs.Ferrack
Ferrack.maxcoeff_sumC	infra_theory	HOL-Decision_Procs.Ferrack
Ferrack.fm.min_alg_fm	concealed	HOL-Decision_Procs.Ferrack
Ferrack.disjuncts_rel	concealed	HOL-Decision_Procs.Ferrack
Ferrack.disjuncts_dom	infra_theory	HOL-Decision_Procs.Ferrack
Ferrack.decrnum_graph	concealed	HOL-Decision_Procs.Ferrack
FSet.semilattice_fset	KEPT	HOL-Library.FSet
FSet.comm_monoid_fset	KEPT	HOL-Library.FSet
FPS_Convergence.eball	KEPT	HOL-Analysis.FPS_Convergence
Extended_Nat.the_enat	KEPT	HOL-Library.Extended_Nat
Extended.extended.Fin	KEPT	HOL-Library.Extended
Eratosthenes.mark_out	KEPT	HOL-Number_Theory.Eratosthenes
Equiv_Relations.equiv	KEPT	HOL.Equiv_Relations
Equipollence.lesspoll	KEPT	HOL-Library.Equipollence
Dlist.dlist.Abs_dlist	abs_rep_name	HOL-Library.Dlist
Dlist.Dlist.dlist.REL	concealed	HOL-Library.Dlist
Divmod_Int.divmod_int	KEPT	Polynomial_Interpolation.Divmod_Int
Divisibility.wfactors	KEPT	HOL-Algebra.Divisibility
Disjoint_Sets.refines	KEPT	HOL-Library.Disjoint_Sets
DP_Library.alluopairs	infra_theory	HOL-Decision_Procs.DP_Library
Countable.finite_item	KEPT	HOL-Library.Countable
Cooper.random_aux_num	concealed	HOL-Decision_Procs.Cooper
Cooper.numsubst0_sumC	infra_theory	HOL-Decision_Procs.Cooper
Cooper.minusinf_graph	concealed	HOL-Decision_Procs.Cooper
Cooper.fm.str_init_fm	concealed	HOL-Decision_Procs.Cooper
Cooper.fm.ctor_rec_fm	concealed	HOL-Decision_Procs.Cooper
Cooper.disjuncts_sumC	infra_theory	HOL-Decision_Procs.Cooper
Cooper.d_\<delta>_rel	concealed	HOL-Decision_Procs.Cooper
Cooper.d_\<delta>_dom	infra_theory	HOL-Decision_Procs.Cooper
Cooper.d_\<beta>_sumC	infra_theory	HOL-Decision_Procs.Cooper
Cooper.a_\<beta>_sumC	infra_theory	HOL-Decision_Procs.Cooper
Cooper.\<delta>_graph	concealed	HOL-Decision_Procs.Cooper
Cooper.\<alpha>_graph	concealed	HOL-Decision_Procs.Cooper
Congruence.set_not_eq	KEPT	HOL-Algebra.Congruence
Congruence.eq_classes	KEPT	HOL-Algebra.Congruence
Confluence.confluentp	KEPT	HOL-Library.Confluence
Comparator.comparator	KEPT	HOL-Library.Comparator
Comparator.comp.Equiv	KEPT	HOL-Library.Comparator
Commutative_Ring.norm	infra_theory	HOL-Decision_Procs.Commutative_Ring
Commutative_Ring.mkPX	infra_theory	HOL-Decision_Procs.Commutative_Ring
Commutative_Ring.mkMX	infra_theory	HOL-Decision_Procs.Commutative_Ring
Coinductive_Nat.epred	KEPT	Coinductive.Coinductive_Nat
Coinductive_List.lzip	KEPT	Coinductive.Coinductive_List
Coinductive_List.ltl'	KEPT	Coinductive.Coinductive_List
Coinductive_List.lnth	KEPT	Coinductive.Coinductive_List
Coinductive_List.llcp	KEPT	Coinductive.Coinductive_List
Coinductive_List.lhd'	KEPT	Coinductive.Coinductive_List
Coinductive_List.lSup	KEPT	Coinductive.Coinductive_List
Code_Test.yot_literal	KEPT	HOL-Library.Code_Test
Code_Test.xml_of_term	KEPT	HOL-Library.Code_Test
Code_Numeral.size_nat	KEPT	HOL.Code_Numeral
Code_Numeral.push_bit	KEPT	HOL.Code_Numeral
Code_Numeral.positive	KEPT	HOL.Code_Numeral
Code_Numeral.negative	KEPT	HOL.Code_Numeral
Code_Numeral.drop_bit	KEPT	HOL.Code_Numeral
Code_Evaluation.Const	infra_theory	HOL.Code_Evaluation
Bertrand.primepow_odd	KEPT	Bertrands_Postulate.Bertrand
Bertrand.pre_mangoldt	KEPT	Bertrands_Postulate.Bertrand
Bertrand.mangoldt_odd	KEPT	Bertrands_Postulate.Bertrand
Bernoulli_FPS.fps_XD'	KEPT	Bernoulli.Bernoulli_FPS
BF_Misc.proots_within	KEPT	Budan_Fourier.BF_Misc
Approximation.lift_un	infra_theory	HOL-Decision_Procs.Approximation
Approximation.isDERIV	infra_theory	HOL-Decision_Procs.Approximation
Approximation.approx'	infra_theory	HOL-Decision_Procs.Approximation
Algebraic_Numbers.y_x	hidden	Algebraic_Numbers.Algebraic_Numbers
Algebraic_Numbers.x_y	KEPT	Algebraic_Numbers.Algebraic_Numbers
AbelCoset.A_FactGroup	KEPT	HOL-Algebra.AbelCoset
AList_Mapping.Mapping	KEPT	HOL-Library.AList_Mapping
AList.update_with_aux	KEPT	HOL-Library.AList
AList.map_entry_graph	concealed	HOL-Library.AList
AList.map_default_rel	concealed	HOL-Library.AList
AList.map_default_dom	KEPT	HOL-Library.AList
AList.delete_aux_sumC	KEPT	HOL-Library.AList
AList.clearjunk_graph	concealed	HOL-Library.AList
Zorn.subset.maxchain	KEPT	HOL.Zorn
Word.signed_drop_bit	KEPT	HOL-Library.Word
Word.signed.sort_key	KEPT	HOL-Library.Word
Word.signed.lessThan	KEPT	HOL-Library.Word
Word.signed.antimono	KEPT	HOL-Library.Word
Word.signed.Greatest	KEPT	HOL-Library.Word
Word.random_aux_word	concealed	HOL-Library.Word
Wellfounded.wfp_code	KEPT	HOL.Wellfounded
Wellfounded.pred_nat	KEPT	HOL.Wellfounded
Wellfounded.max_extp	KEPT	HOL.Wellfounded
Wellfounded.lex_prod	KEPT	HOL.Wellfounded
Vector_Spaces.linear	KEPT	HOL.Vector_Spaces
Utility.max_list_rel	concealed	Matrix.Utility
Utility.max_list_dom	KEPT	Matrix.Utility
Urysohn.Met_TC.fdist	KEPT	HOL-Analysis.Urysohn
Tree_Space.trees_cyl	KEPT	HOL-Probability.Tree_Space
Tree.wbalanced_graph	concealed	HOL-Library.Tree
Tree.random_aux_tree	concealed	HOL-Library.Tree
Tree.postorder_graph	concealed	HOL-Library.Tree
Tree.min_height_sumC	KEPT	HOL-Library.Tree
Tree.height_tree_rel	concealed	HOL-Library.Tree
Tree.height_tree_dom	KEPT	HOL-Library.Tree
Transfer.right_total	internal_prefix	HOL.Transfer
Transfer.rev_implies	internal_prefix	HOL.Transfer
Transfer.is_equality	internal_prefix	HOL.Transfer
Transcendental.diffs	KEPT	HOL.Transcendental
Time_Functions.itrev	KEPT	HOL-Library.Time_Functions
Time_Functions.T_snd	KEPT	HOL-Library.Time_Functions
Time_Functions.T_rev	KEPT	HOL-Library.Time_Functions
Time_Functions.T_nth	KEPT	HOL-Library.Time_Functions
Time_Functions.T_map	KEPT	HOL-Library.Time_Functions
Time_Functions.T_fst	KEPT	HOL-Library.Time_Functions
Tarski.tarski_first5	KEPT	Tarskis_Geometry.Tarski
Tarski.tarski_first3	KEPT	Tarskis_Geometry.Tarski
Tagged_Division.fine	KEPT	HOL-Analysis.Tagged_Division
Sum_Type.sum.Rep_sum	abs_rep_name	HOL.Sum_Type
Sum_Type.sum.Abs_sum	abs_rep_name	HOL.Sum_Type
Sturm_Tarski.changes	KEPT	Sturm_Tarski.Sturm_Tarski
String.empty_literal	KEPT	HOL.String
String.char.rec_char	KEPT	HOL.String
String.char.mor_char	concealed	HOL.String
String.char.alg_char	concealed	HOL.String
String.char.Rep_char	concealed	HOL.String
String.char.Abs_char	concealed	HOL.String
Square_Matrix.to_vec	KEPT	Cayley_Hamilton.Square_Matrix
Sigma_Algebra.binary	KEPT	HOL-Analysis.Sigma_Algebra
Sigma_Algebra.Dynkin	KEPT	HOL-Analysis.Sigma_Algebra
Set_Idioms.arbitrary	KEPT	HOL-Library.Set_Idioms
Saturated.sat_of_nat	KEPT	HOL-Library.Saturated
Saturated.sat.nat_of	KEPT	HOL-Library.Saturated
SPMF.spmf.admissible	KEPT	HOL-Probability.SPMF
Rings.semiring_class	class_pred	HOL.Rings
Rings.class.semiring	class_infix	HOL.Rings
Ring_Hom.inj_one_hom	KEPT	Polynomial_Interpolation.Ring_Hom
Ring.semiring_axioms	KEPT	HOL-Algebra.Ring
Ring.ring.add_update	KEPT	HOL-Algebra.Ring
Rewrite.rewrite_HOLE	KEPT	HOL-Library.Rewrite
Relation.left_unique	KEPT	HOL.Relation
Relation.antisymp_on	KEPT	HOL.Relation
Reflective_Field.Num	infra_theory	HOL-Decision_Procs.Reflective_Field
Record.iso_tuple_snd	KEPT	HOL.Record
Record.iso_tuple_fst	KEPT	HOL.Record
Real.valterm_ratreal	KEPT	HOL.Real
RatFPS.ratfps_cutoff	KEPT	Linear_Recurrences.RatFPS
RatFPS.fps_of_ratfps	KEPT	Linear_Recurrences.RatFPS
RatFPS.constant_term	KEPT	Linear_Recurrences.RatFPS
Random_Sequence.iter	KEPT	HOL.Random_Sequence
Random_Sequence.bind	KEPT	HOL.Random_Sequence
Random.select_weight	KEPT	HOL.Random
Random.iterate_graph	concealed	HOL.Random
Ramsey.strict_sorted	KEPT	HOL-Library.Ramsey
Ramsey.monochromatic	KEPT	HOL-Library.Ramsey
QuotRing.rcoset_mult	KEPT	HOL-Algebra.QuotRing
QuotRing.is_ring_iso	KEPT	HOL-Algebra.QuotRing
Pure.sort_constraint	KEPT	Pure
Product_Type.product	KEPT	HOL.Product_Type
Product_PMF.PiE_dflt	KEPT	HOL-Probability.Product_PMF
Predicate.set_of_seq	KEPT	HOL.Predicate
Predicate.seq.Insert	KEPT	HOL.Predicate
Polynomial.algebraic	KEPT	HOL-Computational_Algebra.Polynomial
Poly_Mapping.map_key	KEPT	HOL-Library.Poly_Mapping
Poly_Mapping.frag_of	KEPT	HOL-Library.Poly_Mapping
Permutations.sign_on	KEPT	HOL-Combinatorics.Permutations
Pell.pell.pell_power	KEPT	Pell.Pell
Parallel.future.fork	KEPT	HOL-Library.Parallel
Order_Relation.under	KEPT	HOL.Order_Relation
Order_Relation.above	KEPT	HOL.Order_Relation
Order_Relation.Under	KEPT	HOL.Order_Relation
Order_Relation.Total	KEPT	HOL.Order_Relation
Order_Relation.Above	KEPT	HOL.Order_Relation
Orbits.perm_restrict	KEPT	HOL-Combinatorics.Orbits
Omega_Words_Fun.iter	KEPT	HOL-Library.Omega_Words_Fun
Omega_Words_Fun.conc	KEPT	HOL-Library.Omega_Words_Fun
Nunchaku.unreachable	KEPT	HOL.Nunchaku
Num.numeral.Numeral1	class_variant	HOL.Num
Num.num.str_init_num	concealed	HOL.Num
Num.num.ctor_rec_num	concealed	HOL.Num
Nth_Powers.is_square	KEPT	HOL-Computational_Algebra.Nth_Powers
Nitpick.nat_gcd_sumC	KEPT	HOL.Nitpick
Nitpick.less_eq_frac	KEPT	HOL.Nitpick
Nitpick.inverse_frac	KEPT	HOL.Nitpick
Multiset.supset_mset	KEPT	HOL-Library.Multiset
Multiset.subset_mset	KEPT	HOL-Library.Multiset
Multiset.repeat_mset	KEPT	HOL-Library.Multiset
Multiset.member_mset	KEPT	HOL-Library.Multiset
Multiset.filter_mset	KEPT	HOL-Library.Multiset
Multiset.cr_multiset	KEPT	HOL-Library.Multiset
More_MPoly_Type.vars	KEPT	Polynomials.More_MPoly_Type
More_MPoly_Type.keys	KEPT	Polynomials.More_MPoly_Type
More_List.no_leading	KEPT	HOL-Library.More_List
Monad_Syntax.bind_do	KEPT	HOL-Library.Monad_Syntax
Module.module_axioms	KEPT	HOL-Algebra.Module
Module.module.fields	KEPT	HOL-Algebra.Module
Module.module.extend	KEPT	HOL-Algebra.Module
Missing_List.mem_idx	KEPT	Polynomial_Factorization.Missing_List
Missing_List.filter2	KEPT	Polynomial_Factorization.Missing_List
Miscellaneous.linear	KEPT	Rank_Nullity_Theorem.Miscellaneous
Matrix.transpose_mat	KEPT	Jordan_Normal_Form.Matrix
Matrix.pow_mat_graph	concealed	Jordan_Normal_Form.Matrix
Mapping.ordered_keys	KEPT	HOL-Library.Mapping
MPoly_Type.primitive	KEPT	Polynomials.MPoly_Type
MPoly_Type.insertion	KEPT	Polynomials.MPoly_Type
MIR.reducecoeffh_rel	concealed	HOL-Decision_Procs.MIR
MIR.reducecoeffh_dom	infra_theory	HOL-Decision_Procs.MIR
MIR.num.str_init_num	concealed	HOL-Decision_Procs.MIR
MIR.num.ctor_rec_num	concealed	HOL-Decision_Procs.MIR
MIR.nozerocoeff_sumC	infra_theory	HOL-Decision_Procs.MIR
MIR.ismaxcoeff_graph	concealed	HOL-Decision_Procs.MIR
MIR.exsplitnum_graph	concealed	HOL-Decision_Procs.MIR
MIR.dvdnumcoeff_sumC	infra_theory	HOL-Decision_Procs.MIR
MIR.d_\<delta>_graph	concealed	HOL-Decision_Procs.MIR
MIR.\<upsilon>_graph	concealed	HOL-Decision_Procs.MIR
MIR.\<Upsilon>_graph	concealed	HOL-Decision_Procs.MIR
Log_Nat.ceillog2_aux	KEPT	HOL-Library.Log_Nat
Locally.dimension_le	KEPT	HOL-Analysis.Locally
List_Index.map_index	KEPT	List-Index.List_Index
List.transpose_graph	concealed	HOL.List
List.trans_list_step	KEPT	HOL.List
List.trancl_list_rel	concealed	HOL.List
List.trancl_list_dom	KEPT	HOL.List
List.sorted_wrt_sumC	KEPT	HOL.List
List.remdups_adj_rel	concealed	HOL.List
List.remdups_adj_dom	KEPT	HOL.List
List.random_aux_list	concealed	HOL.List
List.minus_list_mset	KEPT	HOL.List
List.map_tailrec_rev	KEPT	HOL.List
List.linorder.sorted	class_variant	HOL.List
List.linorder.insort	class_variant	HOL.List
List.abort_empty_set	KEPT	HOL.List
Line_Segment.between	KEPT	HOL-Analysis.Line_Segment
Limited_Sequence.map	KEPT	HOL.Limited_Sequence
Liminf_Limsup.limsup	KEPT	HOL-Library.Liminf_Limsup
Liminf_Limsup.liminf	KEPT	HOL-Library.Liminf_Limsup
Liminf_Limsup.Limsup	KEPT	HOL-Library.Liminf_Limsup
Liminf_Limsup.Liminf	KEPT	HOL-Library.Liminf_Limsup
Lazy_Sequence.single	KEPT	HOL.Lazy_Sequence
Lazy_Sequence.if_seq	KEPT	HOL.Lazy_Sequence
Lazy_Sequence.hb_map	KEPT	HOL.Lazy_Sequence
Lazy_Sequence.append	KEPT	HOL.Lazy_Sequence
Lazy_Eval.CMP_BRANCH	KEPT	HOL-Real_Asymp.Lazy_Eval
Lattices.semilattice	KEPT	HOL.Lattices
Lattice.weak_lattice	KEPT	HOL-Algebra.Lattice
Interval.interval_of	KEPT	HOL-Library.Interval
Interval.cr_interval	KEPT	HOL-Library.Interval
Int.int_ge_less_than	KEPT	HOL.Int
Inner_Product.gderiv	KEPT	HOL-Analysis.Inner_Product
Infinite_Sum.has_sum	KEPT	HOL-Analysis.Infinite_Sum
Infinite_Sum.HAS_SUM	KEPT	HOL-Analysis.Infinite_Sum
Ideal.principalideal	KEPT	HOL-Algebra.Ideal
IArray.iarray.IArray	KEPT	HOL-Library.IArray
Groups.sgn_class.sgn	KEPT	HOL.Groups
Groups.one_class.one	KEPT	HOL.Groups
Groups.monoid_axioms	KEPT	HOL.Groups
Groups.abs_class.abs	KEPT	HOL.Groups
Group_Sort.groupsort	KEPT	Landau_Symbols.Group_Sort
Gamma_Function.Gamma	KEPT	HOL-Analysis.Gamma_Function
Fun_Def.rp_inv_image	KEPT	HOL.Fun_Def
Fun.order_class.mono	KEPT	HOL.Fun
Fraction_Field.Fract	KEPT	HOL-Computational_Algebra.Fraction_Field
Fourier.Fejer_kernel	KEPT	Fourier.Fourier
Flow.auto_ll_on_open	KEPT	Ordinary_Differential_Equations.Flow
Float.rapprox_posrat	KEPT	HOL-Library.Float
Float.power_up_graph	concealed	HOL-Library.Float
Float.power_down_rel	concealed	HOL-Library.Float
Float.power_down_dom	KEPT	HOL-Library.Float
Float.lapprox_posrat	KEPT	HOL-Library.Float
Float.float_round_up	KEPT	HOL-Library.Float
Float.float.float_of	KEPT	HOL-Library.Float
Finite_Map.size_fmap	KEPT	HOL-Library.Finite_Map
Fin_Map.basis_finmap	KEPT	HOL-Probability.Fin_Map
Filter.trivial_limit	KEPT	HOL.Filter
Filter.map_filter_on	KEPT	HOL.Filter
Fields.inverse_class	class_pred	HOL.Fields
Ferrack.usubst_graph	concealed	HOL-Decision_Procs.Ferrack
Ferrack.simpfm_graph	concealed	HOL-Decision_Procs.Ferrack
Ferrack.rsplit0_sumC	infra_theory	HOL-Decision_Procs.Ferrack
Ferrack.reducecoeffh	infra_theory	HOL-Decision_Procs.Ferrack
Ferrack.plusinf_sumC	infra_theory	HOL-Decision_Procs.Ferrack
Ferrack.nummul_graph	concealed	HOL-Decision_Procs.Ferrack
Ferrack.numgcdh_sumC	infra_theory	HOL-Decision_Procs.Ferrack
Ferrack.numadd_graph	concealed	HOL-Decision_Procs.Ferrack
Ferrack.num.dtor_num	concealed	HOL-Decision_Procs.Ferrack
Ferrack.num.ctor_num	concealed	HOL-Decision_Procs.Ferrack
Ferrack.num.case_num	KEPT	HOL-Decision_Procs.Ferrack
Ferrack.minusinf_rel	concealed	HOL-Decision_Procs.Ferrack
Ferrack.minusinf_dom	infra_theory	HOL-Decision_Procs.Ferrack
Ferrack.maxcoeff_rel	concealed	HOL-Decision_Procs.Ferrack
Ferrack.maxcoeff_dom	infra_theory	HOL-Decision_Procs.Ferrack
Ferrack.isrlfm_graph	concealed	HOL-Decision_Procs.Ferrack
Ferrack.isatom_graph	concealed	HOL-Decision_Procs.Ferrack
Ferrack.ferrack_test	infra_theory	HOL-Decision_Procs.Ferrack
Ferrack.decrnum_sumC	infra_theory	HOL-Decision_Procs.Ferrack
FSet.random_aux_fset	KEPT	HOL-Library.FSet
Equiv_Relations.proj	KEPT	HOL.Equiv_Relations
Enum.enum_class.enum	KEPT	HOL.Enum
Divisibility.somelcm	KEPT	HOL-Algebra.Divisibility
Divisibility.somegcd	KEPT	HOL-Algebra.Divisibility
Divisibility.factors	KEPT	HOL-Algebra.Divisibility
Divisibility.SomeGcd	KEPT	HOL-Algebra.Divisibility
Dirichlet_Series.fds	KEPT	Dirichlet_Series.Dirichlet_Series
Determinant.cofactor	KEPT	Jordan_Normal_Form.Determinant
Deriv.has_derivative	KEPT	HOL.Deriv
Deriv.differentiable	KEPT	HOL.Deriv
Cycles.cycle_of_list	KEPT	HOL-Combinatorics.Cycles
Ctr_Sugar.case_guard	KEPT	HOL.Ctr_Sugar
Cooper.zsplit0_graph	concealed	HOL-Decision_Procs.Cooper
Cooper.simpnum_graph	concealed	HOL-Decision_Procs.Cooper
Cooper.random_aux_fm	concealed	HOL-Decision_Procs.Cooper
Cooper.plusinf_graph	concealed	HOL-Decision_Procs.Cooper
Cooper.numsubst0_rel	concealed	HOL-Decision_Procs.Cooper
Cooper.numsubst0_dom	infra_theory	HOL-Decision_Procs.Cooper
Cooper.minusinf_sumC	infra_theory	HOL-Decision_Procs.Cooper
Cooper.fm.min_alg_fm	concealed	HOL-Decision_Procs.Cooper
Cooper.disjuncts_rel	concealed	HOL-Decision_Procs.Cooper
Cooper.disjuncts_dom	infra_theory	HOL-Decision_Procs.Cooper
Cooper.decrnum_graph	concealed	HOL-Decision_Procs.Cooper
Cooper.d_\<beta>_rel	concealed	HOL-Decision_Procs.Cooper
Cooper.d_\<beta>_dom	infra_theory	HOL-Decision_Procs.Cooper
Cooper.a_\<beta>_rel	concealed	HOL-Decision_Procs.Cooper
Cooper.a_\<beta>_dom	infra_theory	HOL-Decision_Procs.Cooper
Cooper.\<zeta>_graph	concealed	HOL-Decision_Procs.Cooper
Cooper.\<delta>_sumC	infra_theory	HOL-Decision_Procs.Cooper
Cooper.\<beta>_graph	concealed	HOL-Decision_Procs.Cooper
Cooper.\<alpha>_sumC	infra_theory	HOL-Decision_Procs.Cooper
Connected.components	KEPT	HOL-Analysis.Connected
Congruence.partition	KEPT	HOL-Algebra.Congruence
Complete_Lattice.fps	KEPT	HOL-Algebra.Complete_Lattice
Complete_Lattice.fpl	KEPT	HOL-Algebra.Complete_Lattice
Comparator.comp.Less	KEPT	HOL-Library.Comparator
Commutative_Ring.sub	infra_theory	HOL-Decision_Procs.Commutative_Ring
Commutative_Ring.sqr	infra_theory	HOL-Decision_Procs.Commutative_Ring
Commutative_Ring.pow	infra_theory	HOL-Decision_Procs.Commutative_Ring
Commutative_Ring.neg	infra_theory	HOL-Decision_Procs.Commutative_Ring
Commutative_Ring.mul	infra_theory	HOL-Decision_Procs.Commutative_Ring
Commutative_Ring.add	infra_theory	HOL-Decision_Procs.Commutative_Ring
Code_Test.yot_concat	KEPT	HOL-Library.Code_Test
Code_Test.yot_append	KEPT	HOL-Library.Code_Test
Code_Test.xml_of_typ	KEPT	HOL-Library.Code_Test
Code_Test.xml.tagged	KEPT	HOL-Library.Code_Test
Code_Generator.holds	KEPT	Tools.Code_Generator
Code_Evaluation.Free	infra_theory	HOL.Code_Evaluation
Cartesian_Space.rank	KEPT	HOL-Analysis.Cartesian_Space
Borel_Space.is_borel	KEPT	HOL-Analysis.Borel_Space
Bernoulli_FPS.AT_fps	hidden	Bernoulli.Bernoulli_FPS
Bernoulli.bernoulli'	KEPT	Bernoulli.Bernoulli
Basic_BNFs.pred_prod	KEPT	HOL.Basic_BNFs
BNF_Def.pick_middlep	internal_prefix	HOL.BNF_Def
BF_Misc.proots_count	KEPT	Budan_Fourier.BF_Misc
Approximation.approx	infra_theory	HOL-Decision_Procs.Approximation
Abstract_Limits.atin	KEPT	HOL-Analysis.Abstract_Limits
AList.map_entry_sumC	KEPT	HOL-Library.AList
AList.delete_aux_rel	concealed	HOL-Library.AList
AList.delete_aux_dom	KEPT	HOL-Library.AList
AList.clearjunk_sumC	KEPT	HOL-Library.AList
Word.the_signed_int	KEPT	HOL-Library.Word
Word.signed.mono_on	KEPT	HOL-Library.Word
Word.signed.lexordp	KEPT	HOL-Library.Word
Word.signed.greater	KEPT	HOL-Library.Word
Word.signed.atLeast	KEPT	HOL-Library.Word
Word.signed.arg_min	KEPT	HOL-Library.Word
Word.signed.arg_max	KEPT	HOL-Library.Word
Wellfounded.wf_code	KEPT	HOL.Wellfounded
Wellfounded.min_ext	KEPT	HOL.Wellfounded
Wellfounded.measure	KEPT	HOL.Wellfounded
Wellfounded.max_ext	KEPT	HOL.Wellfounded
Tree.wbalanced_sumC	KEPT	HOL-Library.Tree
Tree.tree.size_tree	adt_record	HOL-Library.Tree
Tree.tree.pred_tree	KEPT	HOL-Library.Tree
Tree.tree.dtor_tree	concealed	HOL-Library.Tree
Tree.tree.ctor_tree	concealed	HOL-Library.Tree
Tree.tree.case_tree	KEPT	HOL-Library.Tree
Tree.subtrees_graph	concealed	HOL-Library.Tree
Tree.preorder_graph	concealed	HOL-Library.Tree
Tree.postorder_sumC	KEPT	HOL-Library.Tree
Tree.min_height_rel	concealed	HOL-Library.Tree
Tree.min_height_dom	KEPT	HOL-Library.Tree
Tree.inorder2_graph	concealed	HOL-Library.Tree
Tree.complete_graph	concealed	HOL-Library.Tree
Transfer.left_total	internal_prefix	HOL.Transfer
Transcendental.tanh	KEPT	HOL.Transcendental
Transcendental.sinh	KEPT	HOL.Transcendental
Transcendental.powr	KEPT	HOL.Transcendental
Transcendental.cosh	KEPT	HOL.Transcendental
Time_Functions.T_tl	KEPT	HOL-Library.Time_Functions
Tarski.tarski_space	KEPT	Tarskis_Geometry.Tarski
Sturm_Theorem.sturm	KEPT	Sturm_Sequences.Sturm_Theorem
Sturm_Method.PR_TAG	KEPT	Sturm_Sequences.Sturm_Method
Stream_Space.sstart	KEPT	HOL-Probability.Stream_Space
Stream.stream.SCons	KEPT	HOL-Library.Stream
Stirling_Formula.S'	KEPT	Stirling_Formula.Stirling_Formula
Square_Matrix.trace	KEPT	Cayley_Hamilton.Square_Matrix
Square_Matrix.minor	KEPT	Cayley_Hamilton.Square_Matrix
Sparse_In.sparse_in	KEPT	HOL-Analysis.Sparse_In
Sigma_Algebra.space	KEPT	HOL-Analysis.Sigma_Algebra
Sigma_Algebra.sigma	KEPT	HOL-Analysis.Sigma_Algebra
Set_Idioms.union_of	KEPT	HOL-Library.Set_Idioms
Saturated.Sup_sat.F	KEPT	HOL-Library.Saturated
Saturated.Inf_sat.F	KEPT	HOL-Library.Saturated
SPMF.spmf.mono_body	KEPT	HOL-Probability.SPMF
Rings.semidom_class	class_pred	HOL.Rings
Rings.dvd_class.dvd	KEPT	HOL.Rings
Rings.class.semidom	class_infix	HOL.Rings
Ring_Hom.zero_hom_0	KEPT	Polynomial_Interpolation.Ring_Hom
Ring_Hom.surjective	KEPT	Polynomial_Interpolation.Ring_Hom
Ring_Hom.field_isom	KEPT	Polynomial_Interpolation.Ring_Hom
Ring.ring_hom_cring	KEPT	HOL-Algebra.Ring
Ring.abelian_monoid	KEPT	HOL-Algebra.Ring
Relation.irreflp_on	KEPT	HOL.Relation
Relation.inv_imagep	KEPT	HOL.Relation
Relation.antisym_on	KEPT	HOL.Relation
RatFPS.ratfps_shift	KEPT	Linear_Recurrences.RatFPS
Random_Sequence.map	KEPT	HOL.Random_Sequence
Random.iterate_sumC	KEPT	HOL.Random
Quotient_Type.class	KEPT	HOL-Library.Quotient_Type
Predicate.singleton	KEPT	HOL.Predicate
Predicate.seq.Empty	KEPT	HOL.Predicate
Predicate.pred.eval	KEPT	HOL.Predicate
Predicate.pred.Pred	KEPT	HOL.Predicate
Predicate.contained	KEPT	HOL.Predicate
Polytope.polyhedron	KEPT	HOL-Analysis.Polytope
Polynomial.pos_poly	KEPT	HOL-Computational_Algebra.Polynomial
Polynomial.pcr_poly	KEPT	HOL-Computational_Algebra.Polynomial
Polynomial.pcompose	KEPT	HOL-Computational_Algebra.Polynomial
Polynomial.map_poly	KEPT	HOL-Computational_Algebra.Polynomial
Poly_Mapping.update	KEPT	HOL-Library.Poly_Mapping
Poly_Mapping.single	KEPT	HOL-Library.Poly_Mapping
Poly_Mapping.degree	KEPT	HOL-Library.Poly_Mapping
Path_Connected.path	KEPT	HOL-Analysis.Path_Connected
Orderings.top_class	class_pred	HOL.Orderings
Orderings.ord_class	class_pred	HOL.Orderings
Orderings.ord.Least	class_variant	HOL.Orderings
Orderings.bot_class	class_pred	HOL.Orderings
Order_Relation.Refl	KEPT	HOL.Order_Relation
Order.partial_order	KEPT	HOL-Algebra.Order
Order.gorder.fields	KEPT	HOL-Algebra.Order
Order.gorder.extend	KEPT	HOL-Algebra.Order
Orbits.funpow_dist1	KEPT	HOL-Combinatorics.Orbits
Option.image_filter	KEPT	HOL.Option
Operator_Norm.onorm	KEPT	HOL-Analysis.Operator_Norm
Old_Datatype.ntrunc	KEPT	HOL-Library.Old_Datatype
Old_Datatype.ndepth	KEPT	HOL-Library.Old_Datatype
Nunchaku.The_unsafe	KEPT	HOL.Nunchaku
Num.numeral.numeral	class_variant	HOL.Num
Num.num.min_alg_num	concealed	HOL.Num
Num.neg_numeral.sub	class_variant	HOL.Num
Num.neg_numeral.dbl	class_variant	HOL.Num
Nitpick.uminus_frac	KEPT	HOL.Nitpick
Nitpick.nat_gcd_rel	concealed	HOL.Nitpick
Nitpick.nat_gcd_dom	KEPT	HOL.Nitpick
Nitpick.fold_graph'	KEPT	HOL.Nitpick
Nat.size_class.size	KEPT	HOL.Nat
Nat.semiring_1.Nats	class_variant	HOL.Nat
Nat.old.nat.rec_nat	KEPT	HOL.Nat
Multiset.union_mset	KEPT	HOL-Library.Multiset
Multiset.multp_code	KEPT	HOL-Library.Multiset
Multiset.mset_set.F	KEPT	HOL-Library.Multiset
Multiset.inter_mset	KEPT	HOL-Library.Multiset
Multiset.image_mset	KEPT	HOL-Library.Multiset
Multiset.empty_mset	KEPT	HOL-Library.Multiset
Modules.module_pair	KEPT	HOL.Modules
Modules.module.span	KEPT	HOL.Modules
Module.module.smult	KEPT	HOL-Algebra.Module
Missing_Misc.signof	KEPT	Jordan_Normal_Form.Missing_Misc
Missing_List.permut	KEPT	Polynomial_Factorization.Missing_List
Miscellaneous.nrows	KEPT	Rank_Nullity_Theorem.Miscellaneous
Miscellaneous.ncols	KEPT	Rank_Nullity_Theorem.Miscellaneous
Measure_Space.distr	KEPT	HOL-Analysis.Measure_Space
Matrix.pow_mat_sumC	KEPT	Jordan_Normal_Form.Matrix
Matrix.mult_mat_vec	KEPT	Jordan_Normal_Form.Matrix
Matrix.elements_mat	KEPT	Jordan_Normal_Form.Matrix
Matrix.diagonal_mat	KEPT	Jordan_Normal_Form.Matrix
Matrix.cscalar_prod	KEPT	Jordan_Normal_Form.Matrix
Mapping.pcr_mapping	KEPT	HOL-Library.Mapping
Mapping.mapping.rep	KEPT	HOL-Library.Mapping
Mapping.map_default	KEPT	HOL-Library.Mapping
Mapping.All_mapping	KEPT	HOL-Library.Mapping
MPoly_Type.cr_mpoly	KEPT	Polynomials.MPoly_Type
MIR.split_int_graph	concealed	HOL-Decision_Procs.MIR
MIR.num.min_alg_num	concealed	HOL-Decision_Procs.MIR
MIR.nozerocoeff_rel	concealed	HOL-Decision_Procs.MIR
MIR.nozerocoeff_dom	infra_theory	HOL-Decision_Procs.MIR
MIR.ismaxcoeff_sumC	infra_theory	HOL-Decision_Procs.MIR
MIR.fm.ctor_fold_fm	concealed	HOL-Decision_Procs.MIR
MIR.exsplitnum_sumC	infra_theory	HOL-Decision_Procs.MIR
MIR.dvdnumcoeff_rel	concealed	HOL-Decision_Procs.MIR
MIR.dvdnumcoeff_dom	infra_theory	HOL-Decision_Procs.MIR
MIR.disjuncts_graph	concealed	HOL-Decision_Procs.MIR
MIR.d_\<delta>_sumC	infra_theory	HOL-Decision_Procs.MIR
MIR.d_\<beta>_graph	concealed	HOL-Decision_Procs.MIR
MIR.conjuncts_graph	concealed	HOL-Decision_Procs.MIR
MIR.check_int_graph	concealed	HOL-Decision_Procs.MIR
MIR.a_\<beta>_graph	concealed	HOL-Decision_Procs.MIR
MIR.\<upsilon>_sumC	infra_theory	HOL-Decision_Procs.MIR
MIR.\<sigma>_\<rho>	infra_theory	HOL-Decision_Procs.MIR
MIR.\<alpha>_\<rho>	infra_theory	HOL-Decision_Procs.MIR
MIR.\<Upsilon>_sumC	infra_theory	HOL-Decision_Procs.MIR
ListVector.zipwith0	KEPT	HOL-Library.ListVector
List.transpose_sumC	KEPT	HOL.List
List.sorted_wrt_rel	concealed	HOL.List
List.sorted_wrt_dom	KEPT	HOL.List
List.shuffles_graph	concealed	HOL.List
List.ord.lexordp_eq	class_variant	HOL.List
List.minus_list_set	KEPT	HOL.List
List.min_list_graph	concealed	HOL.List
List.list.size_list	adt_record	HOL.List
List.list.list_all2	KEPT	HOL.List
List.list.dtor_list	concealed	HOL.List
List.list.ctor_list	concealed	HOL.List
List.list.case_list	KEPT	HOL.List
List.length_tailrec	KEPT	HOL.List
List.interval_class	class_pred	HOL.List
List.inter_list_set	KEPT	HOL.List
List.class.interval	class_infix	HOL.List
Linear_Maps.matrix'	KEPT	Gauss_Jordan.Linear_Maps
Lazy_Sequence.yield	KEPT	HOL.Lazy_Sequence
Lazy_Sequence.those	KEPT	HOL.Lazy_Sequence
Lazy_Sequence.empty	KEPT	HOL.Lazy_Sequence
Lattice.GREATEST_FP	KEPT	HOL-Algebra.Lattice
Landau_Symbols.bigo	KEPT	HOL-Library.Landau_Symbols
Isolated.setdist_gt	KEPT	HOL-Analysis.Isolated
Infinite_Sum.infsum	KEPT	HOL-Analysis.Infinite_Sum
IDirProds.IDirProds	KEPT	Finitely_Generated_Abelian_Groups.IDirProds
Groups.uminus_class	class_pred	HOL.Groups
Groups.group_axioms	KEPT	HOL.Groups
Group.monoid.fields	KEPT	HOL-Algebra.Group
Group.monoid.extend	KEPT	HOL-Algebra.Group
Gamma_Function.Beta	KEPT	HOL-Analysis.Gamma_Function
FuncSet.extensional	KEPT	HOL-Library.FuncSet
Fun_Def.THE_default	KEPT	HOL.Fun_Def
Fun.ord.antimono_on	class_variant	HOL.Fun
Flow.two_ll_on_open	KEPT	Ordinary_Differential_Equations.Flow
Float.truncate_down	KEPT	HOL-Library.Float
Float.rat_precision	KEPT	HOL-Library.Float
Float.power_up_sumC	KEPT	HOL-Library.Float
Float.power_down_fl	KEPT	HOL-Library.Float
Float.is_float_zero	KEPT	HOL-Library.Float
Float.float_plus_up	KEPT	HOL-Library.Float
Finite_Set.infinite	KEPT	HOL.Finite_Set
Finite_Map.pcr_fmap	KEPT	HOL-Library.Finite_Map
Finite_Map.map_pred	KEPT	HOL-Library.Finite_Map
Finite_Map.map_drop	KEPT	HOL-Library.Finite_Map
Finite_Map.fmsubset	KEPT	HOL-Library.Finite_Map
Finite_Map.fmfilter	KEPT	HOL-Library.Finite_Map
FiniteProduct.foldD	KEPT	HOL-Algebra.FiniteProduct
Filter.sequentially	KEPT	HOL.Filter
Ferrack.usubst_sumC	infra_theory	HOL-Decision_Procs.Ferrack
Ferrack.simpfm_sumC	infra_theory	HOL-Decision_Procs.Ferrack
Ferrack.rsplit0_rel	concealed	HOL-Decision_Procs.Ferrack
Ferrack.rsplit0_dom	infra_theory	HOL-Decision_Procs.Ferrack
Ferrack.reducecoeff	infra_theory	HOL-Decision_Procs.Ferrack
Ferrack.qfree_graph	concealed	HOL-Decision_Procs.Ferrack
Ferrack.qelim_graph	concealed	HOL-Decision_Procs.Ferrack
Ferrack.plusinf_rel	concealed	HOL-Decision_Procs.Ferrack
Ferrack.plusinf_dom	infra_theory	HOL-Decision_Procs.Ferrack
Ferrack.nummul_sumC	infra_theory	HOL-Decision_Procs.Ferrack
Ferrack.numgcdh_rel	concealed	HOL-Decision_Procs.Ferrack
Ferrack.numgcdh_dom	infra_theory	HOL-Decision_Procs.Ferrack
Ferrack.numadd_sumC	infra_theory	HOL-Decision_Procs.Ferrack
Ferrack.num.rec_num	KEPT	HOL-Decision_Procs.Ferrack
Ferrack.num.mor_num	concealed	HOL-Decision_Procs.Ferrack
Ferrack.num.alg_num	concealed	HOL-Decision_Procs.Ferrack
Ferrack.num.Rep_num	concealed	HOL-Decision_Procs.Ferrack
Ferrack.num.Abs_num	concealed	HOL-Decision_Procs.Ferrack
Ferrack.nozerocoeff	infra_theory	HOL-Decision_Procs.Ferrack
Ferrack.isrlfm_sumC	infra_theory	HOL-Decision_Procs.Ferrack
Ferrack.isatom_sumC	infra_theory	HOL-Decision_Procs.Ferrack
Ferrack.dvdnumcoeff	infra_theory	HOL-Decision_Procs.Ferrack
Ferrack.decrnum_rel	concealed	HOL-Decision_Procs.Ferrack
Ferrack.decrnum_dom	infra_theory	HOL-Decision_Procs.Ferrack
Euler_Criterion.f_1	hidden	HOL-Number_Theory.Euler_Criterion
Equipollence.lepoll	KEPT	HOL-Library.Equipollence
Equipollence.eqpoll	KEPT	HOL-Library.Equipollence
Dlist.dlist_of_list	KEPT	HOL-Library.Dlist
Divisibility.factor	KEPT	HOL-Algebra.Divisibility
Divisibility.assocs	KEPT	HOL-Algebra.Divisibility
Determinant.adj_mat	KEPT	Jordan_Normal_Form.Determinant
Cycles.cycle_decomp	KEPT	HOL-Combinatorics.Cycles
Ctr_Sugar.case_elem	KEPT	HOL.Ctr_Sugar
Ctr_Sugar.case_cons	KEPT	HOL.Ctr_Sugar
Coset.normal_axioms	KEPT	HOL-Algebra.Coset
Cooper.zsplit0_sumC	infra_theory	HOL-Decision_Procs.Cooper
Cooper.simpnum_sumC	infra_theory	HOL-Decision_Procs.Cooper
Cooper.simpfm_graph	concealed	HOL-Decision_Procs.Cooper
Cooper.plusinf_sumC	infra_theory	HOL-Decision_Procs.Cooper
Cooper.nummul_graph	concealed	HOL-Decision_Procs.Cooper
Cooper.numadd_graph	concealed	HOL-Decision_Procs.Cooper
Cooper.num.dtor_num	concealed	HOL-Decision_Procs.Cooper
Cooper.num.ctor_num	concealed	HOL-Decision_Procs.Cooper
Cooper.num.case_num	KEPT	HOL-Decision_Procs.Cooper
Cooper.mirror_graph	concealed	HOL-Decision_Procs.Cooper
Cooper.minusinf_rel	concealed	HOL-Decision_Procs.Cooper
Cooper.minusinf_dom	infra_theory	HOL-Decision_Procs.Cooper
Cooper.lex_ns_graph	concealed	HOL-Decision_Procs.Cooper
Cooper.iszlfm_graph	concealed	HOL-Decision_Procs.Cooper
Cooper.isatom_graph	concealed	HOL-Decision_Procs.Cooper
Cooper.decrnum_sumC	infra_theory	HOL-Decision_Procs.Cooper
Cooper.\<zeta>_sumC	infra_theory	HOL-Decision_Procs.Cooper
Cooper.\<delta>_rel	concealed	HOL-Decision_Procs.Cooper
Cooper.\<delta>_dom	infra_theory	HOL-Decision_Procs.Cooper
Cooper.\<beta>_sumC	infra_theory	HOL-Decision_Procs.Cooper
Cooper.\<alpha>_rel	concealed	HOL-Decision_Procs.Cooper
Cooper.\<alpha>_dom	infra_theory	HOL-Decision_Procs.Cooper
Congruence.not_elem	KEPT	HOL-Algebra.Congruence
Comparator.reversed	KEPT	HOL-Library.Comparator
Comparator.prod_lex	KEPT	HOL-Library.Comparator
Code_Test.yot_empty	KEPT	HOL-Library.Code_Test
Code_Target_Nat.Nat	KEPT	HOL-Library.Code_Target_Nat
Code_Matrix.mat_row	KEPT	Gauss_Jordan.Code_Matrix
Code_Evaluation.App	infra_theory	HOL.Code_Evaluation
Code_Evaluation.Abs	infra_theory	HOL.Code_Evaluation
Caratheodory.volume	KEPT	HOL-Analysis.Caratheodory
Budan_Fourier.pders	KEPT	Budan_Fourier.Budan_Fourier
Bertrand.psi_even_2	KEPT	Bertrands_Postulate.Bertrand
Bertrand.mangoldt_1	KEPT	Bertrands_Postulate.Bertrand
Bernoulli.bernoulli	KEPT	Bernoulli.Bernoulli
Basic_BNFs.rel_prod	KEPT	HOL.Basic_BNFs
Basic_BNFs.pred_sum	KEPT	HOL.Basic_BNFs
Basic_BNFs.pred_fun	KEPT	HOL.Basic_BNFs
Basic_BNF_LFPs.xtor	KEPT	HOL.Basic_BNF_LFPs
BNF_Corec.cong.cong	KEPT	HOL-Library.BNF_Corec
AbelCoset.a_r_coset	KEPT	HOL-Algebra.AbelCoset
AbelCoset.a_l_coset	KEPT	HOL-Algebra.AbelCoset
AbelCoset.A_SET_INV	KEPT	HOL-Algebra.AbelCoset
AbelCoset.A_RCOSETS	KEPT	HOL-Algebra.AbelCoset
AList.map_entry_rel	concealed	HOL-Library.AList
AList.map_entry_dom	KEPT	HOL-Library.AList
AList.compose_graph	concealed	HOL-Library.AList
AList.clearjunk_rel	concealed	HOL-Library.AList
AList.clearjunk_dom	KEPT	HOL-Library.AList
Zorn.pred_on.chain	KEPT	HOL.Zorn
Word.word_int_case	KEPT	HOL-Library.Word
Word.word.Rep_word	quotient_typedef	HOL-Library.Word
Word.word.Abs_word	quotient_typedef	HOL-Library.Word
Word.signed.sorted	KEPT	HOL-Library.Word
Word.signed.insort	KEPT	HOL-Library.Word
Word.signed.atMost	KEPT	HOL-Library.Word
Word.ring_1.signed	class_variant	HOL-Library.Word
Wellfounded.wfp_on	KEPT	HOL.Wellfounded
Wellfounded.termip	KEPT	HOL.Wellfounded
Urysohn.kification	KEPT	HOL-Analysis.Urysohn
Uprod.proper_uprod	KEPT	HOL-Library.Uprod
UnivPoly.UP_domain	KEPT	HOL-Algebra.UnivPoly
Tree.wbalanced_rel	concealed	HOL-Library.Tree
Tree.wbalanced_dom	KEPT	HOL-Library.Tree
Tree.tree.wit_tree	adt_record	HOL-Library.Tree
Tree.tree.un_Node3	KEPT	HOL-Library.Tree
Tree.tree.un_Node1	KEPT	HOL-Library.Tree
Tree.tree.set_tree	KEPT	HOL-Library.Tree
Tree.tree.rel_tree	KEPT	HOL-Library.Tree
Tree.tree.rec_tree	KEPT	HOL-Library.Tree
Tree.tree.mor_tree	concealed	HOL-Library.Tree
Tree.tree.map_tree	KEPT	HOL-Library.Tree
Tree.tree.alg_tree	concealed	HOL-Library.Tree
Tree.tree.Rep_tree	concealed	HOL-Library.Tree
Tree.tree.Abs_tree	concealed	HOL-Library.Tree
Tree.subtrees_sumC	KEPT	HOL-Library.Tree
Tree.preorder_sumC	KEPT	HOL-Library.Tree
Tree.postorder_rel	concealed	HOL-Library.Tree
Tree.postorder_dom	KEPT	HOL-Library.Tree
Tree.linorder.heap	class_variant	HOL-Library.Tree
Tree.inorder_graph	concealed	HOL-Library.Tree
Tree.inorder2_sumC	KEPT	HOL-Library.Tree
Tree.complete_sumC	KEPT	HOL-Library.Tree
Tree.bst_wrt_graph	concealed	HOL-Library.Tree
Transfer.bi_unique	internal_prefix	HOL.Transfer
Transcendental.tan	KEPT	HOL.Transcendental
Transcendental.sin	KEPT	HOL.Transcendental
Transcendental.log	KEPT	HOL.Transcendental
Transcendental.exp	KEPT	HOL.Transcendental
Transcendental.cot	KEPT	HOL.Transcendental
Transcendental.cos	KEPT	HOL.Transcendental
T1_Spaces.t1_space	KEPT	HOL-Analysis.T1_Spaces
Sum_Type.sum.projr	KEPT	HOL.Sum_Type
Sum_Type.sum.projl	KEPT	HOL.Sum_Type
Sturm_Tarski.smods	KEPT	Sturm_Tarski.Sturm_Tarski
Sturm_Tarski.cross	KEPT	Sturm_Tarski.Sturm_Tarski
String.pcr_literal	KEPT	HOL.String
String.char.digit7	KEPT	HOL.String
String.char.digit6	KEPT	HOL.String
String.char.digit5	KEPT	HOL.String
String.char.digit4	KEPT	HOL.String
String.char.digit3	KEPT	HOL.String
String.char.digit2	KEPT	HOL.String
String.char.digit1	KEPT	HOL.String
String.char.digit0	KEPT	HOL.String
Stream.stream.sset	KEPT	HOL-Library.Stream
Stream.stream.smap	KEPT	HOL-Library.Stream
Stream.sinterleave	KEPT	HOL-Library.Stream
Stream.sdrop_while	KEPT	HOL-Library.Stream
Stirling_Formula.p	KEPT	Stirling_Formula.Stirling_Formula
Stirling_Formula.g	KEPT	Stirling_Formula.Stirling_Formula
Stirling_Formula.c	KEPT	Stirling_Formula.Stirling_Formula
Stirling_Formula.T	KEPT	Stirling_Formula.Stirling_Formula
Stirling_Formula.P	KEPT	Stirling_Formula.Stirling_Formula
Stirling_Formula.D	KEPT	Stirling_Formula.Stirling_Formula
State_Monad.update	KEPT	HOL-Library.State_Monad
State_Monad.return	KEPT	HOL-Library.State_Monad
Square_Matrix.diag	KEPT	Cayley_Hamilton.Square_Matrix
Sparse_In.cosparse	KEPT	HOL-Analysis.Sparse_In
Sinc_Integral.sinc	KEPT	HOL-Probability.Sinc_Integral
Sigma_Algebra.sets	KEPT	HOL-Analysis.Sigma_Algebra
Set_Idioms.finite'	KEPT	HOL-Library.Set_Idioms
Saturated.Abs_sat'	abs_rep_name	HOL-Library.Saturated
SPMF.spmf.fixp_fun	KEPT	HOL-Probability.SPMF
SPMF.restrict_spmf	KEPT	HOL-Probability.SPMF
SPMF.lossless_spmf	KEPT	HOL-Probability.SPMF
Rings.ring_1_class	class_pred	HOL.Rings
Rings.modulo_class	class_pred	HOL.Rings
Rings.divide_class	class_pred	HOL.Rings
Rings.class.ring_1	class_infix	HOL.Rings
Rings.class.abs_if	class_infix	HOL.Rings
Rings.abs_if_class	class_pred	HOL.Rings
Ring_Hom.times_hom	KEPT	Polynomial_Interpolation.Ring_Hom
Ring_Hom.ring_isom	KEPT	Polynomial_Interpolation.Ring_Hom
Ring_Hom.one_hom_1	KEPT	Polynomial_Interpolation.Ring_Hom
Ring_Hom.injective	KEPT	Polynomial_Interpolation.Ring_Hom
Ring_Hom.idom_isom	KEPT	Polynomial_Interpolation.Ring_Hom
Ring_Hom.field_hom	KEPT	Polynomial_Interpolation.Ring_Hom
Ring_Hom.bijective	KEPT	Polynomial_Interpolation.Ring_Hom
Ring.ring.truncate	KEPT	HOL-Algebra.Ring
Ring.ring.ring_ext	KEPT	HOL-Algebra.Ring
Ring.domain_axioms	KEPT	HOL-Algebra.Ring
Ring.abelian_group	KEPT	HOL-Algebra.Ring
Resultant.mk_poly2	hidden	Algebraic_Numbers.Resultant
Relation.transp_on	KEPT	HOL.Relation
Relation.totalp_on	KEPT	HOL.Relation
Relation.irrefl_on	KEPT	HOL.Relation
Relation.inv_image	KEPT	HOL.Relation
Relation.conversep	KEPT	HOL.Relation
Real.real.Rep_real	quotient_typedef	HOL.Real
Real.real.Abs_real	quotient_typedef	HOL.Real
Rat_Pair.isnormNum	infra_theory	HOL-Decision_Procs.Rat_Pair
RatFPS.denominator	KEPT	Linear_Recurrences.RatFPS
Random_Pred.single	KEPT	HOL.Random_Pred
Random_Pred.Random	KEPT	HOL.Random_Pred
Random.minus_shift	KEPT	HOL.Random
Random.iterate_rel	concealed	HOL.Random
Random.iterate_dom	KEPT	HOL.Random
Quotient_Type.pick	KEPT	HOL-Library.Quotient_Type
Quotient.quot_type	KEPT	HOL.Quotient
Quotient.Quotient3	KEPT	HOL.Quotient
Quotient.Quot_True	KEPT	HOL.Quotient
Pure.dummy_pattern	KEPT	Pure
Product_Type.scomp	KEPT	HOL.Product_Type
Product_Type.curry	KEPT	HOL.Product_Type
Product_Type.apsnd	KEPT	HOL.Product_Type
Product_Type.apfst	KEPT	HOL.Product_Type
Product_Type.Unity	KEPT	HOL.Product_Type
Product_Type.Times	KEPT	HOL.Product_Type
Product_Type.Sigma	KEPT	HOL.Product_Type
Product_PMF.Pi_pmf	KEPT	HOL-Probability.Product_PMF
Primes.gf2.Rep_gf2	abs_rep_name	HOL-Computational_Algebra.Primes
Primes.gf2.Abs_gf2	abs_rep_name	HOL-Computational_Algebra.Primes
Predicate.the_only	KEPT	HOL.Predicate
Predicate.seq.Join	KEPT	HOL.Predicate
Predicate.not_pred	KEPT	HOL.Predicate
Predicate.is_empty	KEPT	HOL.Predicate
Power.power.power2	class_variant	HOL.Power
Polynomial.is_zero	KEPT	HOL-Computational_Algebra.Polynomial
Polynomial.cr_poly	KEPT	HOL-Computational_Algebra.Polynomial
Polynomial.content	KEPT	HOL-Computational_Algebra.Polynomial
Poly_Mapping.range	KEPT	HOL-Library.Poly_Mapping
Poly_Mapping.items	KEPT	HOL-Library.Poly_Mapping
Poincare_Map.plane	KEPT	Ordinary_Differential_Equations.Poincare_Map
Pell.pell.solution	KEPT	Pell.Pell
Pell.pell.pell_mul	KEPT	Pell.Pell
Pell.pell.pell_cnj	KEPT	Pell.Pell
Pell.pell.fund_sol	KEPT	Pell.Pell
Pattern_Aliases.as	hidden	HOL-Library.Pattern_Aliases
Path_Connected.arc	KEPT	HOL-Analysis.Path_Connected
Orderings.ordering	KEPT	HOL.Orderings
Orbits.funpow_dist	KEPT	HOL-Combinatorics.Orbits
Option.option.Some	KEPT	HOL.Option
Option.option.None	KEPT	HOL.Option
Old_Datatype.uprod	KEPT	HOL-Library.Old_Datatype
Old_Datatype.dprod	KEPT	HOL-Library.Old_Datatype
Old_Datatype.Split	KEPT	HOL-Library.Old_Datatype
Old_Datatype.Scons	KEPT	HOL-Library.Old_Datatype
Num.random_aux_num	concealed	HOL.Num
Nitpick.times_frac	KEPT	HOL.Nitpick
Nitpick.is_unknown	KEPT	HOL.Nitpick
Multiset.rel_mset'	KEPT	HOL-Library.Multiset
Multiset.pred_mset	KEPT	HOL-Library.Multiset
Multiset.ms_strict	KEPT	HOL-Library.Multiset
Multiset.fold_mset	KEPT	HOL-Library.Multiset
Modules.module_hom	KEPT	HOL.Modules
Module.module.more	KEPT	HOL-Algebra.Module
Module.module.make	KEPT	HOL-Algebra.Module
Miscellany.rotate2	KEPT	Tarskis_Geometry.Miscellany
Matrix.vec_of_list	KEPT	Jordan_Normal_Form.Matrix
Matrix.vec.Rep_vec	abs_rep_name	Jordan_Normal_Form.Matrix
Matrix.vec.Abs_vec	abs_rep_name	Jordan_Normal_Form.Matrix
Matrix.split_block	KEPT	Jordan_Normal_Form.Matrix
Matrix.similar_mat	KEPT	Jordan_Normal_Form.Matrix
Matrix.scalar_prod	KEPT	Jordan_Normal_Form.Matrix
Matrix.pow_mat_rel	concealed	Jordan_Normal_Form.Matrix
Matrix.pow_mat_dom	KEPT	Jordan_Normal_Form.Matrix
Matrix.mk_diagonal	KEPT	Jordan_Normal_Form.Matrix
Matrix.mat_to_list	KEPT	Jordan_Normal_Form.Matrix
Matrix.mat_of_rows	KEPT	Jordan_Normal_Form.Matrix
Matrix.mat_of_cols	KEPT	Jordan_Normal_Form.Matrix
Matrix.mat.Rep_mat	abs_rep_name	Jordan_Normal_Form.Matrix
Matrix.mat.Abs_mat	abs_rep_name	Jordan_Normal_Form.Matrix
Matrix.list_of_vec	KEPT	Jordan_Normal_Form.Matrix
Matrix.inverts_mat	KEPT	Jordan_Normal_Form.Matrix
Matrix.carrier_vec	KEPT	Jordan_Normal_Form.Matrix
Matrix.carrier_mat	KEPT	Jordan_Normal_Form.Matrix
Matrix.append_rows	KEPT	Jordan_Normal_Form.Matrix
Mapping.map_values	KEPT	HOL-Library.Mapping
Mapping.cr_mapping	KEPT	HOL-Library.Mapping
MPoly_Type.pdivmod	KEPT	Polynomials.MPoly_Type
MIR.split_int_sumC	infra_theory	HOL-Decision_Procs.MIR
MIR.random_aux_num	concealed	HOL-Decision_Procs.MIR
MIR.minusinf_graph	concealed	HOL-Decision_Procs.MIR
MIR.maxcoeff_graph	concealed	HOL-Decision_Procs.MIR
MIR.ismaxcoeff_rel	concealed	HOL-Decision_Procs.MIR
MIR.ismaxcoeff_dom	infra_theory	HOL-Decision_Procs.MIR
MIR.fm.str_init_fm	concealed	HOL-Decision_Procs.MIR
MIR.fm.ctor_rec_fm	concealed	HOL-Decision_Procs.MIR
MIR.exsplitnum_rel	concealed	HOL-Decision_Procs.MIR
MIR.exsplitnum_dom	infra_theory	HOL-Decision_Procs.MIR
MIR.disjuncts_sumC	infra_theory	HOL-Decision_Procs.MIR
MIR.d_\<delta>_rel	concealed	HOL-Decision_Procs.MIR
MIR.d_\<delta>_dom	infra_theory	HOL-Decision_Procs.MIR
MIR.d_\<beta>_sumC	infra_theory	HOL-Decision_Procs.MIR
MIR.conjuncts_sumC	infra_theory	HOL-Decision_Procs.MIR
MIR.check_int_sumC	infra_theory	HOL-Decision_Procs.MIR
MIR.a_\<beta>_sumC	infra_theory	HOL-Decision_Procs.MIR
MIR.\<upsilon>_rel	concealed	HOL-Decision_Procs.MIR
MIR.\<upsilon>_dom	infra_theory	HOL-Decision_Procs.MIR
MIR.\<delta>_graph	concealed	HOL-Decision_Procs.MIR
MIR.\<alpha>_graph	concealed	HOL-Decision_Procs.MIR
MIR.\<Upsilon>_rel	concealed	HOL-Decision_Procs.MIR
MIR.\<Upsilon>_dom	infra_theory	HOL-Decision_Procs.MIR
List.transpose_rel	concealed	HOL.List
List.transpose_dom	KEPT	HOL.List
List.shuffles_sumC	KEPT	HOL.List
List.product_lists	KEPT	HOL.List
List.min_list_sumC	KEPT	HOL.List
List.list.wit_list	adt_record	HOL.List
List.list.rec_list	KEPT	HOL.List
List.list.mor_list	concealed	HOL.List
List.list.list_all	KEPT	HOL.List
List.list.alg_list	concealed	HOL.List
List.list.Rep_list	concealed	HOL.List
List.list.Abs_list	concealed	HOL.List
List.linorder.sort	class_variant	HOL.List
Limits.at_infinity	KEPT	HOL.Limits
Lazy_Sequence.flat	KEPT	HOL.Lazy_Sequence
Lazy_Sequence.bind	KEPT	HOL.Lazy_Sequence
Lattices_Big.Least	KEPT	HOL.Lattices_Big
Lattices.sup_class	class_pred	HOL.Lattices
Lattices.inf_class	class_pred	HOL.Lattices
Interval_Float.mid	KEPT	HOL-Library.Interval_Float
Interval.Interval'	KEPT	HOL-Library.Interval
Ideal.maximalideal	KEPT	HOL-Algebra.Ideal
Ideal.ideal_axioms	KEPT	HOL-Algebra.Ideal
IDirProds.IDirProd	KEPT	Finitely_Generated_Abelian_Groups.IDirProds
IArray.exists_upto	KEPT	HOL-Library.IArray
Hilbert_Choice.inv	KEPT	HOL.Hilbert_Choice
Hilbert_Choice.Eps	KEPT	HOL.Hilbert_Choice
HOL.induct_implies	KEPT	HOL.HOL
Groups.times_class	class_pred	HOL.Groups
Groups.minus_class	class_pred	HOL.Groups
Groups.comm_monoid	KEPT	HOL.Groups
Group.group_axioms	KEPT	HOL-Algebra.Group
Gauss.GAUSS.ResSet	KEPT	HOL-Number_Theory.Gauss
GCD.ring_gcd_class	class_pred	HOL.GCD
GCD.class.ring_gcd	class_infix	HOL.GCD
FuncSet.Pi\<^sub>E	KEPT	HOL-Library.FuncSet
Fun_Def.min_strict	KEPT	HOL.Fun_Def
Fun_Def.max_strict	KEPT	HOL.Fun_Def
Fun_Def.is_measure	KEPT	HOL.Fun_Def
Fun.order.antimono	class_variant	HOL.Fun
Float.power_up_rel	concealed	HOL-Library.Float
Float.power_up_dom	KEPT	HOL-Library.Float
Float.is_float_pos	KEPT	HOL-Library.Float
Float.int_floor_fl	KEPT	HOL-Library.Float
Finite_Set.folding	KEPT	HOL.Finite_Set
Finite_Map.rel_map	KEPT	HOL-Library.Finite_Map
Finite_Map.map_upd	KEPT	HOL-Library.Finite_Map
Finite_Map.fmimage	KEPT	HOL-Library.Finite_Map
Finite_Map.fmempty	KEPT	HOL-Library.Finite_Map
Finite_Map.cr_fmap	KEPT	HOL-Library.Finite_Map
FiniteProduct.ACeD	KEPT	HOL-Algebra.FiniteProduct
Fin_Map.basis_proj	KEPT	HOL-Probability.Fin_Map
Fin_Map.Pi\<^sub>F	KEPT	HOL-Probability.Fin_Map
Filter.prod_filter	KEPT	HOL.Filter
Filter.filtercomap	KEPT	HOL.Filter
Fields.field_class	class_pred	HOL.Fields
Fields.class.field	class_infix	HOL.Fields
Ferrack.usubst_rel	concealed	HOL-Decision_Procs.Ferrack
Ferrack.usubst_dom	infra_theory	HOL-Decision_Procs.Ferrack
Ferrack.uset_graph	concealed	HOL-Decision_Procs.Ferrack
Ferrack.simpfm_rel	concealed	HOL-Decision_Procs.Ferrack
Ferrack.simpfm_dom	infra_theory	HOL-Decision_Procs.Ferrack
Ferrack.rlfm_graph	concealed	HOL-Decision_Procs.Ferrack
Ferrack.qfree_sumC	infra_theory	HOL-Decision_Procs.Ferrack
Ferrack.qelim_sumC	infra_theory	HOL-Decision_Procs.Ferrack
Ferrack.prep_graph	concealed	HOL-Decision_Procs.Ferrack
Ferrack.nummul_rel	concealed	HOL-Decision_Procs.Ferrack
Ferrack.nummul_dom	infra_theory	HOL-Decision_Procs.Ferrack
Ferrack.numadd_rel	concealed	HOL-Decision_Procs.Ferrack
Ferrack.numadd_dom	infra_theory	HOL-Decision_Procs.Ferrack
Ferrack.isrlfm_rel	concealed	HOL-Decision_Procs.Ferrack
Ferrack.isrlfm_dom	infra_theory	HOL-Decision_Procs.Ferrack
Ferrack.ismaxcoeff	infra_theory	HOL-Decision_Procs.Ferrack
Ferrack.isatom_rel	concealed	HOL-Decision_Procs.Ferrack
Ferrack.isatom_dom	infra_theory	HOL-Decision_Procs.Ferrack
Ferrack.fm.dtor_fm	concealed	HOL-Decision_Procs.Ferrack
Ferrack.fm.ctor_fm	concealed	HOL-Decision_Procs.Ferrack
Ferrack.fm.case_fm	KEPT	HOL-Decision_Procs.Ferrack
Ferrack.decr_graph	concealed	HOL-Decision_Procs.Ferrack
FSet.linorder.fMin	class_variant	HOL-Library.FSet
FSet.linorder.fMax	class_variant	HOL-Library.FSet
FSet.fset.Abs_fset	abs_rep_name	HOL-Library.FSet
Euler_Criterion.S2	hidden	HOL-Number_Theory.Euler_Criterion
Euler_Criterion.S1	hidden	HOL-Number_Theory.Euler_Criterion
Eratosthenes.sieve	KEPT	HOL-Number_Theory.Eratosthenes
Divisibility.prime	KEPT	HOL-Algebra.Divisibility
Divisibility.islcm	KEPT	HOL-Algebra.Divisibility
Divisibility.isgcd	KEPT	HOL-Algebra.Divisibility
Divisibility.fmset	KEPT	HOL-Algebra.Divisibility
Determinants.trace	KEPT	HOL-Analysis.Determinants
Cycles.least_power	KEPT	HOL-Combinatorics.Cycles
Ctr_Sugar.case_nil	KEPT	HOL.Ctr_Sugar
Ctr_Sugar.case_abs	KEPT	HOL.Ctr_Sugar
Countable.nth_item	KEPT	HOL-Library.Countable
Countable.from_nat	KEPT	HOL-Library.Countable
Cooper.zsplit0_rel	concealed	HOL-Decision_Procs.Cooper
Cooper.zsplit0_dom	infra_theory	HOL-Decision_Procs.Cooper
Cooper.simpnum_rel	concealed	HOL-Decision_Procs.Cooper
Cooper.simpnum_dom	infra_theory	HOL-Decision_Procs.Cooper
Cooper.simpfm_sumC	infra_theory	HOL-Decision_Procs.Cooper
Cooper.qfree_graph	concealed	HOL-Decision_Procs.Cooper
Cooper.qelim_graph	concealed	HOL-Decision_Procs.Cooper
Cooper.plusinf_rel	concealed	HOL-Decision_Procs.Cooper
Cooper.plusinf_dom	infra_theory	HOL-Decision_Procs.Cooper
Cooper.nummul_sumC	infra_theory	HOL-Decision_Procs.Cooper
Cooper.numadd_sumC	infra_theory	HOL-Decision_Procs.Cooper
Cooper.num.rec_num	KEPT	HOL-Decision_Procs.Cooper
Cooper.num.mor_num	concealed	HOL-Decision_Procs.Cooper
Cooper.num.alg_num	concealed	HOL-Decision_Procs.Cooper
Cooper.num.Rep_num	concealed	HOL-Decision_Procs.Cooper
Cooper.num.Abs_num	concealed	HOL-Decision_Procs.Cooper
Cooper.mirror_sumC	infra_theory	HOL-Decision_Procs.Cooper
Cooper.lex_ns_sumC	infra_theory	HOL-Decision_Procs.Cooper
Cooper.iszlfm_sumC	infra_theory	HOL-Decision_Procs.Cooper
Cooper.isatom_sumC	infra_theory	HOL-Decision_Procs.Cooper
Cooper.decrnum_rel	concealed	HOL-Decision_Procs.Cooper
Cooper.decrnum_dom	infra_theory	HOL-Decision_Procs.Cooper
Cooper.\<zeta>_rel	concealed	HOL-Decision_Procs.Cooper
Cooper.\<zeta>_dom	infra_theory	HOL-Decision_Procs.Cooper
Cooper.\<beta>_rel	concealed	HOL-Decision_Procs.Cooper
Cooper.\<beta>_dom	infra_theory	HOL-Decision_Procs.Cooper
Convex.convex_cone	KEPT	HOL-Analysis.Convex
Complex.complex.Re	KEPT	HOL.Complex
Complex.complex.Im	KEPT	HOL.Complex
Code_Test.xml.node	KEPT	HOL-Library.Code_Test
Code_Test.xml.list	KEPT	HOL-Library.Code_Test
Code_Test.xml.Text	KEPT	HOL-Library.Code_Test
Code_Test.xml.Elem	KEPT	HOL-Library.Code_Test
Code_Lazy.pcr_lazy	KEPT	HOL-Library.Code_Lazy
Cayley_Hamilton.XX	KEPT	Cayley_Hamilton.Cayley_Hamilton
Cayley_Hamilton.CC	KEPT	Cayley_Hamilton.Cayley_Hamilton
Binomial.gbinomial	KEPT	HOL.Binomial
Binomial.Incl_Excl	KEPT	HOL.Binomial
Bertrand.psi_odd_2	KEPT	Bertrands_Postulate.Bertrand
Bernoulli.bernpoly	KEPT	Bernoulli.Bernoulli
AbelCoset.a_kernel	KEPT	HOL-Algebra.AbelCoset
AList.compose_sumC	KEPT	HOL-Library.AList
Zorn.subset.chain	KEPT	HOL.Zorn
Zorn.chain_subset	KEPT	HOL.Zorn
Zeckendorf.is_fib	KEPT	Zeckendorf.Zeckendorf
Word.word_reverse	KEPT	HOL-Library.Word
Word.signed.Min.F	KEPT	HOL-Library.Word
Word.signed.Max.F	KEPT	HOL-Library.Word
Word.signed.Least	KEPT	HOL-Library.Word
Wellfounded.wf_on	KEPT	HOL.Wellfounded
Wellfounded.termi	KEPT	HOL.Wellfounded
Urysohn.cfunspace	KEPT	HOL-Analysis.Urysohn
Uprod.rel_commute	KEPT	HOL-Library.Uprod
Uprod.pcr_commute	KEPT	HOL-Library.Uprod
UnivPoly.UP_cring	KEPT	HOL-Algebra.UnivPoly
Tree_Space.treesp	KEPT	HOL-Probability.Tree_Space
Tree.subtrees_rel	concealed	HOL-Library.Tree
Tree.subtrees_dom	KEPT	HOL-Library.Tree
Tree.preorder_rel	concealed	HOL-Library.Tree
Tree.preorder_dom	KEPT	HOL-Library.Tree
Tree.mirror_graph	concealed	HOL-Library.Tree
Tree.inorder_sumC	KEPT	HOL-Library.Tree
Tree.inorder2_rel	concealed	HOL-Library.Tree
Tree.inorder2_dom	KEPT	HOL-Library.Tree
Tree.height_class	class_pred	HOL-Library.Tree
Tree.complete_rel	concealed	HOL-Library.Tree
Tree.complete_dom	KEPT	HOL-Library.Tree
Tree.bst_wrt_sumC	KEPT	HOL-Library.Tree
Transfer.bi_total	internal_prefix	HOL.Transfer
Transcendental.pi	KEPT	HOL.Transcendental
Totient.totatives	KEPT	HOL-Number_Theory.Totient
Sturm_Tarski.sign	KEPT	Sturm_Tarski.Sturm_Tarski
String.cr_literal	KEPT	HOL.String
String.Code.abort	KEPT	HOL.String
Stream.stream_all	KEPT	HOL-Library.Stream
Stream.stream.stl	KEPT	HOL-Library.Stream
Stream.stream.shd	KEPT	HOL-Library.Stream
Stirling.stirling	KEPT	HOL-Combinatorics.Stirling
Stirling.Stirling	KEPT	HOL-Combinatorics.Stirling
Starlike.coplanar	KEPT	HOL-Analysis.Starlike
Square_Matrix.row	KEPT	Cayley_Hamilton.Square_Matrix
Square_Matrix.det	KEPT	Cayley_Hamilton.Square_Matrix
Square_Matrix.col	KEPT	Cayley_Hamilton.Square_Matrix
SPMF.spmf.lub_fun	KEPT	HOL-Probability.SPMF
SPMF.measure_spmf	KEPT	HOL-Probability.SPMF
Rings.dioid_class	class_pred	HOL.Rings
Rings.class.dioid	class_infix	HOL.Rings
Ring_Hom.zero_hom	KEPT	Polynomial_Interpolation.Ring_Hom
Ring_Hom.ring_hom	KEPT	Polynomial_Interpolation.Ring_Hom
Ring_Hom.plus_hom	KEPT	Polynomial_Interpolation.Ring_Hom
Ring_Hom.idom_hom	KEPT	Polynomial_Interpolation.Ring_Hom
Ring.field_axioms	KEPT	HOL-Algebra.Ring
Resultant.mk_poly	KEPT	Algebraic_Numbers.Resultant
Residues.residues	KEPT	HOL-Number_Theory.Residues
Residues.Legendre	KEPT	HOL-Number_Theory.Residues
Relation.trans_on	KEPT	HOL.Relation
Relation.total_on	KEPT	HOL.Relation
Relation.relcompp	KEPT	HOL.Relation
Relation.reflp_on	KEPT	HOL.Relation
Relation.converse	KEPT	HOL.Relation
Relation.asymp_on	KEPT	HOL.Relation
Relation.antisymp	KEPT	HOL.Relation
Rat_Pair.Numi_syn	infra_theory	HOL-Decision_Procs.Rat_Pair
Rat_Pair.Num0_syn	infra_theory	HOL-Decision_Procs.Rat_Pair
RatFPS.ratfps_nth	KEPT	Linear_Recurrences.RatFPS
Rat.valterm_fract	KEPT	HOL.Rat
Random_Pred.union	KEPT	HOL.Random_Pred
Random_Pred.iter'	KEPT	HOL.Random_Pred
Random_Pred.empty	KEPT	HOL.Random_Pred
Random.split_seed	KEPT	HOL.Random
Quotient.rel_conj	KEPT	HOL.Quotient
Quotient.Bex1_rel	KEPT	HOL.Quotient
QuotRing.ring_iso	KEPT	HOL-Algebra.QuotRing
QuotRing.FactRing	KEPT	HOL-Algebra.QuotRing
Product_Type.prod	KEPT	HOL.Product_Type
Product_Type.Pair	KEPT	HOL.Product_Type
Predicate.if_pred	KEPT	HOL.Predicate
Predicate.adjunct	KEPT	HOL.Predicate
Power.power_class	class_pred	HOL.Power
Power.power.power	class_variant	HOL.Power
Polytope.polytope	KEPT	HOL-Analysis.Polytope
Polytope.facet_of	KEPT	HOL-Analysis.Polytope
Polynomial.proots	KEPT	HOL-Computational_Algebra.Polynomial
Polynomial.pderiv	KEPT	HOL-Computational_Algebra.Polynomial
Polynomial.degree	KEPT	HOL-Computational_Algebra.Polynomial
Polynomial.coeffs	KEPT	HOL-Computational_Algebra.Polynomial
Poly_Mapping.mapp	KEPT	HOL-Library.Poly_Mapping
Poly_Mapping.keys	KEPT	HOL-Library.Poly_Mapping
Permutations.sign	KEPT	HOL-Combinatorics.Permutations
Parity.adjust_mod	KEPT	HOL.Parity
Parity.adjust_div	KEPT	HOL.Parity
PMF_Impl.pmf_prob	KEPT	HOL-Probability.PMF_Impl
Orderings.ord.min	class_variant	HOL.Orderings
Orderings.ord.max	class_variant	HOL.Orderings
Order.total_order	KEPT	HOL-Algebra.Order
Order.gorder.more	KEPT	HOL-Algebra.Order
Order.gorder.make	KEPT	HOL-Algebra.Order
Option.option.the	KEPT	HOL.Option
Old_Datatype.usum	KEPT	HOL-Library.Old_Datatype
Old_Datatype.dsum	KEPT	HOL-Library.Old_Datatype
Old_Datatype.Push	KEPT	HOL-Library.Old_Datatype
Old_Datatype.Numb	KEPT	HOL-Library.Old_Datatype
Old_Datatype.Node	KEPT	HOL-Library.Old_Datatype
Old_Datatype.Leaf	KEPT	HOL-Library.Old_Datatype
Old_Datatype.Case	KEPT	HOL-Library.Old_Datatype
Old_Datatype.Atom	KEPT	HOL-Library.Old_Datatype
Numeral_Type.Num0	KEPT	HOL-Library.Numeral_Type
Num.ring_1.iszero	class_variant	HOL.Num
Num.numeral_class	class_pred	HOL.Num
Num.class.numeral	class_infix	HOL.Num
Nitpick.zero_frac	KEPT	HOL.Nitpick
Nitpick.word.Word	KEPT	HOL.Nitpick
Nitpick.wf_wfrec'	KEPT	HOL.Nitpick
Nitpick.plus_frac	KEPT	HOL.Nitpick
Nitpick.norm_frac	KEPT	HOL.Nitpick
Nitpick.less_frac	KEPT	HOL.Nitpick
Multiset.set_mset	KEPT	HOL-Library.Multiset
Multiset.rel_mset	KEPT	HOL-Library.Multiset
Multiset.mset_set	KEPT	HOL-Library.Multiset
Multiset.is_empty	KEPT	HOL-Library.Multiset
Multiset.add_mset	KEPT	HOL-Library.Multiset
Multiset.Min_mset	KEPT	HOL-Library.Multiset
Multiset.Max_mset	KEPT	HOL-Library.Multiset
Monad_Syntax.bind	KEPT	HOL-Library.Monad_Syntax
Missing_List.span	KEPT	Polynomial_Factorization.Missing_List
Metric.semimetric	KEPT	Tarskis_Geometry.Metric
Matrix.update_vec	KEPT	Jordan_Normal_Form.Matrix
Matrix.update_mat	KEPT	Jordan_Normal_Form.Matrix
Matrix.square_mat	KEPT	Jordan_Normal_Form.Matrix
Matrix.orthogonal	KEPT	Jordan_Normal_Form.Matrix
Matrix.monoid_vec	KEPT	Jordan_Normal_Form.Matrix
Matrix.monoid_mat	KEPT	Jordan_Normal_Form.Matrix
Matrix.module_vec	KEPT	Jordan_Normal_Form.Matrix
Matrix.module_mat	KEPT	Jordan_Normal_Form.Matrix
Matrix.mat_of_row	KEPT	Jordan_Normal_Form.Matrix
Matrix.finsum_vec	KEPT	Jordan_Normal_Form.Matrix
Matrix.change_row	KEPT	Jordan_Normal_Form.Matrix
Matrix.append_vec	KEPT	Jordan_Normal_Form.Matrix
Mapping.map_entry	KEPT	HOL-Library.Mapping
MPoly_Type.degree	KEPT	Polynomials.MPoly_Type
MPoly_Type.coeffs	KEPT	Polynomials.MPoly_Type
MIR.zsplit0_graph	concealed	HOL-Decision_Procs.MIR
MIR.split_int_rel	concealed	HOL-Decision_Procs.MIR
MIR.split_int_dom	infra_theory	HOL-Decision_Procs.MIR
MIR.simpnum_graph	concealed	HOL-Decision_Procs.MIR
MIR.simp_num_pair	infra_theory	HOL-Decision_Procs.MIR
MIR.rsplit0_graph	concealed	HOL-Decision_Procs.MIR
MIR.random_aux_fm	concealed	HOL-Decision_Procs.MIR
MIR.plusinf_graph	concealed	HOL-Decision_Procs.MIR
MIR.numgcdh_graph	concealed	HOL-Decision_Procs.MIR
MIR.minusinf_sumC	infra_theory	HOL-Decision_Procs.MIR
MIR.maxcoeff_sumC	infra_theory	HOL-Decision_Procs.MIR
MIR.fm.min_alg_fm	concealed	HOL-Decision_Procs.MIR
MIR.exsplit_graph	concealed	HOL-Decision_Procs.MIR
MIR.disjuncts_rel	concealed	HOL-Decision_Procs.MIR
MIR.disjuncts_dom	infra_theory	HOL-Decision_Procs.MIR
MIR.decrnum_graph	concealed	HOL-Decision_Procs.MIR
MIR.d_\<beta>_rel	concealed	HOL-Decision_Procs.MIR
MIR.d_\<beta>_dom	infra_theory	HOL-Decision_Procs.MIR
MIR.conjuncts_rel	concealed	HOL-Decision_Procs.MIR
MIR.conjuncts_dom	infra_theory	HOL-Decision_Procs.MIR
MIR.check_int_rel	concealed	HOL-Decision_Procs.MIR
MIR.check_int_dom	infra_theory	HOL-Decision_Procs.MIR
MIR.a_\<beta>_rel	concealed	HOL-Decision_Procs.MIR
MIR.a_\<beta>_dom	infra_theory	HOL-Decision_Procs.MIR
MIR.\<zeta>_graph	concealed	HOL-Decision_Procs.MIR
MIR.\<delta>_sumC	infra_theory	HOL-Decision_Procs.MIR
MIR.\<beta>_graph	concealed	HOL-Decision_Procs.MIR
MIR.\<alpha>_sumC	infra_theory	HOL-Decision_Procs.MIR
Lub_Glb.greatestP	KEPT	HOL-Library.Lub_Glb
List.successively	KEPT	HOL.List
List.splice_graph	concealed	HOL.List
List.shuffles_rel	concealed	HOL.List
List.shuffles_dom	KEPT	HOL.List
List.min_list_rel	concealed	HOL.List
List.min_list_dom	KEPT	HOL.List
List.distinct_adj	KEPT	HOL.List
List.arg_min_list	KEPT	HOL.List
Linear_Maps.coord	KEPT	Gauss_Jordan.Linear_Maps
Lazy_Sequence.map	KEPT	HOL.Lazy_Sequence
Lazy_Eval.COMPARE	KEPT	HOL-Real_Asymp.Lazy_Eval
Lattice.meet_pres	KEPT	HOL-Algebra.Lattice
Lattice.join_pres	KEPT	HOL-Algebra.Lattice
Int.ring_1.of_int	class_variant	HOL.Int
Homotopy.starlike	KEPT	HOL-Analysis.Homotopy
Homotopy.Retracts	KEPT	HOL-Analysis.Homotopy
HOL.induct_forall	KEPT	HOL.HOL
HOL.default_class	class_pred	HOL.HOL
Groups.zero_class	class_pred	HOL.Groups
Groups.plus_class	class_pred	HOL.Groups
Group.monoid.mult	KEPT	HOL-Algebra.Group
Group.monoid.more	KEPT	HOL-Algebra.Group
Group.monoid.make	KEPT	HOL-Algebra.Group
Group.comm_monoid	KEPT	HOL-Algebra.Group
Giry_Monad.return	KEPT	HOL-Probability.Giry_Monad
GCD.gcd_nat_graph	concealed	HOL.GCD
GCD.gcd_class.lcm	KEPT	HOL.GCD
GCD.gcd_class.gcd	KEPT	HOL.GCD
GCD.Gcd_class.Lcm	KEPT	HOL.GCD
GCD.Gcd_class.Gcd	KEPT	HOL.GCD
Fun_Def.pair_less	KEPT	HOL.Fun_Def
Float.truncate_up	KEPT	HOL-Library.Float
Float.rapprox_rat	KEPT	HOL-Library.Float
Float.power_up_fl	KEPT	HOL-Library.Float
Float.lapprox_rat	KEPT	HOL-Library.Float
Finite_Set.finite	KEPT	HOL.Finite_Set
Finite_Set.card.F	KEPT	HOL.Finite_Set
Finite_Map.fmpred	KEPT	HOL-Library.Finite_Map
Finite_Map.fmdrop	KEPT	HOL-Library.Finite_Map
Finite_Map.fmdom'	KEPT	HOL-Library.Finite_Map
Finite_Map.fmcomp	KEPT	HOL-Library.Finite_Map
FiniteProduct.LCD	KEPT	HOL-Algebra.FiniteProduct
Fin_Map.finmap_of	KEPT	HOL-Probability.Fin_Map
Filter.rel_filter	KEPT	HOL.Filter
Filter.frequently	KEPT	HOL.Filter
Filter.eventually	KEPT	HOL.Filter
Fib.gen_fib_graph	concealed	HOL-Number_Theory.Fib
Ferrack.uset_sumC	infra_theory	HOL-Decision_Procs.Ferrack
Ferrack.rlfm_sumC	infra_theory	HOL-Decision_Procs.Ferrack
Ferrack.qfree_rel	concealed	HOL-Decision_Procs.Ferrack
Ferrack.qfree_dom	infra_theory	HOL-Decision_Procs.Ferrack
Ferrack.qelim_rel	concealed	HOL-Decision_Procs.Ferrack
Ferrack.qelim_dom	infra_theory	HOL-Decision_Procs.Ferrack
Ferrack.prep_sumC	infra_theory	HOL-Decision_Procs.Ferrack
Ferrack.numbound0	infra_theory	HOL-Decision_Procs.Ferrack
Ferrack.num.Bound	KEPT	HOL-Decision_Procs.Ferrack
Ferrack.not_graph	concealed	HOL-Decision_Procs.Ferrack
Ferrack.fm.rec_fm	KEPT	HOL-Decision_Procs.Ferrack
Ferrack.fm.mor_fm	concealed	HOL-Decision_Procs.Ferrack
Ferrack.fm.alg_fm	concealed	HOL-Decision_Procs.Ferrack
Ferrack.fm.Rep_fm	concealed	HOL-Decision_Procs.Ferrack
Ferrack.fm.Abs_fm	concealed	HOL-Decision_Procs.Ferrack
Ferrack.disjuncts	infra_theory	HOL-Decision_Procs.Ferrack
Ferrack.decr_sumC	infra_theory	HOL-Decision_Procs.Ferrack
FSet.fset_of_list	KEPT	HOL-Library.FSet
Extended_Nat.enat	KEPT	HOL-Library.Extended_Nat
Extended_Nat.eSuc	KEPT	HOL-Library.Extended_Nat
Euler_Criterion.f	hidden	HOL-Number_Theory.Euler_Criterion
Euler_Criterion.P	hidden	HOL-Number_Theory.Euler_Criterion
DirProds.DirProds	KEPT	Finitely_Generated_Abelian_Groups.DirProds
Coset.r_congruent	KEPT	HOL-Algebra.Coset
Cooper.zlfm_graph	concealed	HOL-Decision_Procs.Cooper
Cooper.simpfm_rel	concealed	HOL-Decision_Procs.Cooper
Cooper.simpfm_dom	infra_theory	HOL-Decision_Procs.Cooper
Cooper.qfree_sumC	infra_theory	HOL-Decision_Procs.Cooper
Cooper.qelim_sumC	infra_theory	HOL-Decision_Procs.Cooper
Cooper.prep_graph	concealed	HOL-Decision_Procs.Cooper
Cooper.nummul_rel	concealed	HOL-Decision_Procs.Cooper
Cooper.nummul_dom	infra_theory	HOL-Decision_Procs.Cooper
Cooper.numadd_rel	concealed	HOL-Decision_Procs.Cooper
Cooper.numadd_dom	infra_theory	HOL-Decision_Procs.Cooper
Cooper.mirror_rel	concealed	HOL-Decision_Procs.Cooper
Cooper.mirror_dom	infra_theory	HOL-Decision_Procs.Cooper
Cooper.lex_ns_rel	concealed	HOL-Decision_Procs.Cooper
Cooper.lex_ns_dom	infra_theory	HOL-Decision_Procs.Cooper
Cooper.iszlfm_rel	concealed	HOL-Decision_Procs.Cooper
Cooper.iszlfm_dom	infra_theory	HOL-Decision_Procs.Cooper
Cooper.isatom_rel	concealed	HOL-Decision_Procs.Cooper
Cooper.isatom_dom	infra_theory	HOL-Decision_Procs.Cooper
Cooper.fm.dtor_fm	concealed	HOL-Decision_Procs.Cooper
Cooper.fm.ctor_fm	concealed	HOL-Decision_Procs.Cooper
Cooper.fm.case_fm	KEPT	HOL-Decision_Procs.Cooper
Cooper.fm.NClosed	KEPT	HOL-Decision_Procs.Cooper
Cooper.decr_graph	concealed	HOL-Decision_Procs.Cooper
Cooper.d_\<delta>	infra_theory	HOL-Decision_Procs.Cooper
Cooper.bnds_graph	concealed	HOL-Decision_Procs.Cooper
Convex.concave_on	KEPT	HOL-Analysis.Convex
Congruence.set_eq	KEPT	HOL-Algebra.Congruence
Congruence.not_eq	KEPT	HOL-Algebra.Congruence
Cones.conesegment	KEPT	Ordinary_Differential_Equations.Cones
Code_Test.xml.XYX	KEPT	HOL-Library.Code_Test
Code_Lazy.cr_lazy	KEPT	HOL-Library.Code_Lazy
Cayley_Hamilton.X	KEPT	Cayley_Hamilton.Cayley_Hamilton
Cayley_Hamilton.C	KEPT	Cayley_Hamilton.Cayley_Hamilton
Catalan_Numbers.I	hidden	Catalan_Numbers.Catalan_Numbers
Binomial.binomial	KEPT	HOL.Binomial
Bertrand.psi_even	KEPT	Bertrands_Postulate.Bertrand
Bell_Numbers.Bell	KEPT	Bell_Numbers_Spivey.Bell_Numbers
Algebra_Aux.m_div	infra_theory	HOL-Decision_Procs.Algebra_Aux
AbelCoset.set_add	KEPT	HOL-Algebra.AbelCoset
AList.map_default	KEPT	HOL-Library.AList
AList.compose_rel	concealed	HOL-Library.AList
AList.compose_dom	KEPT	HOL-Library.AList
Zorn.pred_on.suc	KEPT	HOL.Zorn
Zorn.pred_on.Peq	KEPT	HOL.Zorn
Zorn.init_seg_of	KEPT	HOL.Zorn
Word.word_of_nat	KEPT	HOL-Library.Word
Word.word_of_int	KEPT	HOL-Library.Word
Word.target_size	KEPT	HOL-Library.Word
Word.source_size	KEPT	HOL-Library.Word
Word.signed_cast	KEPT	HOL-Library.Word
Word.signed.sort	KEPT	HOL-Library.Word
Word.signed.mono	KEPT	HOL-Library.Word
Wellfounded.accp	KEPT	HOL.Wellfounded
Utility.max_list	KEPT	Matrix.Utility
Urysohn.funspace	KEPT	HOL-Analysis.Urysohn
Uprod.cr_commute	KEPT	HOL-Library.Uprod
Uprod.case_uprod	KEPT	HOL-Library.Uprod
UnivPoly.UP_ring	KEPT	HOL-Algebra.UnivPoly
Tree_Space.trees	KEPT	HOL-Probability.Tree_Space
Tree.size1_graph	concealed	HOL-Library.Tree
Tree.mirror_sumC	KEPT	HOL-Library.Tree
Tree.inorder_rel	concealed	HOL-Library.Tree
Tree.inorder_dom	KEPT	HOL-Library.Tree
Tree.bst_wrt_rel	concealed	HOL-Library.Tree
Tree.bst_wrt_dom	KEPT	HOL-Library.Tree
Sum_Type.sum.isl	adt_record	HOL.Sum_Type
Sum_Type.map_sum	KEPT	HOL.Sum_Type
Sum_Type.Inr_Rep	KEPT	HOL.Sum_Type
Sum_Type.Inl_Rep	KEPT	HOL.Sum_Type
Sublist.suffixes	KEPT	HOL-Library.Sublist
Sublist.sublists	KEPT	HOL-Library.Sublist
Sublist.prefixes	KEPT	HOL-Library.Sublist
Sublist.parallel	KEPT	HOL-Library.Sublist
Sublist.list_emb	KEPT	HOL-Library.Sublist
Sturm_Tarski.taq	KEPT	Sturm_Tarski.Sturm_Tarski
String.char.Char	KEPT	HOL.String
State_Monad.bind	KEPT	HOL-Library.State_Monad
Sinc_Integral.Si	KEPT	HOL-Probability.Sinc_Integral
Set.is_singleton	KEPT	HOL.Set
SPMF.weight_spmf	KEPT	HOL-Probability.SPMF
SPMF.spmf_of_set	KEPT	HOL-Probability.SPMF
SPMF.spmf_of_pmf	KEPT	HOL-Probability.SPMF
SPMF.spmf.le_fun	KEPT	HOL-Probability.SPMF
SPMF.return_spmf	KEPT	HOL-Probability.SPMF
SPMF.assert_spmf	KEPT	HOL-Probability.SPMF
Rref.is_zero_row	KEPT	Gauss_Jordan.Rref
Rings.ring_class	class_pred	HOL.Rings
Rings.idom_class	class_pred	HOL.Rings
Rings.class.ring	class_infix	HOL.Rings
Rings.class.idom	class_infix	HOL.Rings
Ring_Hom.one_hom	KEPT	Polynomial_Interpolation.Ring_Hom
Ring.ring_axioms	KEPT	HOL-Algebra.Ring
Ring.ring.fields	KEPT	HOL-Algebra.Ring
Ring.ring.extend	KEPT	HOL-Algebra.Ring
Residues.QuadRes	KEPT	HOL-Number_Theory.Residues
Relation.symp_on	KEPT	HOL.Relation
Relation.relcomp	KEPT	HOL.Relation
Relation.refl_on	KEPT	HOL.Relation
Relation.irreflp	KEPT	HOL.Relation
Relation.asym_on	KEPT	HOL.Relation
Relation.antisym	KEPT	HOL.Relation
Relation.Domainp	KEPT	HOL.Relation
Real.real_of_rat	KEPT	HOL.Real
Real.real_of_nat	KEPT	HOL.Real
Real.real_of_int	KEPT	HOL.Real
Rat_Pair.normNum	infra_theory	HOL-Decision_Procs.Rat_Pair
RatFPS.numerator	KEPT	Linear_Recurrences.RatFPS
RatFPS.cr_ratfps	KEPT	Linear_Recurrences.RatFPS
Random_Pred.iter	KEPT	HOL.Random_Pred
Random_Pred.bind	KEPT	HOL.Random_Pred
Random.log_graph	concealed	HOL.Random
Random.inc_shift	KEPT	HOL.Random
Ramsey.partn_lst	KEPT	HOL-Library.Ramsey
Pure.conjunction	KEPT	Pure
Predicate.single	KEPT	HOL.Predicate
Predicate.member	KEPT	HOL.Predicate
Polytope.simplex	KEPT	HOL-Analysis.Polytope
Polytope.face_of	KEPT	HOL-Analysis.Polytope
Polytope.edge_of	KEPT	HOL-Analysis.Polytope
Polynomial.smult	KEPT	HOL-Computational_Algebra.Polynomial
Polynomial.pCons	KEPT	HOL-Computational_Algebra.Polynomial
Polynomial.order	KEPT	HOL-Computational_Algebra.Polynomial
Polynomial.monom	KEPT	HOL-Computational_Algebra.Polynomial
Polynomial.cCons	KEPT	HOL-Computational_Algebra.Polynomial
Poly_Mapping.nth	KEPT	HOL-Library.Poly_Mapping
Poly_Mapping.map	KEPT	HOL-Library.Poly_Mapping
Perm.cycle_graph	concealed	HOL-Combinatorics.Perm
Order.inv_gorder	KEPT	HOL-Algebra.Order
Order.idempotent	KEPT	HOL-Algebra.Order
Orbits.cyclic_on	KEPT	HOL-Combinatorics.Orbits
Old_Datatype.Lim	KEPT	HOL-Library.Old_Datatype
Old_Datatype.In1	KEPT	HOL-Library.Old_Datatype
Old_Datatype.In0	KEPT	HOL-Library.Old_Datatype
Nunchaku.rmember	KEPT	HOL.Nunchaku
Num.pred_numeral	KEPT	HOL.Num
Num.num.size_num	adt_record	HOL.Num
Num.num.dtor_num	concealed	HOL.Num
Num.num.ctor_num	concealed	HOL.Num
Num.num.case_num	KEPT	HOL.Num
Nitpick.wf_wfrec	KEPT	HOL.Nitpick
Nitpick.safe_The	KEPT	HOL.Nitpick
Nitpick.one_frac	KEPT	HOL.Nitpick
Nitpick.Rep_Frac	abs_rep_name	HOL.Nitpick
Nitpick.Abs_Frac	abs_rep_name	HOL.Nitpick
Nat.nat.case_nat	KEPT	HOL.Nat
Multiset.msetify	KEPT	HOL-Library.Multiset
Multiset.ms_weak	KEPT	HOL-Library.Multiset
Modules.additive	KEPT	HOL.Modules
Module.submodule	KEPT	HOL-Algebra.Module
Metric.norm_dist	KEPT	Tarskis_Geometry.Metric
Matrix.vec_index	KEPT	Jordan_Normal_Form.Matrix
Matrix.vec_first	KEPT	Jordan_Normal_Form.Matrix
Matrix.unit_vecs	KEPT	Jordan_Normal_Form.Matrix
Matrix.undef_vec	KEPT	Jordan_Normal_Form.Matrix
Matrix.undef_mat	KEPT	Jordan_Normal_Form.Matrix
Matrix.smult_vec	KEPT	Jordan_Normal_Form.Matrix
Matrix.smult_mat	KEPT	Jordan_Normal_Form.Matrix
Matrix.index_mat	KEPT	Jordan_Normal_Form.Matrix
Mapping.tabulate	KEPT	HOL-Library.Mapping
Mapping.of_alist	KEPT	HOL-Library.Mapping
Mapping.is_empty	KEPT	HOL-Library.Mapping
Mapping.bulkload	KEPT	HOL-Library.Mapping
Map.restrict_map	KEPT	HOL.Map
MPoly_Type.smult	KEPT	Polynomials.MPoly_Type
MPoly_Type.monom	KEPT	Polynomials.MPoly_Type
MPoly_Type.coeff	KEPT	Polynomials.MPoly_Type
MPoly_Type.Const	KEPT	Polynomials.MPoly_Type
MIR.zsplit0_sumC	infra_theory	HOL-Decision_Procs.MIR
MIR.simpnum_sumC	infra_theory	HOL-Decision_Procs.MIR
MIR.simpfm_graph	concealed	HOL-Decision_Procs.MIR
MIR.rsplit0_sumC	infra_theory	HOL-Decision_Procs.MIR
MIR.reducecoeffh	infra_theory	HOL-Decision_Procs.MIR
MIR.plusinf_sumC	infra_theory	HOL-Decision_Procs.MIR
MIR.nummul_graph	concealed	HOL-Decision_Procs.MIR
MIR.numgcdh_sumC	infra_theory	HOL-Decision_Procs.MIR
MIR.num.dtor_num	concealed	HOL-Decision_Procs.MIR
MIR.num.ctor_num	concealed	HOL-Decision_Procs.MIR
MIR.num.case_num	KEPT	HOL-Decision_Procs.MIR
MIR.mirror_graph	concealed	HOL-Decision_Procs.MIR
MIR.minusinf_rel	concealed	HOL-Decision_Procs.MIR
MIR.minusinf_dom	infra_theory	HOL-Decision_Procs.MIR
MIR.maxcoeff_rel	concealed	HOL-Decision_Procs.MIR
MIR.maxcoeff_dom	infra_theory	HOL-Decision_Procs.MIR
MIR.lex_ns_graph	concealed	HOL-Decision_Procs.MIR
MIR.iszlfm_graph	concealed	HOL-Decision_Procs.MIR
MIR.isrlfm_graph	concealed	HOL-Decision_Procs.MIR
MIR.isatom_graph	concealed	HOL-Decision_Procs.MIR
MIR.exsplit_sumC	infra_theory	HOL-Decision_Procs.MIR
MIR.decrnum_sumC	infra_theory	HOL-Decision_Procs.MIR
MIR.\<zeta>_sumC	infra_theory	HOL-Decision_Procs.MIR
MIR.\<rho>_graph	concealed	HOL-Decision_Procs.MIR
MIR.\<delta>_rel	concealed	HOL-Decision_Procs.MIR
MIR.\<delta>_dom	infra_theory	HOL-Decision_Procs.MIR
MIR.\<beta>_sumC	infra_theory	HOL-Decision_Procs.MIR
MIR.\<alpha>_rel	concealed	HOL-Decision_Procs.MIR
MIR.\<alpha>_dom	infra_theory	HOL-Decision_Procs.MIR
Log_Nat.floorlog	KEPT	HOL-Library.Log_Nat
Log_Nat.ceillog2	KEPT	HOL-Library.Log_Nat
List_Index.index	KEPT	List-Index.List_Index
ListVector.scale	KEPT	HOL-Library.ListVector
ListVector.iprod	KEPT	HOL-Library.ListVector
List.trancl_list	KEPT	HOL.List
List.splice_sumC	KEPT	HOL.List
List.remdups_adj	KEPT	HOL.List
List.ord.lexordp	class_variant	HOL.List
List.map_tailrec	KEPT	HOL.List
List.list_update	KEPT	HOL.List
Lifting.Respects	internal_prefix	HOL.Lifting
Lifting.Quotient	internal_prefix	HOL.Lifting
Lazy_LList.force	KEPT	Coinductive.Lazy_LList
Lattice.LEAST_FP	KEPT	HOL-Algebra.Lattice
IntRing.int_ring	KEPT	HOL-Algebra.IntRing
Ideal.primeideal	KEPT	HOL-Algebra.Ideal
Homotopy.locally	KEPT	HOL-Analysis.Homotopy
HOL.simp_implies	KEPT	HOL.HOL
HOL.induct_false	KEPT	HOL.HOL
HOL.induct_equal	KEPT	HOL.HOL
Groups.sgn_class	class_pred	HOL.Groups
Groups.semigroup	KEPT	HOL.Groups
Groups.one_class	class_pred	HOL.Groups
Groups.abs_class	class_pred	HOL.Groups
Group.monoid.one	KEPT	HOL-Algebra.Group
Group.comm_group	KEPT	HOL-Algebra.Group
Gamma_Function.S	hidden	HOL-Analysis.Gamma_Function
GCD.gcd_nat_sumC	KEPT	HOL.GCD
FuncSet.restrict	KEPT	HOL-Library.FuncSet
Fun_Def.pair_leq	KEPT	HOL.Fun_Def
Fun_Def.min_weak	KEPT	HOL.Fun_Def
Fun_Def.max_weak	KEPT	HOL.Fun_Def
Fun.the_inv_into	KEPT	HOL.Fun
Fourier.cx_polyp	KEPT	Fourier.Fourier
Float.round_down	KEPT	HOL-Library.Float
Float.power_down	KEPT	HOL-Library.Float
Float.mod_twopow	KEPT	HOL-Library.Float
Float.float_down	KEPT	HOL-Library.Float
Float.float_divr	KEPT	HOL-Library.Float
Float.float_divl	KEPT	HOL-Library.Float
Float.div_twopow	KEPT	HOL-Library.Float
Finite_Map.fmupd	KEPT	HOL-Library.Finite_Map
Finite_Map.fmran	KEPT	HOL-Library.Finite_Map
Finite_Map.fmdom	KEPT	HOL-Library.Finite_Map
Finite_Map.fmadd	KEPT	HOL-Library.Finite_Map
Filter.principal	KEPT	HOL.Filter
Filter.is_filter	KEPT	HOL.Filter
Filter.filtermap	KEPT	HOL.Filter
Filter.filterlim	KEPT	HOL.Filter
Fib.gen_fib_sumC	KEPT	HOL-Number_Theory.Fib
Ferrack.uset_rel	concealed	HOL-Decision_Procs.Ferrack
Ferrack.uset_dom	infra_theory	HOL-Decision_Procs.Ferrack
Ferrack.rlfm_rel	concealed	HOL-Decision_Procs.Ferrack
Ferrack.rlfm_dom	infra_theory	HOL-Decision_Procs.Ferrack
Ferrack.prep_rel	concealed	HOL-Decision_Procs.Ferrack
Ferrack.prep_dom	infra_theory	HOL-Decision_Procs.Ferrack
Ferrack.not_sumC	infra_theory	HOL-Decision_Procs.Ferrack
Ferrack.minusinf	infra_theory	HOL-Decision_Procs.Ferrack
Ferrack.maxcoeff	infra_theory	HOL-Decision_Procs.Ferrack
Ferrack.decr_rel	concealed	HOL-Decision_Procs.Ferrack
Ferrack.decr_dom	infra_theory	HOL-Decision_Procs.Ferrack
Factorials.ffact	KEPT	Discrete_Summation.Factorials
FSigma.gdelta_in	KEPT	HOL-Analysis.FSigma
FSigma.fsigma_in	KEPT	HOL-Analysis.FSigma
FSet.not_fmember	KEPT	HOL-Library.FSet
Enum.all_n_lists	KEPT	HOL.Enum
Determinants.det	KEPT	HOL-Analysis.Determinants
Derivative.deriv	KEPT	HOL-Analysis.Derivative
Countable.to_nat	KEPT	HOL-Library.Countable
Coset.normal_rel	KEPT	HOL-Algebra.Coset
Cooper.zlfm_sumC	infra_theory	HOL-Decision_Procs.Cooper
Cooper.qfree_rel	concealed	HOL-Decision_Procs.Cooper
Cooper.qfree_dom	infra_theory	HOL-Decision_Procs.Cooper
Cooper.qelim_rel	concealed	HOL-Decision_Procs.Cooper
Cooper.qelim_dom	infra_theory	HOL-Decision_Procs.Cooper
Cooper.prep_sumC	infra_theory	HOL-Decision_Procs.Cooper
Cooper.numsubst0	infra_theory	HOL-Decision_Procs.Cooper
Cooper.numbound0	infra_theory	HOL-Decision_Procs.Cooper
Cooper.num.Bound	KEPT	HOL-Decision_Procs.Cooper
Cooper.not_graph	concealed	HOL-Decision_Procs.Cooper
Cooper.fm.rec_fm	KEPT	HOL-Decision_Procs.Cooper
Cooper.fm.mor_fm	concealed	HOL-Decision_Procs.Cooper
Cooper.fm.alg_fm	concealed	HOL-Decision_Procs.Cooper
Cooper.fm.Rep_fm	concealed	HOL-Decision_Procs.Cooper
Cooper.fm.Closed	KEPT	HOL-Decision_Procs.Cooper
Cooper.fm.Abs_fm	concealed	HOL-Decision_Procs.Cooper
Cooper.disjuncts	infra_theory	HOL-Decision_Procs.Cooper
Cooper.decr_sumC	infra_theory	HOL-Decision_Procs.Cooper
Cooper.d_\<beta>	infra_theory	HOL-Decision_Procs.Cooper
Cooper.bnds_sumC	infra_theory	HOL-Decision_Procs.Cooper
Cooper.a_\<beta>	infra_theory	HOL-Decision_Procs.Cooper
Convex.convex_on	KEPT	HOL-Analysis.Convex
Code_Test.xml.XY	KEPT	HOL-Library.Code_Test
Code_Numeral.sub	KEPT	HOL.Code_Numeral
Code_Numeral.dup	KEPT	HOL.Code_Numeral
Code_Numeral.Suc	KEPT	HOL.Code_Numeral
Code_Numeral.Pos	KEPT	HOL.Code_Numeral
Code_Numeral.Neg	KEPT	HOL.Code_Numeral
Code_Numeral.Nat	KEPT	HOL.Code_Numeral
Bertrand.psi_odd	KEPT	Bertrands_Postulate.Bertrand
Basic_BNFs.sndsp	KEPT	HOL.Basic_BNFs
Basic_BNFs.setrp	KEPT	HOL.Basic_BNFs
Basic_BNFs.setlp	KEPT	HOL.Basic_BNFs
Basic_BNFs.fstsp	KEPT	HOL.Basic_BNFs
BNF_Def.vimage2p	internal_prefix	HOL.BNF_Def
BF_Misc.fcompose	KEPT	Budan_Fourier.BF_Misc
AList.delete_aux	KEPT	HOL-Library.AList
Zorn.subset.suc	KEPT	HOL.Zorn
Zorn.subset.Peq	KEPT	HOL.Zorn
Z2.bit.case_bit	KEPT	HOL-Library.Z2
Word.word_split	KEPT	HOL-Library.Word
Word.word_sless	KEPT	HOL-Library.Word
Word.signed.min	KEPT	HOL-Library.Word
Word.signed.max	KEPT	HOL-Library.Word
Word.signed.Min	KEPT	HOL-Library.Word
Word.signed.Max	KEPT	HOL-Library.Word
Wfrec.wfrec_rel	KEPT	HOL.Wfrec
Wellfounded.wfP	KEPT	HOL.Wellfounded
Wellfounded.acc	KEPT	HOL.Wellfounded
Uprod.upair_inv	hidden	HOL-Library.Uprod
Uprod.set_uprod	KEPT	HOL-Library.Uprod
Uprod.rep_uprod	KEPT	HOL-Library.Uprod
Uprod.rel_uprod	KEPT	HOL-Library.Uprod
Uprod.pcr_uprod	quotient_typedef	HOL-Library.Uprod
Uprod.not_equal	KEPT	HOL-Library.Uprod
Uprod.map_uprod	KEPT	HOL-Library.Uprod
Uprod.abs_uprod	KEPT	HOL-Library.Uprod
Tree.tree.value	KEPT	HOL-Library.Tree
Tree.size1_sumC	KEPT	HOL-Library.Tree
Tree.mirror_rel	concealed	HOL-Library.Tree
Tree.mirror_dom	KEPT	HOL-Library.Tree
Tree.min_height	KEPT	HOL-Library.Tree
Totient.totient	KEPT	HOL-Number_Theory.Totient
Sublist.sublist	KEPT	HOL-Library.Sublist
String.ascii_of	KEPT	HOL.String
String.Literal'	KEPT	HOL.String
Stream.streamsp	KEPT	HOL-Library.Stream
Stream.sproduct	KEPT	HOL-Library.Stream
Stream.siterate	KEPT	HOL-Library.Stream
State_Monad.set	KEPT	HOL-Library.State_Monad
State_Monad.get	KEPT	HOL-Library.State_Monad
Series.summable	KEPT	HOL.Series
SPMF.scale_spmf	KEPT	HOL-Probability.SPMF
SPMF.ord_option	KEPT	HOL-Probability.SPMF
SPMF.lub_option	KEPT	HOL-Probability.SPMF
SPMF.embed_spmf	KEPT	HOL-Probability.SPMF
Rings.dvd_class	class_pred	HOL.Rings
Ring.add_monoid	KEPT	HOL-Algebra.Ring
Relation.transp	KEPT	HOL.Relation
Relation.totalp	KEPT	HOL.Relation
Relation.sym_on	KEPT	HOL.Relation
Relation.irrefl	KEPT	HOL.Relation
Relation.Rangep	KEPT	HOL.Relation
Relation.Domain	KEPT	HOL.Relation
Rat.rat.Rep_rat	quotient_typedef	HOL.Rat
Rat.rat.Abs_rat	quotient_typedef	HOL.Rat
Rat.quotient_of	KEPT	HOL.Rat
Random_Pred.map	KEPT	HOL.Random_Pred
Random.log_sumC	KEPT	HOL.Random
Ramsey.ES_graph	concealed	HOL-Library.Ramsey
Predicate.holds	KEPT	HOL.Predicate
Predicate.apply	KEPT	HOL.Predicate
Polynomial.poly	KEPT	HOL-Computational_Algebra.Polynomial
Polynomial.Poly	KEPT	HOL-Computational_Algebra.Polynomial
Pocklington.ord	KEPT	HOL-Number_Theory.Pocklington
Perm.perm.apply	KEPT	HOL-Combinatorics.Perm
Perm.cycle_sumC	KEPT	HOL-Combinatorics.Perm
Parallel.forall	KEPT	HOL-Library.Parallel
Parallel.exists	KEPT	HOL-Library.Parallel
PMF_Impl.single	KEPT	HOL-Probability.PMF_Impl
PMF_Impl.pmfify	KEPT	HOL-Probability.PMF_Impl
Order.order_emb	KEPT	HOL-Algebra.Order
Order.gorder.le	KEPT	HOL-Algebra.Order
Order.commuting	KEPT	HOL-Algebra.Order
Num.num.rec_num	KEPT	HOL.Num
Num.num.mor_num	concealed	HOL.Num
Num.num.alg_num	concealed	HOL.Num
Num.num.Rep_num	concealed	HOL.Num
Num.num.Abs_num	concealed	HOL.Num
Nitpick.unknown	KEPT	HOL.Nitpick
Nitpick.of_frac	KEPT	HOL.Nitpick
Nitpick.nat_lcm	KEPT	HOL.Nitpick
Nitpick.nat_gcd	KEPT	HOL.Nitpick
Nat.omega_chain	KEPT	HOL.Nat
Nat.nat.Rep_Nat	abs_rep_name	HOL.Nat
Nat.nat.Abs_Nat	abs_rep_name	HOL.Nat
Multiset.wcount	KEPT	HOL-Library.Multiset
Multiset.pw_leq	KEPT	HOL-Library.Multiset
Miscellany.dep2	KEPT	Tarskis_Geometry.Miscellany
Measurable.pred	KEPT	HOL-Analysis.Measurable
Matrix.zero_vec	KEPT	Jordan_Normal_Form.Matrix
Matrix.zero_mat	KEPT	Jordan_Normal_Form.Matrix
Matrix.vec_last	KEPT	Jordan_Normal_Form.Matrix
Matrix.unit_vec	KEPT	Jordan_Normal_Form.Matrix
Matrix.ring_mat	KEPT	Jordan_Normal_Form.Matrix
Matrix.mat_diag	KEPT	Jordan_Normal_Form.Matrix
Matrix.diag_mat	KEPT	Jordan_Normal_Form.Matrix
Mapping.replace	KEPT	HOL-Library.Mapping
Mapping.entries	KEPT	HOL-Library.Mapping
Mapping.default	KEPT	HOL-Library.Mapping
Mapping.combine	KEPT	HOL-Library.Mapping
MPoly_Type.sdiv	KEPT	Polynomials.MPoly_Type
MPoly_Type.pmod	KEPT	Polynomials.MPoly_Type
MPoly_Type.pdiv	KEPT	Polynomials.MPoly_Type
MIR.zsplit0_rel	concealed	HOL-Decision_Procs.MIR
MIR.zsplit0_dom	infra_theory	HOL-Decision_Procs.MIR
MIR.simpnum_rel	concealed	HOL-Decision_Procs.MIR
MIR.simpnum_dom	infra_theory	HOL-Decision_Procs.MIR
MIR.simpfm_sumC	infra_theory	HOL-Decision_Procs.MIR
MIR.rsplit0_rel	concealed	HOL-Decision_Procs.MIR
MIR.rsplit0_dom	infra_theory	HOL-Decision_Procs.MIR
MIR.reducecoeff	infra_theory	HOL-Decision_Procs.MIR
MIR.qfree_graph	concealed	HOL-Decision_Procs.MIR
MIR.qelim_graph	concealed	HOL-Decision_Procs.MIR
MIR.plusinf_rel	concealed	HOL-Decision_Procs.MIR
MIR.plusinf_dom	infra_theory	HOL-Decision_Procs.MIR
MIR.nummul_sumC	infra_theory	HOL-Decision_Procs.MIR
MIR.numgcdh_rel	concealed	HOL-Decision_Procs.MIR
MIR.numgcdh_dom	infra_theory	HOL-Decision_Procs.MIR
MIR.num.rec_num	KEPT	HOL-Decision_Procs.MIR
MIR.num.mor_num	concealed	HOL-Decision_Procs.MIR
MIR.num.alg_num	concealed	HOL-Decision_Procs.MIR
MIR.num.Rep_num	concealed	HOL-Decision_Procs.MIR
MIR.num.Abs_num	concealed	HOL-Decision_Procs.MIR
MIR.nozerocoeff	infra_theory	HOL-Decision_Procs.MIR
MIR.mirror_sumC	infra_theory	HOL-Decision_Procs.MIR
MIR.lex_ns_sumC	infra_theory	HOL-Decision_Procs.MIR
MIR.iszlfm_sumC	infra_theory	HOL-Decision_Procs.MIR
MIR.isrlfm_sumC	infra_theory	HOL-Decision_Procs.MIR
MIR.isatom_sumC	infra_theory	HOL-Decision_Procs.MIR
MIR.exsplit_rel	concealed	HOL-Decision_Procs.MIR
MIR.exsplit_dom	infra_theory	HOL-Decision_Procs.MIR
MIR.dvdnumcoeff	infra_theory	HOL-Decision_Procs.MIR
MIR.decrnum_rel	concealed	HOL-Decision_Procs.MIR
MIR.decrnum_dom	infra_theory	HOL-Decision_Procs.MIR
MIR.\<zeta>_rel	concealed	HOL-Decision_Procs.MIR
MIR.\<zeta>_dom	infra_theory	HOL-Decision_Procs.MIR
MIR.\<rho>_sumC	infra_theory	HOL-Decision_Procs.MIR
MIR.\<beta>_rel	concealed	HOL-Decision_Procs.MIR
MIR.\<beta>_dom	infra_theory	HOL-Decision_Procs.MIR
List.upto_graph	concealed	HOL.List
List.splice_rel	concealed	HOL.List
List.splice_dom	KEPT	HOL.List
List.sorted_wrt	KEPT	HOL.List
List.map_filter	KEPT	HOL.List
List.count_list	KEPT	HOL.List
Lattice.lattice	KEPT	HOL-Algebra.Lattice
Isolated.sparse	KEPT	HOL-Analysis.Isolated
Interval.set_of	KEPT	HOL-Library.Interval
Int.ring_1.Ints	class_variant	HOL.Int
Int.int.Rep_int	quotient_typedef	HOL.Int
Int.int.Abs_int	quotient_typedef	HOL.Int
Ideal.cgenideal	KEPT	HOL-Algebra.Ideal
IArray.tabulate	KEPT	HOL-Library.IArray
HOL.induct_true	KEPT	HOL.HOL
HOL.induct_conj	KEPT	HOL.HOL
HOL.equal_class	internal_prefix	HOL.HOL
HOL.class.equal	class_infix	HOL.HOL
Group.submonoid	KEPT	HOL-Algebra.Group
Group.group_hom	KEPT	HOL-Algebra.Group
Giry_Monad.join	KEPT	HOL-Probability.Giry_Monad
Giry_Monad.bind	KEPT	HOL-Probability.Giry_Monad
GCD.gcd_nat_rel	concealed	HOL.GCD
GCD.gcd_nat_dom	KEPT	HOL.GCD
FuncSet.funcset	KEPT	HOL-Library.FuncSet
FuncSet.compose	KEPT	HOL-Library.FuncSet
Fun.override_on	KEPT	HOL.Fun
Fun.ord.mono_on	class_variant	HOL.Fun
Fun.monotone_on	KEPT	HOL.Fun
Fourier.cx_poly	KEPT	Fourier.Fourier
Flow.c1_on_open	KEPT	Ordinary_Differential_Equations.Flow
Float.real_divr	KEPT	HOL-Library.Float
Float.real_divl	KEPT	HOL-Library.Float
Float.plus_down	KEPT	HOL-Library.Float
Float.pcr_float	KEPT	HOL-Library.Float
Float.normfloat	KEPT	HOL-Library.Float
Finite_Set.fold	KEPT	HOL.Finite_Set
Finite_Set.card	KEPT	HOL.Finite_Set
Finite_Set.Fpow	KEPT	HOL.Finite_Set
Filter.cofinite	KEPT	HOL.Filter
Filter.Inf_many	KEPT	HOL.Filter
Fib.gen_fib_rel	concealed	HOL-Number_Theory.Fib
Fib.gen_fib_dom	KEPT	HOL-Number_Theory.Fib
Ferrack.simpnum	infra_theory	HOL-Decision_Procs.Ferrack
Ferrack.rsplit0	infra_theory	HOL-Decision_Procs.Ferrack
Ferrack.plusinf	infra_theory	HOL-Decision_Procs.Ferrack
Ferrack.numgcdh	infra_theory	HOL-Decision_Procs.Ferrack
Ferrack.num.Sub	KEPT	HOL-Decision_Procs.Ferrack
Ferrack.num.Neg	KEPT	HOL-Decision_Procs.Ferrack
Ferrack.num.Mul	KEPT	HOL-Decision_Procs.Ferrack
Ferrack.num.Add	KEPT	HOL-Decision_Procs.Ferrack
Ferrack.not_rel	concealed	HOL-Decision_Procs.Ferrack
Ferrack.not_dom	infra_theory	HOL-Decision_Procs.Ferrack
Ferrack.ferrack	infra_theory	HOL-Decision_Procs.Ferrack
Ferrack.evaldjf	infra_theory	HOL-Decision_Procs.Ferrack
Ferrack.decrnum	infra_theory	HOL-Decision_Procs.Ferrack
FSet.fsubset_eq	KEPT	HOL-Library.FSet
Enum.ex_n_lists	KEPT	HOL.Enum
Enum.enum_class	class_pred	HOL.Enum
Enum.class.enum	class_infix	HOL.Enum
Dlist.qcr_dlist	KEPT	HOL-Library.Dlist
Dlist.pcr_dlist	KEPT	HOL-Library.Dlist
Dlist.abs_dlist	KEPT	HOL-Library.Dlist
Determinant.det	KEPT	Jordan_Normal_Form.Determinant
Coset.FactGroup	KEPT	HOL-Algebra.Coset
Cooper.zlfm_rel	concealed	HOL-Decision_Procs.Cooper
Cooper.zlfm_dom	infra_theory	HOL-Decision_Procs.Cooper
Cooper.prep_rel	concealed	HOL-Decision_Procs.Cooper
Cooper.prep_dom	infra_theory	HOL-Decision_Procs.Cooper
Cooper.not_sumC	infra_theory	HOL-Decision_Procs.Cooper
Cooper.minusinf	infra_theory	HOL-Decision_Procs.Cooper
Cooper.decr_rel	concealed	HOL-Decision_Procs.Cooper
Cooper.decr_dom	infra_theory	HOL-Decision_Procs.Cooper
Cooper.bnds_rel	concealed	HOL-Decision_Procs.Cooper
Cooper.bnds_dom	infra_theory	HOL-Decision_Procs.Cooper
Cooper.\<delta>	infra_theory	HOL-Decision_Procs.Cooper
Cooper.\<alpha>	infra_theory	HOL-Decision_Procs.Cooper
Convex.epigraph	KEPT	HOL-Analysis.Convex
Congruence.elem	KEPT	HOL-Algebra.Congruence
Confine.confine	KEPT	Fourier.Confine
Cones.conefield	KEPT	Ordinary_Differential_Equations.Cones
Comparator.flat	KEPT	HOL-Library.Comparator
Code_Test.xml.Y	KEPT	HOL-Library.Code_Test
Code_Test.xml.X	KEPT	HOL-Library.Code_Test
Code_Lazy.force	KEPT	HOL-Library.Code_Lazy
Code_Lazy.delay	KEPT	HOL-Library.Code_Lazy
Basic_BNFs.snds	KEPT	HOL.Basic_BNFs
Basic_BNFs.setr	KEPT	HOL.Basic_BNFs
Basic_BNFs.setl	KEPT	HOL.Basic_BNFs
Basic_BNFs.fsts	KEPT	HOL.Basic_BNFs
BNF_Def.rel_sum	KEPT	HOL.BNF_Def
BNF_Def.rel_set	internal_prefix	HOL.BNF_Def
BNF_Def.rel_fun	internal_prefix	HOL.BNF_Def
BNF_Def.csquare	internal_prefix	HOL.BNF_Def
BNF_Def.collect	internal_prefix	HOL.BNF_Def
AList.map_entry	KEPT	HOL-Library.AList
AList.clearjunk	KEPT	HOL-Library.AList
Z2.bit.Rep_bit	abs_rep_name	HOL-Library.Z2
Z2.bit.Abs_bit	abs_rep_name	HOL-Library.Z2
Word.word_succ	KEPT	HOL-Library.Word
Word.word_rotr	KEPT	HOL-Library.Word
Word.word_rotl	KEPT	HOL-Library.Word
Word.word_roti	KEPT	HOL-Library.Word
Word.word_rcat	KEPT	HOL-Library.Word
Word.word_pred	KEPT	HOL-Library.Word
Word.even_word	KEPT	HOL-Library.Word
Wfrec.same_fst	KEPT	HOL.Wfrec
Wellfounded.wf	KEPT	HOL.Wellfounded
Uprod.eq_upair	KEPT	HOL-Library.Uprod
Uprod.cr_uprod	quotient_typedef	HOL-Library.Uprod
UnivPoly.bound	KEPT	HOL-Algebra.UnivPoly
UnivPoly.INTEG	KEPT	HOL-Algebra.UnivPoly
Tree.wbalanced	KEPT	HOL-Library.Tree
Tree.tree.Node	KEPT	HOL-Library.Tree
Tree.tree.Leaf	KEPT	HOL-Library.Tree
Tree.size1_rel	concealed	HOL-Library.Tree
Tree.size1_dom	KEPT	HOL-Library.Tree
Tree.postorder	KEPT	HOL-Library.Tree
Tree.ipl_graph	concealed	HOL-Library.Tree
Tree.acomplete	KEPT	HOL-Library.Tree
Sublist.suffix	KEPT	HOL-Library.Sublist
Sublist.subseq	KEPT	HOL-Library.Sublist
Sublist.prefix	KEPT	HOL-Library.Sublist
String.implode	KEPT	HOL.String
String.Literal	KEPT	HOL.String
Stream.streams	KEPT	HOL-Library.Stream
Stream.smember	KEPT	HOL-Library.Stream
Stream.sfilter	KEPT	HOL-Library.Stream
State_Monad.ap	KEPT	HOL-Library.State_Monad
Set.not_member	KEPT	HOL.Set
Set.can_select	KEPT	HOL.Set
SPMF.pair_spmf	KEPT	HOL-Probability.SPMF
SPMF.mono_spmf	KEPT	HOL-Probability.SPMF
SPMF.cond_spmf	KEPT	HOL-Probability.SPMF
SPMF.coin_spmf	KEPT	HOL-Probability.SPMF
SPMF.bind_spmf	KEPT	HOL-Probability.SPMF
Ring.ring.zero	KEPT	HOL-Algebra.Ring
Ring.ring.more	KEPT	HOL-Algebra.Ring
Ring.ring.make	KEPT	HOL-Algebra.Ring
Relation.trans	KEPT	HOL.Relation
Relation.total	KEPT	HOL.Relation
Relation.reflp	KEPT	HOL.Relation
Relation.asymp	KEPT	HOL.Relation
Relation.Range	KEPT	HOL.Relation
Relation.Image	KEPT	HOL.Relation
Relation.Id_on	KEPT	HOL.Relation
Relation.Field	KEPT	HOL.Relation
Real_Mod.rcong	KEPT	HOL-Library.Real_Mod
Rat.rat_of_nat	KEPT	HOL.Rat
Rat.rat_of_int	KEPT	HOL.Rat
Random.log_rel	concealed	HOL.Random
Random.log_dom	KEPT	HOL.Random
Random.iterate	KEPT	HOL.Random
Ramsey.part_fn	KEPT	HOL-Library.Ramsey
Ramsey.disj_wf	KEPT	HOL-Library.Ramsey
Ramsey.ES_sumC	KEPT	HOL-Library.Ramsey
Primes.pcr_gf2	KEPT	HOL-Computational_Algebra.Primes
Predicate.null	KEPT	HOL.Predicate
Predicate.bind	KEPT	HOL.Predicate
Perm.perm.Perm	KEPT	HOL-Combinatorics.Perm
Perm.cycle_rel	concealed	HOL-Combinatorics.Perm
Perm.cycle_dom	KEPT	HOL-Combinatorics.Perm
Order.greatest	KEPT	HOL-Algebra.Order
Order.Monotone	KEPT	HOL-Algebra.Order
Option.is_none	KEPT	HOL.Option
Num.num_of_nat	KEPT	HOL.Num
Num.nat_of_num	KEPT	HOL.Num
Nitpick.wfrec'	KEPT	HOL.Nitpick
Nat.size_class	class_pred	HOL.Nat
Nat.omega_cont	KEPT	HOL.Nat
Multiset.multp	KEPT	HOL-Library.Multiset
Multiset.mult1	KEPT	HOL-Library.Multiset
Modules.module	KEPT	HOL.Modules
Module.algebra	KEPT	HOL-Algebra.Module
Matrix.vec_set	KEPT	Jordan_Normal_Form.Matrix
Matrix.pow_mat	KEPT	Jordan_Normal_Form.Matrix
Matrix.pcr_vec	KEPT	Jordan_Normal_Form.Matrix
Matrix.pcr_mat	KEPT	Jordan_Normal_Form.Matrix
Matrix.one_mat	KEPT	Jordan_Normal_Form.Matrix
Matrix.map_vec	KEPT	Jordan_Normal_Form.Matrix
Matrix.map_mat	KEPT	Jordan_Normal_Form.Matrix
Matrix.dim_vec	KEPT	Jordan_Normal_Form.Matrix
Matrix.dim_row	KEPT	Jordan_Normal_Form.Matrix
Matrix.dim_col	KEPT	Jordan_Normal_Form.Matrix
Mapping.update	KEPT	HOL-Library.Mapping
Mapping.lookup	KEPT	HOL-Library.Mapping
Mapping.filter	KEPT	HOL-Library.Mapping
Mapping.delete	KEPT	HOL-Library.Mapping
MPoly_Type.Var	KEPT	Polynomials.MPoly_Type
MIR.zlfm_graph	concealed	HOL-Decision_Procs.MIR
MIR.simpfm_rel	concealed	HOL-Decision_Procs.MIR
MIR.simpfm_dom	infra_theory	HOL-Decision_Procs.MIR
MIR.rlfm_graph	concealed	HOL-Decision_Procs.MIR
MIR.qfree_sumC	infra_theory	HOL-Decision_Procs.MIR
MIR.qelim_sumC	infra_theory	HOL-Decision_Procs.MIR
MIR.prep_graph	concealed	HOL-Decision_Procs.MIR
MIR.nummul_rel	concealed	HOL-Decision_Procs.MIR
MIR.nummul_dom	infra_theory	HOL-Decision_Procs.MIR
MIR.mirror_rel	concealed	HOL-Decision_Procs.MIR
MIR.mirror_dom	infra_theory	HOL-Decision_Procs.MIR
MIR.lex_ns_rel	concealed	HOL-Decision_Procs.MIR
MIR.lex_ns_dom	infra_theory	HOL-Decision_Procs.MIR
MIR.iszlfm_rel	concealed	HOL-Decision_Procs.MIR
MIR.iszlfm_dom	infra_theory	HOL-Decision_Procs.MIR
MIR.isrlfm_rel	concealed	HOL-Decision_Procs.MIR
MIR.isrlfm_dom	infra_theory	HOL-Decision_Procs.MIR
MIR.ismaxcoeff	infra_theory	HOL-Decision_Procs.MIR
MIR.isatom_rel	concealed	HOL-Decision_Procs.MIR
MIR.isatom_dom	infra_theory	HOL-Decision_Procs.MIR
MIR.fm.dtor_fm	concealed	HOL-Decision_Procs.MIR
MIR.fm.ctor_fm	concealed	HOL-Decision_Procs.MIR
MIR.fm.case_fm	KEPT	HOL-Decision_Procs.MIR
MIR.exsplitnum	infra_theory	HOL-Decision_Procs.MIR
MIR.decr_graph	concealed	HOL-Decision_Procs.MIR
MIR.d_\<delta>	infra_theory	HOL-Decision_Procs.MIR
MIR.bnds_graph	concealed	HOL-Decision_Procs.MIR
MIR.\<upsilon>	infra_theory	HOL-Decision_Procs.MIR
MIR.\<rho>_rel	concealed	HOL-Decision_Procs.MIR
MIR.\<rho>_dom	infra_theory	HOL-Decision_Procs.MIR
MIR.\<Upsilon>	infra_theory	HOL-Decision_Procs.MIR
Lub_Glb.leastP	KEPT	HOL-Library.Lub_Glb
Log_Nat.bitlen	KEPT	HOL-Library.Log_Nat
List.upto_sumC	KEPT	HOL.List
List.transpose	KEPT	HOL.List
List.takeWhile	KEPT	HOL.List
List.replicate	KEPT	HOL.List
List.removeAll	KEPT	HOL.List
List.partition	KEPT	HOL.List
List.listrel1p	KEPT	HOL.List
List.list.Cons	KEPT	HOL.List
List.enumerate	KEPT	HOL.List
List.dropWhile	KEPT	HOL.List
Limits.isUCont	KEPT	HOL.Limits
L2_Norm.L2_set	KEPT	HOL-Analysis.L2_Norm
Interval.width	KEPT	HOL-Library.Interval
Interval.upper	KEPT	HOL-Library.Interval
Interval.lower	KEPT	HOL-Library.Interval
Ideal.genideal	KEPT	HOL-Algebra.Ideal
IArray.list_of	KEPT	HOL-Library.IArray
IArray.length'	KEPT	HOL-Library.IArray
HOL.type_class	class_pred	HOL.HOL
HOL.ASSUMPTION	KEPT	HOL.HOL
Group.units_of	KEPT	HOL-Algebra.Group
Group.subgroup	KEPT	HOL-Algebra.Group
GCD.bezw_graph	concealed	HOL.GCD
Fun_Def.in_rel	KEPT	HOL.Fun_Def
Fun.order.mono	class_variant	HOL.Fun
Float.round_up	KEPT	HOL-Library.Float
Float.power_up	KEPT	HOL-Library.Float
Float.mantissa	KEPT	HOL-Library.Float
Float.floor_fl	KEPT	HOL-Library.Float
Float.float_up	KEPT	HOL-Library.Float
Float.exponent	KEPT	HOL-Library.Float
Float.cr_float	KEPT	HOL-Library.Float
Fin_Map.domain	KEPT	HOL-Probability.Fin_Map
Filter.Alm_all	KEPT	HOL.Filter
Ferrack.usubst	infra_theory	HOL-Decision_Procs.Ferrack
Ferrack.simpfm	infra_theory	HOL-Decision_Procs.Ferrack
Ferrack.numsub	infra_theory	HOL-Decision_Procs.Ferrack
Ferrack.numneg	infra_theory	HOL-Decision_Procs.Ferrack
Ferrack.nummul	infra_theory	HOL-Decision_Procs.Ferrack
Ferrack.numgcd	infra_theory	HOL-Decision_Procs.Ferrack
Ferrack.numadd	infra_theory	HOL-Decision_Procs.Ferrack
Ferrack.num.CN	KEPT	HOL-Decision_Procs.Ferrack
Ferrack.linrqe	infra_theory	HOL-Decision_Procs.Ferrack
Ferrack.isrlfm	infra_theory	HOL-Decision_Procs.Ferrack
Ferrack.isatom	infra_theory	HOL-Decision_Procs.Ferrack
Ferrack.fm.Not	KEPT	HOL-Decision_Procs.Ferrack
Ferrack.fm.NEq	KEPT	HOL-Decision_Procs.Ferrack
Ferrack.fm.Imp	KEPT	HOL-Decision_Procs.Ferrack
Ferrack.fm.Iff	KEPT	HOL-Decision_Procs.Ferrack
Ferrack.fm.And	KEPT	HOL-Decision_Procs.Ferrack
Ferrack.bound0	infra_theory	HOL-Decision_Procs.Ferrack
FSet.size_fset	KEPT	HOL-Library.FSet
FSet.fthe_elem	KEPT	HOL-Library.FSet
FSet.fset.fset	KEPT	HOL-Library.FSet
Enum.card_UNIV	KEPT	HOL.Enum
Dlist.dlist_eq	KEPT	HOL-Library.Dlist
Dlist.cr_dlist	KEPT	HOL-Library.Dlist
Debug.flushing	KEPT	HOL-Library.Debug
Cycles.support	KEPT	HOL-Combinatorics.Cycles
Coset.set_mult	KEPT	HOL-Algebra.Coset
Cooper.zsplit0	infra_theory	HOL-Decision_Procs.Cooper
Cooper.simpnum	infra_theory	HOL-Decision_Procs.Cooper
Cooper.plusinf	infra_theory	HOL-Decision_Procs.Cooper
Cooper.num.Sub	KEPT	HOL-Decision_Procs.Cooper
Cooper.num.Neg	KEPT	HOL-Decision_Procs.Cooper
Cooper.num.Mul	KEPT	HOL-Decision_Procs.Cooper
Cooper.num.Add	KEPT	HOL-Decision_Procs.Cooper
Cooper.not_rel	concealed	HOL-Decision_Procs.Cooper
Cooper.not_dom	infra_theory	HOL-Decision_Procs.Cooper
Cooper.lex_bnd	infra_theory	HOL-Decision_Procs.Cooper
Cooper.fm.NDvd	KEPT	HOL-Decision_Procs.Cooper
Cooper.evaldjf	infra_theory	HOL-Decision_Procs.Cooper
Cooper.decrnum	infra_theory	HOL-Decision_Procs.Cooper
Cooper.\<zeta>	infra_theory	HOL-Decision_Procs.Cooper
Cooper.\<beta>	infra_theory	HOL-Decision_Procs.Cooper
Comparator.key	KEPT	HOL-Library.Comparator
Bertrand.theta	KEPT	Bertrands_Postulate.Bertrand
BNF_Def.eq_onp	internal_prefix	HOL.BNF_Def
BNF_Def.convol	internal_prefix	HOL.BNF_Def
BNF_Corec.cong	KEPT	HOL-Library.BNF_Corec
BF_Misc.proots	KEPT	Budan_Fourier.BF_Misc
Affine.aff_dim	KEPT	HOL-Analysis.Affine
AList.restrict	KEPT	HOL-Library.AList
Word.word_sle	KEPT	HOL-Library.Word
Word.word_rec	KEPT	HOL-Library.Word
Word.word_cat	KEPT	HOL-Library.Word
Word.pcr_word	quotient_typedef	HOL-Library.Word
UnivPoly.eval	KEPT	HOL-Algebra.UnivPoly
Tree.subtrees	KEPT	HOL-Library.Tree
Tree.preorder	KEPT	HOL-Library.Tree
Tree.ipl_sumC	KEPT	HOL-Library.Tree
Tree.inorder2	KEPT	HOL-Library.Tree
Tree.complete	KEPT	HOL-Library.Tree
Tarski.tarski	KEPT	Tarskis_Geometry.Tarski
Sum_Type.Sumr	KEPT	HOL.Sum_Type
Sum_Type.Suml	KEPT	HOL.Sum_Type
Sum_Type.Plus	KEPT	HOL.Sum_Type
Stream.smerge	KEPT	HOL-Library.Stream
Stream.sconst	KEPT	HOL-Library.Stream
Set.supset_eq	KEPT	HOL.Set
Set.subset_eq	KEPT	HOL.Set
Series.suminf	KEPT	HOL.Series
Saturated.Sat	KEPT	HOL-Library.Saturated
SPMF.try_spmf	KEPT	HOL-Probability.SPMF
SPMF.set_spmf	KEPT	HOL-Probability.SPMF
SPMF.rel_spmf	KEPT	HOL-Probability.SPMF
SPMF.rel_pred	KEPT	HOL-Probability.SPMF
SPMF.ord_spmf	KEPT	HOL-Probability.SPMF
SPMF.map_spmf	KEPT	HOL-Probability.SPMF
SPMF.lub_spmf	KEPT	HOL-Probability.SPMF
SMT.Symb_Cons	KEPT	HOL.SMT
Rings.dvd.dvd	class_variant	HOL.Rings
Ring.semiring	KEPT	HOL-Algebra.Ring
Ring.ring_hom	KEPT	HOL-Algebra.Ring
Ring.ring.add	KEPT	HOL-Algebra.Ring
Relation.symp	KEPT	HOL.Relation
Relation.refl	KEPT	HOL.Relation
Relation.asym	KEPT	HOL.Relation
Relation.Powp	KEPT	HOL.Relation
Real_Mod.rmod	KEPT	HOL-Library.Real_Mod
Real.vanishes	KEPT	HOL.Real
Real.rep_real	KEPT	HOL.Real
Real.positive	KEPT	HOL.Real
Real.pcr_real	quotient_typedef	HOL.Real
Rat_Pair.Nsub	infra_theory	HOL-Decision_Procs.Rat_Pair
Rat_Pair.Nneg	infra_theory	HOL-Decision_Procs.Rat_Pair
Rat_Pair.Nmul	infra_theory	HOL-Decision_Procs.Rat_Pair
Rat_Pair.Nlt0	infra_theory	HOL-Decision_Procs.Rat_Pair
Rat_Pair.Nle0	infra_theory	HOL-Decision_Procs.Rat_Pair
Rat_Pair.Ninv	infra_theory	HOL-Decision_Procs.Rat_Pair
Rat_Pair.Ngt0	infra_theory	HOL-Decision_Procs.Rat_Pair
Rat_Pair.Nge0	infra_theory	HOL-Decision_Procs.Rat_Pair
Rat_Pair.Ndiv	infra_theory	HOL-Decision_Procs.Rat_Pair
Rat_Pair.Nadd	infra_theory	HOL-Decision_Procs.Rat_Pair
Rat_Pair.INum	infra_theory	HOL-Decision_Procs.Rat_Pair
Rat.normalize	KEPT	HOL.Rat
Rank.row_rank	KEPT	Gauss_Jordan.Rank
Rank.col_rank	KEPT	Gauss_Jordan.Rank
Random.select	KEPT	HOL.Random
Ramsey.clique	KEPT	HOL-Library.Ramsey
Ramsey.choice	KEPT	HOL-Library.Ramsey
Ramsey.ES_rel	concealed	HOL-Library.Ramsey
Ramsey.ES_dom	KEPT	HOL-Library.Ramsey
Quotient.Babs	KEPT	HOL.Quotient
Pure.MinProof	KEPT	Pure
Primes.cr_gf2	KEPT	HOL-Computational_Algebra.Primes
Predicate.the	KEPT	HOL.Predicate
Predicate.map	KEPT	HOL.Predicate
Predicate.Seq	KEPT	HOL.Predicate
Perm.pcr_perm	KEPT	HOL-Combinatorics.Perm
Perm.affected	KEPT	HOL-Combinatorics.Perm
Parallel.join	KEPT	HOL-Library.Parallel
Order.isotone	KEPT	HOL-Algebra.Order
Orbits.orbitp	KEPT	HOL-Combinatorics.Orbits
Nitpick.refl'	KEPT	HOL.Nitpick
Nitpick.denom	KEPT	HOL.Nitpick
Nitpick.card'	KEPT	HOL.Nitpick
Nitpick.bisim	KEPT	HOL.Nitpick
Multiset.mult	KEPT	HOL-Library.Multiset
Multiset.mset	KEPT	HOL-Library.Multiset
Multiset.Ball	KEPT	HOL-Library.Multiset
Module.module	KEPT	HOL-Algebra.Module
Metric.metric	KEPT	Tarskis_Geometry.Metric
Matrix.mk_vec	KEPT	Jordan_Normal_Form.Matrix
Matrix.mk_mat	KEPT	Jordan_Normal_Form.Matrix
Matrix.cr_vec	KEPT	Jordan_Normal_Form.Matrix
Matrix.cr_mat	KEPT	Jordan_Normal_Form.Matrix
Mapping.empty	KEPT	HOL-Library.Mapping
MIR.zlfm_sumC	infra_theory	HOL-Decision_Procs.MIR
MIR.split_int	infra_theory	HOL-Decision_Procs.MIR
MIR.rlfm_sumC	infra_theory	HOL-Decision_Procs.MIR
MIR.qfree_rel	concealed	HOL-Decision_Procs.MIR
MIR.qfree_dom	infra_theory	HOL-Decision_Procs.MIR
MIR.qelim_rel	concealed	HOL-Decision_Procs.MIR
MIR.qelim_dom	infra_theory	HOL-Decision_Procs.MIR
MIR.prep_sumC	infra_theory	HOL-Decision_Procs.MIR
MIR.numsubst0	infra_theory	HOL-Decision_Procs.MIR
MIR.numbound0	infra_theory	HOL-Decision_Procs.MIR
MIR.num.Floor	KEPT	HOL-Decision_Procs.MIR
MIR.num.Bound	KEPT	HOL-Decision_Procs.MIR
MIR.not_graph	concealed	HOL-Decision_Procs.MIR
MIR.list_conj	infra_theory	HOL-Decision_Procs.MIR
MIR.fm.rec_fm	KEPT	HOL-Decision_Procs.MIR
MIR.fm.mor_fm	concealed	HOL-Decision_Procs.MIR
MIR.fm.alg_fm	concealed	HOL-Decision_Procs.MIR
MIR.fm.Rep_fm	concealed	HOL-Decision_Procs.MIR
MIR.fm.Abs_fm	concealed	HOL-Decision_Procs.MIR
MIR.ferrack01	infra_theory	HOL-Decision_Procs.MIR
MIR.disjuncts	infra_theory	HOL-Decision_Procs.MIR
MIR.decr_sumC	infra_theory	HOL-Decision_Procs.MIR
MIR.d_\<beta>	infra_theory	HOL-Decision_Procs.MIR
MIR.conjuncts	infra_theory	HOL-Decision_Procs.MIR
MIR.check_int	infra_theory	HOL-Decision_Procs.MIR
MIR.bnds_sumC	infra_theory	HOL-Decision_Procs.MIR
MIR.a_\<beta>	infra_theory	HOL-Decision_Procs.MIR
Lub_Glb.setle	KEPT	HOL-Library.Lub_Glb
Lub_Glb.setge	KEPT	HOL-Library.Lub_Glb
Lub_Glb.isLub	KEPT	HOL-Library.Lub_Glb
Lub_Glb.isGlb	KEPT	HOL-Library.Lub_Glb
Lspace.lspace	KEPT	Fourier.Lspace
List.upto_rel	concealed	HOL.List
List.upto_dom	KEPT	HOL.List
List.upto_aux	KEPT	HOL.List
List.superset	KEPT	HOL.List
List.shuffles	KEPT	HOL.List
List.set_Cons	KEPT	HOL.List
List.min_list	KEPT	HOL.List
List.measures	KEPT	HOL.List
List.listrelp	KEPT	HOL.List
List.listrel1	KEPT	HOL.List
List.list_ex1	KEPT	HOL.List
List.list.set	KEPT	HOL.List
List.list.map	KEPT	HOL.List
List.list.Nil	KEPT	HOL.List
List.distinct	KEPT	HOL.List
IntRing.ZFact	KEPT	HOL-Algebra.IntRing
Int.power_int	KEPT	HOL.Int
Int.Rep_Integ	abs_rep_name	HOL.Int
Int.Abs_Integ	abs_rep_name	HOL.Int
IArray.of_fun	KEPT	HOL-Library.IArray
IArray.length	KEPT	HOL-Library.IArray
IArray.exists	KEPT	HOL-Library.IArray
HOL.undefined	KEPT	HOL.HOL
HOL.not_equal	KEPT	HOL.HOL
Groups.monoid	KEPT	HOL.Groups
Group.DirProd	KEPT	HOL-Algebra.Group
Gauss.GAUSS.F	KEPT	HOL-Number_Theory.Gauss
Gauss.GAUSS.E	KEPT	HOL-Number_Theory.Gauss
Gauss.GAUSS.D	KEPT	HOL-Number_Theory.Gauss
Gauss.GAUSS.C	KEPT	HOL-Number_Theory.Gauss
Gauss.GAUSS.B	KEPT	HOL-Number_Theory.Gauss
Gauss.GAUSS.A	KEPT	HOL-Number_Theory.Gauss
GCD.gcd_class	class_pred	HOL.GCD
GCD.bezw_sumC	KEPT	HOL.GCD
GCD.Gcd_class	class_pred	HOL.GCD
Float.plus_up	KEPT	HOL-Library.Float
Filter.at_top	KEPT	HOL.Filter
Filter.at_bot	KEPT	HOL.Filter
Fib.fib_graph	concealed	HOL-Number_Theory.Fib
Ferrack.qfree	infra_theory	HOL-Decision_Procs.Ferrack
Ferrack.qelim	infra_theory	HOL-Decision_Procs.Ferrack
Ferrack.num.C	KEPT	HOL-Decision_Procs.Ferrack
Ferrack.fm.Or	KEPT	HOL-Decision_Procs.Ferrack
Ferrack.fm.Lt	KEPT	HOL-Decision_Procs.Ferrack
Ferrack.fm.Le	KEPT	HOL-Decision_Procs.Ferrack
Ferrack.fm.Gt	KEPT	HOL-Decision_Procs.Ferrack
Ferrack.fm.Ge	KEPT	HOL-Decision_Procs.Ferrack
Ferrack.fm.Eq	KEPT	HOL-Decision_Procs.Ferrack
FSet.rel_fset	KEPT	HOL-Library.FSet
FSet.pcr_fset	KEPT	HOL-Library.FSet
Enum.enum_the	KEPT	HOL.Enum
Debug.tracing	KEPT	HOL-Library.Debug
Cross3.cross3	KEPT	HOL-Analysis.Cross3
Coset.r_coset	KEPT	HOL-Algebra.Coset
Coset.l_coset	KEPT	HOL-Algebra.Coset
Coset.flatten	KEPT	HOL-Algebra.Coset
Coset.SET_INV	KEPT	HOL-Algebra.Coset
Coset.RCOSETS	KEPT	HOL-Algebra.Coset
Cooper.subst0	infra_theory	HOL-Decision_Procs.Cooper
Cooper.simpfm	infra_theory	HOL-Decision_Procs.Cooper
Cooper.numsub	infra_theory	HOL-Decision_Procs.Cooper
Cooper.numneg	infra_theory	HOL-Decision_Procs.Cooper
Cooper.nummul	infra_theory	HOL-Decision_Procs.Cooper
Cooper.numadd	infra_theory	HOL-Decision_Procs.Cooper
Cooper.num.CN	KEPT	HOL-Decision_Procs.Cooper
Cooper.mirror	infra_theory	HOL-Decision_Procs.Cooper
Cooper.lex_ns	infra_theory	HOL-Decision_Procs.Cooper
Cooper.iszlfm	infra_theory	HOL-Decision_Procs.Cooper
Cooper.isatom	infra_theory	HOL-Decision_Procs.Cooper
Cooper.fm.Not	KEPT	HOL-Decision_Procs.Cooper
Cooper.fm.NEq	KEPT	HOL-Decision_Procs.Cooper
Cooper.fm.Imp	KEPT	HOL-Decision_Procs.Cooper
Cooper.fm.Iff	KEPT	HOL-Decision_Procs.Cooper
Cooper.fm.Dvd	KEPT	HOL-Decision_Procs.Cooper
Cooper.fm.And	KEPT	HOL-Decision_Procs.Cooper
Cooper.cooper	infra_theory	HOL-Decision_Procs.Cooper
Cooper.bound0	infra_theory	HOL-Decision_Procs.Cooper
Convex.convex	KEPT	HOL-Analysis.Convex
Cones.conemem	KEPT	Ordinary_Differential_Equations.Cones
Complex.csqrt	KEPT	HOL.Complex
BNF_Def.sndOp	internal_prefix	HOL.BNF_Def
BNF_Def.fstOp	internal_prefix	HOL.BNF_Def
Angles.vangle	KEPT	Triangle.Angles
Affine.affine	KEPT	HOL-Analysis.Affine
AList.updates	KEPT	HOL-Library.AList
AList.map_ran	KEPT	HOL-Library.AList
AList.compose	KEPT	HOL-Library.AList
Word.the_nat	KEPT	HOL-Library.Word
Word.the_int	KEPT	HOL-Library.Word
Word.revcast	KEPT	HOL-Library.Word
Word.is_down	KEPT	HOL-Library.Word
Word.cr_word	quotient_typedef	HOL-Library.Word
Wfrec.adm_wf	KEPT	HOL.Wfrec
UnivPoly.deg	KEPT	HOL-Algebra.UnivPoly
Tree.ipl_rel	concealed	HOL-Library.Tree
Tree.ipl_dom	KEPT	HOL-Library.Tree
Tree.inorder	KEPT	HOL-Library.Tree
Tree.bst_wrt	KEPT	HOL-Library.Tree
Transfer.Rel	internal_prefix	HOL.Transfer
Sum_Type.sum	KEPT	HOL.Sum_Type
Sum_Type.Inr	KEPT	HOL.Sum_Type
Sum_Type.Inl	KEPT	HOL.Sum_Type
Stream.stake	KEPT	HOL-Library.Stream
Stream.smap2	KEPT	HOL-Library.Stream
Stream.shift	KEPT	HOL-Library.Stream
Stream.sdrop	KEPT	HOL-Library.Stream
Stream.fromN	KEPT	HOL-Library.Stream
Stream.cycle	KEPT	HOL-Library.Stream
Set.the_elem	KEPT	HOL.Set
Set.sym_diff	KEPT	HOL.Set
Set.pairwise	KEPT	HOL.Set
Set.is_empty	KEPT	HOL.Set
SMT.Symb_Nil	KEPT	HOL.SMT
Ring.add_pow	KEPT	HOL-Algebra.Ring
Ring.a_minus	KEPT	HOL-Algebra.Ring
Retracts.ENR	KEPT	HOL-Analysis.Retracts
Retracts.ANR	KEPT	HOL-Analysis.Retracts
Relation.sym	KEPT	HOL.Relation
Real.realrel	KEPT	HOL.Real
Real.cr_real	quotient_typedef	HOL.Real
Real.Ratreal	KEPT	HOL.Real
Rat_Pair.Nlt	infra_theory	HOL-Decision_Procs.Rat_Pair
Rat_Pair.Nle	infra_theory	HOL-Decision_Procs.Rat_Pair
Rat.positive	KEPT	HOL.Rat
Random.range	KEPT	HOL.Random
Ramsey.partn	KEPT	HOL-Library.Ramsey
Ramsey.nsets	KEPT	HOL-Library.Ramsey
Ramsey.indep	KEPT	HOL-Library.Ramsey
Predicate.eq	KEPT	HOL.Predicate
Perm.cr_perm	KEPT	HOL-Combinatorics.Perm
Parallel.map	KEPT	HOL-Library.Parallel
Order.is_lub	KEPT	HOL-Algebra.Order
Order.is_glb	KEPT	HOL-Algebra.Order
Order.bottom	KEPT	HOL-Algebra.Order
Orbits.orbit	KEPT	HOL-Combinatorics.Orbits
Option.these	KEPT	HOL.Option
Num.num.Bit1	KEPT	HOL.Num
Num.num.Bit0	KEPT	HOL.Num
NthRoot.sqrt	KEPT	HOL.NthRoot
NthRoot.root	KEPT	HOL.NthRoot
Nitpick.sum'	KEPT	HOL.Nitpick
Nitpick.prod	KEPT	HOL.Nitpick
Nitpick.frac	KEPT	HOL.Nitpick
Nitpick.Quot	KEPT	HOL.Nitpick
Nitpick.Frac	KEPT	HOL.Nitpick
Nat.nat.pred	KEPT	HOL.Nat
Nat.compower	KEPT	HOL.Nat
Nat.Zero_Rep	KEPT	HOL.Nat
NList.nlists	KEPT	HOL-Library.NList
Multiset.Bex	KEPT	HOL-Library.Multiset
Metis.select	KEPT	HOL.Metis
Metis.lambda	KEPT	HOL.Metis
Meson.skolem	KEPT	HOL.Meson
Matrix.vCons	KEPT	Jordan_Normal_Form.Matrix
Mapping.size	KEPT	HOL-Library.Mapping
Mapping.keys	KEPT	HOL-Library.Mapping
Mapping.fold	KEPT	HOL-Library.Mapping
Map.map_upds	KEPT	HOL.Map
Map.map_comp	KEPT	HOL.Map
MIR.zlfm_rel	concealed	HOL-Decision_Procs.MIR
MIR.zlfm_dom	infra_theory	HOL-Decision_Procs.MIR
MIR.rlfm_rel	concealed	HOL-Decision_Procs.MIR
MIR.rlfm_dom	infra_theory	HOL-Decision_Procs.MIR
MIR.problem4	infra_theory	HOL-Decision_Procs.MIR
MIR.problem3	infra_theory	HOL-Decision_Procs.MIR
MIR.problem2	infra_theory	HOL-Decision_Procs.MIR
MIR.problem1	infra_theory	HOL-Decision_Procs.MIR
MIR.prep_rel	concealed	HOL-Decision_Procs.MIR
MIR.prep_dom	infra_theory	HOL-Decision_Procs.MIR
MIR.numfloor	infra_theory	HOL-Decision_Procs.MIR
MIR.not_sumC	infra_theory	HOL-Decision_Procs.MIR
MIR.mirlfrqe	infra_theory	HOL-Decision_Procs.MIR
MIR.mircfrqe	infra_theory	HOL-Decision_Procs.MIR
MIR.minusinf	infra_theory	HOL-Decision_Procs.MIR
MIR.maxcoeff	infra_theory	HOL-Decision_Procs.MIR
MIR.decr_rel	concealed	HOL-Decision_Procs.MIR
MIR.decr_dom	infra_theory	HOL-Decision_Procs.MIR
MIR.bnds_rel	concealed	HOL-Decision_Procs.MIR
MIR.bnds_dom	infra_theory	HOL-Decision_Procs.MIR
MIR.\<sigma>	infra_theory	HOL-Decision_Procs.MIR
MIR.\<delta>	infra_theory	HOL-Decision_Procs.MIR
MIR.\<alpha>	infra_theory	HOL-Decision_Procs.MIR
Lub_Glb.isUb	KEPT	HOL-Library.Lub_Glb
Lub_Glb.isLb	KEPT	HOL-Library.Lub_Glb
List.subseqs	KEPT	HOL.List
List.rotate1	KEPT	HOL.List
List.remove1	KEPT	HOL.List
List.remdups	KEPT	HOL.List
List.product	KEPT	HOL.List
List.n_lists	KEPT	HOL.List
List.listset	KEPT	HOL.List
List.listrel	KEPT	HOL.List
List.list_ex	KEPT	HOL.List
List.list.tl	KEPT	HOL.List
List.list.hd	KEPT	HOL.List
List.lexordp	KEPT	HOL.List
List.extract	KEPT	HOL.List
List.butlast	KEPT	HOL.List
List.ListMem	KEPT	HOL.List
Lattice.supr	KEPT	HOL-Algebra.Lattice
Lattice.meet	KEPT	HOL-Algebra.Lattice
Lattice.join	KEPT	HOL-Algebra.Lattice
Lattice.infi	KEPT	HOL-Algebra.Lattice
Interval.Ivl	KEPT	HOL-Library.Interval
IntRing.ZMod	KEPT	HOL-Algebra.IntRing
HOL.Trueprop	KEPT	HOL.HOL
HOL.NO_MATCH	KEPT	HOL.HOL
Groups.group	KEPT	HOL.Groups
Group.monoid	KEPT	HOL-Algebra.Group
Group.is_iso	KEPT	HOL-Algebra.Group
GCD.bezw_rel	concealed	HOL.GCD
GCD.bezw_dom	KEPT	HOL.GCD
Fun.monotone	KEPT	HOL.Fun
Fun.bij_betw	KEPT	HOL.Fun
Fin_Map.proj	KEPT	HOL-Probability.Fin_Map
Fib.fib_sumC	KEPT	HOL-Number_Theory.Fib
Ferrack.uset	infra_theory	HOL-Decision_Procs.Ferrack
Ferrack.rlfm	infra_theory	HOL-Decision_Procs.Ferrack
Ferrack.prep	infra_theory	HOL-Decision_Procs.Ferrack
Ferrack.fm.T	KEPT	HOL-Decision_Procs.Ferrack
Ferrack.fm.F	KEPT	HOL-Decision_Procs.Ferrack
Ferrack.fm.E	KEPT	HOL-Decision_Procs.Ferrack
Ferrack.fm.A	KEPT	HOL-Decision_Procs.Ferrack
Ferrack.disj	infra_theory	HOL-Decision_Procs.Ferrack
Ferrack.decr	infra_theory	HOL-Decision_Procs.Ferrack
Ferrack.conj	infra_theory	HOL-Decision_Procs.Ferrack
Ferrack.Inum	infra_theory	HOL-Decision_Procs.Ferrack
FSet.fuminus	KEPT	HOL-Library.FSet
FSet.fsubset	KEPT	HOL-Library.FSet
FSet.fmember	KEPT	HOL-Library.FSet
FSet.finsert	KEPT	HOL-Library.FSet
FSet.ffilter	KEPT	HOL-Library.FSet
FSet.ffUnion	KEPT	HOL-Library.FSet
FSet.cr_fset	KEPT	HOL-Library.FSet
Dlist.rotate	KEPT	HOL-Library.Dlist
Dlist.remove	KEPT	HOL-Library.Dlist
Dlist.member	KEPT	HOL-Library.Dlist
Dlist.length	KEPT	HOL-Library.Dlist
Dlist.insert	KEPT	HOL-Library.Dlist
Dlist.filter	KEPT	HOL-Library.Dlist
Dlist.double	KEPT	HOL-Library.Dlist
Deriv.FDERIV	KEPT	HOL.Deriv
Debug.timing	KEPT	HOL-Library.Debug
Cycles.cycle	KEPT	HOL-Combinatorics.Cycles
Coset.normal	KEPT	HOL-Algebra.Coset
Coset.kernel	KEPT	HOL-Algebra.Coset
Cooper.qfree	infra_theory	HOL-Decision_Procs.Cooper
Cooper.qelim	infra_theory	HOL-Decision_Procs.Cooper
Cooper.num.C	KEPT	HOL-Decision_Procs.Cooper
Cooper.fm.Or	KEPT	HOL-Decision_Procs.Cooper
Cooper.fm.Lt	KEPT	HOL-Decision_Procs.Cooper
Cooper.fm.Le	KEPT	HOL-Decision_Procs.Cooper
Cooper.fm.Gt	KEPT	HOL-Decision_Procs.Cooper
Cooper.fm.Ge	KEPT	HOL-Decision_Procs.Cooper
Cooper.fm.Eq	KEPT	HOL-Decision_Procs.Cooper
Convex.conic	KEPT	HOL-Analysis.Convex
Complex.rcis	KEPT	HOL.Complex
Complex.cmod	KEPT	HOL.Complex
Bertrand.psi	KEPT	Bertrands_Postulate.Bertrand
Angles.angle	KEPT	Triangle.Angles
ATP.fimplies	internal_prefix	HOL.ATP
AList.update	KEPT	HOL-Library.AList
AList.delete	KEPT	HOL-Library.AList
Zorn.chains	KEPT	HOL.Zorn
Zorn.Chains	KEPT	HOL.Zorn
Word.slice1	KEPT	HOL-Library.Word
Word.of_nat	KEPT	HOL-Library.Word
Word.of_int	KEPT	HOL-Library.Word
Wfrec.wfrec	KEPT	HOL.Wfrec
Uprod.Upair	KEPT	HOL-Library.Uprod
UnivPoly.up	KEPT	HOL-Algebra.UnivPoly
UnivPoly.UP	KEPT	HOL-Algebra.UnivPoly
Tree.mirror	KEPT	HOL-Library.Tree
Stream.szip	KEPT	HOL-Library.Stream
Stream.snth	KEPT	HOL-Library.Stream
Stream.nats	KEPT	HOL-Library.Stream
Stream.flat	KEPT	HOL-Library.Stream
Set.Collect	KEPT	HOL.Set
Series.sums	KEPT	HOL.Series
SMT.trigger	KEPT	HOL.SMT
SMT.fun_app	KEPT	HOL.SMT
Ring.finsum	KEPT	HOL-Algebra.Ring
Ring.domain	KEPT	HOL-Algebra.Ring
Retracts.AR	KEPT	HOL-Analysis.Retracts
Relation.Id	KEPT	HOL.Relation
Record.repr	KEPT	HOL.Record
Record.abst	KEPT	HOL.Record
Real.cauchy	KEPT	HOL.Real
Rat.pcr_rat	quotient_typedef	HOL.Rat
Rat.Rep_Rat	abs_rep_name	HOL.Rat
Rat.Abs_Rat	abs_rep_name	HOL.Rat
Random.pick	KEPT	HOL.Random
Random.next	KEPT	HOL.Random
Pure.PClass	KEPT	Pure
Pure.Oracle	KEPT	Pure
Order.lless	KEPT	HOL-Algebra.Order
Order.least	KEPT	HOL-Algebra.Order
Order.Upper	KEPT	HOL-Algebra.Order
Order.Lower	KEPT	HOL-Algebra.Order
Option.bind	KEPT	HOL.Option
Num.num.One	KEPT	HOL.Num
Nitpick.wf'	KEPT	HOL.Nitpick
Nitpick.num	KEPT	HOL.Nitpick
Nat.rec_nat	KEPT	HOL.Nat
Nat.Suc_Rep	KEPT	HOL.Nat
Meson.COMBS	KEPT	HOL.Meson
Meson.COMBK	KEPT	HOL.Meson
Meson.COMBI	KEPT	HOL.Meson
Meson.COMBC	KEPT	HOL.Meson
Meson.COMBB	KEPT	HOL.Meson
Matrix.vNil	KEPT	Jordan_Normal_Form.Matrix
Matrix.rows	KEPT	Jordan_Normal_Form.Matrix
Matrix.cols	KEPT	Jordan_Normal_Form.Matrix
Mapping.map	KEPT	HOL-Library.Mapping
Map.map_add	KEPT	HOL.Map
MIR.zsplit0	infra_theory	HOL-Decision_Procs.MIR
MIR.simpnum	infra_theory	HOL-Decision_Procs.MIR
MIR.simpdvd	infra_theory	HOL-Decision_Procs.MIR
MIR.rsplit0	infra_theory	HOL-Decision_Procs.MIR
MIR.redlove	infra_theory	HOL-Decision_Procs.MIR
MIR.plusinf	infra_theory	HOL-Decision_Procs.MIR
MIR.numgcdh	infra_theory	HOL-Decision_Procs.MIR
MIR.num.Sub	KEPT	HOL-Decision_Procs.MIR
MIR.num.Neg	KEPT	HOL-Decision_Procs.MIR
MIR.num.Mul	KEPT	HOL-Decision_Procs.MIR
MIR.num.Add	KEPT	HOL-Decision_Procs.MIR
MIR.not_rel	concealed	HOL-Decision_Procs.MIR
MIR.not_dom	infra_theory	HOL-Decision_Procs.MIR
MIR.lex_bnd	infra_theory	HOL-Decision_Procs.MIR
MIR.fm.NDvd	KEPT	HOL-Decision_Procs.MIR
MIR.exsplit	infra_theory	HOL-Decision_Procs.MIR
MIR.evaldjf	infra_theory	HOL-Decision_Procs.MIR
MIR.decrnum	infra_theory	HOL-Decision_Procs.MIR
MIR.chooset	infra_theory	HOL-Decision_Procs.MIR
MIR.\<zeta>	infra_theory	HOL-Decision_Procs.MIR
MIR.\<beta>	infra_theory	HOL-Decision_Procs.MIR
Lub_Glb.ubs	KEPT	HOL-Library.Lub_Glb
Lub_Glb.lbs	KEPT	HOL-Library.Lub_Glb
Lp.Lp_space	KEPT	Lp.Lp
List.splice	KEPT	HOL.List
List.rotate	KEPT	HOL.List
List.member	KEPT	HOL.List
List.listsp	KEPT	HOL.List
List.lexord	KEPT	HOL.List
List.lenlex	KEPT	HOL.List
List.length	KEPT	HOL.List
List.insert	KEPT	HOL.List
List.filter	KEPT	HOL.List
List.concat	KEPT	HOL.List
List.append	KEPT	HOL.List
Limits.Zfun	KEPT	HOL.Limits
Limits.Bseq	KEPT	HOL.Limits
Limits.Bfun	KEPT	HOL.Limits
Lifting.POS	internal_prefix	HOL.Lifting
Lifting.NEG	internal_prefix	HOL.Lifting
Lattice.sup	KEPT	HOL-Algebra.Lattice
Lattice.inf	KEPT	HOL-Algebra.Lattice
Int.pcr_int	quotient_typedef	HOL.Int
Ideal.ideal	KEPT	HOL-Algebra.Ideal
IArray.sub'	KEPT	HOL-Library.IArray
HOL.implies	KEPT	HOL.HOL
Group.m_inv	KEPT	HOL-Algebra.Group
Group.group	KEPT	HOL-Algebra.Group
Group.Units	KEPT	HOL-Algebra.Group
Gauss.GAUSS	KEPT	HOL-Number_Theory.Gauss
FuncSet.PiE	KEPT	HOL-Library.FuncSet
Fun.the_inv	KEPT	HOL.Fun
Fun.map_fun	KEPT	HOL.Fun
Fun.fun_upd	KEPT	HOL.Fun
Float.float	KEPT	HOL-Library.Float
Float.Float	KEPT	HOL-Library.Float
Fin_Map.PiF	KEPT	HOL-Probability.Fin_Map
Fin_Map.Pi'	KEPT	HOL-Probability.Fin_Map
Fib.gen_fib	KEPT	HOL-Number_Theory.Fib
Fib.fib_rel	concealed	HOL-Number_Theory.Fib
Fib.fib_dom	KEPT	HOL-Number_Theory.Fib
Ferrack.not	infra_theory	HOL-Decision_Procs.Ferrack
Ferrack.neq	infra_theory	HOL-Decision_Procs.Ferrack
Ferrack.imp	infra_theory	HOL-Decision_Procs.Ferrack
Ferrack.iff	infra_theory	HOL-Decision_Procs.Ferrack
Ferrack.djf	infra_theory	HOL-Decision_Procs.Ferrack
Ferrack.Ifm	infra_theory	HOL-Decision_Procs.Ferrack
FSet.funion	KEPT	HOL-Library.FSet
FSet.fminus	KEPT	HOL-Library.FSet
FSet.finter	KEPT	HOL-Library.FSet
FSet.fimage	KEPT	HOL-Library.FSet
FSet.fempty	KEPT	HOL-Library.FSet
Dlist.foldr	KEPT	HOL-Library.Dlist
Dlist.empty	KEPT	HOL-Library.Dlist
Dlist.Dlist	KEPT	HOL-Library.Dlist
Deriv.DERIV	KEPT	HOL.Deriv
Debug.trace	KEPT	HOL-Library.Debug
Debug.flush	KEPT	HOL-Library.Debug
Coset.order	KEPT	HOL-Algebra.Coset
Cooper.zlfm	infra_theory	HOL-Decision_Procs.Cooper
Cooper.unit	infra_theory	HOL-Decision_Procs.Cooper
Cooper.prep	infra_theory	HOL-Decision_Procs.Cooper
Cooper.fm.T	KEPT	HOL-Decision_Procs.Cooper
Cooper.fm.F	KEPT	HOL-Decision_Procs.Cooper
Cooper.fm.E	KEPT	HOL-Decision_Procs.Cooper
Cooper.fm.A	KEPT	HOL-Decision_Procs.Cooper
Cooper.disj	infra_theory	HOL-Decision_Procs.Cooper
Cooper.decr	infra_theory	HOL-Decision_Procs.Cooper
Cooper.conj	infra_theory	HOL-Decision_Procs.Cooper
Cooper.bnds	infra_theory	HOL-Decision_Procs.Cooper
Cooper.Inum	infra_theory	HOL-Decision_Procs.Cooper
Convex.cone	KEPT	HOL-Analysis.Convex
Complex.cnj	KEPT	HOL.Complex
Complex.cis	KEPT	HOL.Complex
Complex.Arg	KEPT	HOL.Complex
BNF_Def.Grp	internal_prefix	HOL.BNF_Def
ATP.fChoice	internal_prefix	HOL.ATP
AList.merge	KEPT	HOL-Library.AList
Word.ucast	KEPT	HOL-Library.Word
Word.slice	KEPT	HOL-Library.Word
Word.scast	KEPT	HOL-Library.Word
Word.is_up	KEPT	HOL-Library.Word
Word.UCAST	hidden	HOL-Library.Word
Word.SCAST	hidden	HOL-Library.Word
Tree.size1	KEPT	HOL-Library.Tree
Tree.right	KEPT	HOL-Library.Tree
Set.vimage	KEPT	HOL.Set
Set.supset	KEPT	HOL.Set
Set.subset	KEPT	HOL.Set
Set.remove	KEPT	HOL.Set
Set.member	KEPT	HOL.Set
Set.insert	KEPT	HOL.Set
Set.filter	KEPT	HOL.Set
Set.disjnt	KEPT	HOL.Set
Ring.field	KEPT	HOL-Algebra.Ring
Ring.cring	KEPT	HOL-Algebra.Ring
Ring.a_inv	KEPT	HOL-Algebra.Ring
Rat.ratrel	KEPT	HOL.Rat
Rat.of_int	KEPT	HOL.Rat
Rat.cr_rat	quotient_typedef	HOL.Rat
Random.log	KEPT	HOL.Random
Perm.order	KEPT	HOL-Combinatorics.Perm
Perm.orbit	KEPT	HOL-Combinatorics.Perm
Perm.cycle	KEPT	HOL-Combinatorics.Perm
Nat.funpow	KEPT	HOL.Nat
Nat.compow	KEPT	HOL.Nat
Matrix.vec	KEPT	Jordan_Normal_Form.Matrix
Matrix.row	KEPT	Jordan_Normal_Form.Matrix
Matrix.mat	KEPT	Jordan_Normal_Form.Matrix
Matrix.col	KEPT	Jordan_Normal_Form.Matrix
Map.map_of	KEPT	HOL.Map
Map.map_le	KEPT	HOL.Map
MIR.subst0	infra_theory	HOL-Decision_Procs.MIR
MIR.simpfm	infra_theory	HOL-Decision_Procs.MIR
MIR.rsplit	infra_theory	HOL-Decision_Procs.MIR
MIR.numsub	infra_theory	HOL-Decision_Procs.MIR
MIR.numneg	infra_theory	HOL-Decision_Procs.MIR
MIR.nummul	infra_theory	HOL-Decision_Procs.MIR
MIR.numgcd	infra_theory	HOL-Decision_Procs.MIR
MIR.numadd	infra_theory	HOL-Decision_Procs.MIR
MIR.num.CN	KEPT	HOL-Decision_Procs.MIR
MIR.num.CF	KEPT	HOL-Decision_Procs.MIR
MIR.mirror	infra_theory	HOL-Decision_Procs.MIR
MIR.mirlfr	infra_theory	HOL-Decision_Procs.MIR
MIR.mircfr	infra_theory	HOL-Decision_Procs.MIR
MIR.lex_ns	infra_theory	HOL-Decision_Procs.MIR
MIR.iszlfm	infra_theory	HOL-Decision_Procs.MIR
MIR.isrlfm	infra_theory	HOL-Decision_Procs.MIR
MIR.isatom	infra_theory	HOL-Decision_Procs.MIR
MIR.fm.Not	KEPT	HOL-Decision_Procs.MIR
MIR.fm.NEq	KEPT	HOL-Decision_Procs.MIR
MIR.fm.Imp	KEPT	HOL-Decision_Procs.MIR
MIR.fm.Iff	KEPT	HOL-Decision_Procs.MIR
MIR.fm.Dvd	KEPT	HOL-Decision_Procs.MIR
MIR.fm.And	KEPT	HOL-Decision_Procs.MIR
MIR.cooper	infra_theory	HOL-Decision_Procs.MIR
MIR.bound0	infra_theory	HOL-Decision_Procs.MIR
MIR.\<rho>	infra_theory	HOL-Decision_Procs.MIR
List.union	KEPT	HOL.List
List.those	KEPT	HOL.List
List.lists	KEPT	HOL.List
List.foldr	KEPT	HOL.List
List.foldl	KEPT	HOL.List
List.coset	KEPT	HOL.List
Int.intrel	KEPT	HOL.Int
Int.cr_int	quotient_typedef	HOL.Int
IArray.sub	KEPT	HOL-Library.IArray
IArray.all	KEPT	HOL-Library.IArray
FuncSet.Pi	KEPT	HOL-Library.FuncSet
Fun.inj_on	KEPT	HOL.Fun
Ferrack.lt	infra_theory	HOL-Decision_Procs.Ferrack
Ferrack.le	infra_theory	HOL-Decision_Procs.Ferrack
Ferrack.gt	infra_theory	HOL-Decision_Procs.Ferrack
Ferrack.ge	infra_theory	HOL-Decision_Procs.Ferrack
Ferrack.eq	infra_theory	HOL-Decision_Procs.Ferrack
Ferrack.DJ	infra_theory	HOL-Decision_Procs.Ferrack
FSet.ffold	KEPT	HOL-Library.FSet
FSet.fcard	KEPT	HOL-Library.FSet
FSet.fbind	KEPT	HOL-Library.FSet
FSet.fUNIV	KEPT	HOL-Library.FSet
Dlist.null	KEPT	HOL-Library.Dlist
Dlist.fold	KEPT	HOL-Library.Dlist
Cooper.not	infra_theory	HOL-Decision_Procs.Cooper
Cooper.imp	infra_theory	HOL-Decision_Procs.Cooper
Cooper.iff	infra_theory	HOL-Decision_Procs.Cooper
Cooper.djf	infra_theory	HOL-Decision_Procs.Cooper
Cooper.Ifm	infra_theory	HOL-Decision_Procs.Cooper
BNF_Def.Gr	internal_prefix	HOL.BNF_Def
ATP.fequal	internal_prefix	HOL.ATP
ATP.fFalse	internal_prefix	HOL.ATP
Word.unat	KEPT	HOL-Library.Word
Word.uint	KEPT	HOL-Library.Word
Word.udvd	KEPT	HOL-Library.Word
Word.sint	KEPT	HOL-Library.Word
Word.cast	KEPT	HOL-Library.Word
Word.Word	KEPT	HOL-Library.Word
Wfrec.cut	KEPT	HOL.Wfrec
Tree.left	KEPT	HOL-Library.Tree
Set.union	KEPT	HOL.Set
Set.range	KEPT	HOL.Set
Set.inter	KEPT	HOL.Set
Set.image	KEPT	HOL.Set
Set.empty	KEPT	HOL.Set
SPMF.spmf	KEPT	HOL-Probability.SPMF
SMT.z3mod	KEPT	HOL.SMT
SMT.z3div	KEPT	HOL.SMT
SMT.nopat	KEPT	HOL.SMT
Ring.ring	KEPT	HOL-Algebra.Ring
Real.real	KEPT	HOL.Real
Real.Real	KEPT	HOL.Real
Rat.Fract	KEPT	HOL.Rat
Ramsey.ES	KEPT	HOL-Library.Ramsey
Pure.type	KEPT	Pure
Pure.term	KEPT	Pure
Pure.prop	KEPT	Pure
Pure.Appt	KEPT	Pure
Pure.AppP	KEPT	Pure
Pure.Abst	KEPT	Pure
Pure.AbsP	KEPT	Pure
Perm.swap	KEPT	HOL-Combinatorics.Perm
Pell.pell	KEPT	Pell.Pell
Order.top	KEPT	HOL-Algebra.Order
Map.graph	KEPT	HOL.Map
Map.empty	KEPT	HOL.Map
MIR.stage	infra_theory	HOL-Decision_Procs.MIR
MIR.qfree	infra_theory	HOL-Decision_Procs.MIR
MIR.qelim	infra_theory	HOL-Decision_Procs.MIR
MIR.num.C	KEPT	HOL-Decision_Procs.MIR
MIR.isint	infra_theory	HOL-Decision_Procs.MIR
MIR.fm.Or	KEPT	HOL-Decision_Procs.MIR
MIR.fm.Lt	KEPT	HOL-Decision_Procs.MIR
MIR.fm.Le	KEPT	HOL-Decision_Procs.MIR
MIR.fm.Gt	KEPT	HOL-Decision_Procs.MIR
MIR.fm.Ge	KEPT	HOL-Decision_Procs.MIR
MIR.fm.Eq	KEPT	HOL-Decision_Procs.MIR
MIR.UNION	infra_theory	HOL-Decision_Procs.MIR
MIR.NDVDJ	infra_theory	HOL-Decision_Procs.MIR
List.upto	KEPT	HOL.List
List.take	KEPT	HOL.List
List.null	KEPT	HOL.List
List.nths	KEPT	HOL.List
List.maps	KEPT	HOL.List
List.map2	KEPT	HOL.List
List.lexn	KEPT	HOL.List
List.last	KEPT	HOL.List
List.fold	KEPT	HOL.List
List.find	KEPT	HOL.List
List.drop	KEPT	HOL.List
List.bind	KEPT	HOL.List
Hull.hull	KEPT	HOL.Hull
HOL.False	KEPT	HOL.HOL
Group.pow	KEPT	HOL-Algebra.Group
Group.mon	KEPT	HOL-Algebra.Group
Group.iso	KEPT	HOL-Algebra.Group
Group.hom	KEPT	HOL-Algebra.Group
Group.epi	KEPT	HOL-Algebra.Group
Fun.fcomp	KEPT	HOL.Fun
FSet.fPow	KEPT	HOL-Library.FSet
FSet.Ball	KEPT	HOL-Library.FSet
Enum.bacc	KEPT	HOL.Enum
Dlist.map	KEPT	HOL-Library.Dlist
Cooper.pa	infra_theory	HOL-Decision_Procs.Cooper
Cooper.DJ	infra_theory	HOL-Decision_Procs.Cooper
ATP.fdisj	internal_prefix	HOL.ATP
ATP.fconj	internal_prefix	HOL.ATP
ATP.fTrue	internal_prefix	HOL.ATP
ATP.fComp	internal_prefix	HOL.ATP
Word.rep	KEPT	HOL-Library.Word
Tree.ipl	KEPT	HOL-Library.Tree
Tree.bst	KEPT	HOL-Library.Tree
Set.bind	KEPT	HOL.Set
Set.UNIV	KEPT	HOL.Set
Set.Ball	KEPT	HOL.Set
Rat.Frct	KEPT	HOL.Rat
Pure.imp	KEPT	Pure
Pure.all	KEPT	Pure
Pure.Hyp	KEPT	Pure
Num.BitM	KEPT	HOL.Num
MIR.zlfm	infra_theory	HOL-Decision_Procs.MIR
MIR.unit	infra_theory	HOL-Decision_Procs.MIR
MIR.rlfm	infra_theory	HOL-Decision_Procs.MIR
MIR.rdvd	infra_theory	HOL-Decision_Procs.MIR
MIR.prep	infra_theory	HOL-Decision_Procs.MIR
MIR.fm.T	KEPT	HOL-Decision_Procs.MIR
MIR.fm.F	KEPT	HOL-Decision_Procs.MIR
MIR.fm.E	KEPT	HOL-Decision_Procs.MIR
MIR.fm.A	KEPT	HOL-Decision_Procs.MIR
MIR.disj	infra_theory	HOL-Decision_Procs.MIR
MIR.decr	infra_theory	HOL-Decision_Procs.MIR
MIR.conj	infra_theory	HOL-Decision_Procs.MIR
MIR.bnds	infra_theory	HOL-Decision_Procs.MIR
MIR.NDVD	infra_theory	HOL-Decision_Procs.MIR
MIR.Inum	infra_theory	HOL-Decision_Procs.MIR
MIR.DVDJ	infra_theory	HOL-Decision_Procs.MIR
MIR.CJNB	infra_theory	HOL-Decision_Procs.MIR
Lp.\<LL>	KEPT	Lp.Lp
List.zip	KEPT	HOL.List
List.upt	KEPT	HOL.List
List.rev	KEPT	HOL.List
List.nth	KEPT	HOL.List
List.lex	KEPT	HOL.List
HOL.disj	KEPT	HOL.HOL
HOL.conj	KEPT	HOL.HOL
HOL.Uniq	KEPT	HOL.HOL
HOL.True	KEPT	HOL.HOL
GCD.bezw	KEPT	HOL.GCD
Fun.surj	KEPT	HOL.Fun
Fun.comp	KEPT	HOL.Fun
FSet.Bex	KEPT	HOL-Library.FSet
ATP.fNot	internal_prefix	HOL.ATP
ATP.fAll	internal_prefix	HOL.ATP
Set.Pow	KEPT	HOL.Set
Set.Bex	KEPT	HOL.Set
SMT.pat	KEPT	HOL.SMT
Pure.eq	KEPT	Pure
Num.sqr	KEPT	HOL.Num
Num.pow	KEPT	HOL.Num
Num.inc	KEPT	HOL.Num
Nat.Suc	KEPT	HOL.Nat
Nat.Nat	KEPT	HOL.Nat
Map.ran	KEPT	HOL.Map
Map.dom	KEPT	HOL.Map
MIR.not	infra_theory	HOL-Decision_Procs.MIR
MIR.neq	infra_theory	HOL-Decision_Procs.MIR
MIR.imp	infra_theory	HOL-Decision_Procs.MIR
MIR.iff	infra_theory	HOL-Decision_Procs.MIR
MIR.djf	infra_theory	HOL-Decision_Procs.MIR
MIR.Ifm	infra_theory	HOL-Decision_Procs.MIR
MIR.DVD	infra_theory	HOL-Decision_Procs.MIR
Int.sub	KEPT	HOL.Int
Int.nat	KEPT	HOL.Int
Int.int	KEPT	HOL.Int
Int.dup	KEPT	HOL.Int
Int.Pos	KEPT	HOL.Int
Int.Neg	KEPT	HOL.Int
HOL.iff	KEPT	HOL.HOL
HOL.The	KEPT	HOL.HOL
HOL.Not	KEPT	HOL.HOL
HOL.Let	KEPT	HOL.HOL
HOL.Ex1	KEPT	HOL.HOL
HOL.All	KEPT	HOL.HOL
Fun.inj	KEPT	HOL.Fun
Fun.bij	KEPT	HOL.Fun
Fib.fib	KEPT	HOL-Number_Theory.Fib
ATP.fEx	internal_prefix	HOL.ATP
MIR.lt	infra_theory	HOL-Decision_Procs.MIR
MIR.le	infra_theory	HOL-Decision_Procs.MIR
MIR.gt	infra_theory	HOL-Decision_Procs.MIR
MIR.ge	infra_theory	HOL-Decision_Procs.MIR
MIR.fp	infra_theory	HOL-Decision_Procs.MIR
MIR.eq	infra_theory	HOL-Decision_Procs.MIR
MIR.DJ	infra_theory	HOL-Decision_Procs.MIR
HOL.eq	KEPT	HOL.HOL
HOL.If	KEPT	HOL.HOL
HOL.Ex	KEPT	HOL.HOL
Fun.id	KEPT	HOL.Fun
