TOTAL	consts	13905
TOTAL	const_rej	7232
TOTAL	thms	150439
TOTAL	thm_rej	58260
CONST	hidden	HOL.Zorn	1
CONST	concealed	HOL.GCD	4
CONST	concealed	HOL.Nat	1
CONST	concealed	HOL.Num	18
CONST	class_pred	HOL.GCD	6
CONST	class_pred	HOL.HOL	2
CONST	class_pred	HOL.Nat	3
CONST	class_pred	HOL.Num	3
CONST	concealed	HOL.Enum	94
CONST	concealed	HOL.List	39
CONST	inst_infix	HOL.GCD	10
CONST	inst_infix	HOL.HOL	3
CONST	inst_infix	HOL.Int	16
CONST	inst_infix	HOL.Nat	16
CONST	inst_infix	HOL.Num	13
CONST	inst_infix	HOL.Rat	23
CONST	inst_infix	HOL.Set	9
CONST	sumC_graph	HOL.GCD	2
CONST	adt_record	HOL.List	1
CONST	class_infix	HOL.GCD	2
CONST	class_infix	HOL.Nat	1
CONST	class_pred	HOL.Enum	3
CONST	class_pred	HOL.List	3
CONST	inst_infix	HOL.Enum	162
CONST	inst_infix	HOL.List	12
CONST	inst_infix	HOL.Real	25
CONST	sumC_graph	HOL.List	10
CONST	class_infix	HOL.Enum	1
CONST	class_infix	HOL.List	1
CONST	class_pred	HOL.Power	1
CONST	class_pred	HOL.Rings	65
CONST	concealed	HOL.Option	19
CONST	concealed	HOL.Random	4
CONST	concealed	HOL.Record	20
CONST	concealed	HOL.String	19
CONST	infra_theory	HOL.SMT	8
CONST	adt_record	HOL.Option	1
CONST	class_infix	HOL.Rings	23
CONST	class_pred	HOL.Fields	6
CONST	class_pred	HOL.Groups	37
CONST	class_pred	HOL.Limits	8
CONST	class_pred	HOL.Parity	4
CONST	class_variant	HOL.Fun	7
CONST	class_variant	HOL.GCD	5
CONST	class_variant	HOL.Int	2
CONST	class_variant	HOL.Nat	3
CONST	class_variant	HOL.Num	8
CONST	class_variant	HOL.Rat	2
CONST	concealed	HOL.Complex	22
CONST	concealed	HOL.Nitpick	55
CONST	concealed	HOL.Typerep	17
CONST	inst_infix	HOL.Filter	12
CONST	inst_infix	HOL.Option	9
CONST	inst_infix	HOL.Parity	4
CONST	inst_infix	HOL.String	21
CONST	sumC_graph	HOL.Random	2
CONST	class_infix	HOL.Fields	2
CONST	class_infix	HOL.Groups	16
CONST	class_infix	HOL.Limits	3
CONST	class_infix	HOL.Parity	3
CONST	class_variant	HOL.List	14
CONST	concealed	HOL.Sum_Type	2
CONST	infra_theory	HOL.Meson	6
CONST	infra_theory	HOL.Metis	2
CONST	inst_infix	HOL.Complex	22
CONST	class_pred	HOL.Lattices	11
CONST	class_variant	HOL.Power	2
CONST	class_variant	HOL.Rings	4
CONST	concealed	HOL.Predicate	38
CONST	hidden	HOL-Library.Word	2
CONST	hidden	HOL.Product_Type	1
CONST	infra_theory	HOL.Record	21
CONST	inst_infix	HOL.Lattices	4
CONST	inst_infix	HOL.Sum_Type	7
CONST	internal_prefix	HOL.ATP	11
CONST	internal_prefix	HOL.HOL	3
CONST	valtermify_term	HOL.Rat	1
CONST	class_infix	HOL.Lattices	3
CONST	class_pred	HOL.Orderings	15
CONST	class_variant	HOL.Fields	1
CONST	class_variant	HOL.Parity	3
CONST	class_variant	HOL.String	2
CONST	concealed	HOL.Extraction	17
CONST	concealed	Matrix.Utility	4
CONST	hidden	HOL-Library.Uprod	1
CONST	infra_theory	HOL.Nitpick	44
CONST	infra_theory	HOL.Typerep	11
CONST	inst_infix	HOL.Orderings	8
CONST	inst_infix	HOL.Predicate	21
CONST	quotient_typedef	HOL.Int	4
CONST	quotient_typedef	HOL.Rat	4
CONST	sumC_graph	HOL.Predicate	1
CONST	valtermify_term	HOL.Real	1
CONST	class_infix	HOL.Orderings	8
CONST	class_pred	HOL.Finite_Set	1
CONST	concealed	HOL.Random_Pred	2
CONST	infra_theory	HOL.Nunchaku	3
CONST	inst_infix	HOL-Library.Z2	25
CONST	quotient_typedef	HOL.Real	4
CONST	sumC_graph	Matrix.Utility	2
CONST	concealed	HOL-Library.FSet	6
CONST	concealed	HOL-Library.Tree	52
CONST	concealed	HOL-Library.Word	1
CONST	concealed	HOL.Code_Numeral	1
CONST	concealed	HOL.Product_Type	5
CONST	concealed	HOL.Set_Interval	2
CONST	hidden	HOL.Code_Evaluation	1
CONST	adt_record	HOL-Algebra.Ring	3
CONST	adt_record	HOL-Library.Tree	1
CONST	adt_record	HOL.Code_Numeral	1
CONST	class_pred	HOL-Library.Tree	1
CONST	class_variant	HOL.Factorial	2
CONST	class_variant	HOL.Inductive	2
CONST	class_variant	HOL.Orderings	6
CONST	concealed	HOL-Library.AList	10
CONST	concealed	HOL-Library.Dlist	6
CONST	concealed	HOL-Library.Float	4
CONST	concealed	HOL-Library.Uprod	1
CONST	concealed	HOL.Lazy_Sequence	23
CONST	infra_theory	HOL.Extraction	5
CONST	inst_infix	HOL-Algebra.Ring	6
CONST	inst_infix	HOL-Library.FSet	17
CONST	inst_infix	HOL-Library.Tree	11
CONST	inst_infix	HOL-Library.Word	34
CONST	inst_infix	HOL.Code_Numeral	59
CONST	inst_infix	HOL.Product_Type	27
CONST	internal_prefix	HOL.BNF_Def	12
CONST	internal_prefix	HOL.Lifting	5
CONST	sumC_graph	HOL-Library.FSet	3
CONST	sumC_graph	HOL-Library.Tree	14
CONST	sumC_graph	HOL.Set_Interval	1
CONST	adt_record	HOL-Algebra.Group	3
CONST	adt_record	HOL-Algebra.Order	3
CONST	adt_record	HOL-Library.Dlist	1
CONST	class_variant	HOL-Library.Z2	1
CONST	class_variant	HOL.Groups_Big	6
CONST	concealed	HOL-Library.IArray	19
CONST	concealed	HOL-Library.Ramsey	2
CONST	concealed	HOL-Library.Stream	24
CONST	concealed	HOL.Bit_Operations	17
CONST	infra_theory	HOL.Random_Pred	13
CONST	inst_infix	HOL-Algebra.Group	6
CONST	inst_infix	HOL-Algebra.Order	6
CONST	inst_infix	HOL-Library.Dlist	7
CONST	inst_infix	HOL-Library.Float	19
CONST	inst_infix	HOL-Library.Uprod	9
CONST	internal_prefix	HOL.Transfer	10
CONST	sumC_graph	HOL-Library.AList	5
CONST	sumC_graph	HOL-Library.Float	2
CONST	adt_record	HOL-Algebra.Module	3
CONST	adt_record	HOL-Library.IArray	1
CONST	adt_record	HOL-Library.Stream	2
CONST	class_pred	HOL.Bit_Operations	4
CONST	class_pred	HOL.Transcendental	1
CONST	class_variant	HOL.Groups_List	3
CONST	concealed	Bernoulli.Bernoulli	2
CONST	concealed	HOL-Library.Log_Nat	2
CONST	concealed	HOL-Library.Sublist	2
CONST	concealed	HOL.Code_Evaluation	17
CONST	concealed	HOL.Random_Sequence	4
CONST	concealed	Pell.Pell_Algorithm	4
CONST	inst_infix	HOL-Algebra.Module	6
CONST	inst_infix	HOL-Library.IArray	9
CONST	inst_infix	HOL-Library.Stream	7
CONST	inst_infix	HOL.Basic_BNF_LFPs	2
CONST	inst_infix	HOL.Bit_Operations	23
CONST	inst_infix	HOL.Transcendental	1
CONST	sumC_graph	HOL-Library.Ramsey	1
CONST	sumC_graph	HOL.Bit_Operations	9
CONST	class_infix	HOL.Bit_Operations	3
CONST	class_infix	HOL.Transcendental	1
CONST	class_pred	HOL.Euclidean_Rings	6
CONST	class_variant	HOL-Library.FSet	3
CONST	class_variant	HOL-Library.Tree	3
CONST	class_variant	HOL-Library.Word	2
CONST	class_variant	HOL.Lattices_Big	10
CONST	class_variant	HOL.Set_Interval	8
CONST	concealed	HOL-Library.Extended	29
CONST	concealed	HOL-Library.Interval	26
CONST	concealed	HOL-Library.Multiset	2
CONST	concealed	HOL-Library.Parallel	22
CONST	hidden	Bernoulli.Bernoulli_FPS	1
CONST	infra_theory	HOL.Lazy_Sequence	39
CONST	inst_infix	HOL-Library.Mapping	4
CONST	inst_infix	HOL.Euclidean_Rings	12
CONST	sumC_graph	Bernoulli.Bernoulli	1
CONST	sumC_graph	HOL-Library.Log_Nat	1
CONST	sumC_graph	HOL-Library.Sublist	1
CONST	sumC_graph	Pell.Pell_Algorithm	2
CONST	adt_record	HOL-Algebra.UnivPoly	3
CONST	adt_record	HOL-Library.Extended	1
CONST	adt_record	HOL-Library.Parallel	1
CONST	class_infix	HOL.Euclidean_Rings	3
CONST	class_pred	HOL-Library.Preorder	1
CONST	class_pred	HOL.Boolean_Algebras	1
CONST	concealed	HOL-Library.Code_Test	34
CONST	concealed	HOL-Library.Countable	2
CONST	concealed	HOL-Number_Theory.Fib	4
CONST	concealed	HOL.Quickcheck_Random	2
CONST	concealed	List-Index.List_Index	2
CONST	hidden	HOL.Quickcheck_Narrowing	13
CONST	inst_infix	HOL-Algebra.UnivPoly	6
CONST	inst_infix	HOL-Library.Char_ord	4
CONST	inst_infix	HOL-Library.Extended	20
CONST	inst_infix	HOL-Library.Interval	16
CONST	inst_infix	HOL-Library.Multiset	14
CONST	inst_infix	HOL-Library.Parallel	9
CONST	inst_infix	HOL.Boolean_Algebras	4
CONST	inst_infix	Lp.Functional_Spaces	4
CONST	sumC_graph	HOL-Library.Extended	5
CONST	sumC_graph	HOL-Library.Interval	1
CONST	sumC_graph	HOL-Library.Multiset	1
CONST	class_infix	HOL.Boolean_Algebras	1
CONST	class_pred	HOL-Library.Countable	1
CONST	class_pred	HOL.Archimedean_Field	2
CONST	class_pred	HOL.Complete_Lattices	6
CONST	class_variant	HOL.Bit_Operations	5
CONST	concealed	HOL-Combinatorics.Perm	2
CONST	concealed	HOL-Decision_Procs.MIR	146
CONST	concealed	HOL-Library.Comparator	18
CONST	concealed	HOL-Library.Finite_Map	3
CONST	concealed	HOL-Library.ListVector	2
CONST	hidden	HOL.Quickcheck_Exhaustive	10
CONST	hidden	Landau_Symbols.Group_Sort	10
CONST	infra_theory	HOL.Code_Evaluation	16
CONST	infra_theory	HOL.Random_Sequence	32
CONST	inst_infix	HOL-Library.Saturated	19
CONST	inst_infix	HOL.Complete_Lattices	6
CONST	sumC_graph	HOL-Library.Countable	1
CONST	sumC_graph	HOL-Number_Theory.Fib	2
CONST	sumC_graph	List-Index.List_Index	1
CONST	valtermify_term	HOL-Library.FSet	2
CONST	adt_record	HOL-Algebra.Congruence	6
CONST	adt_record	HOL-Library.Finite_Map	1
CONST	class_infix	HOL.Archimedean_Field	2
CONST	class_infix	HOL.Complete_Lattices	2
CONST	class_pred	HOL.Real_Vector_Spaces	20
CONST	class_pred	HOL.Topological_Spaces	16
CONST	concealed	Bernoulli.Bernoulli_FPS	4
CONST	concealed	HOL-Library.State_Monad	24
CONST	infra_theory	HOL.Limited_Sequence	28
CONST	infra_theory	Tools.Code_Generator	4
CONST	inst_infix	HOL-Algebra.Congruence	12
CONST	inst_infix	HOL-Combinatorics.Perm	6
CONST	inst_infix	HOL-Library.Comparator	14
CONST	inst_infix	HOL-Library.Finite_Map	7
CONST	inst_infix	HOL-Library.ListVector	3
CONST	inst_infix	HOL-Library.Option_ord	8
CONST	inst_infix	HOL.Real_Vector_Spaces	5
CONST	inst_infix	HOL.Topological_Spaces	4
CONST	inst_infix	Polynomials.MPoly_Type	9
CONST	quotient_typedef	HOL-Library.Word	4
CONST	random_aux_graph	HOL-Library.FSet	1
CONST	sumC_graph	HOL-Combinatorics.Perm	1
CONST	sumC_graph	HOL-Library.ListVector	1
CONST	valtermify_term	HOL-Library.Float	1
CONST	adt_record	HOL-Library.State_Monad	1
CONST	class_infix	HOL.Real_Vector_Spaces	9
CONST	class_infix	HOL.Topological_Spaces	10
CONST	class_pred	HOL-Library.Cardinality	4
CONST	class_pred	HOL-Library.Type_Length	2
CONST	class_variant	HOL-Library.Interval	1
CONST	class_variant	HOL-Library.Multiset	4
CONST	class_variant	HOL-Library.Preorder	1
CONST	concealed	HOL-Combinatorics.Cycles	2
CONST	concealed	HOL-Library.Extended_Nat	2
CONST	concealed	HOL-Library.Phantom_Type	22
CONST	concealed	HOL-Real_Asymp.Lazy_Eval	18
CONST	concealed	HOL.Quickcheck_Narrowing	126
CONST	hidden	Algebraic_Numbers.Resultant	10
CONST	hidden	HOL-Analysis.Gamma_Function	1
CONST	hidden	HOL-Library.Pattern_Aliases	6
CONST	infra_theory	HOL-Library.Code_Lazy	11
CONST	infra_theory	HOL-Library.Code_Test	24
CONST	infra_theory	HOL.Quickcheck_Random	22
CONST	inst_infix	HOL-Library.Cardinality	38
CONST	inst_infix	HOL-Library.State_Monad	9
CONST	inst_infix	HOL-Library.Type_Length	7
CONST	inst_infix	HOL-Probability.Fin_Map	3
CONST	pre_bnf_prefix	HOL.BNF_Composition	2
CONST	quotient_typedef	HOL-Library.Uprod	4
CONST	sumC_graph	Bernoulli.Bernoulli_FPS	2
CONST	sumC_graph	HOL-Library.State_Monad	1
CONST	adt_record	HOL-Library.Extended_Nat	1
CONST	adt_record	HOL-Library.Phantom_Type	1
CONST	class_infix	HOL-Library.Cardinality	2
CONST	class_pred	HOL-Library.Extended_Nat	1
CONST	class_variant	HOL-Analysis.Isolated	3
CONST	concealed	Derangements.Derangements	2
CONST	concealed	DigitsInBase.DigitsInBase	2
CONST	concealed	HOL-Decision_Procs.Cooper	114
CONST	concealed	HOL-Library.Extended_Real	34
CONST	concealed	HOL-Library.Nat_Bijection	6
CONST	concealed	HOL-Library.Tree_Multiset	4
CONST	concealed	HOL.Quickcheck_Exhaustive	58
CONST	concealed	Jordan_Normal_Form.Matrix	10
CONST	concealed	Landau_Symbols.Group_Sort	10
CONST	concealed	Linear_Recurrences.RatFPS	3
CONST	concealed	Sturm_Tarski.Sturm_Tarski	4
CONST	infra_theory	HOL-Decision_Procs.MIR	209
CONST	inst_infix	Gauss_Jordan.Code_Matrix	1
CONST	inst_infix	HOL-Library.Extended_Nat	21
CONST	inst_infix	HOL-Library.Numeral_Type	55
CONST	inst_infix	HOL-Library.Old_Datatype	1
CONST	inst_infix	HOL-Library.Phantom_Type	10
CONST	inst_infix	HOL-Library.Poly_Mapping	12
CONST	inst_infix	HOL-Library.Product_Plus	4
CONST	inst_infix	HOL-Library.Set_Algebras	4
CONST	inst_infix	HOL-Probability.PMF_Impl	4
CONST	sumC_graph	HOL-Combinatorics.Cycles	1
CONST	class_pred	HOL-Analysis.Infinite_Sum	1
CONST	class_pred	HOL-Library.Quotient_Type	2
CONST	class_variant	HOL-Number_Theory.Cong	2
CONST	class_variant	HOL.Real_Vector_Spaces	1
CONST	class_variant	HOL.Topological_Spaces	18
CONST	concealed	HOL-Combinatorics.Stirling	4
CONST	concealed	HOL-Decision_Procs.Ferrack	102
CONST	concealed	HOL-Library.Interval_Float	16
CONST	concealed	HOL-Library.Time_Functions	26
CONST	inst_infix	HOL-Library.Complex_Order	2
CONST	inst_infix	HOL-Library.Extended_Real	30
CONST	inst_infix	HOL-Library.Product_Order	8
CONST	inst_infix	HOL-Library.Quotient_Type	1
CONST	inst_infix	Jordan_Normal_Form.Matrix	16
CONST	inst_infix	Linear_Recurrences.RatFPS	28
CONST	sumC_graph	Derangements.Derangements	1
CONST	sumC_graph	DigitsInBase.DigitsInBase	1
CONST	sumC_graph	HOL-Library.Extended_Real	8
CONST	sumC_graph	HOL-Library.Nat_Bijection	3
CONST	sumC_graph	HOL-Library.Tree_Multiset	2
CONST	sumC_graph	Jordan_Normal_Form.Matrix	5
CONST	sumC_graph	Landau_Symbols.Group_Sort	2
CONST	sumC_graph	Linear_Recurrences.RatFPS	1
CONST	sumC_graph	Sturm_Tarski.Sturm_Tarski	2
CONST	valtermify_term	HOL-Library.Interval	1
CONST	class_infix	HOL-Analysis.Infinite_Sum	1
CONST	class_pred	HOL-Analysis.Inner_Product	1
CONST	class_pred	HOL-Library.Time_Functions	1
CONST	class_pred	HOL.Complete_Partial_Order	1
CONST	class_pred	HOL.Semiring_Normalization	1
CONST	concealed	Algebraic_Numbers.Resultant	6
CONST	concealed	Budan_Fourier.Budan_Fourier	2
CONST	concealed	HOL-Library.Pattern_Aliases	2
CONST	infra_theory	HOL-Real_Asymp.Lazy_Eval	11
CONST	infra_theory	HOL.Quickcheck_Narrowing	72
CONST	inst_infix	HOL-Analysis.Inner_Product	2
CONST	inst_infix	HOL-Analysis.Measure_Space	8
CONST	inst_infix	HOL-Analysis.Sigma_Algebra	1
CONST	inst_infix	HOL-Library.Multiset_Order	3
CONST	inst_infix	HOL-Library.Time_Functions	1
CONST	sumC_graph	HOL-Combinatorics.Stirling	2
CONST	sumC_graph	HOL-Library.Interval_Float	2
CONST	sumC_graph	HOL-Library.Time_Functions	13
CONST	class_infix	HOL-Analysis.Inner_Product	1
CONST	class_infix	HOL.Complete_Partial_Order	1
CONST	class_infix	HOL.Semiring_Normalization	1
CONST	class_pred	HOL-Analysis.Gamma_Function	1
CONST	class_pred	HOL-Analysis.Product_Vector	2
CONST	class_pred	HOL-Library.Signed_Division	3
CONST	class_variant	HOL-Analysis.Borel_Space	1
CONST	class_variant	HOL-Library.Infinite_Set	1
CONST	class_variant	HOL-Library.Poly_Mapping	1
CONST	concealed	Coinductive.Coinductive_List	24
CONST	concealed	Gauss_Jordan.Gauss_Jordan_PA	2
CONST	concealed	HOL-Library.While_Combinator	6
CONST	concealed	Pell.Efficient_Discrete_Sqrt	2
CONST	hidden	Catalan_Numbers.Catalan_Numbers	1
CONST	hidden	Containers.Containers_Auxiliary	2
CONST	hidden	HOL-Types_To_Sets.Group_On_With	1
CONST	infra_theory	HOL-Decision_Procs.Cooper	122
CONST	infra_theory	HOL.Quickcheck_Exhaustive	118
CONST	inst_infix	Gauss_Jordan.IArray_Addenda	2
CONST	inst_infix	HOL-Analysis.Gamma_Function	2
CONST	inst_infix	HOL-Analysis.Product_Vector	5
CONST	inst_infix	HOL-Library.Signed_Division	2
CONST	sumC_graph	Budan_Fourier.Budan_Fourier	1
CONST	adt_record	Coinductive.Coinductive_List	2
CONST	class_infix	HOL-Analysis.Gamma_Function	1
CONST	class_infix	HOL-Analysis.Product_Vector	2
CONST	class_infix	HOL-Library.Signed_Division	1
CONST	class_pred	HOL-Analysis.Euclidean_Space	1
CONST	class_pred	HOL-Library.Lattice_Algebras	5
CONST	class_pred	Jordan_Normal_Form.Conjugate	5
CONST	class_variant	HOL-Analysis.Infinite_Sum	1
CONST	class_variant	HOL-Library.Quotient_Type	1
CONST	class_variant	HOL-Number_Theory.Mod_Exp	2
CONST	class_variant	Jordan_Normal_Form.Matrix	1
CONST	concealed	HOL-Library.Power_By_Squaring	2
CONST	concealed	Sturm_Sequences.Sturm_Theorem	4
CONST	infra_theory	HOL-Decision_Procs.Ferrack	118
CONST	inst_infix	Coinductive.Coinductive_List	7
CONST	inst_infix	HOL-Analysis.Euclidean_Space	4
CONST	inst_infix	HOL-Analysis.Function_Metric	2
CONST	inst_infix	Jordan_Normal_Form.Conjugate	4
CONST	sumC_graph	Gauss_Jordan.Gauss_Jordan_PA	1
CONST	sumC_graph	HOL-Library.While_Combinator	3
CONST	sumC_graph	Pell.Efficient_Discrete_Sqrt	1
CONST	class_infix	HOL-Analysis.Euclidean_Space	1
CONST	class_infix	HOL-Library.Lattice_Algebras	1
CONST	class_infix	Jordan_Normal_Form.Conjugate	2
CONST	class_pred	Rank_Nullity_Theorem.Mod_Type	1
CONST	class_variant	HOL-Library.Groups_Big_Fun	2
CONST	class_variant	HOL-Library.Multiset_Order	2
CONST	class_variant	HOL.Complete_Partial_Order	3
CONST	concealed	HOL-Analysis.Arcwise_Connected	2
CONST	concealed	HOL-Combinatorics.Permutations	4
CONST	concealed	HOL-Library.Discrete_Functions	2
CONST	concealed	HOL-Library.Sorting_Algorithms	4
CONST	concealed	HOL-Number_Theory.Eratosthenes	2
CONST	concealed	MathBench_ProverBase.Geo_Real2	12
CONST	hidden	HOL-Number_Theory.Euler_Criterion	5
CONST	infra_theory	HOL-Library.Code_Target_Int	4
CONST	infra_theory	HOL-Library.Code_Target_Nat	5
CONST	inst_infix	Cayley_Hamilton.Square_Matrix	10
CONST	inst_infix	HOL-Library.Function_Algebras	4
CONST	inst_infix	HOL-Library.Function_Division	2
CONST	inst_infix	Rank_Nullity_Theorem.Mod_Type	4
CONST	sumC_graph	HOL-Library.Power_By_Squaring	1
CONST	sumC_graph	Sturm_Sequences.Sturm_Theorem	2
CONST	class_infix	Rank_Nullity_Theorem.Mod_Type	1
CONST	class_pred	HOL-Library.Infinite_Typeclass	1
CONST	class_variant	HOL-Analysis.Linear_Algebra	1
CONST	concealed	Catalan_Numbers.Catalan_Numbers	22
CONST	infra_theory	HOL-Library.Code_Cardinality	5
CONST	inst_infix	HOL-Analysis.Abstract_Topology	1
CONST	inst_infix	HOL-Analysis.Function_Topology	1
CONST	inst_infix	HOL-Library.Countable_Set_Type	8
CONST	sumC_graph	HOL-Analysis.Arcwise_Connected	1
CONST	sumC_graph	HOL-Combinatorics.Permutations	2
CONST	sumC_graph	HOL-Library.Discrete_Functions	1
CONST	sumC_graph	HOL-Library.Sorting_Algorithms	2
CONST	sumC_graph	HOL-Number_Theory.Eratosthenes	1
CONST	sumC_graph	MathBench_ProverBase.Geo_Real2	6
CONST	valtermify_term	Linear_Recurrences.RatFPS	1
CONST	class_pred	Jordan_Normal_Form.Missing_Ring	1
CONST	class_variant	Coinductive.Coinductive_List	2
CONST	class_variant	HOL-Library.Lattice_Algebras	2
CONST	class_variant	HOL-Library.Order_Continuity	1
CONST	concealed	Bell_Numbers_Spivey.Bell_Numbers	2
CONST	concealed	HOL-Decision_Procs.Approximation	89
CONST	hidden	Algebraic_Numbers.Algebraic_Numbers	2
CONST	hidden	Landau_Symbols.Landau_Real_Products	10
CONST	inst_infix	Catalan_Numbers.Catalan_Numbers	9
CONST	inst_infix	HOL.BNF_Cardinal_Order_Relation	1
CONST	sumC_graph	Catalan_Numbers.Catalan_Numbers	2
CONST	class_infix	Jordan_Normal_Form.Missing_Ring	1
CONST	class_pred	HOL-Analysis.Elementary_Topology	2
CONST	class_pred	HOL-Computational_Algebra.Primes	8
CONST	class_variant	Rank_Nullity_Theorem.Mod_Type	3
CONST	concealed	HOL-Library.Lattice_Constructions	57
CONST	inst_infix	HOL-Computational_Algebra.Primes	10
CONST	inst_infix	HOL-Decision_Procs.Approximation	18
CONST	inst_infix	HOL-Library.Dual_Ordered_Lattice	14
CONST	sumC_graph	Bell_Numbers_Spivey.Bell_Numbers	1
CONST	sumC_graph	HOL-Decision_Procs.Approximation	15
CONST	adt_record	HOL-Library.Lattice_Constructions	3
CONST	class_infix	HOL-Analysis.Elementary_Topology	1
CONST	class_infix	HOL-Computational_Algebra.Primes	4
CONST	class_pred	Dirichlet_Series.Dirichlet_Series	2
CONST	class_variant	HOL-Number_Theory.Eratosthenes	1
CONST	concealed	Budan_Fourier.Sturm_Multiple_Roots	2
CONST	concealed	Count_Complex_Roots.Extended_Sturm	2
CONST	concealed	Dirichlet_Series.Dirichlet_Product	2
CONST	hidden	Polynomial_Factorization.Missing_List	3
CONST	inst_infix	Dirichlet_Series.Dirichlet_Series	14
CONST	inst_infix	HOL-Library.Lattice_Constructions	47
CONST	inst_infix	HOL-Probability.Discrete_Topology	4
CONST	class_infix	Dirichlet_Series.Dirichlet_Series	2
CONST	class_pred	HOL-Decision_Procs.Polynomial_List	1
CONST	concealed	Gaussian_Integers.Gaussian_Integers	22
CONST	concealed	HOL-Decision_Procs.Commutative_Ring	98
CONST	concealed	HOL-Decision_Procs.Reflective_Field	112
CONST	concealed	HOL-Probability.Random_Permutations	4
CONST	concealed	IsaGeoCoq.Tarski_Neutral_Archimedes	12
CONST	concealed	Landau_Symbols.Landau_Real_Products	50
CONST	concealed	Pratt_Certificate.Pratt_Certificate	57
CONST	inst_infix	Rank_Nullity_Theorem.Miscellaneous	1
CONST	sumC_graph	Budan_Fourier.Sturm_Multiple_Roots	1
CONST	sumC_graph	Count_Complex_Roots.Extended_Sturm	1
CONST	sumC_graph	Dirichlet_Series.Dirichlet_Product	1
CONST	class_pred	HOL.Conditionally_Complete_Lattices	3
CONST	class_variant	HOL-Analysis.Elementary_Topology	2
CONST	class_variant	HOL-Computational_Algebra.Primes	1
CONST	concealed	HOL-Computational_Algebra.Nth_Powers	2
CONST	concealed	HOL-Computational_Algebra.Polynomial	23
CONST	concealed	HOL-Real_Asymp.Multiseries_Expansion	507
CONST	concealed	Jordan_Normal_Form.Column_Operations	4
CONST	inst_infix	Gaussian_Integers.Gaussian_Integers	22
CONST	inst_infix	HOL-Analysis.Abstract_Metric_Spaces	1
CONST	inst_infix	HOL-Analysis.Complex_Transcendental	1
CONST	inst_infix	HOL.Conditionally_Complete_Lattices	4
CONST	inst_infix	Landau_Symbols.Landau_Real_Products	11
CONST	inst_infix	Pratt_Certificate.Pratt_Certificate	17
CONST	sumC_graph	HOL-Probability.Random_Permutations	2
CONST	sumC_graph	IsaGeoCoq.Tarski_Neutral_Archimedes	6
CONST	sumC_graph	Landau_Symbols.Landau_Real_Products	13
CONST	sumC_graph	Pratt_Certificate.Pratt_Certificate	9
CONST	class_infix	HOL.Conditionally_Complete_Lattices	2
CONST	class_pred	HOL-Analysis.Ordered_Euclidean_Space	1
CONST	class_pred	HOL-Computational_Algebra.Polynomial	2
CONST	class_variant	HOL-Analysis.Extended_Real_Limits	1
CONST	concealed	Polynomial_Factorization.Missing_List	24
CONST	inst_infix	HOL-Analysis.Bounded_Linear_Function	12
CONST	inst_infix	HOL-Analysis.Ordered_Euclidean_Space	6
CONST	inst_infix	HOL-Computational_Algebra.Polynomial	22
CONST	sumC_graph	HOL-Computational_Algebra.Nth_Powers	1
CONST	sumC_graph	HOL-Computational_Algebra.Polynomial	11
CONST	sumC_graph	Jordan_Normal_Form.Column_Operations	2
CONST	class_infix	HOL-Analysis.Ordered_Euclidean_Space	1
CONST	class_infix	HOL-Computational_Algebra.Polynomial	2
CONST	class_pred	HOL-Analysis.Elementary_Metric_Spaces	1
CONST	class_variant	HOL-Decision_Procs.Polynomial_List	15
CONST	infra_theory	HOL-Decision_Procs.Commutative_Ring	94
CONST	infra_theory	HOL-Decision_Procs.Reflective_Field	76
CONST	inst_infix	HOL-Analysis.Finite_Cartesian_Product	17
CONST	inst_infix	HOL-Library.Extended_Nonnegative_Real	19
CONST	sumC_graph	Polynomial_Factorization.Missing_List	11
CONST	class_infix	HOL-Analysis.Elementary_Metric_Spaces	1
CONST	class_pred	Polynomial_Interpolation.Is_Rat_To_Rat	1
CONST	class_variant	HOL.Conditionally_Complete_Lattices	2
CONST	concealed	Continued_Fractions.Continued_Fractions	30
CONST	concealed	Descartes_Sign_Rule.Descartes_Sign_Rule	2
CONST	concealed	HOL-Combinatorics.Multiset_Permutations	8
CONST	concealed	HOL-Decision_Procs.Approximation_Bounds	20
CONST	infra_theory	HOL-Real_Asymp.Multiseries_Expansion	158
CONST	inst_infix	Polynomial_Interpolation.Is_Rat_To_Rat	6
CONST	class_infix	Polynomial_Interpolation.Is_Rat_To_Rat	1
CONST	class_pred	HOL-Library.Countable_Complete_Lattices	2
CONST	infra_theory	HOL-Decision_Procs.Dense_Linear_Order	10
CONST	inst_infix	Continued_Fractions.Continued_Fractions	11
CONST	inst_infix	HOL-Computational_Algebra.Field_as_Ring	27
CONST	sumC_graph	Continued_Fractions.Continued_Fractions	6
CONST	sumC_graph	Descartes_Sign_Rule.Descartes_Sign_Rule	1
CONST	sumC_graph	HOL-Combinatorics.Multiset_Permutations	4
CONST	sumC_graph	HOL-Decision_Procs.Approximation_Bounds	9
CONST	class_infix	HOL-Library.Countable_Complete_Lattices	2
CONST	class_pred	HOL-Computational_Algebra.Factorial_Ring	4
CONST	class_variant	HOL-Analysis.Elementary_Metric_Spaces	1
CONST	class_variant	HOL-Analysis.Elementary_Normed_Spaces	2
CONST	class_variant	HOL-Analysis.Topology_Euclidean_Space	1
CONST	concealed	Polynomial_Interpolation.Missing_Unsorted	2
CONST	inst_infix	HOL-Analysis.Bounded_Continuous_Function	12
CONST	inst_infix	HOL-Computational_Algebra.Fraction_Field	15
CONST	class_infix	HOL-Computational_Algebra.Factorial_Ring	2
CONST	class_pred	Berlekamp_Zassenhaus.Unique_Factorization	3
CONST	concealed	Algebraic_Numbers.Algebraic_Numbers_Prelim	2
CONST	concealed	Linear_Recurrences.Linear_Recurrences_Misc	2
CONST	hidden	Polynomial_Interpolation.Newton_Interpolation	14
CONST	inst_infix	HOL-Probability.Probability_Mass_Function	1
CONST	sumC_graph	Polynomial_Interpolation.Missing_Unsorted	1
CONST	class_infix	Berlekamp_Zassenhaus.Unique_Factorization	2
CONST	class_pred	Dirichlet_Series.Dirichlet_Series_Analysis	2
CONST	class_variant	HOL-Computational_Algebra.Field_as_Ring	4
CONST	class_variant	HOL-Computational_Algebra.Group_Closure	2
CONST	concealed	Chebyshev_Polynomials.Chebyshev_Polynomials	18
CONST	concealed	Jordan_Normal_Form.Gauss_Jordan_Elimination	6
CONST	concealed	Polynomial_Interpolation.Missing_Polynomial	2
CONST	concealed	Symmetric_Polynomials.Symmetric_Polynomials	4
CONST	inst_infix	Dirichlet_Series.Dirichlet_Series_Analysis	3
CONST	sumC_graph	Algebraic_Numbers.Algebraic_Numbers_Prelim	1
CONST	sumC_graph	Linear_Recurrences.Linear_Recurrences_Misc	1
CONST	class_infix	Dirichlet_Series.Dirichlet_Series_Analysis	2
CONST	class_variant	HOL-Computational_Algebra.Factorial_Ring	10
CONST	class_variant	HOL-Computational_Algebra.Fraction_Field	1
CONST	concealed	HOL-Decision_Procs.Commutative_Ring_Complete	2
CONST	concealed	HOL-Library.Linear_Temporal_Logic_on_Streams	4
CONST	sumC_graph	Chebyshev_Polynomials.Chebyshev_Polynomials	11
CONST	sumC_graph	Jordan_Normal_Form.Gauss_Jordan_Elimination	3
CONST	sumC_graph	Polynomial_Interpolation.Missing_Polynomial	1
CONST	sumC_graph	Symmetric_Polynomials.Symmetric_Polynomials	2
CONST	class_pred	Affine_Arithmetic.Executable_Euclidean_Space	1
CONST	class_variant	Berlekamp_Zassenhaus.Unique_Factorization	12
CONST	concealed	Card_Number_Partitions.Card_Number_Partitions	2
CONST	concealed	HOL-Computational_Algebra.Euclidean_Algorithm	8
CONST	concealed	HOL-Computational_Algebra.Formal_Power_Series	12
CONST	concealed	Polynomial_Interpolation.Newton_Interpolation	14
CONST	inst_infix	Affine_Arithmetic.Executable_Euclidean_Space	12
CONST	sumC_graph	HOL-Library.Linear_Temporal_Logic_on_Streams	2
CONST	class_infix	Affine_Arithmetic.Executable_Euclidean_Space	1
CONST	class_pred	HOL-Computational_Algebra.Euclidean_Algorithm	5
CONST	concealed	HOL-Computational_Algebra.Polynomial_Factorial	2
CONST	concealed	HOL-Decision_Procs.Parametric_Ferrante_Rackoff	101
CONST	inst_infix	HOL-Computational_Algebra.Formal_Power_Series	20
CONST	sumC_graph	Card_Number_Partitions.Card_Number_Partitions	1
CONST	sumC_graph	HOL-Computational_Algebra.Euclidean_Algorithm	2
CONST	sumC_graph	HOL-Computational_Algebra.Formal_Power_Series	6
CONST	sumC_graph	Polynomial_Interpolation.Newton_Interpolation	5
CONST	class_infix	HOL-Computational_Algebra.Euclidean_Algorithm	1
CONST	class_variant	Polynomial_Interpolation.Missing_Polynomial	1
CONST	infra_theory	HOL-Decision_Procs.Commutative_Ring_Complete	3
CONST	inst_infix	Berlekamp_Zassenhaus.Unique_Factorization_Poly	9
CONST	inst_infix	HOL-Computational_Algebra.Polynomial_Factorial	4
CONST	quotient_typedef	HOL-Computational_Algebra.Fraction_Field	4
CONST	sumC_graph	HOL-Computational_Algebra.Polynomial_Factorial	1
CONST	concealed	Linear_Recurrences.Linear_Homogenous_Recurrences	2
CONST	inst_infix	HOL-Computational_Algebra.Formal_Laurent_Series	13
CONST	class_variant	HOL-Computational_Algebra.Euclidean_Algorithm	11
CONST	concealed	Linear_Recurrences.Partial_Fraction_Decomposition	6
CONST	infra_theory	HOL-Decision_Procs.Parametric_Ferrante_Rackoff	143
CONST	sumC_graph	Linear_Recurrences.Linear_Homogenous_Recurrences	1
CONST	concealed	Polynomial_Factorization.Square_Free_Factorization	2
CONST	inst_infix	Ordinary_Differential_Equations.ODE_Auxiliarities	1
CONST	sumC_graph	Linear_Recurrences.Partial_Fraction_Decomposition	3
CONST	sumC_graph	Polynomial_Factorization.Square_Free_Factorization	1
CONST	concealed	HOL-Decision_Procs.Reflected_Multivariate_Polynomial	64
CONST	concealed	Ordinary_Differential_Equations.Reachability_Analysis	19
CONST	adt_record	Ordinary_Differential_Equations.Reachability_Analysis	1
CONST	inst_infix	Ordinary_Differential_Equations.Reachability_Analysis	9
CONST	infra_theory	HOL-Decision_Procs.Reflected_Multivariate_Polynomial	91
CONST	inst_infix	Ordinary_Differential_Equations.Bounded_Linear_Operator	15
THM	concealed	Pure	5	5
THM	hidden	HOL.Nat	2	2
THM	shadowed	HOL.Fun	1	1
THM	adt_infra	HOL.Nat	1	1
THM	adt_infra	HOL.Num	1	1
THM	concealed	HOL.GCD	48	46
THM	concealed	HOL.HOL	11	11
THM	concealed	HOL.Int	30	30
THM	concealed	HOL.Map	1	1
THM	concealed	HOL.Nat	52	51
THM	concealed	HOL.Num	76	76
THM	concealed	HOL.Rat	37	37
THM	concealed	HOL.SMT	2	2
THM	concealed	HOL.Set	12	12
THM	hidden	HOL.Groups	4	4
THM	adt_infra	HOL.Enum	7	7
THM	adt_infra	HOL.List	3	3
THM	concealed	HOL.Enum	467	467
THM	concealed	HOL.List	247	225
THM	concealed	HOL.Real	40	40
THM	concealed	HOL.Power	4	4
THM	concealed	HOL.Rings	71	71
THM	hidden	HOL.Quotient	24	24
THM	adt_infra	HOL.Option	2	2
THM	adt_infra	HOL.String	10	10
THM	concealed	HOL.Fields	6	6
THM	concealed	HOL.Filter	19	19
THM	concealed	HOL.Groups	17	17
THM	concealed	HOL.Limits	8	8
THM	concealed	HOL.Option	64	64
THM	concealed	HOL.Parity	12	12
THM	concealed	HOL.Random	28	28
THM	concealed	HOL.Record	69	69
THM	concealed	HOL.String	88	88
THM	infra_theory	HOL.SMT	243	82
THM	adt_infra	HOL.Complex	2	2
THM	concealed	HOL.Complex	78	78
THM	concealed	HOL.Nitpick	141	141
THM	concealed	HOL.Typerep	50	50
THM	adt_infra	HOL.Sum_Type	3	3
THM	concealed	HOL.Lattices	15	15
THM	concealed	HOL.Sum_Type	26	25
THM	hidden	HOL.Random_Pred	1	1
THM	infra_theory	HOL.Meson	48	48
THM	infra_theory	HOL.Metis	7	7
THM	adt_infra	HOL.Predicate	4	4
THM	cascade/hidden	HOL.Zorn	41	39
THM	concealed	HOL.Orderings	19	19
THM	concealed	HOL.Predicate	131	131
THM	inductive_infra	HOL.Num	1	1
THM	infra_theory	HOL.Record	107	84
THM	concealed	HOL-Library.Z2	37	37
THM	concealed	HOL.Extraction	44	44
THM	concealed	HOL.Finite_Set	6	6
THM	concealed	Matrix.Utility	33	26
THM	hidden	HOL-Library.Uprod	8	8
THM	hidden	Triangle.Triangle	2	2
THM	inductive_infra	HOL.List	2	2
THM	inductive_infra	HOL.Zorn	3	3
THM	infra_theory	HOL.Nitpick	109	98
THM	infra_theory	HOL.Typerep	38	34
THM	cascade/concealed	HOL.GCD	2	2
THM	cascade/concealed	HOL.Nat	1	1
THM	concealed	HOL.Random_Pred	13	13
THM	hidden	HOL.Bit_Operations	12	12
THM	hidden	HOL.Transcendental	4	4
THM	infra_theory	HOL.Nunchaku	2	2
THM	adt_infra	HOL-Algebra.Ring	5	5
THM	adt_infra	HOL-Library.Tree	5	5
THM	adt_infra	HOL.Code_Numeral	2	2
THM	adt_infra	HOL.Product_Type	3	3
THM	cascade/class_pred	HOL.GCD	30	24
THM	cascade/class_pred	HOL.HOL	44	44
THM	cascade/class_pred	HOL.Nat	12	11
THM	cascade/class_pred	HOL.Num	12	9
THM	cascade/concealed	HOL.List	29	20
THM	concealed	HOL-Algebra.Ring	24	24
THM	concealed	HOL-Library.FSet	76	74
THM	concealed	HOL-Library.Tree	322	277
THM	concealed	HOL-Library.Word	58	58
THM	concealed	HOL.Code_Numeral	93	92
THM	concealed	HOL.Product_Type	69	68
THM	concealed	HOL.Set_Interval	11	11
THM	hidden	HOL-Library.Sublist	3	3
THM	hidden	HOL.BNF_Composition	42	40
THM	adt_infra	HOL-Algebra.Group	5	5
THM	adt_infra	HOL-Algebra.Order	5	5
THM	cascade/class_infix	HOL.GCD	10	10
THM	cascade/class_infix	HOL.Nat	5	5
THM	cascade/class_pred	HOL.Enum	16	10
THM	cascade/class_pred	HOL.List	14	11
THM	concealed	HOL-Algebra.Group	24	24
THM	concealed	HOL-Algebra.Order	22	22
THM	concealed	HOL-Library.AList	72	63
THM	concealed	HOL-Library.Dlist	17	17
THM	concealed	HOL-Library.Float	62	56
THM	concealed	HOL-Library.Uprod	23	23
THM	concealed	HOL.Lazy_Sequence	88	88
THM	hidden	HOL-Library.Multiset	3	3
THM	infra_theory	HOL.Extraction	42	28
THM	adt_infra	HOL-Algebra.Module	5	5
THM	adt_infra	HOL-Library.IArray	1	1
THM	adt_infra	HOL-Library.Stream	2	2
THM	cascade/class_infix	HOL.Enum	6	6
THM	cascade/class_infix	HOL.List	5	5
THM	cascade/class_pred	HOL.Power	4	3
THM	cascade/class_pred	HOL.Rings	327	238
THM	cascade/concealed	HOL.Random	2	2
THM	concealed	HOL-Algebra.Module	22	22
THM	concealed	HOL-Library.IArray	65	65
THM	concealed	HOL-Library.Ramsey	18	14
THM	concealed	HOL-Library.Stream	64	64
THM	concealed	HOL.Basic_BNF_LFPs	8	8
THM	concealed	HOL.Bit_Operations	268	154
THM	concealed	HOL.Hilbert_Choice	5	5
THM	concealed	HOL.Transcendental	2	2
THM	inductive_infra	HOL.Relation	4	4
THM	infra_theory	HOL.Random_Pred	14	14
THM	cascade/class_infix	HOL.Rings	137	137
THM	cascade/class_pred	HOL.Fields	35	30
THM	cascade/class_pred	HOL.Groups	223	199
THM	cascade/class_pred	HOL.Limits	34	26
THM	cascade/class_pred	HOL.Parity	17	15
THM	cascade/class_variant	HOL.GCD	35	35
THM	cascade/class_variant	HOL.Int	94	91
THM	cascade/class_variant	HOL.Nat	132	130
THM	cascade/class_variant	HOL.Num	435	275
THM	cascade/class_variant	HOL.Rat	13	13
THM	concealed	Bernoulli.Bernoulli	15	13
THM	concealed	HOL-Library.Log_Nat	13	13
THM	concealed	HOL-Library.Mapping	9	9
THM	concealed	HOL-Library.Sublist	20	16
THM	concealed	HOL.BNF_Composition	1	1
THM	concealed	HOL.Code_Evaluation	44	44
THM	concealed	HOL.Euclidean_Rings	20	20
THM	concealed	HOL.Random_Sequence	26	26
THM	concealed	Pell.Pell_Algorithm	27	23
THM	shadowed	HOL-Library.Multiset	1	1
THM	adt_infra	HOL-Algebra.UnivPoly	5	5
THM	adt_infra	HOL-Library.Extended	1	1
THM	adt_infra	HOL-Library.Parallel	2	2
THM	cascade/class_infix	HOL.Fields	12	12
THM	cascade/class_infix	HOL.Groups	96	96
THM	cascade/class_infix	HOL.Limits	15	15
THM	cascade/class_infix	HOL.Parity	15	15
THM	cascade/class_variant	HOL.List	766	670
THM	cascade/concealed	HOL.Sum_Type	1	1
THM	concealed	HOL-Algebra.UnivPoly	24	24
THM	concealed	HOL-Library.Char_ord	6	6
THM	concealed	HOL-Library.Extended	203	145
THM	concealed	HOL-Library.Interval	88	86
THM	concealed	HOL-Library.Multiset	45	43
THM	concealed	HOL-Library.Parallel	74	74
THM	concealed	HOL.Boolean_Algebras	6	6
THM	concealed	Lp.Functional_Spaces	8	8
THM	concealed	Tools.Code_Generator	6	6
THM	hidden	Bernoulli.Bernoulli_FPS	4	4
THM	inductive_infra	HOL.Basic_BNFs	4	4
THM	inductive_infra	HOL.Finite_Set	1	1
THM	infra_theory	HOL.Lazy_Sequence	93	90
THM	cascade/class_pred	HOL.Lattices	51	42
THM	cascade/class_variant	HOL.Power	236	226
THM	cascade/class_variant	HOL.Rings	544	528
THM	cascade/concealed	HOL.Predicate	3	3
THM	cascade/hidden	HOL.Product_Type	2	2
THM	cascade/infra_theory	HOL.Record	77	33
THM	cascade/internal_prefix	HOL.ATP	45	28
THM	cascade/internal_prefix	HOL.HOL	1168	192
THM	cascade/valtermify_term	HOL.Rat	1	1
THM	concealed	HOL-Library.Code_Lazy	7	7
THM	concealed	HOL-Library.Code_Test	80	80
THM	concealed	HOL-Library.Countable	26	22
THM	concealed	HOL-Library.Saturated	34	34
THM	concealed	HOL-Number_Theory.Fib	38	29
THM	concealed	HOL.Complete_Lattices	14	14
THM	concealed	HOL.Quickcheck_Random	36	34
THM	concealed	List-Index.List_Index	20	16
THM	hidden	HOL-Probability.PMF_Impl	1	1
THM	hidden	HOL.Quickcheck_Narrowing	9	8
THM	inductive_infra	Fourier.Fourier	1	1
THM	inductive_infra	HOL.Wellfounded	2	2
THM	adt_infra	HOL-Algebra.Congruence	10	10
THM	adt_infra	HOL-Library.Comparator	1	1
THM	cascade/class_infix	HOL.Lattices	18	18
THM	cascade/class_pred	HOL.Orderings	69	62
THM	cascade/class_variant	HOL.Parity	4	4
THM	cascade/class_variant	HOL.String	21	21
THM	cascade/concealed	Matrix.Utility	2	2
THM	cascade/infra_theory	HOL.Typerep	94	94
THM	cascade/quotient_typedef	HOL.Int	19	19
THM	cascade/quotient_typedef	HOL.Rat	21	21
THM	cascade/valtermify_term	HOL.Real	1	1
THM	concealed	HOL-Algebra.Congruence	44	44
THM	concealed	HOL-Combinatorics.Perm	28	24
THM	concealed	HOL-Decision_Procs.MIR	4276	726
THM	concealed	HOL-Library.Comparator	67	67
THM	concealed	HOL-Library.Finite_Map	27	27
THM	concealed	HOL-Library.ListVector	27	19
THM	concealed	HOL-Library.Option_ord	26	26
THM	concealed	HOL.Real_Vector_Spaces	20	20
THM	concealed	HOL.Topological_Spaces	22	22
THM	concealed	HOL.Transitive_Closure	2	2
THM	concealed	Polynomials.MPoly_Type	35	35
THM	hidden	Landau_Symbols.Group_Sort	47	42
THM	infra_theory	HOL.Code_Evaluation	37	35
THM	infra_theory	HOL.Random_Sequence	36	36
THM	adt_infra	HOL-Library.State_Monad	3	3
THM	cascade/class_infix	HOL.Orderings	48	48
THM	cascade/class_pred	HOL.Finite_Set	5	5
THM	cascade/quotient_typedef	HOL.Real	22	22
THM	concealed	Bernoulli.Bernoulli_FPS	33	26
THM	concealed	HOL-Library.Cardinality	63	63
THM	concealed	HOL-Library.State_Monad	88	86
THM	concealed	HOL-Library.Type_Length	17	17
THM	concealed	HOL-Probability.Fin_Map	11	11
THM	hidden	HOL-Library.Landau_Symbols	1	1
THM	infra_theory	HOL.Limited_Sequence	29	29
THM	infra_theory	Tools.Code_Generator	7	6
THM	adt_infra	HOL-Library.Extended_Nat	2	2
THM	adt_infra	HOL-Library.Numeral_Type	12	12
THM	adt_infra	HOL-Library.Phantom_Type	3	3
THM	cascade/concealed	HOL-Library.Tree	22	14
THM	cascade/concealed	HOL.Product_Type	3	3
THM	cascade/concealed	HOL.Set_Interval	3	3
THM	cascade/hidden	HOL.Code_Evaluation	2	2
THM	concealed	Gauss_Jordan.Code_Matrix	2	2
THM	concealed	HOL-Combinatorics.Cycles	17	13
THM	concealed	HOL-Library.Extended_Nat	54	53
THM	concealed	HOL-Library.Infinite_Set	2	2
THM	concealed	HOL-Library.Numeral_Type	109	109
THM	concealed	HOL-Library.Old_Datatype	3	3
THM	concealed	HOL-Library.Phantom_Type	77	77
THM	concealed	HOL-Library.Poly_Mapping	46	46
THM	concealed	HOL-Library.Product_Plus	17	17
THM	concealed	HOL-Library.Set_Algebras	16	16
THM	concealed	HOL-Probability.PMF_Impl	8	8
THM	concealed	HOL-Real_Asymp.Lazy_Eval	57	57
THM	concealed	HOL.Quickcheck_Narrowing	381	379
THM	hidden	Algebraic_Numbers.Resultant	43	38
THM	hidden	HOL-Analysis.Gamma_Function	18	18
THM	hidden	HOL-Library.Pattern_Aliases	8	6
THM	inductive_infra	HOL-Library.Stream	2	2
THM	infra_theory	HOL-Library.Code_Lazy	42	42
THM	infra_theory	HOL-Library.Code_Test	65	57
THM	infra_theory	HOL.Quickcheck_Random	27	26
THM	adt_infra	HOL-Library.Extended_Real	1	1
THM	cascade/adt_record	HOL-Algebra.Ring	10	10
THM	cascade/adt_record	HOL.Code_Numeral	4	2
THM	cascade/class_pred	HOL-Library.Tree	3	3
THM	cascade/class_variant	HOL.Factorial	23	23
THM	cascade/class_variant	HOL.Inductive	10	10
THM	cascade/class_variant	HOL.Orderings	534	501
THM	cascade/concealed	HOL-Library.AList	11	9
THM	cascade/concealed	HOL-Library.Float	2	2
THM	cascade/internal_prefix	HOL.BNF_Def	2088	2065
THM	cascade/internal_prefix	HOL.Lifting	146	146
THM	cascade/sumC_graph	HOL-Library.Tree	1	1
THM	concealed	Derangements.Derangements	18	13
THM	concealed	DigitsInBase.DigitsInBase	15	13
THM	concealed	Gauss_Jordan.Gauss_Jordan	1	1
THM	concealed	HOL-Analysis.Infinite_Sum	1	1
THM	concealed	HOL-Decision_Procs.Cooper	2833	503
THM	concealed	HOL-Library.Complex_Order	6	6
THM	concealed	HOL-Library.Extended_Real	209	179
THM	concealed	HOL-Library.Nat_Bijection	40	37
THM	concealed	HOL-Library.Product_Order	28	28
THM	concealed	HOL-Library.Quotient_Type	3	3
THM	concealed	HOL-Library.Tree_Multiset	32	26
THM	concealed	HOL-Number_Theory.Totient	1	1
THM	concealed	HOL.Quickcheck_Exhaustive	299	297
THM	concealed	Jordan_Normal_Form.Matrix	108	100
THM	concealed	Landau_Symbols.Group_Sort	83	67
THM	concealed	Linear_Recurrences.RatFPS	68	66
THM	concealed	Sturm_Tarski.Sturm_Tarski	30	24
THM	hidden	Bertrands_Postulate.Bertrand	20	18
THM	hidden	HOL-Analysis.FPS_Convergence	1	1
THM	hidden	HOL-Analysis.Summation_Tests	4	3
THM	infra_theory	HOL-Decision_Procs.MIR	3937	571
THM	cascade/adt_record	HOL-Algebra.Group	10	10
THM	cascade/adt_record	HOL-Algebra.Order	10	10
THM	cascade/class_variant	HOL.Groups_Big	105	105
THM	cascade/concealed	HOL-Library.Ramsey	1	1
THM	cascade/concealed	HOL.Bit_Operations	17	17
THM	cascade/internal_prefix	HOL.Transfer	496	485
THM	concealed	HOL-Analysis.Inner_Product	5	5
THM	concealed	HOL-Analysis.Measure_Space	11	11
THM	concealed	HOL-Analysis.Sigma_Algebra	3	3
THM	concealed	HOL-Combinatorics.Stirling	41	27
THM	concealed	HOL-Decision_Procs.Ferrack	1857	451
THM	concealed	HOL-Library.Interval_Float	50	43
THM	concealed	HOL-Library.Multiset_Order	10	10
THM	concealed	HOL-Library.Time_Functions	189	168
THM	concealed	HOL-Probability.Tree_Space	2	2
THM	concealed	HOL.Complete_Partial_Order	1	1
THM	concealed	HOL.Semiring_Normalization	2	2
THM	hidden	HOL-Analysis.Harmonic_Numbers	1	1
THM	hidden	Sturm_Sequences.Sturm_Theorem	2	2
THM	cascade/adt_record	HOL-Algebra.Module	10	10
THM	cascade/adt_record	HOL-Library.Stream	4	4
THM	cascade/class_pred	HOL.Bit_Operations	18	15
THM	cascade/class_pred	HOL.Transcendental	4	3
THM	cascade/class_variant	HOL.Groups_List	55	54
THM	cascade/concealed	Bernoulli.Bernoulli	1	1
THM	cascade/concealed	HOL-Library.Log_Nat	1	1
THM	cascade/concealed	HOL-Library.Sublist	1	1
THM	cascade/concealed	Pell.Pell_Algorithm	7	4
THM	cascade/sumC_graph	HOL.Bit_Operations	2	2
THM	concealed	Algebraic_Numbers.Resultant	45	39
THM	concealed	Budan_Fourier.Budan_Fourier	11	11
THM	concealed	Coinductive.Coinductive_Nat	1	1
THM	concealed	Gauss_Jordan.IArray_Addenda	4	4
THM	concealed	HOL-Analysis.Gamma_Function	5	5
THM	concealed	HOL-Analysis.Product_Vector	16	16
THM	concealed	HOL-Library.Omega_Words_Fun	1	1
THM	concealed	HOL-Library.Pattern_Aliases	16	12
THM	concealed	HOL-Library.Signed_Division	3	3
THM	hidden	Jordan_Normal_Form.Determinant	1	1
THM	infra_theory	HOL-Real_Asymp.Lazy_Eval	77	31
THM	infra_theory	HOL.Quickcheck_Narrowing	262	174
THM	adt_infra	Coinductive.Coinductive_List	3	3
THM	cascade/class_infix	HOL.Bit_Operations	16	16
THM	cascade/class_infix	HOL.Transcendental	6	6
THM	cascade/class_pred	HOL.Euclidean_Rings	28	25
THM	cascade/class_variant	HOL-Library.FSet	9	9
THM	cascade/class_variant	HOL-Library.Tree	11	6
THM	cascade/class_variant	HOL-Library.Word	54	54
THM	cascade/class_variant	HOL.Lattices_Big	410	410
THM	cascade/class_variant	HOL.Set_Interval	860	733
THM	cascade/concealed	HOL-Library.Extended	7	5
THM	cascade/concealed	HOL-Library.Interval	1	1
THM	cascade/concealed	HOL-Library.Multiset	1	1
THM	cascade/concealed	HOL-Library.Parallel	4	4
THM	concealed	Coinductive.Coinductive_List	62	62
THM	concealed	Gauss_Jordan.Gauss_Jordan_PA	16	13
THM	concealed	HOL-Analysis.Euclidean_Space	9	9
THM	concealed	HOL-Analysis.Function_Metric	5	5
THM	concealed	HOL-Library.Lattice_Algebras	8	8
THM	concealed	HOL-Library.While_Combinator	36	36
THM	concealed	HOL-Probability.Stream_Space	2	2
THM	concealed	Jordan_Normal_Form.Conjugate	9	9
THM	concealed	Pell.Efficient_Discrete_Sqrt	13	13
THM	hidden	Catalan_Numbers.Catalan_Numbers	5	5
THM	inductive_infra	HOL.Transitive_Closure	4	4
THM	infra_theory	HOL-Decision_Procs.Cooper	3158	294
THM	infra_theory	HOL.Quickcheck_Exhaustive	265	211
THM	adt_infra	Cayley_Hamilton.Square_Matrix	6	6
THM	cascade/adt_record	HOL-Algebra.UnivPoly	10	10
THM	cascade/class_infix	HOL.Euclidean_Rings	17	17
THM	cascade/class_pred	HOL-Library.Preorder	3	3
THM	cascade/class_pred	HOL.Boolean_Algebras	7	4
THM	cascade/concealed	HOL-Library.Countable	4	3
THM	cascade/concealed	HOL-Number_Theory.Fib	2	2
THM	cascade/concealed	List-Index.List_Index	1	1
THM	concealed	Cayley_Hamilton.Square_Matrix	29	29
THM	concealed	HOL-Decision_Procs.DP_Library	1	1
THM	concealed	HOL-Library.Function_Algebras	53	53
THM	concealed	HOL-Library.Function_Division	3	3
THM	concealed	HOL-Library.Power_By_Squaring	15	11
THM	concealed	Rank_Nullity_Theorem.Mod_Type	7	7
THM	concealed	Sturm_Sequences.Sturm_Theorem	30	24
THM	hidden	HOL-Library.Dual_Ordered_Lattice	1	1
THM	infra_theory	HOL-Decision_Procs.Ferrack	2189	319
THM	cascade/class_infix	HOL.Boolean_Algebras	6	6
THM	cascade/class_pred	HOL-Library.Countable	5	5
THM	cascade/class_pred	HOL.Archimedean_Field	7	7
THM	cascade/class_pred	HOL.Complete_Lattices	32	26
THM	cascade/class_variant	HOL.Bit_Operations	54	46
THM	cascade/concealed	HOL-Combinatorics.Perm	1	1
THM	cascade/concealed	HOL-Library.ListVector	1	1
THM	cascade/hidden	Landau_Symbols.Group_Sort	18	10
THM	cascade/infra_theory	HOL.Code_Evaluation	92	92
THM	cascade/valtermify_term	HOL-Library.FSet	2	2
THM	concealed	Coinductive.Coinductive_Stream	1	1
THM	concealed	HOL-Analysis.Abstract_Topology	3	3
THM	concealed	HOL-Analysis.Arcwise_Connected	15	11
THM	concealed	HOL-Analysis.Function_Topology	4	4
THM	concealed	HOL-Combinatorics.Permutations	26	24
THM	concealed	HOL-Library.Countable_Set_Type	15	15
THM	concealed	HOL-Library.Discrete_Functions	13	13
THM	concealed	HOL-Library.Infinite_Typeclass	8	8
THM	concealed	HOL-Library.Sorting_Algorithms	35	28
THM	concealed	HOL-Number_Theory.Eratosthenes	18	13
THM	concealed	MathBench_ProverBase.Geo_Real2	75	75
THM	hidden	HOL-Analysis.Weierstrass_Theorems	4	4
THM	hidden	HOL-Number_Theory.Euler_Criterion	28	28
THM	inductive_infra	HOL-Combinatorics.Orbits	1	1
THM	infra_theory	HOL-Library.Code_Target_Int	8	8
THM	infra_theory	HOL-Library.Code_Target_Nat	17	15
THM	too_big	HOL-Decision_Procs.Approximation	7	5
THM	adt_infra	Catalan_Numbers.Catalan_Numbers	1	1
THM	cascade/adt_record	HOL-Algebra.Congruence	20	20
THM	cascade/class_infix	HOL.Archimedean_Field	10	10
THM	cascade/class_infix	HOL.Complete_Lattices	12	12
THM	cascade/class_pred	HOL.Real_Vector_Spaces	96	75
THM	cascade/class_pred	HOL.Topological_Spaces	65	61
THM	cascade/concealed	Bernoulli.Bernoulli_FPS	2	2
THM	cascade/concealed	HOL-Library.State_Monad	5	5
THM	cascade/infra_theory	Tools.Code_Generator	1	1
THM	cascade/quotient_typedef	HOL-Library.Word	21	21
THM	cascade/random_aux_graph	HOL-Library.FSet	4	3
THM	cascade/valtermify_term	HOL-Library.Float	1	1
THM	concealed	Catalan_Numbers.Catalan_Numbers	84	81
THM	concealed	HOL.BNF_Cardinal_Order_Relation	3	3
THM	concealed	Jordan_Normal_Form.Missing_Ring	4	4
THM	concealed	Rank_Nullity_Theorem.Dual_Order	1	1
THM	inductive_infra	HOL-Algebra.FiniteProduct	1	1
THM	inductive_infra	HOL-Analysis.Infinite_Sum	1	1
THM	infra_theory	HOL-Library.Code_Cardinality	24	14
THM	adt_infra	HOL-Decision_Procs.Approximation	4	4
THM	cascade/class_infix	HOL.Real_Vector_Spaces	53	53
THM	cascade/class_infix	HOL.Topological_Spaces	57	57
THM	cascade/class_pred	HOL-Library.Cardinality	13	13
THM	cascade/class_pred	HOL-Library.Type_Length	7	7
THM	cascade/class_variant	HOL-Library.Multiset	53	51
THM	cascade/class_variant	HOL-Library.Preorder	16	16
THM	cascade/concealed	HOL-Combinatorics.Cycles	1	1
THM	cascade/hidden	Algebraic_Numbers.Resultant	1	1
THM	cascade/infra_theory	HOL.Quickcheck_Random	48	48
THM	cascade/pre_bnf_prefix	HOL.BNF_Composition	41	41
THM	cascade/quotient_typedef	HOL-Library.Uprod	17	17
THM	concealed	Bell_Numbers_Spivey.Bell_Numbers	15	13
THM	concealed	HOL-Analysis.Elementary_Topology	4	4
THM	concealed	HOL-Computational_Algebra.Primes	20	20
THM	concealed	HOL-Decision_Procs.Approximation	807	327
THM	concealed	HOL-Library.Diagonal_Subsequence	2	2
THM	concealed	HOL-Library.Dual_Ordered_Lattice	41	41
THM	hidden	Algebraic_Numbers.Algebraic_Numbers	5	5
THM	hidden	Landau_Symbols.Landau_Real_Products	40	35
THM	hidden	Pratt_Certificate.Pratt_Certificate	2	2
THM	inductive_infra	HOL-Analysis.Sigma_Algebra	2	2
THM	inductive_infra	HOL-Probability.Tree_Space	1	1
THM	inductive_infra	HOL.Complete_Partial_Order	6	6
THM	adt_infra	HOL-Library.Lattice_Constructions	3	3
THM	cascade/adt_record	HOL-Library.Extended_Nat	4	2
THM	cascade/class_infix	HOL-Library.Cardinality	12	12
THM	cascade/class_pred	HOL-Library.Extended_Nat	3	3
THM	cascade/class_variant	HOL-Analysis.Isolated	9	9
THM	cascade/concealed	Derangements.Derangements	1	1
THM	cascade/concealed	DigitsInBase.DigitsInBase	1	1
THM	cascade/concealed	HOL-Library.Extended_Real	50	22
THM	cascade/concealed	HOL-Library.Nat_Bijection	6	5
THM	cascade/concealed	HOL-Library.Tree_Multiset	2	2
THM	cascade/concealed	Jordan_Normal_Form.Matrix	7	5
THM	cascade/concealed	Landau_Symbols.Group_Sort	20	12
THM	cascade/concealed	Linear_Recurrences.RatFPS	1	1
THM	cascade/concealed	Sturm_Tarski.Sturm_Tarski	4	4
THM	concealed	Dirichlet_Series.Dirichlet_Series	52	52
THM	concealed	HOL-Analysis.Extended_Real_Limits	3	3
THM	concealed	HOL-Library.Lattice_Constructions	227	227
THM	concealed	HOL-Probability.Discrete_Topology	11	11
THM	concealed	HOL-Probability.Projective_Family	1	1
THM	hidden	HOL-Computational_Algebra.Polynomial	1	1
THM	inductive_infra	Coinductive.Coinductive_Nat	2	2
THM	infra_theory	HOL-Decision_Procs.Conversions	7	7
THM	cascade/class_pred	HOL-Analysis.Infinite_Sum	3	3
THM	cascade/class_pred	HOL-Library.Quotient_Type	7	7
THM	cascade/class_variant	HOL-Number_Theory.Cong	44	44
THM	cascade/class_variant	HOL.Topological_Spaces	212	211
THM	cascade/concealed	HOL-Combinatorics.Stirling	2	2
THM	cascade/concealed	HOL-Library.Interval_Float	2	2
THM	cascade/concealed	HOL-Library.Time_Functions	35	25
THM	cascade/sumC_graph	Landau_Symbols.Group_Sort	2	2
THM	cascade/valtermify_term	HOL-Library.Interval	1	1
THM	concealed	Budan_Fourier.Sturm_Multiple_Roots	12	11
THM	concealed	Count_Complex_Roots.Extended_Sturm	17	13
THM	concealed	Dirichlet_Series.Dirichlet_Product	13	13
THM	concealed	HOL-Decision_Procs.Polynomial_List	18	18
THM	concealed	Hermite_Lindemann.Complex_Lexorder	1	1
THM	concealed	Rank_Nullity_Theorem.Miscellaneous	2	2
THM	hidden	Polynomial_Factorization.Missing_List	6	5
THM	inductive_infra	Coinductive.Coinductive_List	1	1
THM	inductive_infra	HOL-Algebra.Generated_Groups	1	1
THM	adt_infra	Gaussian_Integers.Gaussian_Integers	2	2
THM	adt_infra	Landau_Symbols.Landau_Real_Products	1	1
THM	adt_infra	Pratt_Certificate.Pratt_Certificate	4	4
THM	cascade/class_infix	HOL-Analysis.Infinite_Sum	5	5
THM	cascade/class_pred	HOL-Analysis.Inner_Product	8	4
THM	cascade/class_pred	HOL-Library.Time_Functions	3	3
THM	cascade/class_pred	HOL.Complete_Partial_Order	4	3
THM	cascade/class_pred	HOL.Semiring_Normalization	3	3
THM	cascade/concealed	Budan_Fourier.Budan_Fourier	3	3
THM	cascade/infra_theory	HOL.Quickcheck_Narrowing	109	107
THM	concealed	Gaussian_Integers.Gaussian_Integers	80	80
THM	concealed	HOL-Analysis.Abstract_Metric_Spaces	3	3
THM	concealed	HOL-Analysis.Complex_Transcendental	2	2
THM	concealed	HOL-Decision_Procs.Commutative_Ring	498	401
THM	concealed	HOL-Decision_Procs.Reflective_Field	445	359
THM	concealed	HOL-Probability.Random_Permutations	26	22
THM	concealed	HOL.Conditionally_Complete_Lattices	8	8
THM	concealed	IsaGeoCoq.Tarski_Neutral_Archimedes	81	81
THM	concealed	Landau_Symbols.Landau_Real_Products	282	256
THM	concealed	Lie_Groups.Transfer_Cayley_Hamilton	1	1
THM	concealed	Pratt_Certificate.Pratt_Certificate	267	245
THM	adt_infra	HOL-Analysis.Bounded_Linear_Function	2	2
THM	cascade/class_infix	HOL-Analysis.Inner_Product	6	6
THM	cascade/class_infix	HOL.Complete_Partial_Order	6	6
THM	cascade/class_infix	HOL.Semiring_Normalization	6	6
THM	cascade/class_pred	HOL-Analysis.Gamma_Function	4	3
THM	cascade/class_pred	HOL-Analysis.Product_Vector	9	7
THM	cascade/class_pred	HOL-Library.Signed_Division	11	9
THM	cascade/class_variant	HOL-Analysis.Borel_Space	3	3
THM	cascade/class_variant	HOL-Library.Infinite_Set	6	5
THM	cascade/class_variant	HOL-Library.Poly_Mapping	17	15
THM	cascade/concealed	Gauss_Jordan.Gauss_Jordan_PA	1	1
THM	cascade/concealed	HOL-Library.While_Combinator	7	3
THM	cascade/concealed	Pell.Efficient_Discrete_Sqrt	1	1
THM	cascade/infra_theory	HOL.Quickcheck_Exhaustive	66	66
THM	concealed	HOL-Analysis.Bounded_Linear_Function	18	18
THM	concealed	HOL-Analysis.Ordered_Euclidean_Space	16	16
THM	concealed	HOL-Computational_Algebra.Nth_Powers	11	11
THM	concealed	HOL-Computational_Algebra.Polynomial	224	199
THM	concealed	HOL-Real_Asymp.Multiseries_Expansion	2301	1884
THM	concealed	Jordan_Normal_Form.Column_Operations	30	26
THM	hidden	Algebraic_Numbers.Bivariate_Polynomials	1	1
THM	hidden	Descartes_Sign_Rule.Descartes_Sign_Rule	3	3
THM	hidden	HOL-Combinatorics.Multiset_Permutations	2	2
THM	cascade/adt_record	Coinductive.Coinductive_List	4	4
THM	cascade/class_infix	HOL-Analysis.Gamma_Function	5	5
THM	cascade/class_infix	HOL-Analysis.Product_Vector	12	12
THM	cascade/class_infix	HOL-Library.Signed_Division	6	6
THM	cascade/class_pred	HOL-Analysis.Euclidean_Space	3	3
THM	cascade/class_pred	HOL-Library.Lattice_Algebras	21	16
THM	cascade/class_pred	Jordan_Normal_Form.Conjugate	23	19
THM	cascade/class_variant	HOL-Analysis.Infinite_Sum	9	9
THM	cascade/class_variant	HOL-Library.Quotient_Type	3	3
THM	cascade/class_variant	HOL-Number_Theory.Mod_Exp	9	9
THM	cascade/class_variant	Jordan_Normal_Form.Matrix	3	3
THM	cascade/concealed	HOL-Library.Power_By_Squaring	6	3
THM	cascade/concealed	Sturm_Sequences.Sturm_Theorem	4	4
THM	concealed	HOL-Analysis.Elementary_Metric_Spaces	4	4
THM	concealed	HOL-Analysis.Finite_Cartesian_Product	72	72
THM	concealed	HOL-Analysis.Topology_Euclidean_Space	4	4
THM	concealed	HOL-Library.Extended_Nonnegative_Real	36	36
THM	concealed	Hermite_Lindemann.More_Polynomial_HLW	1	1
THM	concealed	Polynomial_Factorization.Missing_List	196	159
THM	hidden	Winding_Number_Eval.Cauchy_Index_Theorem	2	2
THM	cascade/class_infix	HOL-Analysis.Euclidean_Space	6	6
THM	cascade/class_infix	HOL-Library.Lattice_Algebras	6	6
THM	cascade/class_infix	Jordan_Normal_Form.Conjugate	12	12
THM	cascade/class_pred	Rank_Nullity_Theorem.Mod_Type	5	3
THM	cascade/class_variant	HOL-Library.Groups_Big_Fun	11	11
THM	cascade/class_variant	HOL-Library.Multiset_Order	18	18
THM	cascade/class_variant	HOL.Complete_Partial_Order	172	170
THM	cascade/concealed	HOL-Analysis.Arcwise_Connected	12	6
THM	cascade/concealed	HOL-Combinatorics.Permutations	4	4
THM	cascade/concealed	HOL-Library.Discrete_Functions	1	1
THM	cascade/concealed	HOL-Library.Sorting_Algorithms	8	4
THM	cascade/concealed	HOL-Number_Theory.Eratosthenes	1	1
THM	concealed	HOL-Analysis.Cartesian_Euclidean_Space	1	1
THM	concealed	Polynomial_Interpolation.Is_Rat_To_Rat	9	9
THM	hidden	HOL-Probability.Probability_Mass_Function	1	1
THM	hidden	Polynomial_Interpolation.Missing_Unsorted	2	2
THM	inductive_infra	HOL-Analysis.Bochner_Integration	1	1
THM	infra_theory	HOL-Decision_Procs.Commutative_Ring	702	266
THM	infra_theory	HOL-Decision_Procs.Reflective_Field	751	221
THM	adt_infra	Continued_Fractions.Continued_Fractions	1	1
THM	cascade/class_infix	Rank_Nullity_Theorem.Mod_Type	6	6
THM	cascade/class_pred	HOL-Library.Infinite_Typeclass	3	3
THM	cascade/class_variant	HOL-Analysis.Linear_Algebra	14	5
THM	cascade/concealed	Catalan_Numbers.Catalan_Numbers	4	4
THM	cascade/valtermify_term	Linear_Recurrences.RatFPS	1	1
THM	concealed	Continued_Fractions.Continued_Fractions	150	136
THM	concealed	Descartes_Sign_Rule.Descartes_Sign_Rule	17	13
THM	concealed	HOL-Combinatorics.Multiset_Permutations	50	50
THM	concealed	HOL-Computational_Algebra.Field_as_Ring	43	43
THM	concealed	HOL-Decision_Procs.Approximation_Bounds	152	114
THM	concealed	HOL-Library.Countable_Complete_Lattices	5	5
THM	concealed	Linear_Recurrences.Eulerian_Polynomials	2	2
THM	infra_theory	HOL-Real_Asymp.Multiseries_Expansion	1355	1098
THM	cascade/class_pred	Jordan_Normal_Form.Missing_Ring	4	3
THM	cascade/class_variant	Coinductive.Coinductive_List	158	138
THM	cascade/class_variant	HOL-Library.Lattice_Algebras	24	24
THM	cascade/class_variant	HOL-Library.Order_Continuity	3	3
THM	cascade/concealed	Bell_Numbers_Spivey.Bell_Numbers	1	1
THM	cascade/concealed	HOL-Decision_Procs.Approximation	31	17
THM	concealed	HOL-Analysis.Bounded_Continuous_Function	19	19
THM	concealed	HOL-Computational_Algebra.Factorial_Ring	4	4
THM	concealed	HOL-Computational_Algebra.Fraction_Field	23	23
THM	concealed	HOL-Computational_Algebra.Polynomial_FPS	1	1
THM	infra_theory	HOL-Decision_Procs.Dense_Linear_Order	525	306
THM	cascade/class_infix	Jordan_Normal_Form.Missing_Ring	6	6
THM	cascade/class_pred	HOL-Analysis.Elementary_Topology	8	7
THM	cascade/class_pred	HOL-Computational_Algebra.Primes	38	33
THM	cascade/class_variant	Rank_Nullity_Theorem.Mod_Type	44	44
THM	concealed	Berlekamp_Zassenhaus.Unique_Factorization	5	5
THM	concealed	HOL-Probability.Probability_Mass_Function	6	6
THM	concealed	Polynomial_Interpolation.Missing_Unsorted	16	13
THM	inductive_infra	IsaGeoCoq.Tarski_Neutral_Archimedes	3	3
THM	inductive_infra	IsaGeoCoq.Tarski_Neutral_Continuity	1	1
THM	cascade/class_infix	HOL-Analysis.Elementary_Topology	6	6
THM	cascade/class_infix	HOL-Computational_Algebra.Primes	21	21
THM	cascade/class_pred	Dirichlet_Series.Dirichlet_Series	9	8
THM	cascade/concealed	Budan_Fourier.Sturm_Multiple_Roots	3	3
THM	cascade/concealed	Count_Complex_Roots.Extended_Sturm	1	1
THM	cascade/concealed	Dirichlet_Series.Dirichlet_Product	1	1
THM	cascade/hidden	Polynomial_Factorization.Missing_List	1	1
THM	concealed	Algebraic_Numbers.Algebraic_Numbers_Prelim	17	13
THM	concealed	Dirichlet_Series.Dirichlet_Series_Analysis	7	7
THM	concealed	Linear_Recurrences.Linear_Recurrences_Misc	17	13
THM	hidden	Polynomial_Interpolation.Newton_Interpolation	25	24
THM	cascade/class_infix	Dirichlet_Series.Dirichlet_Series	11	11
THM	cascade/class_pred	HOL-Decision_Procs.Polynomial_List	4	3
THM	cascade/concealed	HOL-Probability.Random_Permutations	10	6
THM	cascade/concealed	IsaGeoCoq.Tarski_Neutral_Archimedes	12	12
THM	cascade/concealed	Landau_Symbols.Landau_Real_Products	23	11
THM	cascade/concealed	Pratt_Certificate.Pratt_Certificate	25	13
THM	concealed	Chebyshev_Polynomials.Chebyshev_Polynomials	184	144
THM	concealed	Jordan_Normal_Form.Gauss_Jordan_Elimination	41	35
THM	concealed	Polynomial_Interpolation.Missing_Polynomial	18	13
THM	concealed	Symmetric_Polynomials.Symmetric_Polynomials	22	22
THM	cascade/class_pred	HOL.Conditionally_Complete_Lattices	16	12
THM	cascade/class_variant	HOL-Analysis.Elementary_Topology	17	17
THM	cascade/class_variant	HOL-Computational_Algebra.Primes	4	4
THM	cascade/concealed	HOL-Computational_Algebra.Nth_Powers	3	3
THM	cascade/concealed	HOL-Computational_Algebra.Polynomial	13	13
THM	cascade/concealed	Jordan_Normal_Form.Column_Operations	2	2
THM	cascade/sumC_graph	IsaGeoCoq.Tarski_Neutral_Archimedes	6	6
THM	cascade/sumC_graph	Pratt_Certificate.Pratt_Certificate	1	1
THM	concealed	Affine_Arithmetic.Executable_Euclidean_Space	15	15
THM	concealed	HOL-Complex_Analysis.Cauchy_Integral_Theorem	1	1
THM	concealed	HOL-Decision_Procs.Commutative_Ring_Complete	42	13
THM	concealed	HOL-Library.Linear_Temporal_Logic_on_Streams	24	24
THM	concealed	Ordinary_Differential_Equations.Poincare_Map	1	1
THM	hidden	HOL-Computational_Algebra.Formal_Laurent_Series	1	1
THM	cascade/class_infix	HOL.Conditionally_Complete_Lattices	11	11
THM	cascade/class_pred	HOL-Analysis.Ordered_Euclidean_Space	10	4
THM	cascade/class_pred	HOL-Computational_Algebra.Polynomial	10	9
THM	cascade/class_variant	HOL-Analysis.Extended_Real_Limits	8	8
THM	cascade/concealed	Polynomial_Factorization.Missing_List	13	11
THM	concealed	Card_Number_Partitions.Card_Number_Partitions	20	13
THM	concealed	HOL-Computational_Algebra.Euclidean_Algorithm	69	69
THM	concealed	HOL-Computational_Algebra.Formal_Power_Series	162	148
THM	concealed	Polynomial_Interpolation.Newton_Interpolation	112	87
THM	inductive_infra	HOL-Computational_Algebra.Group_Closure	4	4
THM	cascade/class_infix	HOL-Analysis.Ordered_Euclidean_Space	5	5
THM	cascade/class_infix	HOL-Computational_Algebra.Polynomial	11	11
THM	cascade/class_pred	HOL-Analysis.Elementary_Metric_Spaces	3	3
THM	cascade/class_variant	HOL-Decision_Procs.Polynomial_List	175	167
THM	concealed	Berlekamp_Zassenhaus.Unique_Factorization_Poly	15	15
THM	concealed	HOL-Computational_Algebra.Polynomial_Factorial	21	21
THM	concealed	HOL-Decision_Procs.Parametric_Ferrante_Rackoff	1874	474
THM	cascade/class_infix	HOL-Analysis.Elementary_Metric_Spaces	5	5
THM	cascade/class_pred	Polynomial_Interpolation.Is_Rat_To_Rat	3	3
THM	cascade/class_variant	HOL.Conditionally_Complete_Lattices	504	502
THM	cascade/concealed	Continued_Fractions.Continued_Fractions	10	10
THM	cascade/concealed	Descartes_Sign_Rule.Descartes_Sign_Rule	1	1
THM	cascade/concealed	HOL-Combinatorics.Multiset_Permutations	6	6
THM	cascade/concealed	HOL-Decision_Procs.Approximation_Bounds	33	29
THM	cascade/infra_theory	HOL-Real_Asymp.Multiseries_Expansion	32	25
THM	concealed	HOL-Computational_Algebra.Formal_Laurent_Series	52	52
THM	hidden	Linear_Recurrences.Linear_Inhomogenous_Recurrences	1	1
THM	inductive_infra	HOL-Number_Theory.Residue_Primitive_Roots	1	1
THM	infra_theory	HOL-Decision_Procs.Commutative_Ring_Complete	34	20
THM	cascade/class_infix	Polynomial_Interpolation.Is_Rat_To_Rat	5	5
THM	cascade/class_pred	HOL-Library.Countable_Complete_Lattices	11	7
THM	concealed	Linear_Recurrences.Linear_Homogenous_Recurrences	13	13
THM	cascade/class_infix	HOL-Library.Countable_Complete_Lattices	12	12
THM	cascade/class_pred	HOL-Computational_Algebra.Factorial_Ring	19	16
THM	cascade/class_variant	HOL-Analysis.Elementary_Metric_Spaces	5	5
THM	cascade/class_variant	HOL-Analysis.Elementary_Normed_Spaces	6	6
THM	cascade/class_variant	HOL-Analysis.Topology_Euclidean_Space	3	3
THM	cascade/concealed	Polynomial_Interpolation.Missing_Unsorted	1	1
THM	concealed	Linear_Recurrences.Partial_Fraction_Decomposition	52	40
THM	concealed	Ordinary_Differential_Equations.ODE_Auxiliarities	2	2
THM	infra_theory	HOL-Decision_Procs.Parametric_Ferrante_Rackoff	2116	436
THM	cascade/class_infix	HOL-Computational_Algebra.Factorial_Ring	10	10
THM	cascade/class_pred	Berlekamp_Zassenhaus.Unique_Factorization	11	9
THM	cascade/concealed	Algebraic_Numbers.Algebraic_Numbers_Prelim	1	1
THM	cascade/concealed	Linear_Recurrences.Linear_Recurrences_Misc	1	1
THM	cascade/hidden	Polynomial_Interpolation.Newton_Interpolation	11	11
THM	concealed	Polynomial_Factorization.Square_Free_Factorization	34	17
THM	inductive_infra	HOL-Library.Linear_Temporal_Logic_on_Streams	4	4
THM	cascade/class_infix	Berlekamp_Zassenhaus.Unique_Factorization	10	10
THM	cascade/class_pred	Dirichlet_Series.Dirichlet_Series_Analysis	10	7
THM	cascade/class_variant	HOL-Computational_Algebra.Field_as_Ring	11	11
THM	cascade/class_variant	HOL-Computational_Algebra.Group_Closure	27	25
THM	cascade/concealed	Chebyshev_Polynomials.Chebyshev_Polynomials	17	15
THM	cascade/concealed	Jordan_Normal_Form.Gauss_Jordan_Elimination	7	7
THM	cascade/concealed	Polynomial_Interpolation.Missing_Polynomial	1	1
THM	cascade/concealed	Symmetric_Polynomials.Symmetric_Polynomials	14	12
THM	hidden	HOL-Analysis.Equivalence_Lebesgue_Henstock_Integration	1	1
THM	cascade/class_infix	Dirichlet_Series.Dirichlet_Series_Analysis	12	12
THM	cascade/class_variant	HOL-Computational_Algebra.Factorial_Ring	218	214
THM	cascade/class_variant	HOL-Computational_Algebra.Fraction_Field	7	7
THM	cascade/concealed	HOL-Library.Linear_Temporal_Logic_on_Streams	4	2
THM	cascade/sumC_graph	Chebyshev_Polynomials.Chebyshev_Polynomials	4	4
THM	concealed	HOL-Decision_Procs.Reflected_Multivariate_Polynomial	688	318
THM	adt_infra	Ordinary_Differential_Equations.Reachability_Analysis	3	3
THM	cascade/class_pred	Affine_Arithmetic.Executable_Euclidean_Space	3	3
THM	cascade/class_variant	Berlekamp_Zassenhaus.Unique_Factorization	64	56
THM	cascade/concealed	Card_Number_Partitions.Card_Number_Partitions	1	1
THM	cascade/concealed	HOL-Computational_Algebra.Euclidean_Algorithm	10	10
THM	cascade/concealed	HOL-Computational_Algebra.Formal_Power_Series	11	8
THM	cascade/concealed	Polynomial_Interpolation.Newton_Interpolation	5	5
THM	concealed	HOL-Computational_Algebra.Fundamental_Theorem_Algebra	1	1
THM	concealed	Ordinary_Differential_Equations.Initial_Value_Problem	1	1
THM	concealed	Ordinary_Differential_Equations.Reachability_Analysis	62	62
THM	cascade/class_infix	Affine_Arithmetic.Executable_Euclidean_Space	5	5
THM	cascade/class_pred	HOL-Computational_Algebra.Euclidean_Algorithm	27	20
THM	cascade/concealed	HOL-Computational_Algebra.Polynomial_Factorial	3	3
THM	cascade/sumC_graph	HOL-Computational_Algebra.Euclidean_Algorithm	2	2
THM	adt_infra	Ordinary_Differential_Equations.Bounded_Linear_Operator	2	2
THM	cascade/class_infix	HOL-Computational_Algebra.Euclidean_Algorithm	5	5
THM	cascade/class_variant	Polynomial_Interpolation.Missing_Polynomial	5	5
THM	cascade/quotient_typedef	HOL-Computational_Algebra.Fraction_Field	20	20
THM	concealed	Ordinary_Differential_Equations.Bounded_Linear_Operator	23	23
THM	infra_theory	HOL-Decision_Procs.Reflected_Multivariate_Polynomial	827	293
THM	cascade/concealed	Linear_Recurrences.Linear_Homogenous_Recurrences	1	1
THM	cascade/class_variant	HOL-Computational_Algebra.Euclidean_Algorithm	42	42
THM	cascade/concealed	Linear_Recurrences.Partial_Fraction_Decomposition	3	3
THM	cascade/concealed	Polynomial_Factorization.Square_Free_Factorization	4	4
THM	cascade/sumC_graph	Polynomial_Factorization.Square_Free_Factorization	1	1
CASCC	ATP.fEx	2
CASCC	ATP.fAll	2
CASCC	ATP.fNot	9
CASCC	ATP.fComp	4
CASCC	ATP.fTrue	1
CASCC	ATP.fconj	6
CASCC	ATP.fdisj	6
CASCC	ATP.fFalse	2
CASCC	ATP.fequal	6
CASCC	BNF_Def.Gr	9
CASCC	Int.cr_int	1
CASCC	Rat.cr_rat	1
CASCC	ATP.fChoice	2
CASCC	BNF_Def.Grp	64
CASCC	Fib.fib_rel	1
CASCC	Int.pcr_int	6
CASCC	Lifting.NEG	6
CASCC	Lifting.POS	7
CASCC	Rat.pcr_rat	8
CASCC	ATP.fimplies	5
CASCC	GCD.bezw_rel	1
CASCC	Real.cr_real	1
CASCC	Transfer.Rel	11
CASCC	Tree.ipl_rel	1
CASCC	Word.cr_word	1
CASCC	BNF_Def.fstOp	3
CASCC	BNF_Def.sndOp	3
CASCC	GCD.Gcd_class	4
CASCC	GCD.gcd_class	8
CASCC	List.upto_rel	3
CASCC	Ramsey.ES_rel	1
CASCC	Real.pcr_real	9
CASCC	Rings.dvd.dvd	447
CASCC	Word.pcr_word	8
CASCC	BNF_Def.convol	14
CASCC	BNF_Def.eq_onp	296
CASCC	HOL.type_class	41
CASCC	Nat.size_class	3
CASCC	Perm.cycle_rel	1
CASCC	Random.log_rel	1
CASCC	Tree.size1_rel	1
CASCC	Uprod.cr_uprod	1
CASCC	BNF_Def.collect	5
CASCC	BNF_Def.csquare	2
CASCC	BNF_Def.rel_fun	1634
CASCC	BNF_Def.rel_set	38
CASCC	Enum.enum_class	3
CASCC	Fib.gen_fib_rel	1
CASCC	GCD.gcd_nat_rel	1
CASCC	HOL.equal_class	3
CASCC	Int.int.Abs_int	5
CASCC	Int.int.Rep_int	7
CASCC	Int.ring_1.Ints	15
CASCC	List.splice_rel	4
CASCC	Rat.rat.Abs_rat	5
CASCC	Rat.rat.Rep_rat	7
CASCC	Rings.dvd_class	3
CASCC	Tree.mirror_rel	1
CASCC	Uprod.pcr_uprod	4
CASCC	BNF_Def.vimage2p	18
CASCC	Groups.abs_class	7
CASCC	Groups.one_class	10
CASCC	Groups.sgn_class	4
CASCC	Lifting.Quotient	118
CASCC	Lifting.Respects	14
CASCC	List.ord.lexordp	230
CASCC	Rings.idom_class	9
CASCC	Rings.ring_class	5
CASCC	Tree.bst_wrt_rel	3
CASCC	Tree.inorder_rel	1
CASCC	AList.compose_rel	4
CASCC	Groups.plus_class	4
CASCC	Groups.zero_class	3
CASCC	HOL.default_class	3
CASCC	Int.ring_1.of_int	79
CASCC	List.min_list_rel	1
CASCC	List.shuffles_rel	5
CASCC	Num.numeral_class	4
CASCC	Num.ring_1.iszero	11
CASCC	Orderings.ord.max	206
CASCC	Orderings.ord.min	202
CASCC	Power.power.power	236
CASCC	Power.power_class	4
CASCC	Rat.valterm_fract	1
CASCC	Rings.dioid_class	4
CASCC	Transfer.bi_total	87
CASCC	Tree.complete_rel	3
CASCC	Tree.height_class	3
CASCC	Tree.inorder2_rel	1
CASCC	Tree.preorder_rel	1
CASCC	Tree.subtrees_rel	1
CASCC	FSet.linorder.fMax	3
CASCC	FSet.linorder.fMin	3
CASCC	Fields.field_class	11
CASCC	Float.power_up_rel	1
CASCC	GCD.ring_gcd_class	4
CASCC	Groups.minus_class	6
CASCC	Groups.times_class	7
CASCC	Lattices.inf_class	4
CASCC	Lattices.sup_class	4
CASCC	List.transpose_rel	5
CASCC	Matrix.pow_mat_rel	1
CASCC	Random.iterate_rel	1
CASCC	Real.real.Abs_real	5
CASCC	Real.real.Rep_real	7
CASCC	Rings.abs_if_class	7
CASCC	Rings.divide_class	6
CASCC	Rings.modulo_class	4
CASCC	Rings.ring_1_class	6
CASCC	Transfer.bi_unique	186
CASCC	Tree.linorder.heap	10
CASCC	Tree.postorder_rel	1
CASCC	Tree.wbalanced_rel	3
CASCC	Word.ring_1.signed	25
CASCC	Word.word.Abs_word	5
CASCC	Word.word.Rep_word	7
CASCC	AList.clearjunk_rel	4
CASCC	AList.map_entry_rel	1
CASCC	Groups.uminus_class	3
CASCC	List.interval_class	6
CASCC	List.ord.lexordp_eq	159
CASCC	List.sorted_wrt_rel	3
CASCC	Nat.semiring_1.Nats	14
CASCC	Num.neg_numeral.dbl	8
CASCC	Num.neg_numeral.sub	19
CASCC	Num.numeral.numeral	364
CASCC	Orderings.bot_class	4
CASCC	Orderings.ord.Least	93
CASCC	Orderings.ord_class	4
CASCC	Orderings.top_class	3
CASCC	Rings.semidom_class	4
CASCC	Transfer.left_total	89
CASCC	Tree.min_height_rel	1
CASCC	AList.delete_aux_rel	1
CASCC	BNF_Def.pick_middlep	2
CASCC	Code_Generator.holds	1
CASCC	FSet.random_aux_fset	4
CASCC	Fields.inverse_class	5
CASCC	Float.power_down_rel	1
CASCC	List.remdups_adj_rel	1
CASCC	List.trancl_list_rel	3
CASCC	Real.valterm_ratreal	1
CASCC	Record.iso_tuple_fst	40
CASCC	Record.iso_tuple_snd	20
CASCC	Rings.semiring_class	4
CASCC	Transfer.is_equality	4
CASCC	Transfer.rev_implies	1
CASCC	Transfer.right_total	112
CASCC	Tree.height_tree_rel	1
CASCC	Utility.max_list_rel	1
CASCC	AList.map_default_rel	1
CASCC	HOL.equal_class.equal	1165
CASCC	Lifting.rel_pred_comp	1
CASCC	List.arg_min_list_rel	1
CASCC	List.successively_rel	3
CASCC	Matrix.square_mat_rel	3
CASCC	Missing_List.span_rel	1
CASCC	Nat.ring_char_0_class	5
CASCC	Nat.semiring_1.of_nat	115
CASCC	Num.neg_numeral_class	4
CASCC	Orderings.order_class	9
CASCC	Polynomial.pderiv_rel	3
CASCC	Rat.field_char_0.Rats	8
CASCC	RatFPS.valterm_ratfps	1
CASCC	Resultant.mk_poly_sub	1
CASCC	Rings.comm_ring_class	5
CASCC	Rings.mult_zero_class	4
CASCC	Stirling.Stirling_rel	1
CASCC	Stirling.stirling_rel	1
CASCC	Type_Length.len_class	3
CASCC	Uprod.uprod.Abs_uprod	5
CASCC	Uprod.uprod.Rep_uprod	7
CASCC	BNF_Composition.id_bnf	32
CASCC	Code_Evaluation.valapp	2
CASCC	Countable.nth_item_rel	4
CASCC	Eratosthenes.sieve_rel	1
CASCC	FSet.valterm_femptyset	1
CASCC	Float.valtermify_float	1
CASCC	GCD.semiring_Gcd_class	4
CASCC	GCD.semiring_gcd_class	6
CASCC	Groups.group_add_class	7
CASCC	Lattices.lattice_class	8
CASCC	List.interval.interval	6
CASCC	List.linorder.sort_key	80
CASCC	Mod_Type.mod_type.Abs'	6
CASCC	Multiset.linorder.part	8
CASCC	Newton_Interpolation.b	3
CASCC	Newton_Interpolation.c	1
CASCC	Newton_Interpolation.f	2
CASCC	Newton_Interpolation.x	2
CASCC	Num.neg_numeral.is_num	17
CASCC	Orderings.no_bot_class	3
CASCC	Orderings.no_top_class	3
CASCC	Poly_Mapping.zero.when	17
CASCC	Quotient_Type.eqv.quot	3
CASCC	Rings.semiring_0_class	6
CASCC	Rings.semiring_1_class	9
CASCC	Sturm_Tarski.smods_rel	3
CASCC	Type_Length.len0_class	4
CASCC	Bernoulli.bernoulli_rel	1
CASCC	Budan_Fourier.pders_rel	3
CASCC	Cardinality.card2_class	3
CASCC	FSet.valtermify_finsert	1
CASCC	Finite_Set.finite_class	5
CASCC	Fraction_Field.cr_fract	1
CASCC	Groups.monoid_add_class	6
CASCC	List.interval_bot_class	4
CASCC	List.interval_top_class	4
CASCC	ListVector.zipwith0_rel	1
CASCC	Mod_Type.mod_type_class	5
CASCC	Nat.old.nat.rec_set_nat	1
CASCC	Num.neg_numeral.dbl_dec	8
CASCC	Num.neg_numeral.dbl_inc	8
CASCC	Quotient_Type.eqv_class	4
CASCC	Rat.field_char_0.of_rat	5
CASCC	Rings.comm_ring_1_class	9
CASCC	Rings.idom_divide_class	4
CASCC	Rings.idom_modulo_class	4
CASCC	Rings.unit_factor_class	3
CASCC	Set_Interval.ord.atMost	103
CASCC	Stream.stream.bd_stream	4
CASCC	Time_Functions.T_tl_rel	3
CASCC	Transcendental.ln_class	4
CASCC	Tree.linorder.heap_sumC	1
CASCC	Cardinality.CARD_1_class	3
CASCC	Cycles.cycle_of_list_rel	1
CASCC	Fraction_Field.pcr_fract	7
CASCC	GCD.semiring_gcd.Gcd_fin	7
CASCC	GCD.semiring_gcd.Lcm_fin	8
CASCC	Groups.monoid_mult_class	9
CASCC	Lattices_Big.ord.arg_max	11
CASCC	Lattices_Big.ord.arg_min	11
CASCC	List.linorder.insort_key	86
CASCC	Log_Nat.ceillog2_aux_rel	1
CASCC	Missing_List.filter2_rel	1
CASCC	Missing_List.mem_idx_rel	1
CASCC	Mod_Type.mod_type.to_nat	23
CASCC	Newton_Interpolation.Xij	1
CASCC	Orderings.linorder_class	7
CASCC	Orderings.order.Greatest	33
CASCC	Orderings.preorder_class	5
CASCC	Parity.ring_parity_class	4
CASCC	Rings.idom_abs_sgn_class	5
CASCC	Rings.ordered_ring_class	4
CASCC	Rings.zero_neq_one_class	4
CASCC	Set_Interval.ord.atLeast	101
CASCC	Sturm_Tarski.changes_rel	1
CASCC	Time_Functions.T_fst_rel	2
CASCC	Time_Functions.T_nth_rel	3
CASCC	Time_Functions.T_rev_rel	3
CASCC	Time_Functions.T_snd_rel	2
CASCC	Time_Functions.itrev_rel	1
CASCC	Transfer.transfer_forall	2
CASCC	Word.semiring_1.unsigned	29
CASCC	Approximation.isDERIV_rel	3
CASCC	Approximation.lift_un_rel	1
CASCC	Conjugate.conjugate_class	4
CASCC	Countable.countable_class	5
CASCC	Enum.finite_lattice_class	9
CASCC	Extended.inf_extended_rel	1
CASCC	Extended.sup_extended_rel	1
CASCC	FSet.comm_monoid_add.fsum	3
CASCC	Fields.class.field_axioms	6
CASCC	Fields.field_char_0_class	5
CASCC	Group_Sort.groupsort.sort	6
CASCC	Groups.ab_group_add_class	10
CASCC	Interval.split_domain_rel	1
CASCC	Lattices_Big.linorder.Max	140
CASCC	Lattices_Big.linorder.Min	136
CASCC	List_Index.remove_nth_rel	1
CASCC	Matrix.diag_block_mat_rel	1
CASCC	Matrix.unit_vecs_last_rel	1
CASCC	Missing_List.fold_map_rel	1
CASCC	Missing_List.min_list_rel	1
CASCC	Nat.semiring_1.of_nat_aux	3
CASCC	Nat.semiring_char_0_class	4
CASCC	Orderings.order_bot_class	4
CASCC	Orderings.order_top_class	4
CASCC	Orderings.wellorder_class	3
CASCC	Primes.finite_field_class	6
CASCC	Quotient_Type.equiv_class	3
CASCC	RatFPS.ratfps_nth_aux_rel	1
CASCC	Rings.comm_semiring_class	4
CASCC	Rings.zero_less_one_class	5
CASCC	Set_Interval.ord.lessThan	83
CASCC	Time_Functions.T2_map_rel	3
CASCC	Time_Functions.T_drop_rel	3
CASCC	Time_Functions.T_take_rel	3
CASCC	Transfer.transfer_bforall	2
CASCC	Transfer.transfer_implies	2
CASCC	Approximation.lift_bin_rel	1
CASCC	Approximation.lift_un'_rel	1
CASCC	Bit_Operations.and_num_rel	1
CASCC	Bit_Operations.xor_num_rel	1
CASCC	Extended.plus_extended_rel	1
CASCC	Extended_Nat.enat.rec_enat	4
CASCC	Fields.division_ring_class	5
CASCC	Fields.field_abs_sgn_class	4
CASCC	Gamma_Function.Gamma_class	4
CASCC	Group_Sort.groupsort.group	2
CASCC	Groups.semigroup_add_class	6
CASCC	Is_Rat_To_Rat.is_rat_class	3
CASCC	List.class.interval_axioms	5
CASCC	List.interval.all_interval	4
CASCC	Matrix.unit_vecs_first_rel	1
CASCC	Mod_Type.mod_type.from_nat	15
CASCC	Newton_Interpolation.xij_f	2
CASCC	Num.semiring_numeral_class	4
CASCC	Polynomial.plus_coeffs_rel	1
CASCC	Predicate.iterate_upto_rel	3
CASCC	Rings.divide_trivial_class	6
CASCC	Rings.semidom_divide_class	6
CASCC	Rings.semidom_modulo_class	5
CASCC	Rings.zero_neq_one.of_bool	43
CASCC	Time_Functions.T_itrev_rel	3
CASCC	Approximation.lift_bin'_rel	1
CASCC	Cardinality.card_UNIV_class	3
CASCC	Catalan_Numbers.catalan_rel	1
CASCC	Complete_Lattices.Inf_class	8
CASCC	Complete_Lattices.Sup_class	4
CASCC	Extended_Nat.infinity_class	3
CASCC	Extended_Real.abs_ereal_rel	5
CASCC	Extended_Real.sgn_ereal_rel	5
CASCC	Groups.semigroup_mult_class	5
CASCC	Lattices_Big.ord.arg_max_on	11
CASCC	Lattices_Big.ord.arg_min_on	11
CASCC	Lattices_Big.ord.is_arg_max	11
CASCC	Lattices_Big.ord.is_arg_min	11
CASCC	Multiseries_Expansion.rceil	3
CASCC	Orderings.dense_order_class	5
CASCC	Polynomial_List.field.pquot	6
CASCC	Record.iso_tuple_fst_update	1
CASCC	Record.iso_tuple_snd_update	16
CASCC	Rings.class.semiring_axioms	6
CASCC	Rings.comm_semiring_0_class	5
CASCC	Rings.comm_semiring_1_class	5
CASCC	Rings.linordered_idom_class	7
CASCC	Rings.linordered_ring_class	6
CASCC	Rings.semiring_modulo_class	5
CASCC	Sturm_Theorem.sturm_aux_rel	3
CASCC	Time_Functions.T_append_rel	3
CASCC	Time_Functions.T_size_class	3
CASCC	Tree_Multiset.mset_tree_rel	1
CASCC	Approximation.approx_tse_rel	1
CASCC	Coinductive_List.ord.lsorted	148
CASCC	Continued_Fractions.conv_rel	1
CASCC	Extended.uminus_extended_rel	1
CASCC	Extended_Real.less_ereal_rel	10
CASCC	Extended_Real.plus_ereal_rel	8
CASCC	Fraction_Field.idom.fractrel	7
CASCC	GCD.semiring_1.semiring_char	20
CASCC	Groups.comm_monoid_add_class	13
CASCC	Interval.valtermify_interval	1
CASCC	Missing_List.distinct_eq_rel	3
CASCC	Missing_List.remdups_gen_rel	1
CASCC	Multiseries_Expansion.rfloor	3
CASCC	Orderings.class.order_axioms	6
CASCC	Parity.semiring_parity_class	5
CASCC	Polynomial_List.ring_1.order	3
CASCC	Primes.idom_prime_char_class	4
CASCC	Quickcheck_Exhaustive.orelse	2
CASCC	Rings.ordered_ring_abs_class	4
CASCC	Rings.ordered_semiring_class	5
CASCC	Set_Interval.ord.greaterThan	75
CASCC	Sorting_Algorithms.merge_rel	5
CASCC	Sum_Type.old.sum.rec_set_sum	1
CASCC	Time_Functions.T2_filter_rel	3
CASCC	Tree.linorder_class.heap_rel	3
CASCC	Cardinality.finite_UNIV_class	4
CASCC	Continued_Fractions.conv'_rel	1
CASCC	Descartes_Sign_Rule.psums_rel	1
CASCC	Extended.less_eq_extended_rel	3
CASCC	Extended_Real.times_ereal_rel	11
CASCC	Field_as_Ring.field.mod_field	3
CASCC	Fields.linordered_field_class	5
CASCC	GCD.class.semiring_Gcd_axioms	5
CASCC	GCD.class.semiring_gcd_axioms	5
CASCC	Group_Sort.groupsort.part_aux	10
CASCC	Groups.ab_semigroup_add_class	8
CASCC	Groups.class.group_add_axioms	6
CASCC	Groups.comm_monoid_diff_class	3
CASCC	Groups.comm_monoid_mult_class	8
CASCC	List.linorder.stable_sort_key	5
CASCC	Missing_List.concat_lists_rel	1
CASCC	Multiseries_Expansion.rnatmod	3
CASCC	Nat_Bijection.list_decode_rel	4
CASCC	Nat_Bijection.list_encode_rel	1
CASCC	Orderings.class.no_bot_axioms	6
CASCC	Orderings.class.no_top_axioms	6
CASCC	Preorder.preorder_equiv.equiv	16
CASCC	Preorder.preorder_equiv_class	3
CASCC	Primes.field_prime_char_class	5
CASCC	Real_Vector_Spaces.dist_class	4
CASCC	Real_Vector_Spaces.norm_class	3
CASCC	Rings.algebraic_semidom_class	5
CASCC	Rings.ordered_comm_ring_class	4
CASCC	Rings.semiring_0_cancel_class	4
CASCC	Rings.semiring_1_cancel_class	6
CASCC	Sorting_Algorithms.sorted_rel	3
CASCC	State_Monad.traverse_list_rel	1
CASCC	Topological_Spaces.open_class	5
CASCC	Tree.linorder_class.heap_sumC	1
CASCC	Typerep.typerep_class.typerep	94
CASCC	Zorn.pred_on.suc_Union_closed	41
CASCC	Arcwise_Connected.dyad_rec_rel	12
CASCC	Bell_Numbers.Bell_list_aux_rel	1
CASCC	Bit_Operations.and_not_num_rel	1
CASCC	Cardinality.class.card2_axioms	6
CASCC	Extended_Real.uminus_ereal_rel	1
CASCC	Extended_Sturm.changes_alt_rel	1
CASCC	Factorial.semiring_char_0.fact	11
CASCC	Fraction_Field.fract.Abs_fract	5
CASCC	Fraction_Field.fract.Rep_fract	7
CASCC	Groups.ab_semigroup_mult_class	4
CASCC	Groups.class.monoid_add_axioms	6
CASCC	Groups_Big.comm_monoid_add.sum	78
CASCC	Inductive.complete_lattice.gfp	5
CASCC	Inductive.complete_lattice.lfp	5
CASCC	Inner_Product.real_inner_class	8
CASCC	Lattices.bounded_lattice_class	5
CASCC	Lattices.distrib_lattice_class	3
CASCC	Lattices.semilattice_inf_class	6
CASCC	Lattices.semilattice_sup_class	5
CASCC	Matrix.comm_monoid_add.sum_mat	3
CASCC	Missing_List.is_partition_impl	1
CASCC	Mod_Type.class.mod_type_axioms	6
CASCC	Multiseries_Expansion.powr_nat	10
CASCC	Orderings.dense_linorder_class	5
CASCC	Primes.enum_finite_field_class	3
CASCC	Rings.linordered_semidom_class	6
CASCC	Rings.ordered_semiring_0_class	5
CASCC	Rings.ordered_semiring_1_class	5
CASCC	Set_Interval.ord.atLeastAtMost	218
CASCC	String.comm_semiring_1.of_char	10
CASCC	Time_Functions.T_size_list_rel	3
CASCC	Transcendental.class.ln_axioms	6
CASCC	Unique_Factorization.ufd_class	3
CASCC	Utility.sorted_list_subset_rel	1
CASCC	Catalan_Numbers.catalan_aux_rel	3
CASCC	Coinductive_List.llist.bd_llist	4
CASCC	DigitsInBase.LEeval_as_base_rel	1
CASCC	Extended_Real.inverse_ereal_rel	5
CASCC	Extended_Real.real_of_ereal_rel	5
CASCC	Formal_Power_Series.compinv_rel	1
CASCC	Formal_Power_Series.radical_rel	6
CASCC	Groups.class.monoid_mult_axioms	6
CASCC	Groups_Big.comm_monoid_add.sum'	3
CASCC	Groups_List.monoid_add.sum_list	32
CASCC	List.linorder.insort_insert_key	38
CASCC	Missing_Ring.ordered_idom_class	4
CASCC	Nth_Powers.nth_root_nat_aux_rel	3
CASCC	Orderings.class.linorder_axioms	6
CASCC	Pell_Algorithm.pell_mul_nat_rel	1
CASCC	Permutations.adj_transp_seq_rel	3
CASCC	Polynomial.divide_poly_main_rel	1
CASCC	Polynomial_List.semiring_0.padd	17
CASCC	Polynomial_List.semiring_0.poly	60
CASCC	Polynomial_List.semiring_1.pexp	7
CASCC	Pratt_Certificate.build_fpc_rel	1
CASCC	Pratt_Certificate.size_cert_rel	1
CASCC	Product_Type.internal_case_prod	2
CASCC	Real_Vector_Spaces.banach_class	5
CASCC	Real_Vector_Spaces.scaleR_class	3
CASCC	Ring.ring.ring_ext.Abs_ring_ext	4
CASCC	Ring.ring.ring_ext.Rep_ring_ext	6
CASCC	Rings.algebraic_semidom.coprime	54
CASCC	Rings.class.idom_abs_sgn_axioms	6
CASCC	Rings.linordered_semiring_class	5
CASCC	Topological_Spaces.t2_space.Lim	3
CASCC	Tree_Multiset.subtrees_mset_rel	1
CASCC	Unique_Factorization.dvd.is_gcd	12
CASCC	Approximation.approx_approx'_rel	2
CASCC	Approximation.interpret_form_rel	3
CASCC	Approximation.isDERIV_approx_rel	3
CASCC	Code_Numeral.natural.rec_natural	4
CASCC	Complete_Partial_Order.ccpo.fixp	146
CASCC	Continued_Fractions.conv_gen_rel	3
CASCC	Continued_Fractions.conv_num_rel	1
CASCC	Dirichlet_Series.nat_power_class	4
CASCC	Discrete_Functions.floor_log_rel	1
CASCC	Enum.class.finite_lattice_axioms	6
CASCC	Formal_Power_Series.gcompinv_rel	1
CASCC	Groups.class.ab_group_add_axioms	6
CASCC	Groups_Big.comm_monoid_mult.prod	21
CASCC	Infinite_Set.wellorder.enumerate	6
CASCC	List.linorder.sorted_list_of_set	136
CASCC	Missing_List.find_map_filter_rel	1
CASCC	Multiseries_Expansion.expands_to	13
CASCC	Multiset.subset_eq_mset_impl_rel	1
CASCC	Nat.class.semiring_char_0_axioms	5
CASCC	Orderings.class.order_bot_axioms	6
CASCC	Orderings.class.order_top_axioms	6
CASCC	Orderings.class.wellorder_axioms	6
CASCC	Polynomial_List.semiring_0.cmult	9
CASCC	Polynomial_List.semiring_0.pmult	12
CASCC	Pratt_Certificate.size_pratt_rel	1
CASCC	Pratt_Certificate.valid_cert_rel	3
CASCC	Primes.semiring_prime_char_class	8
CASCC	Rings.class.comm_semiring_axioms	6
CASCC	Rings.class.zero_less_one_axioms	6
CASCC	Set_Interval.ord.atLeastLessThan	100
CASCC	Bit_Operations.or_not_num_neg_rel	1
CASCC	Complete_Partial_Order.ccpo_class	4
CASCC	Conjugate.conjugatable_ring_class	6
CASCC	Enum.finite_distrib_lattice_class	4
CASCC	Fields.class.division_ring_axioms	6
CASCC	Gamma_Function.class.Gamma_axioms	5
CASCC	Groups.cancel_semigroup_add_class	3
CASCC	Groups.ordered_ab_group_add_class	11
CASCC	Groups_Big.comm_monoid_mult.prod'	3
CASCC	Groups_List.monoid_mult.prod_list	7
CASCC	Infinite_Typeclass.infinite_class	3
CASCC	Is_Rat_To_Rat.class.is_rat_axioms	5
CASCC	Multiset.comm_monoid_add.sum_mset	15
CASCC	Nat_Bijection.prod_decode_aux_rel	1
CASCC	Polynomial.alg_closed_field_class	6
CASCC	Polynomial.pderiv_coeffs_code_rel	1
CASCC	Polynomial.pseudo_divmod_main_rel	1
CASCC	Polynomial_List.idom_char_0_class	4
CASCC	Polynomial_List.ring_1.poly_minus	3
CASCC	Polynomial_List.semiring_0.degree	5
CASCC	Polynomial_List.semiring_0.mulexp	6
CASCC	Primes.check_prime_by_range_class	4
CASCC	Primes.comm_ring_prime_char_class	4
CASCC	Rings.class.semidom_divide_axioms	6
CASCC	Rings.linordered_semiring_1_class	5
CASCC	Rings.normalization_semidom_class	6
CASCC	Rings.ordered_comm_semiring_class	4
CASCC	Rings.ring_no_zero_divisors_class	4
CASCC	Sublist.longest_common_prefix_rel	1
CASCC	Topological_Spaces.t0_space_class	3
CASCC	Topological_Spaces.t1_space_class	3
CASCC	Topological_Spaces.t2_space_class	5
CASCC	Topological_Spaces.t3_space_class	3
CASCC	Topological_Spaces.t4_space_class	3
CASCC	Unique_Factorization.dvd.some_gcd	9
CASCC	Approximation.DERIV_floatarith_rel	1
CASCC	Approximation.approx_form_eval_rel	1
CASCC	Approximation.approx_tse_concl_rel	3
CASCC	Approximation.approx_tse_form'_rel	3
CASCC	BNF_Composition.DEADID.pred_DEADID	9
CASCC	Bit_Operations.fold2_bit_int.F_rel	12
CASCC	Bit_Operations.semiring_bits_class	5
CASCC	Cardinality.class.card_UNIV_axioms	6
CASCC	Conjugate.conjugatable_field_class	4
CASCC	Continued_Fractions.conv_denom_rel	1
CASCC	Lattices.bounded_lattice_bot_class	4
CASCC	Lattices.bounded_lattice_top_class	4
CASCC	Limits.topological_group_add_class	5
CASCC	Missing_List.union_list_sorted_rel	1
CASCC	Orderings.class.dense_order_axioms	6
CASCC	Pell_Algorithm.efficient_power_rel	6
CASCC	Polynomial.field_unit_factor_class	4
CASCC	Polynomial.minus_poly_rev_list_rel	1
CASCC	Polynomial_List.ring_1.rsquarefree	4
CASCC	Polynomial_List.semiring_0.divides	18
CASCC	Polynomial_List.semiring_0.pnormal	9
CASCC	Product_Type.old.bool.rec_set_bool	1
CASCC	Product_Type.old.prod.rec_set_prod	1
CASCC	Product_Type.old.unit.rec_set_unit	1
CASCC	Real_Vector_Spaces.dist_norm_class	7
CASCC	Rings.class.linordered_idom_axioms	6
CASCC	Rings.class.semiring_modulo_axioms	6
CASCC	Rings.comm_semiring_0_cancel_class	4
CASCC	Rings.comm_semiring_1_cancel_class	10
CASCC	Rings.linordered_ring_strict_class	6
CASCC	Set_Interval.ord.greaterThanAtMost	104
CASCC	Sturm_Multiple_Roots.smods_ext_rel	3
CASCC	Bit_Operations.fold2_bit_int.F_sumC	1
CASCC	Borel_Space.topological_space.borel	3
CASCC	Cong.unique_euclidean_semiring.cong	44
CASCC	Derangements.count_derangements_rel	1
CASCC	Euclidean_Algorithm.field_gcd_class	6
CASCC	Extended_Real_Limits.order.mono_set	8
CASCC	Field_as_Ring.field.normalize_field	3
CASCC	Group_Sort.groupsort.group_sort_rel	8
CASCC	Groups.cancel_comm_monoid_add_class	11
CASCC	Groups.class.comm_monoid_add_axioms	6
CASCC	Isolated.topological_space.discrete	3
CASCC	Lattice_Algebras.lattice_ring_class	4
CASCC	Limits.topological_monoid_add_class	5
CASCC	Multiset.comm_monoid_mult.prod_mset	20
CASCC	Parity.class.semiring_parity_axioms	5
CASCC	Polynomial.pseudo_mod_main_list_rel	1
CASCC	Real_Vector_Spaces.real_field_class	5
CASCC	Rings.class.ordered_ring_abs_axioms	6
CASCC	Rings.class.ordered_semiring_axioms	6
CASCC	Rings.ordered_cancel_semiring_class	5
CASCC	Rings.ordered_semiring_strict_class	6
CASCC	Rings.ring_1_no_zero_divisors_class	4
CASCC	Rings.semiring_modulo_trivial_class	4
CASCC	Signed_Division.signed_divide_class	3
CASCC	Signed_Division.signed_modulo_class	3
CASCC	Topological_Spaces.uniformity_class	3
CASCC	Unique_Factorization.idom_gcd_class	4
CASCC	Approximation_Bounds.ub_ln_lb_ln_rel	6
CASCC	Card_Number_Partitions.Partition_rel	1
CASCC	Complete_Partial_Order.ccpo.iterates	16
CASCC	Euclidean_Rings.euclidean_ring_class	6
CASCC	Factorial.comm_semiring_1.pochhammer	12
CASCC	Group_Sort.groupsort.group_sort_sumC	1
CASCC	Groups.cancel_ab_semigroup_add_class	7
CASCC	Groups.class.ab_semigroup_add_axioms	6
CASCC	Groups.class.comm_monoid_diff_axioms	6
CASCC	Groups.class.comm_monoid_mult_axioms	6
CASCC	Groups.linordered_ab_group_add_class	5
CASCC	Groups.ordered_comm_monoid_add_class	5
CASCC	Lattices_Big.semilattice_inf.Inf_fin	35
CASCC	Lattices_Big.semilattice_sup.Sup_fin	33
CASCC	Limits.topological_monoid_mult_class	4
CASCC	Linear_Algebra.real_inner.orthogonal	14
CASCC	Linear_Recurrences_Misc.zip_with_rel	1
CASCC	List.linorder.sorted_key_list_of_set	22
CASCC	Missing_Polynomial.expand_powers_rel	1
CASCC	Polynomial.divide_poly_main_list_rel	1
CASCC	Primes.class.field_prime_char_axioms	5
CASCC	Real_Vector_Spaces.real_vector_class	5
CASCC	Set_Interval.ord.greaterThanLessThan	76
CASCC	Sturm_Theorem.split_sign_changes_rel	1
CASCC	Archimedean_Field.floor_ceiling_class	3
CASCC	Code_Evaluation.term_of_class.term_of	92
CASCC	Coinductive_List.monoid_add.lsum_list	10
CASCC	Complete_Partial_Order.ccpo.iteratesp	10
CASCC	Euclidean_Space.euclidean_space_class	3
CASCC	Field_as_Ring.field.unit_factor_field	2
CASCC	Formal_Power_Series.fps_nth_deriv_rel	1
CASCC	GCD.semiring_gcd_mult_normalize_class	4
CASCC	Groups.class.ab_semigroup_mult_axioms	6
CASCC	Groups.ordered_ab_group_add_abs_class	5
CASCC	Groups.ordered_ab_semigroup_add_class	7
CASCC	Inner_Product.class.real_inner_axioms	6
CASCC	Interval_Float.subdivide_interval_rel	1
CASCC	Landau_Real_Products.eval_primfun_rel	1
CASCC	Landau_Real_Products.less_primfun_rel	3
CASCC	Landau_Real_Products.powr_primfun_rel	1
CASCC	Lattices.class.distrib_lattice_axioms	6
CASCC	Lattices.class.semilattice_inf_axioms	6
CASCC	Lattices.class.semilattice_sup_axioms	6
CASCC	Limits.topological_ab_group_add_class	4
CASCC	Linear_Homogenous_Recurrences.lhr_rel	1
CASCC	Missing_List.subtract_list_sorted_rel	1
CASCC	Orderings.unbounded_dense_order_class	5
CASCC	Polynomial.mod_poly_one_main_list_rel	1
CASCC	Polynomial_List.semiring_0.pnormalize	13
CASCC	Primes.class.enum_finite_field_axioms	6
CASCC	Primes.comm_semiring_prime_char_class	4
CASCC	Quickcheck_Random.random_class.random	48
CASCC	Real_Vector_Spaces.metric_space_class	6
CASCC	Real_Vector_Spaces.real_algebra_class	6
CASCC	Real_Vector_Spaces.sgn_div_norm_class	5
CASCC	Rings.class.linordered_semidom_axioms	6
CASCC	Rings.ordered_semiring_1_strict_class	5
CASCC	Rings.semiring_no_zero_divisors_class	4
CASCC	Signed_Division.signed_division_class	5
CASCC	Unique_Factorization.class.ufd_axioms	5
CASCC	Approximation.interpret_floatarith_rel	1
CASCC	Approximation_Bounds.ub_exp_lb_exp_rel	6
CASCC	Bernoulli_FPS.gen_akiyama_tanigawa_rel	1
CASCC	Boolean_Algebras.boolean_algebra_class	7
CASCC	Dirichlet_Series.nat_power_field_class	5
CASCC	Elementary_Topology.polish_space_class	4
CASCC	Gauss_Jordan_PA.row_add_iterate_PA_rel	1
CASCC	Group.monoid.monoid_ext.Abs_monoid_ext	4
CASCC	Group.monoid.monoid_ext.Rep_monoid_ext	6
CASCC	Groups_Big_Fun.comm_monoid_add.Sum_any	8
CASCC	Groups_List.comm_semiring_0.horner_sum	16
CASCC	Interval_Float.interval_list_union_rel	1
CASCC	Isolated.metric_space.uniform_discrete	3
CASCC	Isolated.topological_space.isolated_in	3
CASCC	Landau_Real_Products.eval_primfun'_rel	1
CASCC	Landau_Real_Products.merge_primfun_rel	1
CASCC	Missing_Ring.class.ordered_idom_axioms	6
CASCC	Order.gorder.gorder_ext.Abs_gorder_ext	4
CASCC	Order.gorder.gorder_ext.Rep_gorder_ext	6
CASCC	Polynomial.pseudo_divmod_main_list_rel	1
CASCC	Polynomial_List.semiring_0.nonconstant	3
CASCC	Power_By_Squaring.efficient_funpow_rel	6
CASCC	Pratt_Certificate.valid_pratt_tree_rel	3
CASCC	Rings.linordered_semiring_strict_class	6
CASCC	Rings.semidom_divide_unit_factor_class	4
CASCC	Topological_Spaces.perfect_space_class	3
CASCC	Topological_Spaces.uniform_space_class	4
CASCC	Approximation_Bounds.sqrt_iteration_rel	1
CASCC	Chebyshev_Polynomials.cheb_eval_aux_rel	1
CASCC	Column_Operations.swap_col_to_front_rel	1
CASCC	Column_Operations.swap_row_to_front_rel	1
CASCC	Dirichlet_Product.dirichlet_inverse_rel	1
CASCC	Dirichlet_Series.class.nat_power_axioms	5
CASCC	Factorial_Ring.factorial_ring_gcd_class	4
CASCC	Factorial_Ring.factorial_semiring_class	6
CASCC	Group_Sort.groupsort.group_part_aux_rel	12
CASCC	Limits.comm_real_normed_algebra_1_class	4
CASCC	Limits.topological_semigroup_mult_class	4
CASCC	Missing_Unsorted.max_list_non_empty_rel	1
CASCC	Module.module.module_ext.Abs_module_ext	4
CASCC	Module.module.module_ext.Rep_module_ext	6
CASCC	Pratt_Certificate.pratt_tree_number_rel	1
CASCC	Primes.class.semiring_prime_char_axioms	5
CASCC	Real_Vector_Spaces.complete_space_class	5
CASCC	Real_Vector_Spaces.real_algebra_1_class	5
CASCC	Rings.discrete_linordered_semidom_class	4
CASCC	Rings.linordered_nonzero_semiring_class	6
CASCC	Rings.semiring_1_no_zero_divisors_class	4
CASCC	Set_Interval.fold_atLeastAtMost_nat_rel	3
CASCC	Topological_Spaces.order_topology_class	4
CASCC	Topological_Spaces.uniform_space.Cauchy	19
CASCC	While_Combinator.rtrancl_while_step_rel	1
CASCC	While_Combinator.rtrancl_while_test_rel	3
CASCC	Approximation_Bounds.ub_sqrt_lb_sqrt_rel	6
CASCC	Bit_Operations.ring_bit_operations_class	4
CASCC	Complete_Lattices.complete_lattice_class	9
CASCC	Complete_Partial_Order.class.ccpo_axioms	6
CASCC	Conjugate.class.conjugatable_ring_axioms	6
CASCC	Euclidean_Rings.euclidean_semiring_class	7
CASCC	Field_as_Ring.field.euclidean_size_field	3
CASCC	Group_Closure.ab_group_add.group_closure	17
CASCC	Group_Sort.groupsort.group_part_aux_sumC	1
CASCC	Groups.class.cancel_semigroup_add_axioms	6
CASCC	Groups.linordered_ab_semigroup_add_class	4
CASCC	Groups_Big_Fun.comm_monoid_mult.Prod_any	3
CASCC	Landau_Real_Products.inverse_primfun_rel	1
CASCC	Landau_Real_Products.less_eq_primfun_rel	3
CASCC	Limits.topological_comm_monoid_add_class	4
CASCC	Linear_Temporal_Logic_on_Streams.nxt_rel	1
CASCC	Orderings.unbounded_dense_linorder_class	5
CASCC	Parallel.pre_future.future.bd_pre_future	4
CASCC	Polynomial.class.alg_closed_field_axioms	5
CASCC	Polynomial.divmod_poly_one_main_list_rel	1
CASCC	Primes.class.check_prime_by_range_axioms	5
CASCC	Real_Vector_Spaces.uniformity_dist_class	5
CASCC	Rings.class.normalization_semidom_axioms	6
CASCC	Rings.class.ordered_comm_semiring_axioms	6
CASCC	Rings.linordered_semiring_1_strict_class	5
CASCC	Rings.ordered_cancel_comm_semiring_class	4
CASCC	Rings.ordered_comm_semiring_strict_class	4
CASCC	State_Monad.pre_state.state.bd_pre_state	4
CASCC	Topological_Spaces.class.t0_space_axioms	6
CASCC	Topological_Spaces.class.t1_space_axioms	6
CASCC	Topological_Spaces.class.t2_space_axioms	6
CASCC	Topological_Spaces.class.t3_space_axioms	5
CASCC	Topological_Spaces.class.t4_space_axioms	5
CASCC	Topological_Spaces.open_uniformity_class	5
CASCC	Archimedean_Field.archimedean_field_class	4
CASCC	Bit_Operations.class.semiring_bits_axioms	5
CASCC	Bit_Operations.semiring_bits.possible_bit	22
CASCC	Chebyshev_Polynomials.gen_cheb_poly.P_rel	3
CASCC	Chebyshev_Polynomials.gen_cheb_poly.f_rel	3
CASCC	Complete_Lattices.complete_linorder_class	4
CASCC	Conjugate.conjugatable_ordered_ring_class	5
CASCC	Continued_Fractions.cfrac_list_of_rat_rel	3
CASCC	Factorial_Ring.comm_semiring_1.prime_elem	45
CASCC	Group_Closure.ab_group_add.group_closurep	10
CASCC	Infinite_Sum.complete_uniform_space_class	3
CASCC	Landau_Real_Products.pos_primfun_list_rel	3
CASCC	Limits.class.topological_group_add_axioms	5
CASCC	Limits.topological_comm_monoid_mult_class	4
CASCC	Missing_Polynomial.mult_zero.zero_divisor	5
CASCC	Mod_Exp.euclidean_semiring_cancel.mod_exp	4
CASCC	Multiset.linorder.sorted_list_of_multiset	10
CASCC	Polynomial.class.field_unit_factor_axioms	6
CASCC	Real_Vector_Spaces.real_div_algebra_class	5
CASCC	Rings.class.comm_semiring_1_cancel_axioms	6
CASCC	Topological_Spaces.topological_space.nhds	71
CASCC	Topological_Spaces.uniform_space.complete	6
CASCC	Approximation.approx_form'_approx_form_rel	6
CASCC	Chebyshev_Polynomials.gen_cheb_poly.P_sumC	1
CASCC	Chebyshev_Polynomials.gen_cheb_poly.f_sumC	1
CASCC	Conjugate.conjugatable_ordered_field_class	4
CASCC	Elementary_Metric_Spaces.heine_borel_class	3
CASCC	Factorial_Ring.comm_semiring_1.irreducible	30
CASCC	Factorial_Ring.normalization_semidom.prime	67
CASCC	Lattice_Algebras.lattice_ab_group_add.nprt	11
CASCC	Lattice_Algebras.lattice_ab_group_add.pprt	13
CASCC	Lattices.bounded_semilattice_inf_top_class	4
CASCC	Lattices.bounded_semilattice_sup_bot_class	4
CASCC	Limits.class.topological_monoid_add_axioms	5
CASCC	Linear_Temporal_Logic_on_Streams.holds_rel	3
CASCC	Parity.linordered_euclidean_semiring_class	5
CASCC	Polynomial_Factorial.gcd_poly_code_aux_rel	3
CASCC	Primes.check_prime_by_range.check_divisors	4
CASCC	Real_Vector_Spaces.real_normed_field_class	4
CASCC	Rings.class.ordered_semiring_strict_axioms	6
CASCC	Topological_Spaces.discrete_topology_class	3
CASCC	Topological_Spaces.linorder_topology_class	4
CASCC	Topological_Spaces.topological_space_class	10
CASCC	Unique_Factorization.comm_monoid_gcd_class	4
CASCC	Bernoulli_FPS.akiyama_tanigawa_step_aux_rel	1
CASCC	Efficient_Discrete_Sqrt.newton_sqrt_aux_rel	1
CASCC	Euclidean_Rings.euclidean_ring_cancel_class	4
CASCC	Euclidean_Rings.unique_euclidean_ring_class	4
CASCC	Factorial_Ring.factorial_semiring_gcd_class	5
CASCC	Groups.canonically_ordered_monoid_add_class	6
CASCC	Groups.class.cancel_ab_semigroup_add_axioms	6
CASCC	Groups.ordered_cancel_comm_monoid_add_class	4
CASCC	Groups.strict_ordered_comm_monoid_add_class	4
CASCC	Lattice_Algebras.lattice_ab_group_add_class	4
CASCC	Newton_Interpolation.horner_composition_rel	1
CASCC	Real_Vector_Spaces.class.real_vector_axioms	6
CASCC	Real_Vector_Spaces.real_normed_vector_class	7
CASCC	Rings.linordered_comm_semiring_strict_class	5
CASCC	Symmetric_Polynomials.fund_sym_poly_wit_rel	6
CASCC	Topological_Spaces.topological_space.closed	33
CASCC	Approximation_Bounds.lb_arctan_ub_arctan_rel	6
CASCC	Archimedean_Field.class.floor_ceiling_axioms	5
CASCC	Bit_Operations.semiring_bit_operations_class	5
CASCC	Euclidean_Algorithm.euclidean_ring_gcd_class	5
CASCC	Euclidean_Space.class.euclidean_space_axioms	6
CASCC	Groups.class.ordered_ab_group_add_abs_axioms	6
CASCC	Groups.class.ordered_ab_semigroup_add_axioms	6
CASCC	Groups.ordered_ab_semigroup_add_imp_le_class	3
CASCC	Groups.ordered_cancel_ab_semigroup_add_class	7
CASCC	Groups.ordered_cancel_comm_monoid_diff_class	5
CASCC	Groups.strict_ordered_ab_semigroup_add_class	3
CASCC	Landau_Real_Products.iszero_primfun_list_rel	3
CASCC	Landau_Real_Products.nonneg_primfun_list_rel	3
CASCC	Partial_Fraction_Decomposition.decompose_rel	1
CASCC	Permutations.inverse_permutation_of_list_rel	1
CASCC	Real_Vector_Spaces.class.metric_space_axioms	6
CASCC	Real_Vector_Spaces.class.real_algebra_axioms	6
CASCC	Real_Vector_Spaces.ordered_real_vector_class	4
CASCC	Real_Vector_Spaces.real_normed_algebra_class	4
CASCC	Rings.class.semiring_no_zero_divisors_axioms	6
CASCC	Rings.semiring_no_zero_divisors_cancel_class	3
CASCC	Signed_Division.class.signed_division_axioms	6
CASCC	Topological_Spaces.topological_space.compact	15
CASCC	Unique_Factorization.comm_monoid_gcd.listgcd	16
CASCC	UnivPoly.up_ring.up_ring_ext.Abs_up_ring_ext	4
CASCC	UnivPoly.up_ring.up_ring_ext.Rep_up_ring_ext	6
CASCC	While_Combinator.rtrancl_while_invariant_rel	3
CASCC	Boolean_Algebras.class.boolean_algebra_axioms	6
CASCC	Dirichlet_Series.class.nat_power_field_axioms	6
CASCC	Elementary_Metric_Spaces.metric_space.bounded	5
CASCC	Elementary_Topology.topological_space.islimpt	3
CASCC	Mod_Exp.euclidean_semiring_cancel.mod_exp_aux	5
CASCC	Partial_Fraction_Decomposition.decompose'_rel	1
CASCC	Rings.class.linordered_semiring_strict_axioms	6
CASCC	Rings.class.semidom_divide_unit_factor_axioms	5
CASCC	Topological_Spaces.class.perfect_space_axioms	6
CASCC	Topological_Spaces.class.uniform_space_axioms	6
CASCC	Unique_Factorization.comm_monoid_mult.coprime	12
CASCC	Algebraic_Numbers_Prelim.poly_uminus_inner_rel	1
CASCC	Elementary_Normed_Spaces.monoid_add.support_on	3
CASCC	Factorial_Ring.class.factorial_semiring_axioms	5
CASCC	Factorial_Ring.factorial_semiring.multiplicity	12
CASCC	Gauss_Jordan_Elimination.gauss_jordan_main_rel	3
CASCC	Limits.class.topological_semigroup_mult_axioms	5
CASCC	Quickcheck_Narrowing.narrowing_class.narrowing	36
CASCC	Real_Vector_Spaces.class.complete_space_axioms	5
CASCC	Real_Vector_Spaces.real_normed_algebra_1_class	4
CASCC	Rings.class.discrete_linordered_semidom_axioms	6
CASCC	Rings.class.linordered_nonzero_semiring_axioms	6
CASCC	Topological_Spaces.class.order_topology_axioms	5
CASCC	Topological_Spaces.topological_space.at_within	33
CASCC	Topological_Spaces.topological_space.connected	9
CASCC	Topological_Spaces.uniform_space.cauchy_filter	10
CASCC	Bit_Operations.class.ring_bit_operations_axioms	6
CASCC	Chebyshev_Polynomials.clenshaw.clenshaw_aux_rel	8
CASCC	Complete_Lattices.class.complete_lattice_axioms	6
CASCC	Euclidean_Rings.class.euclidean_semiring_axioms	6
CASCC	Euclidean_Rings.euclidean_semiring_cancel_class	3
CASCC	Euclidean_Rings.unique_euclidean_semiring_class	4
CASCC	Factorial_Ring.factorial_semiring.Gcd_factorial	7
CASCC	Factorial_Ring.factorial_semiring.Lcm_factorial	7
CASCC	Factorial_Ring.factorial_semiring.gcd_factorial	8
CASCC	Factorial_Ring.factorial_semiring.lcm_factorial	7
CASCC	Groups.linordered_cancel_ab_semigroup_add_class	6
CASCC	Lattice_Algebras.lattice_ab_group_add_abs_class	5
CASCC	Random_Permutations.fold_random_permutation_rel	5
CASCC	Rings.class.ordered_comm_semiring_strict_axioms	6
CASCC	Symmetric_Polynomials.check_symmetric_mpoly_rel	8
CASCC	Topological_Spaces.topological_space.convergent	6
CASCC	Archimedean_Field.class.archimedean_field_axioms	5
CASCC	Chebyshev_Polynomials.clenshaw.clenshaw_aux'_rel	2
CASCC	Chebyshev_Polynomials.clenshaw.clenshaw_aux_sumC	1
CASCC	Complete_Lattices.complete_boolean_algebra_class	4
CASCC	Complete_Lattices.complete_distrib_lattice_class	3
CASCC	Conjugate.class.conjugatable_ordered_ring_axioms	6
CASCC	Dirichlet_Series_Analysis.dirichlet_series_class	4
CASCC	Euclidean_Algorithm.euclidean_semiring_gcd_class	6
CASCC	Infinite_Sum.class.complete_uniform_space_axioms	5
CASCC	Infinite_Sum.topological_space.convergent_filter	9
CASCC	Landau_Real_Products.landau_dominating_chain_rel	3
CASCC	Pratt_Certificate.check_prime_factors_subset_rel	3
CASCC	Real_Vector_Spaces.real_normed_div_algebra_class	4
CASCC	Rings.normalization_semidom_multiplicative_class	3
CASCC	Topological_Spaces.uniform_space.totally_bounded	7
CASCC	Chebyshev_Polynomials.clenshaw.clenshaw_aux'_sumC	1
CASCC	Elementary_Metric_Spaces.class.heine_borel_axioms	5
CASCC	Elementary_Normed_Spaces.comm_monoid_add.supp_sum	3
CASCC	Multiset_Permutations.permutations_of_set_aux_rel	3
CASCC	Newton_Interpolation.divided_differences_impl_rel	1
CASCC	Newton_Interpolation.newton_coefficients_main_rel	1
CASCC	Order_Continuity.countable_complete_lattice.cclfp	3
CASCC	Parity.class.linordered_euclidean_semiring_axioms	5
CASCC	Quickcheck_Exhaustive.exhaustive_class.exhaustive	12
CASCC	Topological_Spaces.class.discrete_topology_axioms	6
CASCC	Topological_Spaces.first_countable_topology_class	3
CASCC	Unique_Factorization.class.comm_monoid_gcd_axioms	5
CASCC	Unique_Factorization.comm_semiring_1.mset_factors	13
CASCC	Approximation_Bounds.ub_ln_horner_lb_ln_horner_rel	2
CASCC	Bit_Operations.ring_bit_operations.signed_take_bit	20
CASCC	Conditionally_Complete_Lattices.preorder.bdd_above	257
CASCC	Conditionally_Complete_Lattices.preorder.bdd_below	247
CASCC	Factorial_Ring.class.factorial_semiring_gcd_axioms	5
CASCC	Gauss_Jordan_Elimination.eliminate_entries_rec_rel	1
CASCC	Groups.class.canonically_ordered_monoid_add_axioms	6
CASCC	Product_Vector.uniform_topological_group_add_class	5
CASCC	Real_Vector_Spaces.class.real_normed_vector_axioms	6
CASCC	Rings.class.linordered_comm_semiring_strict_axioms	6
CASCC	Topological_Spaces.linear_continuum_topology_class	4
CASCC	Topology_Euclidean_Space.euclidean_space.eucl_less	3
CASCC	Bit_Operations.class.semiring_bit_operations_axioms	5
CASCC	Elementary_Topology.second_countable_topology_class	4
CASCC	Groups.class.ordered_ab_semigroup_add_imp_le_axioms	6
CASCC	Groups.class.strict_ordered_ab_semigroup_add_axioms	6
CASCC	Groups.ordered_ab_semigroup_monoid_add_imp_le_class	4
CASCC	Lattice_Algebras.semilattice_inf_ab_group_add_class	4
CASCC	Lattice_Algebras.semilattice_sup_ab_group_add_class	4
CASCC	Multiset_Permutations.permutations_of_list_impl_rel	1
CASCC	Parity.linordered_euclidean_semiring_division_class	3
CASCC	Partial_Fraction_Decomposition.normalise_decomp_rel	1
CASCC	Product_Vector.uniform_topological_monoid_add_class	4
CASCC	Real_Vector_Spaces.class.ordered_real_vector_axioms	6
CASCC	Real_Vector_Spaces.class.real_normed_algebra_axioms	6
CASCC	Rings.class.semiring_no_zero_divisors_cancel_axioms	6
CASCC	Unique_Factorization.comm_semiring_1.primitive_poly	2
CASCC	Approximation_Bounds.ub_exp_horner_lb_exp_horner_rel	2
CASCC	Congruence.eq_object.eq_object_ext.Abs_eq_object_ext	4
CASCC	Congruence.eq_object.eq_object_ext.Rep_eq_object_ext	6
CASCC	Formal_Power_Series.fps_left_inverse_constructor_rel	1
CASCC	Random_Permutations.fold_bind_random_permutation_rel	5
CASCC	Euclidean_Algorithm.euclidean_ring_gcd.euclid_ext_aux	8
CASCC	Factorial_Ring.factorial_semiring.prime_factorization	35
CASCC	Formal_Power_Series.fps_right_inverse_constructor_rel	1
CASCC	Gauss_Jordan_Elimination.pivot_positions_main_gen_rel	3
CASCC	Multiset_Order.preorder.less_multiset\<^sub>D\<^sub>M	8
CASCC	Multiset_Order.preorder.less_multiset\<^sub>H\<^sub>O	10
CASCC	Newton_Interpolation.divided_differences_impl_int_rel	1
CASCC	Newton_Interpolation.newton_coefficients_main_int_rel	1
CASCC	Ordered_Euclidean_Space.ordered_euclidean_space_class	10
CASCC	Pratt_Certificate.efficient_power.efficient_power_rel	12
CASCC	Real_Vector_Spaces.class.real_normed_algebra_1_axioms	6
CASCC	Approximation_Bounds.ub_sin_cos_aux_lb_sin_cos_aux_rel	2
CASCC	Conditionally_Complete_Lattices.linear_continuum_class	5
CASCC	Dirichlet_Series_Analysis.nat_power_normed_field_class	6
CASCC	Euclidean_Rings.class.euclidean_semiring_cancel_axioms	6
CASCC	Euclidean_Rings.class.unique_euclidean_semiring_axioms	5
CASCC	Factorial_Ring.factorial_semiring_multiplicative_class	4
CASCC	Lattice_Algebras.class.lattice_ab_group_add_abs_axioms	6
CASCC	Multiset_Permutations.permutations_of_set_aux_list_rel	1
CASCC	Pratt_Certificate.efficient_power.efficient_power_sumC	1
CASCC	Complete_Lattices.class.complete_distrib_lattice_axioms	6
CASCC	Dirichlet_Series_Analysis.class.dirichlet_series_axioms	6
CASCC	Elementary_Topology.topological_space.topological_basis	14
CASCC	Euclidean_Algorithm.class.euclidean_semiring_gcd_axioms	5
CASCC	Multiset_Permutations.permutations_of_list_impl_aux_rel	1
CASCC	Real_Vector_Spaces.class.real_normed_div_algebra_axioms	6
CASCC	Rings.class.normalization_semidom_multiplicative_axioms	6
CASCC	Euclidean_Algorithm.normalization_euclidean_semiring.Gcd	5
CASCC	Euclidean_Algorithm.normalization_euclidean_semiring.Lcm	5
CASCC	Euclidean_Algorithm.normalization_euclidean_semiring.gcd	11
CASCC	Euclidean_Algorithm.normalization_euclidean_semiring.lcm	4
CASCC	Topological_Spaces.class.first_countable_topology_axioms	6
CASCC	Euclidean_Algorithm.euclidean_ring_gcd.euclid_ext_aux_rel	2
CASCC	Parity.linordered_euclidean_semiring_division.divides_aux	4
CASCC	Product_Vector.class.uniform_topological_group_add_axioms	6
CASCC	Square_Free_Factorization.monic_factorization.A_B_C_D_rel	4
CASCC	Approximation_Bounds.ub_arctan_horner_lb_arctan_horner_rel	2
CASCC	Elementary_Topology.class.second_countable_topology_axioms	6
CASCC	Euclidean_Algorithm.euclidean_ring_gcd.bezout_coefficients	7
CASCC	Euclidean_Algorithm.euclidean_ring_gcd.euclid_ext_aux_sumC	1
CASCC	Euclidean_Algorithm.normalization_euclidean_semiring_class	6
CASCC	Parity.class.linordered_euclidean_semiring_division_axioms	5
CASCC	Product_Vector.class.uniform_topological_monoid_add_axioms	6
CASCC	Quickcheck_Narrowing.partial_term_of_class.partial_term_of	73
CASCC	Square_Free_Factorization.monic_factorization.A_B_C_D_sumC	1
CASCC	Executable_Euclidean_Space.executable_euclidean_space_class	3
CASCC	Quickcheck_Exhaustive.full_exhaustive_class.full_exhaustive	52
CASCC	String.linordered_euclidean_semiring_bit_operations.char_of	11
CASCC	Countable_Complete_Lattices.countable_complete_lattice_class	8
CASCC	Euclidean_Algorithm.normalization_euclidean_semiring.gcd_rel	2
CASCC	Ordered_Euclidean_Space.class.ordered_euclidean_space_axioms	5
CASCC	Conditionally_Complete_Lattices.class.linear_continuum_axioms	6
CASCC	Dirichlet_Series_Analysis.class.nat_power_normed_field_axioms	6
CASCC	Euclidean_Algorithm.normalization_euclidean_semiring.gcd_sumC	1
CASCC	Tarski_Neutral_Archimedes.Tarski_neutral_dimensionless.Sym_rel	2
CASCC	Euclidean_Algorithm.euclidean_ring_gcd_class.euclid_ext_aux_rel	3
CASCC	Tarski_Neutral_Archimedes.Tarski_neutral_dimensionless.MidR_rel	2
CASCC	Tarski_Neutral_Archimedes.Tarski_neutral_dimensionless.SymR_rel	2
CASCC	Tarski_Neutral_Archimedes.Tarski_neutral_dimensionless.Sym_sumC	1
CASCC	Euclidean_Algorithm.euclidean_ring_gcd_class.euclid_ext_aux_sumC	1
CASCC	Semiring_Normalization.comm_semiring_1_cancel_crossproduct_class	3
CASCC	Tarski_Neutral_Archimedes.Tarski_neutral_dimensionless.Gradn_rel	2
CASCC	Tarski_Neutral_Archimedes.Tarski_neutral_dimensionless.MidR_sumC	1
CASCC	Tarski_Neutral_Archimedes.Tarski_neutral_dimensionless.SymR_sumC	1
CASCC	Bit_Operations.linordered_euclidean_semiring_bit_operations_class	4
CASCC	Tarski_Neutral_Archimedes.Tarski_neutral_dimensionless.Gradn_sumC	1
CASCC	Bit_Operations.linordered_euclidean_semiring_bit_operations.or_num	12
CASCC	Euclidean_Algorithm.normalization_euclidean_semiring_class.gcd_rel	3
CASCC	Executable_Euclidean_Space.class.executable_euclidean_space_axioms	5
CASCC	Congruence.partial_object.partial_object_ext.Abs_partial_object_ext	4
CASCC	Congruence.partial_object.partial_object_ext.Rep_partial_object_ext	6
CASCC	Countable_Complete_Lattices.class.countable_complete_lattice_axioms	6
CASCC	Euclidean_Algorithm.normalization_euclidean_semiring_class.gcd_sumC	1
CASCC	Tarski_Neutral_Archimedes.Tarski_neutral_dimensionless.GradExpn_rel	2
CASCC	Conditionally_Complete_Lattices.conditionally_complete_lattice_class	6
CASCC	Countable_Complete_Lattices.countable_complete_distrib_lattice_class	3
CASCC	Tarski_Neutral_Archimedes.Tarski_neutral_dimensionless.GradExpn_sumC	1
CASCC	Conditionally_Complete_Lattices.conditionally_complete_linorder_class	5
CASCC	Tarski_Neutral_Archimedes.Tarski_neutral_dimensionless.GradExpInvn_rel	2
CASCC	Semiring_Normalization.class.comm_semiring_1_cancel_crossproduct_axioms	6
CASCC	Tarski_Neutral_Archimedes.Tarski_neutral_dimensionless.GradExpInvn_sumC	1
CASCC	Euclidean_Algorithm.normalization_euclidean_semiring_multiplicative_class	4
CASCC	Conditionally_Complete_Lattices.class.conditionally_complete_lattice_axioms	5
CASCC	Countable_Complete_Lattices.class.countable_complete_distrib_lattice_axioms	6
CASCC	Bit_Operations.linordered_euclidean_semiring_bit_operations_class.or_num_rel	1
CASCC	Bit_Operations.linordered_euclidean_semiring_bit_operations_class.or_num_sumC	1
