TOTAL	consts	13905
TOTAL	const_rej	7007
TOTAL	thms	150439
TOTAL	thm_rej	62880
CONST	hidden	HOL.Zorn	1
CONST	concealed	HOL.GCD	4
CONST	concealed	HOL.Nat	1
CONST	concealed	HOL.Num	18
CONST	adt_record	HOL.Num	1
CONST	class_pred	HOL.GCD	6
CONST	class_pred	HOL.HOL	2
CONST	class_pred	HOL.Nat	3
CONST	class_pred	HOL.Num	3
CONST	concealed	HOL.Enum	94
CONST	concealed	HOL.List	39
CONST	inst_infix	HOL.GCD	10
CONST	inst_infix	HOL.HOL	3
CONST	inst_infix	HOL.Int	16
CONST	inst_infix	HOL.Nat	16
CONST	inst_infix	HOL.Num	13
CONST	inst_infix	HOL.Rat	23
CONST	inst_infix	HOL.Set	9
CONST	adt_record	HOL.List	2
CONST	class_infix	HOL.GCD	6
CONST	class_infix	HOL.HOL	1
CONST	class_infix	HOL.Nat	3
CONST	class_infix	HOL.Num	3
CONST	class_pred	HOL.Enum	3
CONST	class_pred	HOL.List	3
CONST	inst_infix	HOL.Enum	158
CONST	inst_infix	HOL.List	12
CONST	inst_infix	HOL.Real	25
CONST	abs_rep_name	HOL.Int	2
CONST	abs_rep_name	HOL.Nat	2
CONST	abs_rep_name	HOL.Rat	2
CONST	class_infix	HOL.Enum	4
CONST	class_infix	HOL.List	4
CONST	class_pred	HOL.Power	1
CONST	class_pred	HOL.Rings	65
CONST	concealed	HOL.Option	19
CONST	concealed	HOL.Random	4
CONST	concealed	HOL.Record	20
CONST	concealed	HOL.String	19
CONST	adt_record	HOL.Option	2
CONST	adt_record	HOL.Record	1
CONST	adt_record	HOL.String	1
CONST	class_infix	HOL.Rings	84
CONST	class_pred	HOL.Fields	6
CONST	class_pred	HOL.Groups	37
CONST	class_pred	HOL.Limits	8
CONST	class_pred	HOL.Parity	4
CONST	class_variant	HOL.Fun	7
CONST	class_variant	HOL.GCD	5
CONST	class_variant	HOL.Int	2
CONST	class_variant	HOL.Nat	3
CONST	class_variant	HOL.Num	8
CONST	class_variant	HOL.Rat	2
CONST	concealed	HOL.Complex	22
CONST	concealed	HOL.Nitpick	55
CONST	concealed	HOL.Typerep	17
CONST	inst_infix	HOL.Filter	12
CONST	inst_infix	HOL.Option	9
CONST	inst_infix	HOL.Parity	4
CONST	inst_infix	HOL.Record	9
CONST	inst_infix	HOL.String	21
CONST	adt_record	HOL.Typerep	1
CONST	class_infix	HOL.Fields	7
CONST	class_infix	HOL.Groups	45
CONST	class_infix	HOL.Limits	11
CONST	class_infix	HOL.Parity	7
CONST	class_pred	HOL.Typerep	1
CONST	class_variant	HOL.List	14
CONST	concealed	HOL.Sum_Type	2
CONST	inst_infix	HOL.Complex	22
CONST	inst_infix	HOL.Nitpick	6
CONST	inst_infix	HOL.Typerep	6
CONST	abs_rep_name	HOL.Filter	2
CONST	abs_rep_name	HOL.String	1
CONST	adt_record	HOL.Sum_Type	1
CONST	class_pred	HOL.Lattices	11
CONST	class_variant	HOL.Power	2
CONST	class_variant	HOL.Rings	4
CONST	concealed	HOL.Predicate	38
CONST	hidden	HOL-Library.Word	2
CONST	hidden	HOL.Product_Type	1
CONST	inst_infix	HOL.Sum_Type	7
CONST	internal_prefix	HOL.ATP	11
CONST	internal_prefix	HOL.HOL	3
CONST	abs_rep_name	HOL.Nitpick	2
CONST	class_infix	HOL.Lattices	12
CONST	class_pred	HOL.Orderings	15
CONST	class_variant	HOL.Fields	1
CONST	class_variant	HOL.Parity	3
CONST	class_variant	HOL.String	2
CONST	concealed	HOL.Extraction	17
CONST	concealed	Matrix.Utility	4
CONST	hidden	HOL-Library.Uprod	1
CONST	inst_infix	HOL.Orderings	4
CONST	inst_infix	HOL.Predicate	21
CONST	quotient_typedef	HOL.Int	4
CONST	quotient_typedef	HOL.Rat	4
CONST	abs_rep_name	HOL.Sum_Type	2
CONST	class_infix	HOL.Orderings	20
CONST	class_pred	HOL.Finite_Set	1
CONST	class_variant	HOL.Typerep	1
CONST	concealed	HOL.Random_Pred	2
CONST	inst_infix	HOL-Library.Z2	25
CONST	inst_infix	HOL.Extraction	5
CONST	quotient_typedef	HOL.Real	4
CONST	class_infix	HOL.Finite_Set	1
CONST	concealed	HOL-Library.FSet	6
CONST	concealed	HOL-Library.Tree	52
CONST	concealed	HOL-Library.Word	1
CONST	concealed	HOL.Code_Numeral	1
CONST	concealed	HOL.Product_Type	5
CONST	concealed	HOL.Set_Interval	2
CONST	hidden	HOL.Code_Evaluation	1
CONST	abs_rep_name	HOL-Library.Z2	2
CONST	adt_record	HOL-Algebra.Ring	1
CONST	adt_record	HOL-Library.Tree	2
CONST	adt_record	HOL.Code_Numeral	1
CONST	class_pred	HOL-Library.Tree	1
CONST	class_variant	HOL.Factorial	2
CONST	class_variant	HOL.Inductive	2
CONST	class_variant	HOL.Orderings	6
CONST	concealed	HOL-Library.AList	10
CONST	concealed	HOL-Library.Dlist	6
CONST	concealed	HOL-Library.Float	4
CONST	concealed	HOL-Library.Uprod	1
CONST	concealed	HOL.Lazy_Sequence	23
CONST	inst_infix	HOL-Algebra.Ring	6
CONST	inst_infix	HOL-Library.FSet	17
CONST	inst_infix	HOL-Library.Tree	11
CONST	inst_infix	HOL-Library.Word	34
CONST	inst_infix	HOL.Code_Numeral	59
CONST	inst_infix	HOL.Product_Type	27
CONST	internal_prefix	HOL.BNF_Def	12
CONST	internal_prefix	HOL.Lifting	5
CONST	adt_record	HOL-Algebra.Group	1
CONST	adt_record	HOL-Algebra.Order	1
CONST	adt_record	HOL-Library.Dlist	1
CONST	class_pred	HOL.Lazy_Sequence	1
CONST	class_variant	HOL-Library.Z2	1
CONST	class_variant	HOL.Groups_Big	6
CONST	concealed	HOL-Library.IArray	19
CONST	concealed	HOL-Library.Ramsey	2
CONST	concealed	HOL-Library.Stream	24
CONST	concealed	HOL.Bit_Operations	17
CONST	inst_infix	HOL-Algebra.Group	6
CONST	inst_infix	HOL-Algebra.Order	6
CONST	inst_infix	HOL-Library.Dlist	7
CONST	inst_infix	HOL-Library.Float	19
CONST	inst_infix	HOL-Library.Uprod	9
CONST	inst_infix	HOL.Lazy_Sequence	9
CONST	internal_prefix	HOL.Transfer	10
CONST	abs_rep_name	HOL-Algebra.Ring	2
CONST	abs_rep_name	HOL-Library.FSet	1
CONST	abs_rep_name	HOL.Product_Type	4
CONST	adt_record	HOL-Algebra.Module	1
CONST	adt_record	HOL-Library.IArray	2
CONST	adt_record	HOL-Library.Stream	2
CONST	class_pred	HOL.Bit_Operations	4
CONST	class_pred	HOL.Transcendental	1
CONST	class_variant	HOL.Groups_List	3
CONST	concealed	Bernoulli.Bernoulli	2
CONST	concealed	HOL-Library.Log_Nat	2
CONST	concealed	HOL-Library.Sublist	2
CONST	concealed	HOL.Code_Evaluation	17
CONST	concealed	HOL.Random_Sequence	4
CONST	concealed	Pell.Pell_Algorithm	4
CONST	inst_infix	HOL-Algebra.Module	6
CONST	inst_infix	HOL-Library.IArray	9
CONST	inst_infix	HOL-Library.Stream	7
CONST	inst_infix	HOL.Basic_BNF_LFPs	2
CONST	inst_infix	HOL.Bit_Operations	23
CONST	inst_infix	HOL.Transcendental	1
CONST	abs_rep_name	HOL-Algebra.Group	2
CONST	abs_rep_name	HOL-Algebra.Order	2
CONST	abs_rep_name	HOL-Library.Dlist	1
CONST	abs_rep_name	HOL-Library.Uprod	1
CONST	class_infix	HOL.Bit_Operations	7
CONST	class_infix	HOL.Transcendental	2
CONST	class_pred	HOL.Euclidean_Rings	6
CONST	class_variant	HOL-Library.FSet	3
CONST	class_variant	HOL-Library.Tree	3
CONST	class_variant	HOL-Library.Word	2
CONST	class_variant	HOL.Lattices_Big	10
CONST	class_variant	HOL.Set_Interval	8
CONST	concealed	HOL-Library.Extended	29
CONST	concealed	HOL-Library.Interval	26
CONST	concealed	HOL-Library.Multiset	2
CONST	concealed	HOL-Library.Parallel	22
CONST	hidden	Bernoulli.Bernoulli_FPS	1
CONST	inst_infix	HOL-Library.Mapping	4
CONST	inst_infix	HOL.Euclidean_Rings	12
CONST	abs_rep_name	HOL-Algebra.Module	2
CONST	adt_record	HOL-Algebra.UnivPoly	1
CONST	adt_record	HOL-Library.Extended	2
CONST	adt_record	HOL-Library.Parallel	3
CONST	class_infix	HOL.Euclidean_Rings	9
CONST	class_pred	HOL-Library.Preorder	1
CONST	class_pred	HOL.Boolean_Algebras	1
CONST	concealed	HOL-Library.Code_Test	34
CONST	concealed	HOL-Library.Countable	2
CONST	concealed	HOL-Number_Theory.Fib	4
CONST	concealed	HOL.Quickcheck_Random	2
CONST	concealed	List-Index.List_Index	2
CONST	hidden	HOL.Quickcheck_Narrowing	13
CONST	inst_infix	HOL-Algebra.UnivPoly	6
CONST	inst_infix	HOL-Library.Char_ord	4
CONST	inst_infix	HOL-Library.Extended	20
CONST	inst_infix	HOL-Library.Interval	16
CONST	inst_infix	HOL-Library.Multiset	14
CONST	inst_infix	HOL-Library.Parallel	8
CONST	inst_infix	HOL.Boolean_Algebras	4
CONST	inst_infix	Lp.Functional_Spaces	3
CONST	inst_infix	Tools.Code_Generator	3
CONST	class_infix	HOL-Library.Preorder	1
CONST	class_infix	HOL.Boolean_Algebras	2
CONST	class_pred	HOL-Library.Countable	1
CONST	class_pred	HOL.Archimedean_Field	2
CONST	class_pred	HOL.Complete_Lattices	6
CONST	class_pred	HOL.Quickcheck_Random	1
CONST	class_variant	HOL.Bit_Operations	5
CONST	concealed	HOL-Combinatorics.Perm	2
CONST	concealed	HOL-Decision_Procs.MIR	146
CONST	concealed	HOL-Library.Comparator	18
CONST	concealed	HOL-Library.Finite_Map	3
CONST	concealed	HOL-Library.ListVector	2
CONST	hidden	HOL.Quickcheck_Exhaustive	10
CONST	hidden	Landau_Symbols.Group_Sort	10
CONST	infra_theory	HOL.Code_Evaluation	16
CONST	inst_infix	HOL-Library.Code_Lazy	3
CONST	inst_infix	HOL-Library.Code_Test	6
CONST	inst_infix	HOL-Library.Saturated	19
CONST	inst_infix	HOL.Complete_Lattices	4
CONST	inst_infix	HOL.Quickcheck_Random	9
CONST	abs_rep_name	HOL-Algebra.UnivPoly	2
CONST	abs_rep_name	HOL-Library.Multiset	1
CONST	abs_rep_name	Lp.Functional_Spaces	1
CONST	adt_record	HOL-Algebra.Congruence	2
CONST	adt_record	HOL-Library.Comparator	1
CONST	adt_record	HOL-Library.Finite_Map	1
CONST	class_infix	HOL-Library.Countable	1
CONST	class_infix	HOL.Archimedean_Field	4
CONST	class_infix	HOL.Complete_Lattices	6
CONST	class_pred	HOL.Real_Vector_Spaces	20
CONST	class_pred	HOL.Topological_Spaces	16
CONST	concealed	Bernoulli.Bernoulli_FPS	4
CONST	concealed	HOL-Library.State_Monad	24
CONST	inst_infix	HOL-Algebra.Congruence	12
CONST	inst_infix	HOL-Combinatorics.Perm	6
CONST	inst_infix	HOL-Library.Comparator	14
CONST	inst_infix	HOL-Library.Finite_Map	7
CONST	inst_infix	HOL-Library.ListVector	3
CONST	inst_infix	HOL-Library.Option_ord	8
CONST	inst_infix	HOL.Real_Vector_Spaces	5
CONST	inst_infix	HOL.Topological_Spaces	4
CONST	inst_infix	Polynomials.MPoly_Type	9
CONST	quotient_typedef	HOL-Library.Word	4
CONST	abs_rep_name	HOL-Library.Code_Lazy	2
CONST	abs_rep_name	HOL-Library.Saturated	2
CONST	adt_record	HOL-Library.State_Monad	3
CONST	class_infix	HOL.Real_Vector_Spaces	26
CONST	class_infix	HOL.Topological_Spaces	24
CONST	class_pred	HOL-Library.Cardinality	4
CONST	class_pred	HOL-Library.Type_Length	2
CONST	class_variant	HOL-Library.Interval	1
CONST	class_variant	HOL-Library.Multiset	4
CONST	class_variant	HOL-Library.Preorder	1
CONST	concealed	HOL-Combinatorics.Cycles	2
CONST	concealed	HOL-Library.Extended_Nat	2
CONST	concealed	HOL-Library.Phantom_Type	22
CONST	concealed	HOL-Real_Asymp.Lazy_Eval	18
CONST	concealed	HOL.Quickcheck_Narrowing	126
CONST	hidden	Algebraic_Numbers.Resultant	10
CONST	hidden	HOL-Analysis.Gamma_Function	1
CONST	hidden	HOL-Library.Pattern_Aliases	6
CONST	inst_infix	HOL-Library.Cardinality	36
CONST	inst_infix	HOL-Library.State_Monad	8
CONST	inst_infix	HOL-Library.Type_Length	7
CONST	inst_infix	HOL-Probability.Fin_Map	3
CONST	pre_bnf_prefix	HOL.BNF_Composition	2
CONST	quotient_typedef	HOL-Library.Uprod	4
CONST	abs_rep_name	HOL-Algebra.Congruence	4
CONST	abs_rep_name	HOL-Library.Comparator	1
CONST	abs_rep_name	HOL-Library.Finite_Map	1
CONST	adt_record	HOL-Library.Extended_Nat	1
CONST	adt_record	HOL-Library.Phantom_Type	2
CONST	adt_record	HOL-Real_Asymp.Lazy_Eval	1
CONST	class_infix	HOL-Library.Cardinality	6
CONST	class_infix	HOL-Library.Type_Length	1
CONST	class_pred	HOL-Library.Extended_Nat	1
CONST	class_pred	HOL.Quickcheck_Narrowing	3
CONST	class_variant	HOL-Analysis.Isolated	3
CONST	concealed	Derangements.Derangements	2
CONST	concealed	DigitsInBase.DigitsInBase	2
CONST	concealed	HOL-Decision_Procs.Cooper	114
CONST	concealed	HOL-Library.Extended_Real	34
CONST	concealed	HOL-Library.Nat_Bijection	6
CONST	concealed	HOL-Library.Tree_Multiset	4
CONST	concealed	HOL.Quickcheck_Exhaustive	58
CONST	concealed	Jordan_Normal_Form.Matrix	10
CONST	concealed	Landau_Symbols.Group_Sort	10
CONST	concealed	Linear_Recurrences.RatFPS	3
CONST	concealed	Sturm_Tarski.Sturm_Tarski	4
CONST	infra_theory	HOL-Decision_Procs.MIR	209
CONST	inst_infix	Gauss_Jordan.Code_Matrix	1
CONST	inst_infix	HOL-Library.Extended_Nat	21
CONST	inst_infix	HOL-Library.Numeral_Type	55
CONST	inst_infix	HOL-Library.Old_Datatype	1
CONST	inst_infix	HOL-Library.Phantom_Type	10
CONST	inst_infix	HOL-Library.Poly_Mapping	12
CONST	inst_infix	HOL-Library.Product_Plus	4
CONST	inst_infix	HOL-Library.Set_Algebras	4
CONST	inst_infix	HOL-Probability.PMF_Impl	4
CONST	inst_infix	HOL-Real_Asymp.Lazy_Eval	9
CONST	inst_infix	HOL.Quickcheck_Narrowing	27
CONST	adt_record	HOL-Library.Extended_Real	1
CONST	class_pred	HOL-Analysis.Infinite_Sum	1
CONST	class_pred	HOL-Library.Quotient_Type	2
CONST	class_pred	HOL.Quickcheck_Exhaustive	5
CONST	class_variant	HOL-Number_Theory.Cong	2
CONST	class_variant	HOL.Real_Vector_Spaces	1
CONST	class_variant	HOL.Topological_Spaces	18
CONST	concealed	HOL-Combinatorics.Stirling	4
CONST	concealed	HOL-Decision_Procs.Ferrack	102
CONST	concealed	HOL-Library.Interval_Float	16
CONST	concealed	HOL-Library.Time_Functions	26
CONST	inst_infix	HOL-Library.Complex_Order	2
CONST	inst_infix	HOL-Library.Extended_Real	30
CONST	inst_infix	HOL-Library.Product_Order	8
CONST	inst_infix	HOL-Library.Quotient_Type	1
CONST	inst_infix	HOL.Quickcheck_Exhaustive	44
CONST	inst_infix	Jordan_Normal_Form.Matrix	16
CONST	inst_infix	Linear_Recurrences.RatFPS	28
CONST	abs_rep_name	HOL-Library.Extended_Nat	2
CONST	abs_rep_name	HOL-Library.Numeral_Type	10
CONST	abs_rep_name	HOL-Library.Old_Datatype	2
CONST	abs_rep_name	HOL-Library.Poly_Mapping	1
CONST	class_infix	HOL-Analysis.Infinite_Sum	2
CONST	class_infix	HOL-Library.Quotient_Type	1
CONST	class_infix	HOL.Quickcheck_Exhaustive	1
CONST	class_pred	HOL-Analysis.Inner_Product	1
CONST	class_pred	HOL-Library.Time_Functions	1
CONST	class_pred	HOL.Complete_Partial_Order	1
CONST	class_pred	HOL.Semiring_Normalization	1
CONST	concealed	Algebraic_Numbers.Resultant	6
CONST	concealed	Budan_Fourier.Budan_Fourier	2
CONST	concealed	HOL-Library.Pattern_Aliases	2
CONST	inst_infix	HOL-Analysis.Inner_Product	2
CONST	inst_infix	HOL-Analysis.Measure_Space	8
CONST	inst_infix	HOL-Analysis.Sigma_Algebra	1
CONST	inst_infix	HOL-Library.Multiset_Order	3
CONST	inst_infix	HOL-Library.Time_Functions	1
CONST	abs_rep_name	HOL-Library.Quotient_Type	2
CONST	abs_rep_name	Jordan_Normal_Form.Matrix	4
CONST	abs_rep_name	Linear_Recurrences.RatFPS	2
CONST	class_infix	HOL-Analysis.Inner_Product	2
CONST	class_infix	HOL.Complete_Partial_Order	2
CONST	class_infix	HOL.Semiring_Normalization	2
CONST	class_pred	HOL-Analysis.Gamma_Function	1
CONST	class_pred	HOL-Analysis.Product_Vector	2
CONST	class_pred	HOL-Library.Signed_Division	3
CONST	class_variant	HOL-Analysis.Borel_Space	1
CONST	class_variant	HOL-Library.Infinite_Set	1
CONST	class_variant	HOL-Library.Poly_Mapping	1
CONST	concealed	Coinductive.Coinductive_List	24
CONST	concealed	Gauss_Jordan.Gauss_Jordan_PA	2
CONST	concealed	HOL-Library.While_Combinator	6
CONST	concealed	Pell.Efficient_Discrete_Sqrt	2
CONST	hidden	Catalan_Numbers.Catalan_Numbers	1
CONST	hidden	Containers.Containers_Auxiliary	2
CONST	hidden	HOL-Types_To_Sets.Group_On_With	1
CONST	infra_theory	HOL-Decision_Procs.Cooper	122
CONST	inst_infix	Gauss_Jordan.IArray_Addenda	2
CONST	inst_infix	HOL-Analysis.Gamma_Function	2
CONST	inst_infix	HOL-Analysis.Product_Vector	5
CONST	inst_infix	HOL-Library.Signed_Division	2
CONST	abs_rep_name	HOL-Analysis.Sigma_Algebra	2
CONST	adt_record	Coinductive.Coinductive_List	3
CONST	class_infix	HOL-Analysis.Gamma_Function	2
CONST	class_infix	HOL-Analysis.Product_Vector	4
CONST	class_infix	HOL-Library.Signed_Division	2
CONST	class_pred	HOL-Analysis.Euclidean_Space	1
CONST	class_pred	HOL-Library.Lattice_Algebras	5
CONST	class_pred	Jordan_Normal_Form.Conjugate	5
CONST	class_variant	HOL-Analysis.Infinite_Sum	1
CONST	class_variant	HOL-Library.Quotient_Type	1
CONST	class_variant	HOL-Number_Theory.Mod_Exp	2
CONST	class_variant	Jordan_Normal_Form.Matrix	1
CONST	concealed	HOL-Library.Power_By_Squaring	2
CONST	concealed	Sturm_Sequences.Sturm_Theorem	4
CONST	infra_theory	HOL-Decision_Procs.Ferrack	118
CONST	inst_infix	Coinductive.Coinductive_List	7
CONST	inst_infix	HOL-Analysis.Euclidean_Space	4
CONST	inst_infix	Jordan_Normal_Form.Conjugate	4
CONST	class_infix	HOL-Analysis.Euclidean_Space	2
CONST	class_infix	HOL-Library.Lattice_Algebras	6
CONST	class_infix	Jordan_Normal_Form.Conjugate	7
CONST	class_pred	Rank_Nullity_Theorem.Mod_Type	1
CONST	class_variant	HOL-Library.Groups_Big_Fun	2
CONST	class_variant	HOL-Library.Multiset_Order	2
CONST	class_variant	HOL.Complete_Partial_Order	3
CONST	concealed	HOL-Analysis.Arcwise_Connected	2
CONST	concealed	HOL-Combinatorics.Permutations	4
CONST	concealed	HOL-Library.Discrete_Functions	2
CONST	concealed	HOL-Library.Sorting_Algorithms	4
CONST	concealed	HOL-Number_Theory.Eratosthenes	2
CONST	concealed	MathBench_ProverBase.Geo_Real2	12
CONST	hidden	HOL-Number_Theory.Euler_Criterion	5
CONST	infra_theory	HOL-Decision_Procs.Rat_Pair	17
CONST	inst_infix	Cayley_Hamilton.Square_Matrix	10
CONST	inst_infix	Rank_Nullity_Theorem.Mod_Type	4
CONST	class_infix	Rank_Nullity_Theorem.Mod_Type	2
CONST	class_pred	HOL-Library.Infinite_Typeclass	1
CONST	class_variant	HOL-Analysis.Linear_Algebra	1
CONST	concealed	Catalan_Numbers.Catalan_Numbers	22
CONST	inst_infix	HOL-Analysis.Abstract_Topology	1
CONST	inst_infix	HOL-Library.Countable_Set_Type	8
CONST	adt_record	Catalan_Numbers.Catalan_Numbers	1
CONST	class_infix	HOL-Library.Infinite_Typeclass	1
CONST	class_pred	Jordan_Normal_Form.Missing_Ring	1
CONST	class_variant	Coinductive.Coinductive_List	2
CONST	class_variant	HOL-Library.Lattice_Algebras	2
CONST	class_variant	HOL-Library.Order_Continuity	1
CONST	concealed	Bell_Numbers_Spivey.Bell_Numbers	2
CONST	concealed	HOL-Decision_Procs.Approximation	89
CONST	hidden	Algebraic_Numbers.Algebraic_Numbers	2
CONST	hidden	Landau_Symbols.Landau_Real_Products	10
CONST	infra_theory	HOL-Decision_Procs.DP_Library	1
CONST	inst_infix	Catalan_Numbers.Catalan_Numbers	9
CONST	class_infix	Jordan_Normal_Form.Missing_Ring	2
CONST	class_pred	HOL-Analysis.Elementary_Topology	2
CONST	class_pred	HOL-Computational_Algebra.Primes	8
CONST	class_variant	Rank_Nullity_Theorem.Mod_Type	3
CONST	concealed	HOL-Library.Lattice_Constructions	57
CONST	infra_theory	HOL-Decision_Procs.Algebra_Aux	4
CONST	inst_infix	HOL-Computational_Algebra.Primes	10
CONST	inst_infix	HOL-Library.Dual_Ordered_Lattice	14
CONST	adt_record	HOL-Library.Lattice_Constructions	6
CONST	class_infix	HOL-Analysis.Elementary_Topology	3
CONST	class_infix	HOL-Computational_Algebra.Primes	12
CONST	class_pred	Dirichlet_Series.Dirichlet_Series	2
CONST	class_variant	HOL-Number_Theory.Eratosthenes	1
CONST	concealed	Budan_Fourier.Sturm_Multiple_Roots	2
CONST	concealed	Count_Complex_Roots.Extended_Sturm	2
CONST	concealed	Dirichlet_Series.Dirichlet_Product	2
CONST	hidden	Polynomial_Factorization.Missing_List	3
CONST	inst_infix	Dirichlet_Series.Dirichlet_Series	14
CONST	inst_infix	HOL-Library.Lattice_Constructions	47
CONST	inst_infix	HOL-Probability.Discrete_Topology	4
CONST	abs_rep_name	HOL-Computational_Algebra.Primes	2
CONST	class_infix	Dirichlet_Series.Dirichlet_Series	4
CONST	concealed	Gaussian_Integers.Gaussian_Integers	22
CONST	concealed	HOL-Decision_Procs.Commutative_Ring	98
CONST	concealed	HOL-Decision_Procs.Reflective_Field	112
CONST	concealed	HOL-Probability.Random_Permutations	4
CONST	concealed	IsaGeoCoq.Tarski_Neutral_Archimedes	12
CONST	concealed	Landau_Symbols.Landau_Real_Products	50
CONST	concealed	Pratt_Certificate.Pratt_Certificate	57
CONST	infra_theory	HOL-Decision_Procs.Approximation	69
CONST	inst_infix	Rank_Nullity_Theorem.Miscellaneous	1
CONST	abs_rep_name	Dirichlet_Series.Dirichlet_Series	2
CONST	adt_record	Landau_Symbols.Landau_Real_Products	1
CONST	adt_record	Pratt_Certificate.Pratt_Certificate	2
CONST	class_pred	HOL.Conditionally_Complete_Lattices	3
CONST	class_variant	HOL-Analysis.Elementary_Topology	2
CONST	class_variant	HOL-Computational_Algebra.Primes	1
CONST	concealed	HOL-Computational_Algebra.Nth_Powers	2
CONST	concealed	HOL-Computational_Algebra.Polynomial	23
CONST	concealed	HOL-Real_Asymp.Multiseries_Expansion	507
CONST	concealed	Jordan_Normal_Form.Column_Operations	4
CONST	inst_infix	Gaussian_Integers.Gaussian_Integers	22
CONST	inst_infix	HOL-Analysis.Abstract_Metric_Spaces	1
CONST	inst_infix	HOL-Analysis.Complex_Transcendental	1
CONST	inst_infix	HOL.Conditionally_Complete_Lattices	4
CONST	inst_infix	Landau_Symbols.Landau_Real_Products	11
CONST	inst_infix	Pratt_Certificate.Pratt_Certificate	17
CONST	adt_record	HOL-Real_Asymp.Multiseries_Expansion	7
CONST	class_infix	HOL.Conditionally_Complete_Lattices	5
CONST	class_pred	HOL-Analysis.Ordered_Euclidean_Space	1
CONST	class_pred	HOL-Computational_Algebra.Polynomial	2
CONST	class_pred	HOL-Real_Asymp.Multiseries_Expansion	1
CONST	class_variant	HOL-Analysis.Extended_Real_Limits	1
CONST	concealed	Polynomial_Factorization.Missing_List	24
CONST	infra_theory	HOL-Decision_Procs.Polynomial_List	32
CONST	inst_infix	HOL-Analysis.Bounded_Linear_Function	12
CONST	inst_infix	HOL-Analysis.Ordered_Euclidean_Space	6
CONST	inst_infix	HOL-Computational_Algebra.Polynomial	22
CONST	inst_infix	HOL-Real_Asymp.Multiseries_Expansion	47
CONST	internal_prefix	HOL.BNF_Cardinal_Order_Relation	17
CONST	class_infix	HOL-Analysis.Ordered_Euclidean_Space	2
CONST	class_infix	HOL-Computational_Algebra.Polynomial	4
CONST	class_infix	HOL-Real_Asymp.Multiseries_Expansion	1
CONST	class_pred	HOL-Analysis.Elementary_Metric_Spaces	1
CONST	infra_theory	HOL-Decision_Procs.Commutative_Ring	97
CONST	infra_theory	HOL-Decision_Procs.Reflective_Field	80
CONST	inst_infix	HOL-Analysis.Finite_Cartesian_Product	17
CONST	inst_infix	HOL-Library.Extended_Nonnegative_Real	19
CONST	abs_rep_name	HOL-Computational_Algebra.Polynomial	1
CONST	class_infix	HOL-Analysis.Elementary_Metric_Spaces	2
CONST	class_pred	Polynomial_Interpolation.Is_Rat_To_Rat	1
CONST	class_variant	HOL.Conditionally_Complete_Lattices	2
CONST	concealed	Continued_Fractions.Continued_Fractions	30
CONST	concealed	Descartes_Sign_Rule.Descartes_Sign_Rule	2
CONST	concealed	HOL-Combinatorics.Multiset_Permutations	8
CONST	concealed	HOL-Decision_Procs.Approximation_Bounds	20
CONST	inst_infix	Polynomial_Interpolation.Is_Rat_To_Rat	6
CONST	adt_record	Continued_Fractions.Continued_Fractions	1
CONST	class_infix	Polynomial_Interpolation.Is_Rat_To_Rat	2
CONST	class_pred	HOL-Library.Countable_Complete_Lattices	2
CONST	class_variant	HOL-Real_Asymp.Multiseries_Expansion	2
CONST	infra_theory	HOL-Decision_Procs.Dense_Linear_Order	10
CONST	inst_infix	Continued_Fractions.Continued_Fractions	11
CONST	inst_infix	HOL-Computational_Algebra.Field_as_Ring	27
CONST	class_infix	HOL-Library.Countable_Complete_Lattices	4
CONST	class_pred	HOL-Computational_Algebra.Factorial_Ring	4
CONST	class_variant	HOL-Analysis.Elementary_Metric_Spaces	1
CONST	class_variant	HOL-Analysis.Elementary_Normed_Spaces	2
CONST	class_variant	HOL-Analysis.Topology_Euclidean_Space	1
CONST	concealed	Polynomial_Interpolation.Missing_Unsorted	2
CONST	inst_infix	HOL-Analysis.Bounded_Continuous_Function	12
CONST	inst_infix	HOL-Computational_Algebra.Fraction_Field	15
CONST	class_infix	HOL-Computational_Algebra.Factorial_Ring	6
CONST	class_pred	Berlekamp_Zassenhaus.Unique_Factorization	3
CONST	concealed	Algebraic_Numbers.Algebraic_Numbers_Prelim	2
CONST	concealed	Linear_Recurrences.Linear_Recurrences_Misc	2
CONST	hidden	Polynomial_Interpolation.Newton_Interpolation	14
CONST	infra_theory	HOL-Decision_Procs.Approximation_Bounds	59
CONST	inst_infix	HOL-Probability.Probability_Mass_Function	1
CONST	class_infix	Berlekamp_Zassenhaus.Unique_Factorization	5
CONST	class_pred	Dirichlet_Series.Dirichlet_Series_Analysis	2
CONST	class_variant	HOL-Computational_Algebra.Field_as_Ring	4
CONST	class_variant	HOL-Computational_Algebra.Group_Closure	2
CONST	concealed	Chebyshev_Polynomials.Chebyshev_Polynomials	18
CONST	concealed	Jordan_Normal_Form.Gauss_Jordan_Elimination	6
CONST	concealed	Polynomial_Interpolation.Missing_Polynomial	2
CONST	concealed	Symmetric_Polynomials.Symmetric_Polynomials	4
CONST	inst_infix	Dirichlet_Series.Dirichlet_Series_Analysis	3
CONST	abs_rep_name	HOL-Probability.Probability_Mass_Function	1
CONST	class_infix	Dirichlet_Series.Dirichlet_Series_Analysis	4
CONST	class_variant	HOL-Computational_Algebra.Factorial_Ring	10
CONST	class_variant	HOL-Computational_Algebra.Fraction_Field	1
CONST	concealed	HOL-Decision_Procs.Commutative_Ring_Complete	2
CONST	concealed	HOL-Library.Linear_Temporal_Logic_on_Streams	4
CONST	class_pred	Affine_Arithmetic.Executable_Euclidean_Space	1
CONST	class_variant	Berlekamp_Zassenhaus.Unique_Factorization	12
CONST	concealed	Card_Number_Partitions.Card_Number_Partitions	2
CONST	concealed	HOL-Computational_Algebra.Euclidean_Algorithm	8
CONST	concealed	HOL-Computational_Algebra.Formal_Power_Series	12
CONST	concealed	Polynomial_Interpolation.Newton_Interpolation	14
CONST	inst_infix	Affine_Arithmetic.Executable_Euclidean_Space	12
CONST	class_infix	Affine_Arithmetic.Executable_Euclidean_Space	2
CONST	class_pred	HOL-Computational_Algebra.Euclidean_Algorithm	5
CONST	concealed	HOL-Computational_Algebra.Polynomial_Factorial	2
CONST	concealed	HOL-Decision_Procs.Parametric_Ferrante_Rackoff	101
CONST	inst_infix	HOL-Computational_Algebra.Formal_Power_Series	20
CONST	class_infix	HOL-Computational_Algebra.Euclidean_Algorithm	6
CONST	class_variant	Polynomial_Interpolation.Missing_Polynomial	1
CONST	infra_theory	HOL-Decision_Procs.Commutative_Ring_Complete	3
CONST	inst_infix	Berlekamp_Zassenhaus.Unique_Factorization_Poly	9
CONST	inst_infix	HOL-Computational_Algebra.Polynomial_Factorial	4
CONST	quotient_typedef	HOL-Computational_Algebra.Fraction_Field	4
CONST	abs_rep_name	HOL-Computational_Algebra.Formal_Power_Series	1
CONST	concealed	Linear_Recurrences.Linear_Homogenous_Recurrences	2
CONST	inst_infix	HOL-Computational_Algebra.Formal_Laurent_Series	13
CONST	class_variant	HOL-Computational_Algebra.Euclidean_Algorithm	11
CONST	concealed	Linear_Recurrences.Partial_Fraction_Decomposition	6
CONST	infra_theory	HOL-Decision_Procs.Parametric_Ferrante_Rackoff	143
CONST	abs_rep_name	HOL-Computational_Algebra.Formal_Laurent_Series	1
CONST	concealed	Polynomial_Factorization.Square_Free_Factorization	2
CONST	inst_infix	Ordinary_Differential_Equations.ODE_Auxiliarities	1
CONST	concealed	HOL-Decision_Procs.Reflected_Multivariate_Polynomial	64
CONST	concealed	Ordinary_Differential_Equations.Reachability_Analysis	19
CONST	adt_record	Ordinary_Differential_Equations.Reachability_Analysis	2
CONST	inst_infix	Ordinary_Differential_Equations.Reachability_Analysis	9
CONST	infra_theory	HOL-Decision_Procs.Reflected_Multivariate_Polynomial	92
CONST	inst_infix	Ordinary_Differential_Equations.Bounded_Linear_Operator	15
CONST	abs_rep_name	Ordinary_Differential_Equations.Bounded_Linear_Operator	2
THM	concealed	Pure	5	5
THM	hidden	HOL.Nat	2	2
THM	shadowed	HOL.Fun	1	1
THM	adt_infra	HOL.Nat	1	1
THM	adt_infra	HOL.Num	1	1
THM	concealed	HOL.GCD	48	46
THM	concealed	HOL.HOL	11	11
THM	concealed	HOL.Int	30	30
THM	concealed	HOL.Map	1	1
THM	concealed	HOL.Nat	52	51
THM	concealed	HOL.Num	76	76
THM	concealed	HOL.Rat	37	37
THM	concealed	HOL.SMT	2	2
THM	concealed	HOL.Set	12	12
THM	hidden	HOL.Groups	4	4
THM	adt_infra	HOL.Enum	7	7
THM	adt_infra	HOL.List	3	3
THM	concealed	HOL.Enum	467	467
THM	concealed	HOL.List	247	225
THM	concealed	HOL.Real	40	40
THM	concealed	HOL.Power	4	4
THM	concealed	HOL.Rings	71	71
THM	hidden	HOL.Quotient	24	24
THM	adt_infra	HOL.Option	2	2
THM	adt_infra	HOL.Record	2	2
THM	adt_infra	HOL.String	10	10
THM	concealed	HOL.Fields	6	6
THM	concealed	HOL.Filter	19	19
THM	concealed	HOL.Groups	17	17
THM	concealed	HOL.Limits	8	8
THM	concealed	HOL.Option	64	64
THM	concealed	HOL.Parity	12	12
THM	concealed	HOL.Random	28	28
THM	concealed	HOL.Record	69	69
THM	concealed	HOL.String	88	88
THM	adt_infra	HOL.Complex	2	2
THM	adt_infra	HOL.Nitpick	3	3
THM	adt_infra	HOL.Typerep	2	2
THM	concealed	HOL.Complex	78	78
THM	concealed	HOL.Nitpick	141	141
THM	concealed	HOL.Typerep	50	50
THM	adt_infra	HOL.Sum_Type	3	3
THM	concealed	HOL.Lattices	15	15
THM	concealed	HOL.Sum_Type	26	25
THM	hidden	HOL.Random_Pred	1	1
THM	adt_infra	HOL.Predicate	4	4
THM	cascade/hidden	HOL.Zorn	41	39
THM	concealed	HOL.Orderings	19	19
THM	concealed	HOL.Predicate	131	131
THM	inductive_infra	HOL.Num	1	1
THM	adt_infra	HOL.Extraction	1	1
THM	concealed	HOL-Library.Z2	37	37
THM	concealed	HOL.Extraction	44	44
THM	concealed	HOL.Finite_Set	6	6
THM	concealed	Matrix.Utility	33	26
THM	hidden	HOL-Library.Uprod	8	8
THM	hidden	Triangle.Triangle	2	2
THM	inductive_infra	HOL.List	2	2
THM	inductive_infra	HOL.Zorn	3	3
THM	cascade/concealed	HOL.GCD	2	2
THM	cascade/concealed	HOL.Nat	1	1
THM	cascade/concealed	HOL.Num	1	1
THM	concealed	HOL.Random_Pred	13	13
THM	hidden	HOL.Bit_Operations	12	12
THM	hidden	HOL.Transcendental	4	4
THM	adt_infra	HOL-Algebra.Ring	5	5
THM	adt_infra	HOL-Library.Tree	5	5
THM	adt_infra	HOL.Code_Numeral	2	2
THM	adt_infra	HOL.Product_Type	3	3
THM	cascade/adt_record	HOL.Num	6	2
THM	cascade/class_pred	HOL.GCD	26	20
THM	cascade/class_pred	HOL.HOL	49	49
THM	cascade/class_pred	HOL.Nat	9	8
THM	cascade/class_pred	HOL.Num	9	6
THM	cascade/concealed	HOL.Enum	5	5
THM	cascade/concealed	HOL.List	30	21
THM	concealed	HOL-Algebra.Ring	24	24
THM	concealed	HOL-Library.FSet	76	74
THM	concealed	HOL-Library.Tree	322	277
THM	concealed	HOL-Library.Word	58	58
THM	concealed	HOL.Code_Numeral	93	92
THM	concealed	HOL.Product_Type	69	68
THM	concealed	HOL.Set_Interval	11	11
THM	hidden	HOL-Library.Sublist	3	3
THM	hidden	HOL.BNF_Composition	42	40
THM	adt_infra	HOL-Algebra.Group	5	5
THM	adt_infra	HOL-Algebra.Order	5	5
THM	adt_infra	HOL.Lazy_Sequence	1	1
THM	cascade/adt_record	HOL.List	15	13
THM	cascade/class_infix	HOL.GCD	250	246
THM	cascade/class_infix	HOL.HOL	9	9
THM	cascade/class_infix	HOL.Nat	99	78
THM	cascade/class_infix	HOL.Num	122	61
THM	cascade/class_pred	HOL.Enum	13	7
THM	cascade/class_pred	HOL.List	11	8
THM	concealed	HOL-Algebra.Group	24	24
THM	concealed	HOL-Algebra.Order	22	22
THM	concealed	HOL-Library.AList	72	63
THM	concealed	HOL-Library.Dlist	17	17
THM	concealed	HOL-Library.Float	62	56
THM	concealed	HOL-Library.Uprod	23	23
THM	concealed	HOL.Lazy_Sequence	88	88
THM	hidden	HOL-Library.Multiset	3	3
THM	adt_infra	HOL-Algebra.Module	5	5
THM	adt_infra	HOL-Library.IArray	1	1
THM	adt_infra	HOL-Library.Stream	2	2
THM	cascade/abs_rep_name	HOL.Int	30	30
THM	cascade/abs_rep_name	HOL.Nat	15	15
THM	cascade/abs_rep_name	HOL.Rat	24	24
THM	cascade/class_infix	HOL.Enum	39	36
THM	cascade/class_infix	HOL.List	51	47
THM	cascade/class_pred	HOL.Power	4	3
THM	cascade/class_pred	HOL.Rings	266	177
THM	cascade/concealed	HOL.Option	1	1
THM	cascade/concealed	HOL.Random	2	2
THM	cascade/concealed	HOL.Record	1	1
THM	concealed	HOL-Algebra.Module	22	22
THM	concealed	HOL-Library.IArray	65	65
THM	concealed	HOL-Library.Ramsey	18	14
THM	concealed	HOL-Library.Stream	64	64
THM	concealed	HOL.Basic_BNF_LFPs	8	8
THM	concealed	HOL.Bit_Operations	268	154
THM	concealed	HOL.Hilbert_Choice	5	5
THM	concealed	HOL.Transcendental	2	2
THM	inductive_infra	HOL.Relation	4	4
THM	cascade/adt_record	HOL.Option	5	3
THM	cascade/adt_record	HOL.Record	2	2
THM	cascade/adt_record	HOL.String	3	3
THM	cascade/class_infix	HOL.Rings	1556	1335
THM	cascade/class_pred	HOL.Fields	31	26
THM	cascade/class_pred	HOL.Groups	194	170
THM	cascade/class_pred	HOL.Limits	26	18
THM	cascade/class_pred	HOL.Parity	13	11
THM	cascade/class_variant	HOL.GCD	6	6
THM	cascade/class_variant	HOL.Int	6	6
THM	cascade/class_variant	HOL.Nat	11	11
THM	cascade/class_variant	HOL.Num	16	16
THM	cascade/class_variant	HOL.Rat	5	5
THM	cascade/concealed	HOL.Complex	1	1
THM	cascade/concealed	HOL.Nitpick	4	4
THM	concealed	Bernoulli.Bernoulli	15	13
THM	concealed	HOL-Library.Log_Nat	13	13
THM	concealed	HOL-Library.Mapping	9	9
THM	concealed	HOL-Library.Sublist	20	16
THM	concealed	HOL.BNF_Composition	1	1
THM	concealed	HOL.Code_Evaluation	44	44
THM	concealed	HOL.Euclidean_Rings	20	20
THM	concealed	HOL.Random_Sequence	26	26
THM	concealed	Pell.Pell_Algorithm	27	23
THM	shadowed	HOL-Library.Multiset	1	1
THM	adt_infra	HOL-Algebra.UnivPoly	5	5
THM	adt_infra	HOL-Library.Extended	1	1
THM	adt_infra	HOL-Library.Parallel	2	2
THM	cascade/adt_record	HOL.Typerep	2	2
THM	cascade/class_infix	HOL.Fields	298	288
THM	cascade/class_infix	HOL.Groups	717	670
THM	cascade/class_infix	HOL.Limits	55	44
THM	cascade/class_infix	HOL.Parity	140	113
THM	cascade/class_pred	HOL.Typerep	5	5
THM	cascade/class_variant	HOL.List	671	579
THM	cascade/concealed	HOL.Sum_Type	2	2
THM	concealed	HOL-Algebra.UnivPoly	24	24
THM	concealed	HOL-Library.Char_ord	6	6
THM	concealed	HOL-Library.Extended	203	145
THM	concealed	HOL-Library.Interval	88	86
THM	concealed	HOL-Library.Multiset	45	43
THM	concealed	HOL-Library.Parallel	74	74
THM	concealed	HOL.Boolean_Algebras	6	6
THM	concealed	Lp.Functional_Spaces	8	8
THM	concealed	Tools.Code_Generator	6	6
THM	hidden	Bernoulli.Bernoulli_FPS	4	4
THM	inductive_infra	HOL.Basic_BNFs	4	4
THM	inductive_infra	HOL.Finite_Set	1	1
THM	adt_infra	HOL-Library.Code_Test	2	2
THM	cascade/abs_rep_name	HOL.Filter	26	26
THM	cascade/abs_rep_name	HOL.String	14	14
THM	cascade/adt_record	HOL.Sum_Type	20	14
THM	cascade/class_pred	HOL.Lattices	42	33
THM	cascade/class_variant	HOL.Power	7	6
THM	cascade/class_variant	HOL.Rings	19	19
THM	cascade/concealed	HOL.Predicate	3	3
THM	cascade/hidden	HOL.Product_Type	2	2
THM	cascade/internal_prefix	HOL.ATP	45	28
THM	cascade/internal_prefix	HOL.HOL	556	232
THM	concealed	HOL-Library.Code_Lazy	7	7
THM	concealed	HOL-Library.Code_Test	80	80
THM	concealed	HOL-Library.Countable	26	22
THM	concealed	HOL-Library.Saturated	34	34
THM	concealed	HOL-Number_Theory.Fib	38	29
THM	concealed	HOL.Complete_Lattices	14	14
THM	concealed	HOL.Quickcheck_Random	36	34
THM	concealed	List-Index.List_Index	20	16
THM	hidden	HOL-Probability.PMF_Impl	1	1
THM	hidden	HOL.Quickcheck_Narrowing	9	8
THM	inductive_infra	Fourier.Fourier	1	1
THM	inductive_infra	HOL.Wellfounded	2	2
THM	adt_infra	HOL-Algebra.Congruence	10	10
THM	adt_infra	HOL-Library.Comparator	1	1
THM	cascade/abs_rep_name	HOL.Nitpick	7	7
THM	cascade/class_infix	HOL.Lattices	200	168
THM	cascade/class_pred	HOL.Orderings	57	50
THM	cascade/class_variant	HOL.Parity	2	2
THM	cascade/class_variant	HOL.String	4	4
THM	cascade/concealed	Matrix.Utility	2	2
THM	cascade/quotient_typedef	HOL.Int	17	17
THM	cascade/quotient_typedef	HOL.Rat	19	19
THM	concealed	HOL-Algebra.Congruence	44	44
THM	concealed	HOL-Combinatorics.Perm	28	24
THM	concealed	HOL-Decision_Procs.MIR	4276	726
THM	concealed	HOL-Library.Comparator	67	67
THM	concealed	HOL-Library.Finite_Map	27	27
THM	concealed	HOL-Library.ListVector	27	19
THM	concealed	HOL-Library.Option_ord	26	26
THM	concealed	HOL.Real_Vector_Spaces	20	20
THM	concealed	HOL.Topological_Spaces	22	22
THM	concealed	HOL.Transitive_Closure	2	2
THM	concealed	Polynomials.MPoly_Type	35	35
THM	hidden	Landau_Symbols.Group_Sort	47	42
THM	infra_theory	HOL.Code_Evaluation	37	35
THM	adt_infra	HOL-Library.State_Monad	3	3
THM	cascade/abs_rep_name	HOL.Sum_Type	13	13
THM	cascade/class_infix	HOL.Orderings	782	736
THM	cascade/class_pred	HOL.Finite_Set	4	4
THM	cascade/class_variant	HOL.Typerep	2	2
THM	cascade/concealed	HOL.Random_Pred	1	1
THM	cascade/quotient_typedef	HOL.Real	22	22
THM	concealed	Bernoulli.Bernoulli_FPS	33	26
THM	concealed	HOL-Library.Cardinality	63	63
THM	concealed	HOL-Library.State_Monad	88	86
THM	concealed	HOL-Library.Type_Length	17	17
THM	concealed	HOL-Probability.Fin_Map	11	11
THM	hidden	HOL-Library.Landau_Symbols	1	1
THM	adt_infra	HOL-Library.Extended_Nat	2	2
THM	adt_infra	HOL-Library.Numeral_Type	12	12
THM	adt_infra	HOL-Library.Phantom_Type	3	3
THM	adt_infra	HOL-Real_Asymp.Lazy_Eval	1	1
THM	adt_infra	HOL.Quickcheck_Narrowing	3	3
THM	cascade/class_infix	HOL.Finite_Set	11	11
THM	cascade/concealed	HOL-Library.FSet	3	3
THM	cascade/concealed	HOL-Library.Tree	23	15
THM	cascade/concealed	HOL-Library.Word	1	1
THM	cascade/concealed	HOL.Product_Type	5	5
THM	cascade/concealed	HOL.Set_Interval	3	3
THM	cascade/hidden	HOL.Code_Evaluation	9	9
THM	concealed	Gauss_Jordan.Code_Matrix	2	2
THM	concealed	HOL-Combinatorics.Cycles	17	13
THM	concealed	HOL-Library.Extended_Nat	54	53
THM	concealed	HOL-Library.Infinite_Set	2	2
THM	concealed	HOL-Library.Numeral_Type	109	109
THM	concealed	HOL-Library.Old_Datatype	3	3
THM	concealed	HOL-Library.Phantom_Type	77	77
THM	concealed	HOL-Library.Poly_Mapping	46	46
THM	concealed	HOL-Library.Product_Plus	17	17
THM	concealed	HOL-Library.Set_Algebras	16	16
THM	concealed	HOL-Probability.PMF_Impl	8	8
THM	concealed	HOL-Real_Asymp.Lazy_Eval	57	57
THM	concealed	HOL.Quickcheck_Narrowing	381	379
THM	hidden	Algebraic_Numbers.Resultant	43	38
THM	hidden	HOL-Analysis.Gamma_Function	18	18
THM	hidden	HOL-Library.Pattern_Aliases	8	6
THM	inductive_infra	HOL-Library.Stream	2	2
THM	adt_infra	HOL-Library.Extended_Real	1	1
THM	adt_infra	HOL.Quickcheck_Exhaustive	2	2
THM	cascade/abs_rep_name	HOL-Library.Z2	24	22
THM	cascade/adt_record	HOL-Algebra.Ring	12	6
THM	cascade/adt_record	HOL-Library.Tree	5	3
THM	cascade/adt_record	HOL.Code_Numeral	4	2
THM	cascade/class_pred	HOL-Library.Tree	3	3
THM	cascade/class_variant	HOL.Factorial	4	4
THM	cascade/class_variant	HOL.Inductive	4	4
THM	cascade/class_variant	HOL.Orderings	454	436
THM	cascade/concealed	HOL-Library.AList	11	9
THM	cascade/concealed	HOL-Library.Dlist	1	1
THM	cascade/concealed	HOL-Library.Float	2	2
THM	cascade/concealed	HOL-Library.Uprod	1	1
THM	cascade/concealed	HOL.Lazy_Sequence	7	7
THM	cascade/internal_prefix	HOL.BNF_Def	2112	2087
THM	cascade/internal_prefix	HOL.Lifting	150	150
THM	concealed	Derangements.Derangements	18	13
THM	concealed	DigitsInBase.DigitsInBase	15	13
THM	concealed	Gauss_Jordan.Gauss_Jordan	1	1
THM	concealed	HOL-Analysis.Infinite_Sum	1	1
THM	concealed	HOL-Decision_Procs.Cooper	2833	503
THM	concealed	HOL-Library.Complex_Order	6	6
THM	concealed	HOL-Library.Extended_Real	209	179
THM	concealed	HOL-Library.Nat_Bijection	40	37
THM	concealed	HOL-Library.Product_Order	28	28
THM	concealed	HOL-Library.Quotient_Type	3	3
THM	concealed	HOL-Library.Tree_Multiset	32	26
THM	concealed	HOL-Number_Theory.Totient	1	1
THM	concealed	HOL.Quickcheck_Exhaustive	299	297
THM	concealed	Jordan_Normal_Form.Matrix	108	100
THM	concealed	Landau_Symbols.Group_Sort	83	67
THM	concealed	Linear_Recurrences.RatFPS	68	66
THM	concealed	Sturm_Tarski.Sturm_Tarski	30	24
THM	hidden	Bertrands_Postulate.Bertrand	20	18
THM	hidden	HOL-Analysis.FPS_Convergence	1	1
THM	hidden	HOL-Analysis.Summation_Tests	4	3
THM	infra_theory	HOL-Decision_Procs.MIR	3937	571
THM	cascade/adt_record	HOL-Algebra.Group	16	8
THM	cascade/adt_record	HOL-Algebra.Order	3	2
THM	cascade/class_pred	HOL.Lazy_Sequence	3	3
THM	cascade/class_variant	HOL.Groups_Big	36	36
THM	cascade/concealed	HOL-Library.IArray	1	1
THM	cascade/concealed	HOL-Library.Ramsey	1	1
THM	cascade/concealed	HOL-Library.Stream	1	1
THM	cascade/concealed	HOL.Bit_Operations	17	17
THM	cascade/internal_prefix	HOL.Transfer	512	501
THM	concealed	HOL-Analysis.Inner_Product	5	5
THM	concealed	HOL-Analysis.Measure_Space	11	11
THM	concealed	HOL-Analysis.Sigma_Algebra	3	3
THM	concealed	HOL-Combinatorics.Stirling	41	27
THM	concealed	HOL-Decision_Procs.Ferrack	1857	451
THM	concealed	HOL-Library.Interval_Float	50	43
THM	concealed	HOL-Library.Multiset_Order	10	10
THM	concealed	HOL-Library.Time_Functions	189	168
THM	concealed	HOL-Probability.Tree_Space	2	2
THM	concealed	HOL.Complete_Partial_Order	1	1
THM	concealed	HOL.Semiring_Normalization	2	2
THM	hidden	HOL-Analysis.Harmonic_Numbers	1	1
THM	hidden	Sturm_Sequences.Sturm_Theorem	2	2
THM	cascade/abs_rep_name	HOL-Algebra.Ring	10	10
THM	cascade/abs_rep_name	HOL-Library.FSet	28	28
THM	cascade/abs_rep_name	HOL.Product_Type	22	22
THM	cascade/adt_record	HOL-Algebra.Module	5	4
THM	cascade/adt_record	HOL-Library.IArray	3	3
THM	cascade/adt_record	HOL-Library.Stream	1	1
THM	cascade/class_pred	HOL.Bit_Operations	14	11
THM	cascade/class_pred	HOL.Transcendental	3	2
THM	cascade/class_variant	HOL.Groups_List	16	16
THM	cascade/concealed	Bernoulli.Bernoulli	1	1
THM	cascade/concealed	HOL-Library.Log_Nat	1	1
THM	cascade/concealed	HOL-Library.Sublist	1	1
THM	cascade/concealed	HOL.Random_Sequence	2	2
THM	cascade/concealed	Pell.Pell_Algorithm	7	4
THM	concealed	Algebraic_Numbers.Resultant	45	39
THM	concealed	Budan_Fourier.Budan_Fourier	11	11
THM	concealed	Coinductive.Coinductive_Nat	1	1
THM	concealed	Gauss_Jordan.IArray_Addenda	4	4
THM	concealed	HOL-Analysis.Gamma_Function	5	5
THM	concealed	HOL-Analysis.Product_Vector	16	16
THM	concealed	HOL-Library.Omega_Words_Fun	1	1
THM	concealed	HOL-Library.Pattern_Aliases	16	12
THM	concealed	HOL-Library.Signed_Division	3	3
THM	hidden	Jordan_Normal_Form.Determinant	1	1
THM	adt_infra	Coinductive.Coinductive_List	3	3
THM	cascade/abs_rep_name	HOL-Algebra.Group	10	10
THM	cascade/abs_rep_name	HOL-Algebra.Order	10	10
THM	cascade/abs_rep_name	HOL-Library.Dlist	8	8
THM	cascade/abs_rep_name	HOL-Library.Uprod	8	8
THM	cascade/class_infix	HOL.Bit_Operations	463	418
THM	cascade/class_infix	HOL.Transcendental	10	8
THM	cascade/class_pred	HOL.Euclidean_Rings	22	19
THM	cascade/class_variant	HOL-Library.FSet	6	6
THM	cascade/class_variant	HOL-Library.Tree	4	4
THM	cascade/class_variant	HOL-Library.Word	4	4
THM	cascade/class_variant	HOL.Lattices_Big	350	350
THM	cascade/class_variant	HOL.Set_Interval	675	563
THM	cascade/concealed	HOL-Library.Extended	8	6
THM	cascade/concealed	HOL-Library.Interval	1	1
THM	cascade/concealed	HOL-Library.Multiset	1	1
THM	cascade/concealed	HOL-Library.Parallel	2	2
THM	concealed	Coinductive.Coinductive_List	62	62
THM	concealed	Gauss_Jordan.Gauss_Jordan_PA	16	13
THM	concealed	HOL-Analysis.Euclidean_Space	9	9
THM	concealed	HOL-Analysis.Function_Metric	5	5
THM	concealed	HOL-Library.Lattice_Algebras	8	8
THM	concealed	HOL-Library.While_Combinator	36	36
THM	concealed	HOL-Probability.Stream_Space	2	2
THM	concealed	Jordan_Normal_Form.Conjugate	9	9
THM	concealed	Pell.Efficient_Discrete_Sqrt	13	13
THM	hidden	Catalan_Numbers.Catalan_Numbers	5	5
THM	inductive_infra	HOL.Transitive_Closure	4	4
THM	infra_theory	HOL-Decision_Procs.Cooper	3158	294
THM	adt_infra	Cayley_Hamilton.Square_Matrix	6	6
THM	cascade/abs_rep_name	HOL-Algebra.Module	10	10
THM	cascade/adt_record	HOL-Algebra.UnivPoly	4	2
THM	cascade/adt_record	HOL-Library.Extended	7	3
THM	cascade/adt_record	HOL-Library.Parallel	3	3
THM	cascade/class_infix	HOL.Euclidean_Rings	179	173
THM	cascade/class_pred	HOL-Library.Preorder	2	2
THM	cascade/class_pred	HOL.Boolean_Algebras	6	3
THM	cascade/concealed	HOL-Library.Countable	4	3
THM	cascade/concealed	HOL-Number_Theory.Fib	2	2
THM	cascade/concealed	HOL.Quickcheck_Random	1	1
THM	cascade/concealed	List-Index.List_Index	1	1
THM	cascade/hidden	HOL.Quickcheck_Narrowing	30	23
THM	concealed	Cayley_Hamilton.Square_Matrix	29	29
THM	concealed	HOL-Decision_Procs.DP_Library	1	1
THM	concealed	HOL-Library.Function_Algebras	53	53
THM	concealed	HOL-Library.Function_Division	3	3
THM	concealed	HOL-Library.Power_By_Squaring	15	11
THM	concealed	Rank_Nullity_Theorem.Mod_Type	7	7
THM	concealed	Sturm_Sequences.Sturm_Theorem	30	24
THM	hidden	HOL-Library.Dual_Ordered_Lattice	1	1
THM	infra_theory	HOL-Decision_Procs.Ferrack	2189	319
THM	cascade/class_infix	HOL-Library.Preorder	18	18
THM	cascade/class_infix	HOL.Boolean_Algebras	46	44
THM	cascade/class_pred	HOL-Library.Countable	4	4
THM	cascade/class_pred	HOL.Archimedean_Field	5	5
THM	cascade/class_pred	HOL.Complete_Lattices	28	22
THM	cascade/class_pred	HOL.Quickcheck_Random	3	3
THM	cascade/class_variant	HOL.Bit_Operations	6	6
THM	cascade/concealed	HOL-Combinatorics.Perm	1	1
THM	cascade/concealed	HOL-Library.Comparator	1	1
THM	cascade/concealed	HOL-Library.Finite_Map	1	1
THM	cascade/concealed	HOL-Library.ListVector	1	1
THM	cascade/hidden	HOL.Quickcheck_Exhaustive	22	22
THM	cascade/hidden	Landau_Symbols.Group_Sort	18	10
THM	cascade/infra_theory	HOL.Code_Evaluation	210	205
THM	concealed	Coinductive.Coinductive_Stream	1	1
THM	concealed	HOL-Analysis.Abstract_Topology	3	3
THM	concealed	HOL-Analysis.Arcwise_Connected	15	11
THM	concealed	HOL-Analysis.Function_Topology	4	4
THM	concealed	HOL-Combinatorics.Permutations	26	24
THM	concealed	HOL-Library.Countable_Set_Type	15	15
THM	concealed	HOL-Library.Discrete_Functions	13	13
THM	concealed	HOL-Library.Infinite_Typeclass	8	8
THM	concealed	HOL-Library.Sorting_Algorithms	35	28
THM	concealed	HOL-Number_Theory.Eratosthenes	18	13
THM	concealed	MathBench_ProverBase.Geo_Real2	75	75
THM	hidden	HOL-Analysis.Weierstrass_Theorems	4	4
THM	hidden	HOL-Number_Theory.Euler_Criterion	28	28
THM	inductive_infra	HOL-Combinatorics.Orbits	1	1
THM	infra_theory	HOL-Decision_Procs.Rat_Pair	62	56
THM	adt_infra	Catalan_Numbers.Catalan_Numbers	1	1
THM	cascade/abs_rep_name	HOL-Algebra.UnivPoly	10	10
THM	cascade/abs_rep_name	HOL-Library.Multiset	23	23
THM	cascade/abs_rep_name	Lp.Functional_Spaces	9	9
THM	cascade/adt_record	HOL-Algebra.Congruence	37	23
THM	cascade/adt_record	HOL-Library.Comparator	6	2
THM	cascade/class_infix	HOL-Library.Countable	6	6
THM	cascade/class_infix	HOL.Archimedean_Field	17	15
THM	cascade/class_infix	HOL.Complete_Lattices	218	210
THM	cascade/class_pred	HOL.Real_Vector_Spaces	79	58
THM	cascade/class_pred	HOL.Topological_Spaces	51	47
THM	cascade/concealed	Bernoulli.Bernoulli_FPS	2	2
THM	cascade/concealed	HOL-Library.State_Monad	3	3
THM	cascade/quotient_typedef	HOL-Library.Word	21	21
THM	concealed	Catalan_Numbers.Catalan_Numbers	84	81
THM	concealed	HOL.BNF_Cardinal_Order_Relation	3	3
THM	concealed	Jordan_Normal_Form.Missing_Ring	4	4
THM	concealed	Rank_Nullity_Theorem.Dual_Order	1	1
THM	inductive_infra	HOL-Algebra.FiniteProduct	1	1
THM	inductive_infra	HOL-Analysis.Infinite_Sum	1	1
THM	cascade/abs_rep_name	HOL-Library.Code_Lazy	17	17
THM	cascade/abs_rep_name	HOL-Library.Saturated	16	16
THM	cascade/adt_record	HOL-Library.State_Monad	3	3
THM	cascade/class_infix	HOL.Real_Vector_Spaces	238	214
THM	cascade/class_infix	HOL.Topological_Spaces	338	325
THM	cascade/class_pred	HOL-Library.Cardinality	9	9
THM	cascade/class_pred	HOL-Library.Type_Length	6	6
THM	cascade/class_variant	HOL-Library.Multiset	18	17
THM	cascade/class_variant	HOL-Library.Preorder	2	2
THM	cascade/concealed	HOL-Combinatorics.Cycles	1	1
THM	cascade/concealed	HOL-Library.Extended_Nat	1	1
THM	cascade/concealed	HOL-Library.Phantom_Type	1	1
THM	cascade/concealed	HOL-Real_Asymp.Lazy_Eval	1	1
THM	cascade/concealed	HOL.Quickcheck_Narrowing	2	2
THM	cascade/hidden	Algebraic_Numbers.Resultant	1	1
THM	cascade/pre_bnf_prefix	HOL.BNF_Composition	41	41
THM	cascade/quotient_typedef	HOL-Library.Uprod	17	17
THM	concealed	Bell_Numbers_Spivey.Bell_Numbers	15	13
THM	concealed	HOL-Analysis.Elementary_Topology	4	4
THM	concealed	HOL-Computational_Algebra.Primes	20	20
THM	concealed	HOL-Decision_Procs.Approximation	807	327
THM	concealed	HOL-Library.Diagonal_Subsequence	2	2
THM	concealed	HOL-Library.Dual_Ordered_Lattice	41	41
THM	hidden	Algebraic_Numbers.Algebraic_Numbers	5	5
THM	hidden	Landau_Symbols.Landau_Real_Products	40	35
THM	hidden	Pratt_Certificate.Pratt_Certificate	2	2
THM	inductive_infra	HOL-Analysis.Sigma_Algebra	2	2
THM	inductive_infra	HOL-Probability.Tree_Space	1	1
THM	inductive_infra	HOL.Complete_Partial_Order	6	6
THM	infra_theory	HOL-Decision_Procs.DP_Library	6	5
THM	adt_infra	HOL-Library.Lattice_Constructions	3	3
THM	cascade/abs_rep_name	HOL-Algebra.Congruence	20	20
THM	cascade/abs_rep_name	HOL-Library.Comparator	13	13
THM	cascade/abs_rep_name	HOL-Library.Finite_Map	23	23
THM	cascade/adt_record	HOL-Library.Extended_Nat	4	2
THM	cascade/adt_record	HOL-Library.Phantom_Type	3	3
THM	cascade/adt_record	HOL-Real_Asymp.Lazy_Eval	6	2
THM	cascade/class_infix	HOL-Library.Cardinality	31	29
THM	cascade/class_infix	HOL-Library.Type_Length	7	7
THM	cascade/class_pred	HOL-Library.Extended_Nat	3	3
THM	cascade/class_pred	HOL.Quickcheck_Narrowing	9	9
THM	cascade/class_variant	HOL-Analysis.Isolated	6	6
THM	cascade/concealed	Derangements.Derangements	1	1
THM	cascade/concealed	DigitsInBase.DigitsInBase	1	1
THM	cascade/concealed	HOL-Library.Extended_Real	51	23
THM	cascade/concealed	HOL-Library.Nat_Bijection	6	5
THM	cascade/concealed	HOL-Library.Tree_Multiset	2	2
THM	cascade/concealed	HOL.Quickcheck_Exhaustive	24	24
THM	cascade/concealed	Jordan_Normal_Form.Matrix	7	5
THM	cascade/concealed	Landau_Symbols.Group_Sort	20	12
THM	cascade/concealed	Linear_Recurrences.RatFPS	2	2
THM	cascade/concealed	Sturm_Tarski.Sturm_Tarski	4	4
THM	concealed	Dirichlet_Series.Dirichlet_Series	52	52
THM	concealed	HOL-Analysis.Extended_Real_Limits	3	3
THM	concealed	HOL-Library.Lattice_Constructions	227	227
THM	concealed	HOL-Probability.Discrete_Topology	11	11
THM	concealed	HOL-Probability.Projective_Family	1	1
THM	hidden	HOL-Computational_Algebra.Polynomial	1	1
THM	inductive_infra	Coinductive.Coinductive_Nat	2	2
THM	infra_theory	HOL-Decision_Procs.Algebra_Aux	538	452
THM	infra_theory	HOL-Decision_Procs.Conversions	7	7
THM	cascade/adt_record	HOL-Library.Extended_Real	6	2
THM	cascade/class_pred	HOL-Analysis.Infinite_Sum	2	2
THM	cascade/class_pred	HOL-Library.Quotient_Type	6	6
THM	cascade/class_pred	HOL.Quickcheck_Exhaustive	15	14
THM	cascade/class_variant	HOL-Number_Theory.Cong	2	2
THM	cascade/class_variant	HOL.Topological_Spaces	29	29
THM	cascade/concealed	HOL-Combinatorics.Stirling	2	2
THM	cascade/concealed	HOL-Library.Interval_Float	2	2
THM	cascade/concealed	HOL-Library.Time_Functions	35	25
THM	concealed	Budan_Fourier.Sturm_Multiple_Roots	12	11
THM	concealed	Count_Complex_Roots.Extended_Sturm	17	13
THM	concealed	Dirichlet_Series.Dirichlet_Product	13	13
THM	concealed	HOL-Decision_Procs.Polynomial_List	18	18
THM	concealed	Hermite_Lindemann.Complex_Lexorder	1	1
THM	concealed	Rank_Nullity_Theorem.Miscellaneous	2	2
THM	hidden	Polynomial_Factorization.Missing_List	6	5
THM	inductive_infra	Coinductive.Coinductive_List	1	1
THM	inductive_infra	HOL-Algebra.Generated_Groups	1	1
THM	adt_infra	Gaussian_Integers.Gaussian_Integers	2	2
THM	adt_infra	Landau_Symbols.Landau_Real_Products	1	1
THM	adt_infra	Pratt_Certificate.Pratt_Certificate	4	4
THM	cascade/abs_rep_name	HOL-Library.Extended_Nat	12	12
THM	cascade/abs_rep_name	HOL-Library.Numeral_Type	132	112
THM	cascade/abs_rep_name	HOL-Library.Old_Datatype	15	15
THM	cascade/abs_rep_name	HOL-Library.Poly_Mapping	41	41
THM	cascade/class_infix	HOL-Analysis.Infinite_Sum	13	12
THM	cascade/class_infix	HOL-Library.Quotient_Type	11	11
THM	cascade/class_infix	HOL.Quickcheck_Exhaustive	4	4
THM	cascade/class_pred	HOL-Analysis.Inner_Product	7	3
THM	cascade/class_pred	HOL-Library.Time_Functions	3	3
THM	cascade/class_pred	HOL.Complete_Partial_Order	3	2
THM	cascade/class_pred	HOL.Semiring_Normalization	2	2
THM	cascade/concealed	Budan_Fourier.Budan_Fourier	3	3
THM	concealed	Gaussian_Integers.Gaussian_Integers	80	80
THM	concealed	HOL-Analysis.Abstract_Metric_Spaces	3	3
THM	concealed	HOL-Analysis.Complex_Transcendental	2	2
THM	concealed	HOL-Decision_Procs.Commutative_Ring	498	401
THM	concealed	HOL-Decision_Procs.Reflective_Field	445	359
THM	concealed	HOL-Probability.Random_Permutations	26	22
THM	concealed	HOL.Conditionally_Complete_Lattices	8	8
THM	concealed	IsaGeoCoq.Tarski_Neutral_Archimedes	81	81
THM	concealed	Landau_Symbols.Landau_Real_Products	282	256
THM	concealed	Lie_Groups.Transfer_Cayley_Hamilton	1	1
THM	concealed	Pratt_Certificate.Pratt_Certificate	267	245
THM	infra_theory	HOL-Decision_Procs.Approximation	2065	174
THM	adt_infra	HOL-Analysis.Bounded_Linear_Function	2	2
THM	adt_infra	HOL-Real_Asymp.Multiseries_Expansion	7	7
THM	cascade/abs_rep_name	HOL-Library.Quotient_Type	11	11
THM	cascade/abs_rep_name	Jordan_Normal_Form.Matrix	46	46
THM	cascade/abs_rep_name	Linear_Recurrences.RatFPS	41	41
THM	cascade/class_infix	HOL-Analysis.Inner_Product	63	45
THM	cascade/class_infix	HOL.Complete_Partial_Order	120	117
THM	cascade/class_infix	HOL.Semiring_Normalization	12	11
THM	cascade/class_pred	HOL-Analysis.Gamma_Function	3	2
THM	cascade/class_pred	HOL-Analysis.Product_Vector	7	5
THM	cascade/class_pred	HOL-Library.Signed_Division	10	8
THM	cascade/class_variant	HOL-Analysis.Borel_Space	2	2
THM	cascade/class_variant	HOL-Library.Infinite_Set	2	2
THM	cascade/class_variant	HOL-Library.Poly_Mapping	12	10
THM	cascade/concealed	Coinductive.Coinductive_List	1	1
THM	cascade/concealed	Gauss_Jordan.Gauss_Jordan_PA	1	1
THM	cascade/concealed	HOL-Library.While_Combinator	7	3
THM	cascade/concealed	Pell.Efficient_Discrete_Sqrt	1	1
THM	concealed	HOL-Analysis.Bounded_Linear_Function	18	18
THM	concealed	HOL-Analysis.Ordered_Euclidean_Space	16	16
THM	concealed	HOL-Computational_Algebra.Nth_Powers	11	11
THM	concealed	HOL-Computational_Algebra.Polynomial	224	199
THM	concealed	HOL-Real_Asymp.Multiseries_Expansion	2301	1884
THM	concealed	Jordan_Normal_Form.Column_Operations	30	26
THM	hidden	Algebraic_Numbers.Bivariate_Polynomials	1	1
THM	hidden	Descartes_Sign_Rule.Descartes_Sign_Rule	3	3
THM	hidden	HOL-Combinatorics.Multiset_Permutations	2	2
THM	cascade/abs_rep_name	HOL-Analysis.Sigma_Algebra	15	15
THM	cascade/adt_record	Coinductive.Coinductive_List	226	170
THM	cascade/class_infix	HOL-Analysis.Gamma_Function	12	10
THM	cascade/class_infix	HOL-Analysis.Product_Vector	21	17
THM	cascade/class_infix	HOL-Library.Signed_Division	16	15
THM	cascade/class_pred	HOL-Analysis.Euclidean_Space	2	2
THM	cascade/class_pred	HOL-Library.Lattice_Algebras	16	11
THM	cascade/class_pred	Jordan_Normal_Form.Conjugate	18	14
THM	cascade/class_variant	HOL-Analysis.Infinite_Sum	1	1
THM	cascade/class_variant	HOL-Library.Quotient_Type	3	3
THM	cascade/class_variant	HOL-Number_Theory.Mod_Exp	4	4
THM	cascade/class_variant	Jordan_Normal_Form.Matrix	2	2
THM	cascade/concealed	HOL-Library.Power_By_Squaring	6	3
THM	cascade/concealed	Sturm_Sequences.Sturm_Theorem	4	4
THM	concealed	HOL-Analysis.Elementary_Metric_Spaces	4	4
THM	concealed	HOL-Analysis.Finite_Cartesian_Product	72	72
THM	concealed	HOL-Analysis.Topology_Euclidean_Space	4	4
THM	concealed	HOL-Library.Extended_Nonnegative_Real	36	36
THM	concealed	Hermite_Lindemann.More_Polynomial_HLW	1	1
THM	concealed	Polynomial_Factorization.Missing_List	196	159
THM	hidden	Winding_Number_Eval.Cauchy_Index_Theorem	2	2
THM	infra_theory	HOL-Decision_Procs.Polynomial_List	341	323
THM	cascade/class_infix	HOL-Analysis.Euclidean_Space	31	30
THM	cascade/class_infix	HOL-Library.Lattice_Algebras	78	70
THM	cascade/class_infix	Jordan_Normal_Form.Conjugate	45	39
THM	cascade/class_pred	Rank_Nullity_Theorem.Mod_Type	4	2
THM	cascade/class_variant	HOL-Library.Groups_Big_Fun	4	4
THM	cascade/class_variant	HOL-Library.Multiset_Order	11	11
THM	cascade/class_variant	HOL.Complete_Partial_Order	130	130
THM	cascade/concealed	HOL-Analysis.Arcwise_Connected	12	6
THM	cascade/concealed	HOL-Combinatorics.Permutations	4	4
THM	cascade/concealed	HOL-Library.Discrete_Functions	1	1
THM	cascade/concealed	HOL-Library.Sorting_Algorithms	8	4
THM	cascade/concealed	HOL-Number_Theory.Eratosthenes	1	1
THM	concealed	HOL-Analysis.Cartesian_Euclidean_Space	1	1
THM	concealed	Polynomial_Interpolation.Is_Rat_To_Rat	9	9
THM	hidden	HOL-Probability.Probability_Mass_Function	1	1
THM	hidden	Polynomial_Interpolation.Missing_Unsorted	2	2
THM	inductive_infra	HOL-Analysis.Bochner_Integration	1	1
THM	infra_theory	HOL-Decision_Procs.Commutative_Ring	702	266
THM	infra_theory	HOL-Decision_Procs.Reflective_Field	751	221
THM	adt_infra	Continued_Fractions.Continued_Fractions	1	1
THM	cascade/class_infix	Rank_Nullity_Theorem.Mod_Type	92	80
THM	cascade/class_pred	HOL-Library.Infinite_Typeclass	2	2
THM	cascade/class_variant	HOL-Analysis.Linear_Algebra	2	2
THM	cascade/concealed	Catalan_Numbers.Catalan_Numbers	5	5
THM	concealed	Continued_Fractions.Continued_Fractions	150	136
THM	concealed	Descartes_Sign_Rule.Descartes_Sign_Rule	17	13
THM	concealed	HOL-Combinatorics.Multiset_Permutations	50	50
THM	concealed	HOL-Computational_Algebra.Field_as_Ring	43	43
THM	concealed	HOL-Decision_Procs.Approximation_Bounds	152	114
THM	concealed	HOL-Library.Countable_Complete_Lattices	5	5
THM	concealed	Linear_Recurrences.Eulerian_Polynomials	2	2
THM	cascade/adt_record	Catalan_Numbers.Catalan_Numbers	4	2
THM	cascade/class_infix	HOL-Library.Infinite_Typeclass	10	10
THM	cascade/class_pred	Jordan_Normal_Form.Missing_Ring	3	2
THM	cascade/class_variant	Coinductive.Coinductive_List	130	110
THM	cascade/class_variant	HOL-Library.Lattice_Algebras	4	4
THM	cascade/class_variant	HOL-Library.Order_Continuity	2	2
THM	cascade/concealed	Bell_Numbers_Spivey.Bell_Numbers	1	1
THM	concealed	HOL-Analysis.Bounded_Continuous_Function	19	19
THM	concealed	HOL-Computational_Algebra.Factorial_Ring	4	4
THM	concealed	HOL-Computational_Algebra.Fraction_Field	23	23
THM	concealed	HOL-Computational_Algebra.Polynomial_FPS	1	1
THM	infra_theory	HOL-Decision_Procs.Dense_Linear_Order	525	306
THM	cascade/class_infix	Jordan_Normal_Form.Missing_Ring	13	11
THM	cascade/class_pred	HOL-Analysis.Elementary_Topology	6	5
THM	cascade/class_pred	HOL-Computational_Algebra.Primes	30	25
THM	cascade/class_variant	Rank_Nullity_Theorem.Mod_Type	6	6
THM	cascade/concealed	HOL-Library.Lattice_Constructions	3	3
THM	concealed	Berlekamp_Zassenhaus.Unique_Factorization	5	5
THM	concealed	HOL-Probability.Probability_Mass_Function	6	6
THM	concealed	Polynomial_Interpolation.Missing_Unsorted	16	13
THM	inductive_infra	IsaGeoCoq.Tarski_Neutral_Archimedes	3	3
THM	inductive_infra	IsaGeoCoq.Tarski_Neutral_Continuity	1	1
THM	cascade/adt_record	HOL-Library.Lattice_Constructions	17	9
THM	cascade/class_infix	HOL-Analysis.Elementary_Topology	16	14
THM	cascade/class_infix	HOL-Computational_Algebra.Primes	66	57
THM	cascade/class_pred	Dirichlet_Series.Dirichlet_Series	7	6
THM	cascade/concealed	Budan_Fourier.Sturm_Multiple_Roots	3	3
THM	cascade/concealed	Count_Complex_Roots.Extended_Sturm	1	1
THM	cascade/concealed	Dirichlet_Series.Dirichlet_Product	1	1
THM	cascade/hidden	Polynomial_Factorization.Missing_List	1	1
THM	concealed	Algebraic_Numbers.Algebraic_Numbers_Prelim	17	13
THM	concealed	Dirichlet_Series.Dirichlet_Series_Analysis	7	7
THM	concealed	Linear_Recurrences.Linear_Recurrences_Misc	17	13
THM	hidden	Polynomial_Interpolation.Newton_Interpolation	25	24
THM	infra_theory	HOL-Decision_Procs.Approximation_Bounds	309	277
THM	cascade/abs_rep_name	HOL-Computational_Algebra.Primes	29	29
THM	cascade/class_infix	Dirichlet_Series.Dirichlet_Series	29	26
THM	cascade/concealed	Gaussian_Integers.Gaussian_Integers	1	1
THM	cascade/concealed	HOL-Probability.Random_Permutations	10	6
THM	cascade/concealed	IsaGeoCoq.Tarski_Neutral_Archimedes	12	12
THM	cascade/concealed	Landau_Symbols.Landau_Real_Products	24	12
THM	cascade/concealed	Pratt_Certificate.Pratt_Certificate	26	14
THM	concealed	Chebyshev_Polynomials.Chebyshev_Polynomials	184	144
THM	concealed	Jordan_Normal_Form.Gauss_Jordan_Elimination	41	35
THM	concealed	Polynomial_Interpolation.Missing_Polynomial	18	13
THM	concealed	Symmetric_Polynomials.Symmetric_Polynomials	22	22
THM	cascade/abs_rep_name	Dirichlet_Series.Dirichlet_Series	17	17
THM	cascade/adt_record	Landau_Symbols.Landau_Real_Products	2	2
THM	cascade/adt_record	Pratt_Certificate.Pratt_Certificate	6	4
THM	cascade/class_pred	HOL.Conditionally_Complete_Lattices	13	9
THM	cascade/class_variant	HOL-Analysis.Elementary_Topology	7	7
THM	cascade/class_variant	HOL-Computational_Algebra.Primes	2	2
THM	cascade/concealed	HOL-Computational_Algebra.Nth_Powers	3	3
THM	cascade/concealed	HOL-Computational_Algebra.Polynomial	14	14
THM	cascade/concealed	HOL-Real_Asymp.Multiseries_Expansion	13	13
THM	cascade/concealed	Jordan_Normal_Form.Column_Operations	2	2
THM	concealed	Affine_Arithmetic.Executable_Euclidean_Space	15	15
THM	concealed	HOL-Complex_Analysis.Cauchy_Integral_Theorem	1	1
THM	concealed	HOL-Decision_Procs.Commutative_Ring_Complete	42	13
THM	concealed	HOL-Library.Linear_Temporal_Logic_on_Streams	24	24
THM	concealed	Ordinary_Differential_Equations.Poincare_Map	1	1
THM	hidden	HOL-Computational_Algebra.Formal_Laurent_Series	1	1
THM	cascade/adt_record	HOL-Real_Asymp.Multiseries_Expansion	5	5
THM	cascade/class_infix	HOL.Conditionally_Complete_Lattices	104	100
THM	cascade/class_pred	HOL-Analysis.Ordered_Euclidean_Space	9	3
THM	cascade/class_pred	HOL-Computational_Algebra.Polynomial	8	7
THM	cascade/class_pred	HOL-Real_Asymp.Multiseries_Expansion	6	2
THM	cascade/class_variant	HOL-Analysis.Extended_Real_Limits	2	2
THM	cascade/concealed	Polynomial_Factorization.Missing_List	13	11
THM	cascade/internal_prefix	HOL.BNF_Cardinal_Order_Relation	440	434
THM	concealed	Card_Number_Partitions.Card_Number_Partitions	20	13
THM	concealed	HOL-Computational_Algebra.Euclidean_Algorithm	69	69
THM	concealed	HOL-Computational_Algebra.Formal_Power_Series	162	148
THM	concealed	Polynomial_Interpolation.Newton_Interpolation	112	87
THM	inductive_infra	HOL-Computational_Algebra.Group_Closure	4	4
THM	cascade/class_infix	HOL-Analysis.Ordered_Euclidean_Space	28	26
THM	cascade/class_infix	HOL-Computational_Algebra.Polynomial	18	16
THM	cascade/class_infix	HOL-Real_Asymp.Multiseries_Expansion	46	46
THM	cascade/class_pred	HOL-Analysis.Elementary_Metric_Spaces	2	2
THM	concealed	Berlekamp_Zassenhaus.Unique_Factorization_Poly	15	15
THM	concealed	HOL-Computational_Algebra.Polynomial_Factorial	21	21
THM	concealed	HOL-Decision_Procs.Parametric_Ferrante_Rackoff	1874	474
THM	cascade/abs_rep_name	HOL-Computational_Algebra.Polynomial	31	31
THM	cascade/class_infix	HOL-Analysis.Elementary_Metric_Spaces	8	7
THM	cascade/class_pred	Polynomial_Interpolation.Is_Rat_To_Rat	2	2
THM	cascade/class_variant	HOL.Conditionally_Complete_Lattices	410	409
THM	cascade/concealed	Continued_Fractions.Continued_Fractions	11	11
THM	cascade/concealed	Descartes_Sign_Rule.Descartes_Sign_Rule	1	1
THM	cascade/concealed	HOL-Combinatorics.Multiset_Permutations	6	6
THM	concealed	HOL-Computational_Algebra.Formal_Laurent_Series	52	52
THM	hidden	Linear_Recurrences.Linear_Inhomogenous_Recurrences	1	1
THM	inductive_infra	HOL-Number_Theory.Residue_Primitive_Roots	1	1
THM	infra_theory	HOL-Decision_Procs.Commutative_Ring_Complete	34	20
THM	cascade/adt_record	Continued_Fractions.Continued_Fractions	2	2
THM	cascade/class_infix	Polynomial_Interpolation.Is_Rat_To_Rat	9	8
THM	cascade/class_pred	HOL-Library.Countable_Complete_Lattices	9	5
THM	cascade/class_variant	HOL-Real_Asymp.Multiseries_Expansion	4	4
THM	concealed	Linear_Recurrences.Linear_Homogenous_Recurrences	13	13
THM	cascade/class_infix	HOL-Library.Countable_Complete_Lattices	78	76
THM	cascade/class_pred	HOL-Computational_Algebra.Factorial_Ring	15	12
THM	cascade/class_variant	HOL-Analysis.Elementary_Metric_Spaces	3	3
THM	cascade/class_variant	HOL-Analysis.Elementary_Normed_Spaces	4	4
THM	cascade/class_variant	HOL-Analysis.Topology_Euclidean_Space	2	2
THM	cascade/concealed	Polynomial_Interpolation.Missing_Unsorted	1	1
THM	concealed	Linear_Recurrences.Partial_Fraction_Decomposition	52	40
THM	concealed	Ordinary_Differential_Equations.ODE_Auxiliarities	2	2
THM	infra_theory	HOL-Decision_Procs.Parametric_Ferrante_Rackoff	2116	436
THM	cascade/class_infix	HOL-Computational_Algebra.Factorial_Ring	194	179
THM	cascade/class_pred	Berlekamp_Zassenhaus.Unique_Factorization	8	6
THM	cascade/concealed	Algebraic_Numbers.Algebraic_Numbers_Prelim	1	1
THM	cascade/concealed	Linear_Recurrences.Linear_Recurrences_Misc	1	1
THM	cascade/hidden	Polynomial_Interpolation.Newton_Interpolation	11	11
THM	concealed	Polynomial_Factorization.Square_Free_Factorization	34	17
THM	inductive_infra	HOL-Library.Linear_Temporal_Logic_on_Streams	4	4
THM	cascade/class_infix	Berlekamp_Zassenhaus.Unique_Factorization	60	53
THM	cascade/class_pred	Dirichlet_Series.Dirichlet_Series_Analysis	8	5
THM	cascade/class_variant	HOL-Computational_Algebra.Field_as_Ring	7	7
THM	cascade/class_variant	HOL-Computational_Algebra.Group_Closure	2	2
THM	cascade/concealed	Chebyshev_Polynomials.Chebyshev_Polynomials	17	15
THM	cascade/concealed	Jordan_Normal_Form.Gauss_Jordan_Elimination	7	7
THM	cascade/concealed	Polynomial_Interpolation.Missing_Polynomial	1	1
THM	cascade/concealed	Symmetric_Polynomials.Symmetric_Polynomials	14	12
THM	hidden	HOL-Analysis.Equivalence_Lebesgue_Henstock_Integration	1	1
THM	cascade/abs_rep_name	HOL-Probability.Probability_Mass_Function	13	13
THM	cascade/class_infix	Dirichlet_Series.Dirichlet_Series_Analysis	31	26
THM	cascade/class_variant	HOL-Computational_Algebra.Factorial_Ring	23	23
THM	cascade/class_variant	HOL-Computational_Algebra.Fraction_Field	2	2
THM	cascade/concealed	HOL-Library.Linear_Temporal_Logic_on_Streams	4	2
THM	concealed	HOL-Decision_Procs.Reflected_Multivariate_Polynomial	688	318
THM	adt_infra	Ordinary_Differential_Equations.Reachability_Analysis	3	3
THM	cascade/class_pred	Affine_Arithmetic.Executable_Euclidean_Space	2	2
THM	cascade/class_variant	Berlekamp_Zassenhaus.Unique_Factorization	33	31
THM	cascade/concealed	Card_Number_Partitions.Card_Number_Partitions	1	1
THM	cascade/concealed	HOL-Computational_Algebra.Euclidean_Algorithm	6	6
THM	cascade/concealed	HOL-Computational_Algebra.Formal_Power_Series	11	8
THM	cascade/concealed	Polynomial_Interpolation.Newton_Interpolation	5	5
THM	concealed	HOL-Computational_Algebra.Fundamental_Theorem_Algebra	1	1
THM	concealed	Ordinary_Differential_Equations.Initial_Value_Problem	1	1
THM	concealed	Ordinary_Differential_Equations.Reachability_Analysis	62	62
THM	cascade/class_infix	Affine_Arithmetic.Executable_Euclidean_Space	13	12
THM	cascade/class_pred	HOL-Computational_Algebra.Euclidean_Algorithm	22	15
THM	cascade/concealed	HOL-Computational_Algebra.Polynomial_Factorial	3	3
THM	adt_infra	Ordinary_Differential_Equations.Bounded_Linear_Operator	2	2
THM	cascade/class_infix	HOL-Computational_Algebra.Euclidean_Algorithm	80	73
THM	cascade/class_variant	Polynomial_Interpolation.Missing_Polynomial	2	2
THM	cascade/quotient_typedef	HOL-Computational_Algebra.Fraction_Field	20	20
THM	concealed	Ordinary_Differential_Equations.Bounded_Linear_Operator	23	23
THM	infra_theory	HOL-Decision_Procs.Reflected_Multivariate_Polynomial	827	293
THM	cascade/abs_rep_name	HOL-Computational_Algebra.Formal_Power_Series	239	179
THM	cascade/concealed	Linear_Recurrences.Linear_Homogenous_Recurrences	1	1
THM	cascade/class_variant	HOL-Computational_Algebra.Euclidean_Algorithm	17	17
THM	cascade/concealed	Linear_Recurrences.Partial_Fraction_Decomposition	3	3
THM	cascade/abs_rep_name	HOL-Computational_Algebra.Formal_Laurent_Series	46	46
THM	cascade/concealed	Polynomial_Factorization.Square_Free_Factorization	4	4
THM	cascade/concealed	Ordinary_Differential_Equations.Reachability_Analysis	1	1
THM	cascade/adt_record	Ordinary_Differential_Equations.Reachability_Analysis	3	3
THM	cascade/abs_rep_name	Ordinary_Differential_Equations.Bounded_Linear_Operator	47	47
CASCC	ATP.fEx	2
CASCC	ATP.fAll	2
CASCC	ATP.fNot	9
CASCC	ATP.fComp	4
CASCC	ATP.fTrue	1
CASCC	ATP.fconj	6
CASCC	ATP.fdisj	6
CASCC	ATP.fFalse	2
CASCC	ATP.fequal	6
CASCC	BNF_Def.Gr	9
CASCC	Int.cr_int	1
CASCC	Rat.cr_rat	1
CASCC	ATP.fChoice	2
CASCC	BNF_Def.Grp	70
CASCC	Fib.fib_rel	1
CASCC	Int.pcr_int	6
CASCC	Lifting.NEG	6
CASCC	Lifting.POS	7
CASCC	Rat.Abs_Rat	15
CASCC	Rat.Rep_Rat	9
CASCC	Rat.pcr_rat	8
CASCC	ATP.fimplies	5
CASCC	GCD.bezw_rel	1
CASCC	Real.cr_real	1
CASCC	Transfer.Rel	11
CASCC	Tree.ipl_rel	1
CASCC	Word.cr_word	1
CASCC	BNF_Def.fstOp	3
CASCC	BNF_Def.sndOp	3
CASCC	GCD.Gcd_class	4
CASCC	GCD.gcd_class	8
CASCC	Int.Abs_Integ	17
CASCC	Int.Rep_Integ	13
CASCC	List.upto_rel	3
CASCC	Ramsey.ES_rel	1
CASCC	Real.pcr_real	9
CASCC	Rings.dvd.dvd	14
CASCC	Word.pcr_word	8
CASCC	BNF_Def.convol	14
CASCC	BNF_Def.eq_onp	293
CASCC	HOL.type_class	46
CASCC	Nat.size_class	3
CASCC	Perm.cycle_rel	1
CASCC	Random.log_rel	1
CASCC	Tree.size1_rel	1
CASCC	Uprod.cr_uprod	1
CASCC	Z2.bit.Abs_bit	12
CASCC	Z2.bit.Rep_bit	12
CASCC	BNF_Def.collect	3
CASCC	BNF_Def.csquare	2
CASCC	BNF_Def.rel_fun	1657
CASCC	BNF_Def.rel_set	38
CASCC	Enum.class.enum	16
CASCC	Enum.enum_class	2
CASCC	Fib.gen_fib_rel	1
CASCC	GCD.gcd_nat_rel	1
CASCC	HOL.class.equal	9
CASCC	HOL.equal_class	3
CASCC	Int.int.Abs_int	4
CASCC	Int.int.Rep_int	6
CASCC	Int.ring_1.Ints	2
CASCC	List.splice_rel	4
CASCC	Nat.nat.Abs_Nat	7
CASCC	Nat.nat.Rep_Nat	8
CASCC	Rat.rat.Abs_rat	4
CASCC	Rat.rat.Rep_rat	6
CASCC	Rings.dvd_class	3
CASCC	Tree.mirror_rel	1
CASCC	Uprod.pcr_uprod	4
CASCC	BNF_Def.vimage2p	18
CASCC	Groups.abs_class	7
CASCC	Groups.one_class	10
CASCC	Groups.sgn_class	4
CASCC	Lifting.Quotient	122
CASCC	Lifting.Respects	14
CASCC	List.ord.lexordp	221
CASCC	Nitpick.Abs_Frac	5
CASCC	Nitpick.Rep_Frac	2
CASCC	Num.num.size_num	6
CASCC	Rings.class.idom	53
CASCC	Rings.class.ring	22
CASCC	Rings.idom_class	8
CASCC	Rings.ring_class	4
CASCC	Sum_Type.sum.isl	20
CASCC	Tree.bst_wrt_rel	3
CASCC	Tree.inorder_rel	1
CASCC	AList.compose_rel	4
CASCC	Groups.plus_class	4
CASCC	Groups.zero_class	3
CASCC	HOL.default_class	3
CASCC	Int.ring_1.of_int	4
CASCC	List.min_list_rel	1
CASCC	List.shuffles_rel	5
CASCC	Num.class.numeral	23
CASCC	Num.numeral_class	3
CASCC	Num.ring_1.iszero	2
CASCC	Orderings.ord.max	177
CASCC	Orderings.ord.min	174
CASCC	Power.power.power	7
CASCC	Power.power_class	4
CASCC	Rings.class.dioid	5
CASCC	Rings.dioid_class	3
CASCC	Transfer.bi_total	91
CASCC	Tree.complete_rel	3
CASCC	Tree.height_class	3
CASCC	Tree.inorder2_rel	1
CASCC	Tree.preorder_rel	1
CASCC	Tree.subtrees_rel	1
CASCC	FSet.fset.Abs_fset	28
CASCC	FSet.linorder.fMax	2
CASCC	FSet.linorder.fMin	2
CASCC	Fields.class.field	59
CASCC	Fields.field_class	10
CASCC	Float.power_up_rel	1
CASCC	GCD.class.ring_gcd	23
CASCC	GCD.ring_gcd_class	3
CASCC	Groups.minus_class	6
CASCC	Groups.times_class	7
CASCC	Lattices.inf_class	4
CASCC	Lattices.sup_class	4
CASCC	List.transpose_rel	5
CASCC	Matrix.mat.Abs_mat	8
CASCC	Matrix.mat.Rep_mat	15
CASCC	Matrix.pow_mat_rel	1
CASCC	Matrix.vec.Abs_vec	8
CASCC	Matrix.vec.Rep_vec	15
CASCC	Num.random_aux_num	1
CASCC	Primes.gf2.Abs_gf2	8
CASCC	Primes.gf2.Rep_gf2	21
CASCC	Random.iterate_rel	1
CASCC	Real.real.Abs_real	5
CASCC	Real.real.Rep_real	7
CASCC	Rings.abs_if_class	6
CASCC	Rings.class.abs_if	6
CASCC	Rings.class.ring_1	111
CASCC	Rings.divide_class	6
CASCC	Rings.modulo_class	4
CASCC	Rings.ring_1_class	5
CASCC	Saturated.Abs_sat'	9
CASCC	Transfer.bi_unique	190
CASCC	Tree.linorder.heap	2
CASCC	Tree.postorder_rel	1
CASCC	Tree.wbalanced_rel	3
CASCC	Word.ring_1.signed	2
CASCC	Word.word.Abs_word	5
CASCC	Word.word.Rep_word	7
CASCC	AList.clearjunk_rel	4
CASCC	AList.map_entry_rel	1
CASCC	Code_Evaluation.Abs	1
CASCC	Code_Evaluation.App	30
CASCC	Groups.uminus_class	3
CASCC	List.class.interval	35
CASCC	List.interval_class	5
CASCC	List.list.size_list	15
CASCC	List.ord.lexordp_eq	151
CASCC	List.sorted_wrt_rel	3
CASCC	Nat.semiring_1.Nats	2
CASCC	Nitpick.nat_gcd_rel	1
CASCC	Num.neg_numeral.dbl	2
CASCC	Num.neg_numeral.sub	2
CASCC	Num.numeral.numeral	5
CASCC	Orderings.bot_class	4
CASCC	Orderings.ord.Least	74
CASCC	Orderings.ord_class	4
CASCC	Orderings.top_class	3
CASCC	Rings.class.semidom	10
CASCC	Rings.semidom_class	3
CASCC	Transfer.left_total	93
CASCC	Tree.min_height_rel	1
CASCC	Tree.tree.size_tree	5
CASCC	AList.delete_aux_rel	1
CASCC	BNF_Def.pick_middlep	2
CASCC	Code_Evaluation.Free	2
CASCC	Fields.inverse_class	6
CASCC	Float.power_down_rel	1
CASCC	List.random_aux_list	1
CASCC	List.remdups_adj_rel	1
CASCC	List.trancl_list_rel	3
CASCC	Rings.class.semiring	11
CASCC	Rings.semiring_class	3
CASCC	Sum_Type.sum.Abs_sum	7
CASCC	Sum_Type.sum.Rep_sum	6
CASCC	Transfer.is_equality	4
CASCC	Transfer.rev_implies	1
CASCC	Transfer.right_total	116
CASCC	Tree.height_tree_rel	1
CASCC	Tree.random_aux_tree	1
CASCC	Utility.max_list_rel	1
CASCC	Word.random_aux_word	1
CASCC	AList.map_default_rel	1
CASCC	Code_Evaluation.Const	35
CASCC	Dlist.dlist.Abs_dlist	8
CASCC	HOL.equal_class.equal	553
CASCC	Lifting.rel_pred_comp	1
CASCC	List.arg_min_list_rel	1
CASCC	List.successively_rel	3
CASCC	Matrix.square_mat_rel	3
CASCC	Missing_List.span_rel	1
CASCC	Nat.class.ring_char_0	52
CASCC	Nat.ring_char_0_class	3
CASCC	Nat.semiring_1.of_nat	8
CASCC	Nitpick.norm_frac_rel	3
CASCC	Num.class.neg_numeral	83
CASCC	Num.neg_numeral_class	3
CASCC	Orderings.class.order	122
CASCC	Orderings.order_class	8
CASCC	Polynomial.pderiv_rel	3
CASCC	Random_Pred.iter'_rel	1
CASCC	Rat.field_char_0.Rats	3
CASCC	RatFPS.random_aux_fps	1
CASCC	Resultant.mk_poly_sub	1
CASCC	Rings.class.comm_ring	7
CASCC	Rings.class.mult_zero	13
CASCC	Rings.comm_ring_class	4
CASCC	Rings.mult_zero_class	3
CASCC	Saturated.sat.Abs_sat	7
CASCC	Stirling.Stirling_rel	1
CASCC	Stirling.stirling_rel	1
CASCC	String.char.size_char	3
CASCC	Type_Length.class.len	7
CASCC	Type_Length.len_class	2
CASCC	Typerep.typerep_class	5
CASCC	Uprod.uprod.Abs_uprod	5
CASCC	Uprod.uprod.Rep_uprod	7
CASCC	BNF_Composition.id_bnf	32
CASCC	Code_Evaluation.valapp	9
CASCC	Countable.nth_item_rel	4
CASCC	Dlist.random_aux_dlist	1
CASCC	Eratosthenes.sieve_rel	1
CASCC	GCD.class.semiring_Gcd	56
CASCC	GCD.class.semiring_gcd	149
CASCC	GCD.semiring_Gcd_class	3
CASCC	GCD.semiring_gcd_class	5
CASCC	Groups.class.group_add	63
CASCC	Groups.group_add_class	6
CASCC	Lattices.class.lattice	49
CASCC	Lattices.lattice_class	7
CASCC	List.interval.interval	2
CASCC	List.linorder.sort_key	55
CASCC	Mod_Type.mod_type.Abs'	2
CASCC	Multiset.linorder.part	5
CASCC	Newton_Interpolation.b	3
CASCC	Newton_Interpolation.c	1
CASCC	Newton_Interpolation.f	2
CASCC	Newton_Interpolation.x	2
CASCC	Num.neg_numeral.is_num	1
CASCC	Numeral_Type.Abs_bit0'	7
CASCC	Numeral_Type.Abs_bit1'	7
CASCC	Orderings.class.no_bot	14
CASCC	Orderings.class.no_top	19
CASCC	Orderings.no_bot_class	2
CASCC	Orderings.no_top_class	2
CASCC	Poly_Mapping.zero.when	12
CASCC	Quotient_Type.eqv.quot	3
CASCC	Rings.class.semiring_0	13
CASCC	Rings.class.semiring_1	72
CASCC	Rings.semiring_0_class	5
CASCC	Rings.semiring_1_class	8
CASCC	Sturm_Tarski.smods_rel	3
CASCC	Type_Length.len0_class	4
CASCC	Uprod.random_aux_uprod	1
CASCC	Bernoulli.bernoulli_rel	1
CASCC	Budan_Fourier.pders_rel	3
CASCC	Cardinality.card2_class	2
CASCC	Cardinality.class.card2	6
CASCC	Code_Lazy.lazy.Abs_lazy	7
CASCC	Code_Lazy.lazy.Rep_lazy	10
CASCC	Finite_Set.class.finite	11
CASCC	Finite_Set.finite_class	4
CASCC	Fraction_Field.cr_fract	1
CASCC	Groups.class.monoid_add	33
CASCC	Groups.monoid_add_class	5
CASCC	List.class.interval_bot	7
CASCC	List.class.interval_top	7
CASCC	List.interval_bot_class	3
CASCC	List.interval_top_class	3
CASCC	ListVector.zipwith0_rel	1
CASCC	Mod_Type.class.mod_type	89
CASCC	Mod_Type.mod_type_class	4
CASCC	Nat.old.nat.rec_set_nat	1
CASCC	Num.neg_numeral.dbl_dec	2
CASCC	Num.neg_numeral.dbl_inc	2
CASCC	Quotient_Type.eqv_class	4
CASCC	Rat.field_char_0.of_rat	2
CASCC	Rings.class.comm_ring_1	25
CASCC	Rings.class.idom_divide	8
CASCC	Rings.class.idom_modulo	6
CASCC	Rings.comm_ring_1_class	8
CASCC	Rings.idom_divide_class	3
CASCC	Rings.idom_modulo_class	3
CASCC	Rings.unit_factor_class	3
CASCC	Set_Interval.ord.atMost	80
CASCC	Stream.stream.bd_stream	1
CASCC	Sum_Type.random_aux_sum	1
CASCC	Time_Functions.T_tl_rel	3
CASCC	Transcendental.class.ln	7
CASCC	Transcendental.ln_class	3
CASCC	Tree.linorder.heap_sumC	2
CASCC	Cardinality.CARD_1_class	2
CASCC	Cardinality.class.CARD_1	6
CASCC	Cycles.cycle_of_list_rel	1
CASCC	Enum.random_aux_finite_1	1
CASCC	Enum.random_aux_finite_2	1
CASCC	Enum.random_aux_finite_3	1
CASCC	Enum.random_aux_finite_4	1
CASCC	Enum.random_aux_finite_5	1
CASCC	FSet.exhaustive_fset_rel	1
CASCC	FSet.random_aux_fset_rel	1
CASCC	Filter.filter.Abs_filter	16
CASCC	Filter.filter.Rep_filter	10
CASCC	Finite_Map.fmap.Abs_fmap	23
CASCC	Fraction_Field.pcr_fract	7
CASCC	GCD.semiring_gcd.Gcd_fin	2
CASCC	GCD.semiring_gcd.Lcm_fin	2
CASCC	Groups.class.monoid_mult	39
CASCC	Groups.monoid_mult_class	8
CASCC	IArray.random_aux_iarray	1
CASCC	Lattices_Big.ord.arg_max	11
CASCC	Lattices_Big.ord.arg_min	11
CASCC	List.linorder.insort_key	67
CASCC	Log_Nat.ceillog2_aux_rel	1
CASCC	Missing_List.filter2_rel	1
CASCC	Missing_List.mem_idx_rel	1
CASCC	Mod_Type.mod_type.to_nat	2
CASCC	Newton_Interpolation.Xij	1
CASCC	Option.random_aux_option	1
CASCC	Orderings.class.linorder	305
CASCC	Orderings.class.preorder	189
CASCC	Orderings.linorder_class	6
CASCC	Orderings.order.Greatest	29
CASCC	Orderings.preorder_class	4
CASCC	Parity.class.ring_parity	7
CASCC	Parity.ring_parity_class	3
CASCC	Polynomial.poly.Abs_poly	31
CASCC	Random_Sequence.iter_rel	1
CASCC	RatFPS.ratfps.Abs_ratfps	12
CASCC	RatFPS.ratfps.Rep_ratfps	29
CASCC	Rings.class.idom_abs_sgn	22
CASCC	Rings.class.ordered_ring	13
CASCC	Rings.class.zero_neq_one	15
CASCC	Rings.idom_abs_sgn_class	4
CASCC	Rings.ordered_ring_class	3
CASCC	Rings.zero_neq_one_class	3
CASCC	Set_Interval.ord.atLeast	79
CASCC	Stream.random_aux_stream	1
CASCC	Sturm_Tarski.changes_rel	1
CASCC	Time_Functions.T_fst_rel	2
CASCC	Time_Functions.T_nth_rel	3
CASCC	Time_Functions.T_rev_rel	3
CASCC	Time_Functions.T_snd_rel	2
CASCC	Time_Functions.itrev_rel	1
CASCC	Transfer.transfer_forall	2
CASCC	Word.semiring_1.unsigned	2
CASCC	Comparator.comp.size_comp	6
CASCC	Conjugate.class.conjugate	8
CASCC	Conjugate.conjugate_class	3
CASCC	Countable.class.countable	6
CASCC	Countable.countable_class	4
CASCC	Enum.class.finite_lattice	13
CASCC	Enum.finite_lattice_class	8
CASCC	Extended.inf_extended_rel	1
CASCC	Extended.sup_extended_rel	1
CASCC	FSet.comm_monoid_add.fsum	2
CASCC	Fields.class.field_axioms	3
CASCC	Fields.class.field_char_0	18
CASCC	Fields.field_char_0_class	4
CASCC	Group_Sort.groupsort.sort	6
CASCC	Groups.ab_group_add_class	9
CASCC	Groups.class.ab_group_add	41
CASCC	IArray.iarray.size_iarray	3
CASCC	Interval.split_domain_rel	1
CASCC	Lattices_Big.linorder.Max	116
CASCC	Lattices_Big.linorder.Min	113
CASCC	List_Index.remove_nth_rel	1
CASCC	Matrix.diag_block_mat_rel	1
CASCC	Matrix.unit_vecs_last_rel	1
CASCC	Missing_List.fold_map_rel	1
CASCC	Missing_List.min_list_rel	1
CASCC	Nat.class.semiring_char_0	45
CASCC	Nat.semiring_1.of_nat_aux	1
CASCC	Nat.semiring_char_0_class	3
CASCC	Option.option.size_option	5
CASCC	Orderings.class.order_bot	19
CASCC	Orderings.class.order_top	16
CASCC	Orderings.class.wellorder	26
CASCC	Orderings.order_bot_class	3
CASCC	Orderings.order_top_class	3
CASCC	Orderings.wellorder_class	2
CASCC	Primes.class.finite_field	6
CASCC	Primes.finite_field_class	5
CASCC	Quickcheck_Narrowing.conv	4
CASCC	Quotient_Type.class.equiv	11
CASCC	Quotient_Type.equiv_class	2
CASCC	RatFPS.ratfps_nth_aux_rel	1
CASCC	Rings.class.comm_semiring	7
CASCC	Rings.class.zero_less_one	7
CASCC	Rings.comm_semiring_class	3
CASCC	Rings.zero_less_one_class	4
CASCC	Set_Interval.ord.lessThan	69
CASCC	Time_Functions.T2_map_rel	3
CASCC	Time_Functions.T_drop_rel	3
CASCC	Time_Functions.T_take_rel	3
CASCC	Transfer.transfer_bforall	2
CASCC	Transfer.transfer_implies	2
CASCC	Uprod.commute.Abs_commute	8
CASCC	Bit_Operations.and_num_rel	1
CASCC	Bit_Operations.xor_num_rel	1
CASCC	Comparator.random_aux_comp	1
CASCC	Complex.random_aux_complex	1
CASCC	Extended.plus_extended_rel	1
CASCC	Extended_Nat.enat.Abs_enat	6
CASCC	Extended_Nat.enat.Rep_enat	6
CASCC	Extended_Nat.enat.rec_enat	4
CASCC	Fields.class.division_ring	66
CASCC	Fields.class.field_abs_sgn	9
CASCC	Fields.division_ring_class	4
CASCC	Fields.field_abs_sgn_class	3
CASCC	Finite_Map.random_aux_fmap	1
CASCC	Gamma_Function.Gamma_class	3
CASCC	Gamma_Function.class.Gamma	10
CASCC	Group_Sort.groupsort.group	2
CASCC	Groups.class.semigroup_add	10
CASCC	Groups.semigroup_add_class	5
CASCC	Is_Rat_To_Rat.class.is_rat	7
CASCC	Is_Rat_To_Rat.is_rat_class	2
CASCC	List.class.interval_axioms	2
CASCC	List.interval.all_interval	2
CASCC	Matrix.unit_vecs_first_rel	1
CASCC	Mod_Type.mod_type.from_nat	2
CASCC	Newton_Interpolation.xij_f	2
CASCC	Num.class.semiring_numeral	16
CASCC	Num.semiring_numeral_class	3
CASCC	Numeral_Type.bit0.Abs_bit0	18
CASCC	Numeral_Type.bit0.Rep_bit0	29
CASCC	Numeral_Type.bit1.Abs_bit1	18
CASCC	Numeral_Type.bit1.Rep_bit1	30
CASCC	Numeral_Type.num0.Abs_num0	5
CASCC	Numeral_Type.num0.Rep_num0	6
CASCC	Numeral_Type.num1.Abs_num1	4
CASCC	Numeral_Type.num1.Rep_num1	8
CASCC	Old_Datatype.node.Abs_Node	8
CASCC	Old_Datatype.node.Rep_Node	7
CASCC	Parallel.random_aux_future	1
CASCC	Polynomial.plus_coeffs_rel	1
CASCC	Polynomial.random_aux_poly	1
CASCC	Predicate.iterate_upto_rel	3
CASCC	Product_Type.prod.Abs_prod	5
CASCC	Product_Type.prod.Rep_prod	6
CASCC	Product_Type.unit.Abs_unit	5
CASCC	Product_Type.unit.Rep_unit	6
CASCC	Random_Sequence.Random_rel	1
CASCC	Rings.class.divide_trivial	9
CASCC	Rings.class.semidom_divide	20
CASCC	Rings.class.semidom_modulo	16
CASCC	Rings.divide_trivial_class	5
CASCC	Rings.semidom_divide_class	5
CASCC	Rings.semidom_modulo_class	4
CASCC	Rings.zero_neq_one.of_bool	3
CASCC	String.literal.Abs_literal	14
CASCC	Time_Functions.T_itrev_rel	3
CASCC	Typerep.typerep.typerep_of	2
CASCC	Cardinality.card_UNIV_class	2
CASCC	Cardinality.class.card_UNIV	6
CASCC	Catalan_Numbers.catalan_rel	1
CASCC	Complete_Lattices.Inf_class	8
CASCC	Complete_Lattices.Sup_class	4
CASCC	Extended_Nat.infinity_class	3
CASCC	Extended_Real.abs_ereal_rel	5
CASCC	Extended_Real.sgn_ereal_rel	5
CASCC	Groups.class.semigroup_mult	9
CASCC	Groups.semigroup_mult_class	4
CASCC	Lattices_Big.ord.arg_max_on	11
CASCC	Lattices_Big.ord.arg_min_on	11
CASCC	Lattices_Big.ord.is_arg_max	11
CASCC	Lattices_Big.ord.is_arg_min	11
CASCC	Orderings.class.dense_order	8
CASCC	Orderings.dense_order_class	4
CASCC	Parallel.future.size_future	3
CASCC	Quotient_Type.quot.Abs_quot	5
CASCC	Quotient_Type.quot.Rep_quot	6
CASCC	Rings.class.comm_semiring_0	10
CASCC	Rings.class.comm_semiring_1	139
CASCC	Rings.class.linordered_idom	195
CASCC	Rings.class.linordered_ring	14
CASCC	Rings.class.semiring_axioms	3
CASCC	Rings.class.semiring_modulo	16
CASCC	Rings.comm_semiring_0_class	4
CASCC	Rings.comm_semiring_1_class	4
CASCC	Rings.linordered_idom_class	6
CASCC	Rings.linordered_ring_class	5
CASCC	Rings.semiring_modulo_class	4
CASCC	Sturm_Theorem.sturm_aux_rel	3
CASCC	Time_Functions.T_append_rel	3
CASCC	Time_Functions.T_size_class	3
CASCC	Tree_Multiset.mset_tree_rel	1
CASCC	Coinductive_List.llist.lnull	225
CASCC	Coinductive_List.ord.lsorted	128
CASCC	Continued_Fractions.conv_rel	1
CASCC	Dirichlet_Series.fds.Abs_fds	7
CASCC	Dirichlet_Series.fds.Rep_fds	10
CASCC	Extended.random_aux_extended	1
CASCC	Extended.uminus_extended_rel	1
CASCC	Extended_Nat.random_aux_enat	1
CASCC	Extended_Real.less_ereal_rel	10
CASCC	Extended_Real.plus_ereal_rel	8
CASCC	Fraction_Field.idom.fractrel	2
CASCC	GCD.semiring_1.semiring_char	2
CASCC	Groups.class.comm_monoid_add	34
CASCC	Groups.comm_monoid_add_class	12
CASCC	Missing_List.distinct_eq_rel	3
CASCC	Missing_List.remdups_gen_rel	1
CASCC	Orderings.class.order_axioms	3
CASCC	Parity.class.semiring_parity	40
CASCC	Parity.semiring_parity_class	4
CASCC	Primes.class.idom_prime_char	5
CASCC	Primes.idom_prime_char_class	3
CASCC	Product_Type.random_aux_prod	1
CASCC	Product_Type.random_aux_unit	1
CASCC	Quickcheck_Exhaustive.setify	2
CASCC	Rings.class.ordered_ring_abs	7
CASCC	Rings.class.ordered_semiring	11
CASCC	Rings.ordered_ring_abs_class	3
CASCC	Rings.ordered_semiring_class	4
CASCC	Set_Interval.ord.greaterThan	64
CASCC	Sorting_Algorithms.merge_rel	5
CASCC	State_Monad.random_aux_state	1
CASCC	State_Monad.state.size_state	3
CASCC	Sum_Type.old.sum.rec_set_sum	1
CASCC	Time_Functions.T2_filter_rel	3
CASCC	Tree.linorder_class.heap_rel	3
CASCC	Typerep.typerep.size_typerep	2
CASCC	Cardinality.class.finite_UNIV	7
CASCC	Cardinality.finite_UNIV_class	3
CASCC	Code_Evaluation.term_of_class	4
CASCC	Continued_Fractions.conv'_rel	1
CASCC	Descartes_Sign_Rule.psums_rel	1
CASCC	Extended.less_eq_extended_rel	3
CASCC	Extended_Real.times_ereal_rel	11
CASCC	FSet.full_exhaustive_fset_rel	1
CASCC	Field_as_Ring.field.mod_field	2
CASCC	Fields.class.linordered_field	140
CASCC	Fields.linordered_field_class	4
CASCC	GCD.class.semiring_Gcd_axioms	2
CASCC	GCD.class.semiring_gcd_axioms	2
CASCC	Group_Sort.groupsort.part_aux	10
CASCC	Groups.ab_semigroup_add_class	7
CASCC	Groups.class.ab_semigroup_add	14
CASCC	Groups.class.comm_monoid_diff	7
CASCC	Groups.class.comm_monoid_mult	50
CASCC	Groups.class.group_add_axioms	3
CASCC	Groups.comm_monoid_diff_class	2
CASCC	Groups.comm_monoid_mult_class	7
CASCC	Lazy_Sequence.small_lazy'_rel	3
CASCC	List.linorder.stable_sort_key	4
CASCC	Missing_List.concat_lists_rel	1
CASCC	Nat_Bijection.list_decode_rel	4
CASCC	Nat_Bijection.list_encode_rel	1
CASCC	Orderings.class.no_bot_axioms	3
CASCC	Orderings.class.no_top_axioms	3
CASCC	Preorder.class.preorder_equiv	18
CASCC	Preorder.preorder_equiv.equiv	2
CASCC	Preorder.preorder_equiv_class	2
CASCC	Primes.class.field_prime_char	6
CASCC	Primes.field_prime_char_class	4
CASCC	Quickcheck_Narrowing.map_cons	1
CASCC	Real_Vector_Spaces.dist_class	4
CASCC	Real_Vector_Spaces.norm_class	3
CASCC	Rings.algebraic_semidom_class	4
CASCC	Rings.class.algebraic_semidom	103
CASCC	Rings.class.ordered_comm_ring	5
CASCC	Rings.class.semiring_0_cancel	5
CASCC	Rings.class.semiring_1_cancel	12
CASCC	Rings.ordered_comm_ring_class	3
CASCC	Rings.semiring_0_cancel_class	3
CASCC	Rings.semiring_1_cancel_class	5
CASCC	Sorting_Algorithms.sorted_rel	3
CASCC	State_Monad.traverse_list_rel	1
CASCC	Topological_Spaces.open_class	5
CASCC	Zorn.pred_on.suc_Union_closed	41
CASCC	Arcwise_Connected.dyad_rec_rel	12
CASCC	Bell_Numbers.Bell_list_aux_rel	1
CASCC	Bit_Operations.and_not_num_rel	1
CASCC	Cardinality.class.card2_axioms	3
CASCC	Catalan_Numbers.tree.size_tree	4
CASCC	Extended_Real.ereal.size_ereal	6
CASCC	Extended_Real.random_aux_ereal	1
CASCC	Extended_Real.uminus_ereal_rel	1
CASCC	Extended_Sturm.changes_alt_rel	1
CASCC	Factorial.semiring_char_0.fact	2
CASCC	Fraction_Field.fract.Abs_fract	5
CASCC	Fraction_Field.fract.Rep_fract	7
CASCC	Groups.ab_semigroup_mult_class	3
CASCC	Groups.class.ab_semigroup_mult	10
CASCC	Groups.class.monoid_add_axioms	3
CASCC	Groups_Big.comm_monoid_add.sum	30
CASCC	Inductive.complete_lattice.gfp	2
CASCC	Inductive.complete_lattice.lfp	2
CASCC	Inner_Product.class.real_inner	60
CASCC	Inner_Product.real_inner_class	7
CASCC	Lattices.bounded_lattice_class	4
CASCC	Lattices.class.bounded_lattice	10
CASCC	Lattices.class.distrib_lattice	25
CASCC	Lattices.class.semilattice_inf	38
CASCC	Lattices.class.semilattice_sup	35
CASCC	Lattices.distrib_lattice_class	2
CASCC	Lattices.semilattice_inf_class	5
CASCC	Lattices.semilattice_sup_class	4
CASCC	Lazy_Sequence.iterate_upto_rel	3
CASCC	Lazy_Sequence.small_lazy_class	3
CASCC	Matrix.comm_monoid_add.sum_mat	2
CASCC	Missing_List.is_partition_impl	1
CASCC	Mod_Type.class.mod_type_axioms	3
CASCC	Multiset.multiset.Abs_multiset	23
CASCC	Orderings.class.dense_linorder	28
CASCC	Orderings.dense_linorder_class	4
CASCC	Primes.class.enum_finite_field	7
CASCC	Primes.enum_finite_field_class	2
CASCC	Quickcheck_Narrowing.non_empty	6
CASCC	Quickcheck_Random.random_class	3
CASCC	Rings.class.linordered_semidom	75
CASCC	Rings.class.ordered_semiring_0	11
CASCC	Rings.class.ordered_semiring_1	18
CASCC	Rings.linordered_semidom_class	5
CASCC	Rings.ordered_semiring_0_class	4
CASCC	Rings.ordered_semiring_1_class	4
CASCC	Set_Interval.ord.atLeastAtMost	165
CASCC	String.comm_semiring_1.of_char	2
CASCC	Time_Functions.T_size_list_rel	3
CASCC	Transcendental.class.ln_axioms	3
CASCC	Unique_Factorization.class.ufd	15
CASCC	Unique_Factorization.ufd_class	2
CASCC	Utility.sorted_list_subset_rel	1
CASCC	Catalan_Numbers.catalan_aux_rel	3
CASCC	Catalan_Numbers.random_aux_tree	1
CASCC	Coinductive_List.llist.bd_llist	1
CASCC	DigitsInBase.LEeval_as_base_rel	1
CASCC	Extended.extended.size_extended	7
CASCC	Extended_Real.inverse_ereal_rel	5
CASCC	Extended_Real.real_of_ereal_rel	5
CASCC	Formal_Power_Series.compinv_rel	1
CASCC	Formal_Power_Series.fps.Abs_fps	239
CASCC	Formal_Power_Series.radical_rel	6
CASCC	Groups.class.monoid_mult_axioms	3
CASCC	Groups_Big.comm_monoid_add.sum'	2
CASCC	Groups_List.monoid_add.sum_list	12
CASCC	Lazy_Eval.random_aux_cmp_result	1
CASCC	List.linorder.insort_insert_key	29
CASCC	Missing_Ring.class.ordered_idom	10
CASCC	Missing_Ring.ordered_idom_class	3
CASCC	Nth_Powers.nth_root_nat_aux_rel	3
CASCC	Orderings.class.linorder_axioms	3
CASCC	Pell_Algorithm.pell_mul_nat_rel	1
CASCC	Permutations.adj_transp_seq_rel	3
CASCC	Phantom_Type.random_aux_phantom	1
CASCC	Polynomial.divide_poly_main_rel	1
CASCC	Pratt_Certificate.build_fpc_rel	1
CASCC	Pratt_Certificate.size_cert_rel	1
CASCC	Product_Type.internal_case_prod	2
CASCC	Quickcheck_Narrowing.drawn_from	1
CASCC	Real_Vector_Spaces.banach_class	4
CASCC	Real_Vector_Spaces.class.banach	6
CASCC	Real_Vector_Spaces.scaleR_class	3
CASCC	Ring.ring.ring_ext.Abs_ring_ext	4
CASCC	Ring.ring.ring_ext.Rep_ring_ext	6
CASCC	Rings.algebraic_semidom.coprime	2
CASCC	Rings.class.idom_abs_sgn_axioms	3
CASCC	Rings.class.linordered_semiring	8
CASCC	Rings.linordered_semiring_class	4
CASCC	Topological_Spaces.t2_space.Lim	2
CASCC	Tree_Multiset.subtrees_mset_rel	1
CASCC	Unique_Factorization.dvd.is_gcd	7
CASCC	Code_Numeral.natural.rec_natural	4
CASCC	Complete_Partial_Order.ccpo.fixp	126
CASCC	Continued_Fractions.conv_gen_rel	3
CASCC	Continued_Fractions.conv_num_rel	1
CASCC	Dirichlet_Series.class.nat_power	15
CASCC	Dirichlet_Series.nat_power_class	3
CASCC	Discrete_Functions.floor_log_rel	1
CASCC	Enum.class.finite_lattice_axioms	3
CASCC	Formal_Power_Series.gcompinv_rel	1
CASCC	Groups.class.ab_group_add_axioms	3
CASCC	Groups_Big.comm_monoid_mult.prod	2
CASCC	Infinite_Set.wellorder.enumerate	2
CASCC	List.linorder.sorted_list_of_set	119
CASCC	Missing_List.find_map_filter_rel	1
CASCC	Multiseries_Expansion.lcoeff_rel	1
CASCC	Multiseries_Expansion.ms.size_ms	3
CASCC	Multiset.subset_eq_mset_impl_rel	1
CASCC	Nat.class.semiring_char_0_axioms	2
CASCC	Orderings.class.order_bot_axioms	3
CASCC	Orderings.class.order_top_axioms	3
CASCC	Orderings.class.wellorder_axioms	3
CASCC	Pratt_Certificate.size_pratt_rel	1
CASCC	Pratt_Certificate.valid_cert_rel	3
CASCC	Primes.class.semiring_prime_char	12
CASCC	Primes.semiring_prime_char_class	7
CASCC	Quickcheck_Narrowing.around_zero	4
CASCC	Rings.class.comm_semiring_axioms	3
CASCC	Rings.class.zero_less_one_axioms	3
CASCC	Set_Interval.ord.atLeastLessThan	79
CASCC	Bit_Operations.or_not_num_neg_rel	1
CASCC	Coinductive_List.random_aux_llist	1
CASCC	Complete_Partial_Order.ccpo_class	3
CASCC	Complete_Partial_Order.class.ccpo	117
CASCC	Conjugate.class.conjugatable_ring	13
CASCC	Conjugate.conjugatable_ring_class	5
CASCC	Enum.class.finite_distrib_lattice	7
CASCC	Enum.finite_distrib_lattice_class	3
CASCC	Fields.class.division_ring_axioms	3
CASCC	Formal_Laurent_Series.fls.Abs_fls	46
CASCC	Gamma_Function.class.Gamma_axioms	2
CASCC	Groups.cancel_semigroup_add_class	2
CASCC	Groups.class.cancel_semigroup_add	12
CASCC	Groups.class.ordered_ab_group_add	54
CASCC	Groups.ordered_ab_group_add_class	10
CASCC	Groups_Big.comm_monoid_mult.prod'	2
CASCC	Groups_List.monoid_mult.prod_list	2
CASCC	Infinite_Typeclass.class.infinite	10
CASCC	Infinite_Typeclass.infinite_class	2
CASCC	Is_Rat_To_Rat.class.is_rat_axioms	2
CASCC	Lazy_Sequence.small_lazy_list_rel	1
CASCC	Multiseries_Expansion.plus_ms_rel	1
CASCC	Multiset.comm_monoid_add.sum_mset	5
CASCC	Nat_Bijection.prod_decode_aux_rel	1
CASCC	Phantom_Type.phantom.size_phantom	3
CASCC	Polynomial.alg_closed_field_class	5
CASCC	Polynomial.class.alg_closed_field	7
CASCC	Polynomial.pderiv_coeffs_code_rel	1
CASCC	Polynomial.pseudo_divmod_main_rel	1
CASCC	Primes.check_prime_by_range_class	3
CASCC	Primes.class.check_prime_by_range	11
CASCC	Primes.class.comm_ring_prime_char	5
CASCC	Primes.comm_ring_prime_char_class	3
CASCC	Rings.class.linordered_semiring_1	7
CASCC	Rings.class.normalization_semidom	85
CASCC	Rings.class.ordered_comm_semiring	7
CASCC	Rings.class.ring_no_zero_divisors	5
CASCC	Rings.class.semidom_divide_axioms	3
CASCC	Rings.linordered_semiring_1_class	4
CASCC	Rings.normalization_semidom_class	5
CASCC	Rings.ordered_comm_semiring_class	3
CASCC	Rings.ring_no_zero_divisors_class	3
CASCC	Sigma_Algebra.measure.Abs_measure	6
CASCC	Sigma_Algebra.measure.Rep_measure	9
CASCC	Sublist.longest_common_prefix_rel	1
CASCC	Topological_Spaces.class.t0_space	7
CASCC	Topological_Spaces.class.t1_space	14
CASCC	Topological_Spaces.class.t2_space	16
CASCC	Topological_Spaces.class.t3_space	7
CASCC	Topological_Spaces.class.t4_space	6
CASCC	Topological_Spaces.t0_space_class	2
CASCC	Topological_Spaces.t1_space_class	2
CASCC	Topological_Spaces.t2_space_class	4
CASCC	Topological_Spaces.t3_space_class	2
CASCC	Topological_Spaces.t4_space_class	2
CASCC	Unique_Factorization.dvd.some_gcd	8
CASCC	BNF_Cardinal_Order_Relation.natLeq	37
CASCC	BNF_Cardinal_Order_Relation.stable	7
CASCC	BNF_Composition.DEADID.pred_DEADID	9
CASCC	Bit_Operations.class.semiring_bits	65
CASCC	Bit_Operations.fold2_bit_int.F_rel	12
CASCC	Bit_Operations.semiring_bits_class	4
CASCC	Cardinality.class.card_UNIV_axioms	3
CASCC	Conjugate.class.conjugatable_field	5
CASCC	Conjugate.conjugatable_field_class	3
CASCC	Continued_Fractions.conv_denom_rel	1
CASCC	Lattice_Constructions.bot.size_bot	5
CASCC	Lattice_Constructions.top.size_top	5
CASCC	Lattices.bounded_lattice_bot_class	3
CASCC	Lattices.bounded_lattice_top_class	3
CASCC	Lattices.class.bounded_lattice_bot	8
CASCC	Lattices.class.bounded_lattice_top	7
CASCC	Limits.class.topological_group_add	9
CASCC	Limits.topological_group_add_class	4
CASCC	Missing_List.union_list_sorted_rel	1
CASCC	Multiseries_Expansion.times_ms_rel	1
CASCC	Orderings.class.dense_order_axioms	3
CASCC	Pell_Algorithm.efficient_power_rel	6
CASCC	Polynomial.class.field_unit_factor	6
CASCC	Polynomial.field_unit_factor_class	3
CASCC	Polynomial.minus_poly_rev_list_rel	1
CASCC	Pratt_Certificate.pratt.size_pratt	4
CASCC	Pratt_Certificate.random_aux_pratt	1
CASCC	Product_Type.old.bool.rec_set_bool	1
CASCC	Product_Type.old.prod.rec_set_prod	1
CASCC	Product_Type.old.unit.rec_set_unit	1
CASCC	Quickcheck_Exhaustive.termify_pair	3
CASCC	Real_Vector_Spaces.class.dist_norm	8
CASCC	Real_Vector_Spaces.dist_norm_class	6
CASCC	Rings.class.comm_semiring_0_cancel	5
CASCC	Rings.class.comm_semiring_1_cancel	20
CASCC	Rings.class.linordered_idom_axioms	3
CASCC	Rings.class.linordered_ring_strict	31
CASCC	Rings.class.semiring_modulo_axioms	3
CASCC	Rings.comm_semiring_0_cancel_class	3
CASCC	Rings.comm_semiring_1_cancel_class	9
CASCC	Rings.linordered_ring_strict_class	5
CASCC	Set_Interval.ord.greaterThanAtMost	82
CASCC	Sturm_Multiple_Roots.smods_ext_rel	3
CASCC	BNF_Cardinal_Order_Relation.cardSuc	7
CASCC	BNF_Cardinal_Order_Relation.card_of	161
CASCC	BNF_Cardinal_Order_Relation.cofinal	1
CASCC	BNF_Cardinal_Order_Relation.natLess	2
CASCC	Borel_Space.topological_space.borel	2
CASCC	Cong.unique_euclidean_semiring.cong	2
CASCC	Derangements.count_derangements_rel	1
CASCC	Euclidean_Algorithm.class.field_gcd	7
CASCC	Euclidean_Algorithm.field_gcd_class	5
CASCC	Extended_Real_Limits.order.mono_set	2
CASCC	Field_as_Ring.field.normalize_field	2
CASCC	Group_Sort.groupsort.group_sort_rel	8
CASCC	Groups.cancel_comm_monoid_add_class	10
CASCC	Groups.class.cancel_comm_monoid_add	21
CASCC	Groups.class.comm_monoid_add_axioms	3
CASCC	Isolated.topological_space.discrete	2
CASCC	Lattice_Algebras.class.lattice_ring	5
CASCC	Lattice_Algebras.lattice_ring_class	3
CASCC	Limits.class.topological_monoid_add	8
CASCC	Limits.topological_monoid_add_class	4
CASCC	Multiseries_Expansion.divide_ms_rel	1
CASCC	Multiseries_Expansion.random_aux_ms	1
CASCC	Multiset.comm_monoid_mult.prod_mset	2
CASCC	Parity.class.semiring_parity_axioms	2
CASCC	Polynomial.pseudo_mod_main_list_rel	1
CASCC	Quickcheck_Exhaustive.term_emptyset	2
CASCC	Real_Vector_Spaces.class.real_field	6
CASCC	Real_Vector_Spaces.real_field_class	4
CASCC	Record.random_aux_tuple_isomorphism	1
CASCC	Rings.class.ordered_cancel_semiring	6
CASCC	Rings.class.ordered_ring_abs_axioms	3
CASCC	Rings.class.ordered_semiring_axioms	3
CASCC	Rings.class.ordered_semiring_strict	17
CASCC	Rings.class.ring_1_no_zero_divisors	11
CASCC	Rings.class.semiring_modulo_trivial	8
CASCC	Rings.ordered_cancel_semiring_class	4
CASCC	Rings.ordered_semiring_strict_class	5
CASCC	Rings.ring_1_no_zero_divisors_class	3
CASCC	Rings.semiring_modulo_trivial_class	3
CASCC	Signed_Division.signed_divide_class	3
CASCC	Signed_Division.signed_modulo_class	3
CASCC	Topological_Spaces.uniformity_class	3
CASCC	Unique_Factorization.class.idom_gcd	12
CASCC	Unique_Factorization.idom_gcd_class	3
CASCC	BNF_Cardinal_Order_Relation.card_suc	5
CASCC	BNF_Cardinal_Order_Relation.relChain	1
CASCC	Card_Number_Partitions.Partition_rel	1
CASCC	Comparator.comparator.Abs_comparator	13
CASCC	Complete_Partial_Order.ccpo.iterates	3
CASCC	Continued_Fractions.cfrac.size_cfrac	2
CASCC	Continued_Fractions.random_aux_cfrac	1
CASCC	Euclidean_Rings.class.euclidean_ring	8
CASCC	Euclidean_Rings.euclidean_ring_class	5
CASCC	Factorial.comm_semiring_1.pochhammer	2
CASCC	Groups.cancel_ab_semigroup_add_class	6
CASCC	Groups.class.ab_semigroup_add_axioms	3
CASCC	Groups.class.cancel_ab_semigroup_add	14
CASCC	Groups.class.comm_monoid_diff_axioms	3
CASCC	Groups.class.comm_monoid_mult_axioms	3
CASCC	Groups.class.linordered_ab_group_add	23
CASCC	Groups.class.ordered_comm_monoid_add	45
CASCC	Groups.linordered_ab_group_add_class	4
CASCC	Groups.ordered_comm_monoid_add_class	4
CASCC	Lattice_Constructions.random_aux_bot	1
CASCC	Lattice_Constructions.random_aux_top	1
CASCC	Lattices_Big.semilattice_inf.Inf_fin	28
CASCC	Lattices_Big.semilattice_sup.Sup_fin	27
CASCC	Lazy_Eval.cmp_result.size_cmp_result	6
CASCC	Limits.class.topological_monoid_mult	5
CASCC	Limits.topological_monoid_mult_class	3
CASCC	Linear_Algebra.real_inner.orthogonal	2
CASCC	Linear_Recurrences_Misc.zip_with_rel	1
CASCC	List.linorder.sorted_key_list_of_set	21
CASCC	Missing_Polynomial.expand_powers_rel	1
CASCC	Multiseries_Expansion.inverse_ms_rel	1
CASCC	Polynomial.divide_poly_main_list_rel	1
CASCC	Primes.class.field_prime_char_axioms	2
CASCC	Quickcheck_Exhaustive.termify_insert	2
CASCC	Quickcheck_Exhaustive.valtermify_Inl	2
CASCC	Quickcheck_Exhaustive.valtermify_Inr	1
CASCC	Quickcheck_Narrowing.around_zero_rel	2
CASCC	Quickcheck_Narrowing.narrowing_class	3
CASCC	Quickcheck_Random.random_aux_set_rel	1
CASCC	Reachability_Analysis.sctn.size_sctn	3
CASCC	Real_Vector_Spaces.class.real_vector	10
CASCC	Real_Vector_Spaces.real_vector_class	4
CASCC	Set_Interval.ord.greaterThanLessThan	57
CASCC	Sturm_Theorem.split_sign_changes_rel	1
CASCC	Archimedean_Field.class.floor_ceiling	6
CASCC	Archimedean_Field.floor_ceiling_class	2
CASCC	BNF_Cardinal_Order_Relation.isCardSuc	1
CASCC	Code_Evaluation.term_of_class.term_of	138
CASCC	Coinductive_List.monoid_add.lsum_list	2
CASCC	Complete_Partial_Order.ccpo.iteratesp	1
CASCC	Euclidean_Space.class.euclidean_space	28
CASCC	Euclidean_Space.euclidean_space_class	2
CASCC	Field_as_Ring.field.unit_factor_field	1
CASCC	Formal_Power_Series.fps_nth_deriv_rel	1
CASCC	GCD.class.semiring_gcd_mult_normalize	18
CASCC	GCD.semiring_gcd_mult_normalize_class	3
CASCC	Groups.class.ab_semigroup_mult_axioms	3
CASCC	Groups.class.ordered_ab_group_add_abs	36
CASCC	Groups.class.ordered_ab_semigroup_add	14
CASCC	Groups.ordered_ab_group_add_abs_class	4
CASCC	Groups.ordered_ab_semigroup_add_class	6
CASCC	Inner_Product.class.real_inner_axioms	3
CASCC	Interval_Float.subdivide_interval_rel	1
CASCC	Landau_Real_Products.eval_primfun_rel	1
CASCC	Landau_Real_Products.less_primfun_rel	3
CASCC	Landau_Real_Products.powr_primfun_rel	1
CASCC	Lattices.class.distrib_lattice_axioms	3
CASCC	Lattices.class.semilattice_inf_axioms	3
CASCC	Lattices.class.semilattice_sup_axioms	3
CASCC	Limits.class.topological_ab_group_add	5
CASCC	Limits.topological_ab_group_add_class	3
CASCC	Linear_Homogenous_Recurrences.lhr_rel	1
CASCC	Missing_List.subtract_list_sorted_rel	1
CASCC	Multiseries_Expansion.powr_ms_aux_rel	1
CASCC	Orderings.class.unbounded_dense_order	6
CASCC	Orderings.unbounded_dense_order_class	4
CASCC	Polynomial.mod_poly_one_main_list_rel	1
CASCC	Primes.class.comm_semiring_prime_char	5
CASCC	Primes.class.enum_finite_field_axioms	3
CASCC	Primes.comm_semiring_prime_char_class	3
CASCC	Probability_Mass_Function.pmf.Abs_pmf	13
CASCC	Quickcheck_Exhaustive.check_all_class	3
CASCC	Quickcheck_Exhaustive.class.check_all	4
CASCC	Quickcheck_Exhaustive.termify_fun_upd	2
CASCC	Quickcheck_Exhaustive.valtermify_pair	3
CASCC	Reachability_Analysis.random_aux_sctn	1
CASCC	Real_Vector_Spaces.class.metric_space	49
CASCC	Real_Vector_Spaces.class.real_algebra	10
CASCC	Real_Vector_Spaces.class.sgn_div_norm	6
CASCC	Real_Vector_Spaces.metric_space_class	5
CASCC	Real_Vector_Spaces.real_algebra_class	5
CASCC	Real_Vector_Spaces.sgn_div_norm_class	4
CASCC	Ring.ring.ring_ext.ring_ext_Tuple_Iso	12
CASCC	Rings.class.linordered_semidom_axioms	3
CASCC	Rings.class.ordered_semiring_1_strict	7
CASCC	Rings.class.semiring_no_zero_divisors	9
CASCC	Rings.ordered_semiring_1_strict_class	4
CASCC	Rings.semiring_no_zero_divisors_class	3
CASCC	Signed_Division.class.signed_division	13
CASCC	Signed_Division.signed_division_class	4
CASCC	Unique_Factorization.class.ufd_axioms	2
CASCC	Bernoulli_FPS.gen_akiyama_tanigawa_rel	1
CASCC	Boolean_Algebras.boolean_algebra_class	6
CASCC	Boolean_Algebras.class.boolean_algebra	43
CASCC	Dirichlet_Series.class.nat_power_field	9
CASCC	Dirichlet_Series.nat_power_field_class	4
CASCC	Elementary_Topology.class.polish_space	5
CASCC	Elementary_Topology.polish_space_class	3
CASCC	Gauss_Jordan_PA.row_add_iterate_PA_rel	1
CASCC	Gaussian_Integers.random_aux_gauss_int	1
CASCC	Group.monoid.monoid_ext.Abs_monoid_ext	4
CASCC	Group.monoid.monoid_ext.Rep_monoid_ext	6
CASCC	Groups_Big_Fun.comm_monoid_add.Sum_any	2
CASCC	Groups_List.comm_semiring_0.horner_sum	2
CASCC	Interval_Float.interval_list_union_rel	1
CASCC	Isolated.metric_space.uniform_discrete	2
CASCC	Isolated.topological_space.isolated_in	2
CASCC	Landau_Real_Products.eval_primfun'_rel	1
CASCC	Landau_Real_Products.merge_primfun_rel	1
CASCC	Missing_Ring.class.ordered_idom_axioms	3
CASCC	Multiseries_Expansion.power_ms_aux_rel	1
CASCC	Order.gorder.gorder_ext.Abs_gorder_ext	4
CASCC	Order.gorder.gorder_ext.Rep_gorder_ext	6
CASCC	Polynomial.pseudo_divmod_main_list_rel	1
CASCC	Power_By_Squaring.efficient_funpow_rel	6
CASCC	Pratt_Certificate.valid_pratt_tree_rel	3
CASCC	Quickcheck_Exhaustive.exhaustive_class	3
CASCC	Quickcheck_Narrowing.is_testable_class	3
CASCC	Rings.class.linordered_semiring_strict	14
CASCC	Rings.class.semidom_divide_unit_factor	10
CASCC	Rings.linordered_semiring_strict_class	5
CASCC	Rings.semidom_divide_unit_factor_class	3
CASCC	Topological_Spaces.class.perfect_space	8
CASCC	Topological_Spaces.class.uniform_space	41
CASCC	Topological_Spaces.perfect_space_class	2
CASCC	Topological_Spaces.uniform_space_class	3
CASCC	BNF_Cardinal_Order_Relation.regularCard	33
CASCC	BNF_Cardinal_Order_Relation.suc.Abs_suc	2
CASCC	BNF_Cardinal_Order_Relation.suc.Rep_suc	3
CASCC	Chebyshev_Polynomials.cheb_eval_aux_rel	1
CASCC	Column_Operations.swap_col_to_front_rel	1
CASCC	Column_Operations.swap_row_to_front_rel	1
CASCC	Dirichlet_Product.dirichlet_inverse_rel	1
CASCC	Dirichlet_Series.class.nat_power_axioms	2
CASCC	Factorial_Ring.class.factorial_ring_gcd	5
CASCC	Factorial_Ring.class.factorial_semiring	147
CASCC	Factorial_Ring.factorial_ring_gcd_class	3
CASCC	Factorial_Ring.factorial_semiring_class	5
CASCC	Group_Sort.groupsort.group_part_aux_rel	12
CASCC	Landau_Real_Products.random_aux_primfun	1
CASCC	Limits.class.comm_real_normed_algebra_1	5
CASCC	Limits.class.topological_semigroup_mult	7
CASCC	Limits.comm_real_normed_algebra_1_class	3
CASCC	Limits.topological_semigroup_mult_class	3
CASCC	Missing_Unsorted.max_list_non_empty_rel	1
CASCC	Module.module.module_ext.Abs_module_ext	4
CASCC	Module.module.module_ext.Rep_module_ext	6
CASCC	Multiseries_Expansion.class.multiseries	46
CASCC	Multiseries_Expansion.compare_lists_rel	1
CASCC	Multiseries_Expansion.multiseries_class	6
CASCC	Pratt_Certificate.pratt_tree_number_rel	1
CASCC	Primes.class.semiring_prime_char_axioms	2
CASCC	Real_Vector_Spaces.class.complete_space	8
CASCC	Real_Vector_Spaces.class.real_algebra_1	6
CASCC	Real_Vector_Spaces.complete_space_class	4
CASCC	Real_Vector_Spaces.real_algebra_1_class	4
CASCC	Rings.class.discrete_linordered_semidom	12
CASCC	Rings.class.linordered_nonzero_semiring	77
CASCC	Rings.class.semiring_1_no_zero_divisors	8
CASCC	Rings.discrete_linordered_semidom_class	3
CASCC	Rings.linordered_nonzero_semiring_class	5
CASCC	Rings.semiring_1_no_zero_divisors_class	3
CASCC	Set_Interval.fold_atLeastAtMost_nat_rel	3
CASCC	Topological_Spaces.class.order_topology	24
CASCC	Topological_Spaces.order_topology_class	3
CASCC	Topological_Spaces.uniform_space.Cauchy	3
CASCC	While_Combinator.rtrancl_while_step_rel	1
CASCC	While_Combinator.rtrancl_while_test_rel	3
CASCC	Bit_Operations.class.ring_bit_operations	111
CASCC	Bit_Operations.ring_bit_operations_class	3
CASCC	Complete_Lattices.class.complete_lattice	150
CASCC	Complete_Lattices.complete_lattice_class	8
CASCC	Complete_Partial_Order.class.ccpo_axioms	3
CASCC	Conjugate.class.conjugatable_ring_axioms	3
CASCC	Euclidean_Rings.class.euclidean_semiring	26
CASCC	Euclidean_Rings.euclidean_semiring_class	6
CASCC	Field_as_Ring.field.euclidean_size_field	2
CASCC	Group_Closure.ab_group_add.group_closure	1
CASCC	Groups.class.cancel_semigroup_add_axioms	3
CASCC	Groups.class.linordered_ab_semigroup_add	8
CASCC	Groups.linordered_ab_semigroup_add_class	3
CASCC	Groups_Big_Fun.comm_monoid_mult.Prod_any	2
CASCC	Landau_Real_Products.inverse_primfun_rel	1
CASCC	Landau_Real_Products.less_eq_primfun_rel	3
CASCC	Limits.class.topological_comm_monoid_add	5
CASCC	Limits.topological_comm_monoid_add_class	3
CASCC	Linear_Temporal_Logic_on_Streams.nxt_rel	1
CASCC	Multiseries_Expansion.inverse_ms_aux_rel	1
CASCC	Multiseries_Expansion.msllist.bd_msllist	1
CASCC	Multiseries_Expansion.random_aux_msllist	1
CASCC	Orderings.class.unbounded_dense_linorder	6
CASCC	Orderings.unbounded_dense_linorder_class	4
CASCC	Parallel.pre_future.future.bd_pre_future	1
CASCC	Polynomial.class.alg_closed_field_axioms	2
CASCC	Polynomial.divmod_poly_one_main_list_rel	1
CASCC	Primes.class.check_prime_by_range_axioms	2
CASCC	Quickcheck_Exhaustive.exhaustive_set_rel	1
CASCC	Quickcheck_Exhaustive.valtermify_fun_upd	2
CASCC	Real_Vector_Spaces.class.uniformity_dist	8
CASCC	Real_Vector_Spaces.uniformity_dist_class	4
CASCC	Rings.class.linordered_semiring_1_strict	7
CASCC	Rings.class.normalization_semidom_axioms	3
CASCC	Rings.class.ordered_cancel_comm_semiring	5
CASCC	Rings.class.ordered_comm_semiring_axioms	3
CASCC	Rings.class.ordered_comm_semiring_strict	7
CASCC	Rings.linordered_semiring_1_strict_class	4
CASCC	Rings.ordered_cancel_comm_semiring_class	3
CASCC	Rings.ordered_comm_semiring_strict_class	3
CASCC	State_Monad.pre_state.state.bd_pre_state	1
CASCC	Topological_Spaces.class.open_uniformity	7
CASCC	Topological_Spaces.class.t0_space_axioms	3
CASCC	Topological_Spaces.class.t1_space_axioms	3
CASCC	Topological_Spaces.class.t2_space_axioms	3
CASCC	Topological_Spaces.class.t3_space_axioms	2
CASCC	Topological_Spaces.class.t4_space_axioms	2
CASCC	Topological_Spaces.open_uniformity_class	4
CASCC	Archimedean_Field.archimedean_field_class	3
CASCC	Archimedean_Field.class.archimedean_field	7
CASCC	BNF_Cardinal_Order_Relation.card_order_on	180
CASCC	Bit_Operations.class.semiring_bits_axioms	2
CASCC	Bit_Operations.semiring_bits.possible_bit	2
CASCC	Bounded_Linear_Operator.blinop.Abs_blinop	19
CASCC	Bounded_Linear_Operator.blinop.Rep_blinop	28
CASCC	Chebyshev_Polynomials.gen_cheb_poly.P_rel	3
CASCC	Chebyshev_Polynomials.gen_cheb_poly.f_rel	3
CASCC	Complete_Lattices.class.complete_linorder	24
CASCC	Complete_Lattices.complete_linorder_class	3
CASCC	Conjugate.class.conjugatable_ordered_ring	8
CASCC	Conjugate.conjugatable_ordered_ring_class	4
CASCC	Continued_Fractions.cfrac_list_of_rat_rel	3
CASCC	Factorial_Ring.comm_semiring_1.prime_elem	3
CASCC	Functional_Spaces.quasinorm.Rep_quasinorm	9
CASCC	Group_Closure.ab_group_add.group_closurep	1
CASCC	Infinite_Sum.class.complete_uniform_space	11
CASCC	Infinite_Sum.complete_uniform_space_class	2
CASCC	Landau_Real_Products.pos_primfun_list_rel	3
CASCC	Landau_Real_Products.primfun.size_primfun	2
CASCC	Limits.class.topological_comm_monoid_mult	5
CASCC	Limits.class.topological_group_add_axioms	2
CASCC	Limits.topological_comm_monoid_mult_class	3
CASCC	Missing_Polynomial.mult_zero.zero_divisor	2
CASCC	Mod_Exp.euclidean_semiring_cancel.mod_exp	2
CASCC	Multiseries_Expansion.pre_ms.ms.bd_pre_ms	1
CASCC	Multiseries_Expansion.random_aux_msstream	1
CASCC	Multiset.linorder.sorted_list_of_multiset	6
CASCC	Polynomial.class.field_unit_factor_axioms	3
CASCC	Quickcheck_Exhaustive.exhaustive_fun'_rel	1
CASCC	Quickcheck_Exhaustive.exhaustive_int'_rel	3
CASCC	Quickcheck_Exhaustive.valtermify_absdummy	3
CASCC	Real_Vector_Spaces.class.real_div_algebra	6
CASCC	Real_Vector_Spaces.real_div_algebra_class	4
CASCC	Rings.class.comm_semiring_1_cancel_axioms	3
CASCC	Topological_Spaces.topological_space.nhds	5
CASCC	Topological_Spaces.uniform_space.complete	2
CASCC	Conjugate.class.conjugatable_ordered_field	5
CASCC	Conjugate.conjugatable_ordered_field_class	3
CASCC	Elementary_Metric_Spaces.class.heine_borel	6
CASCC	Elementary_Metric_Spaces.heine_borel_class	2
CASCC	Factorial_Ring.comm_semiring_1.irreducible	2
CASCC	Factorial_Ring.normalization_semidom.prime	3
CASCC	Lattice_Algebras.lattice_ab_group_add.nprt	2
CASCC	Lattice_Algebras.lattice_ab_group_add.pprt	2
CASCC	Lattices.bounded_semilattice_inf_top_class	3
CASCC	Lattices.bounded_semilattice_sup_bot_class	3
CASCC	Lattices.class.bounded_semilattice_inf_top	9
CASCC	Lattices.class.bounded_semilattice_sup_bot	10
CASCC	Limits.class.topological_monoid_add_axioms	2
CASCC	Linear_Temporal_Logic_on_Streams.holds_rel	3
CASCC	Multiseries_Expansion.msstream.bd_msstream	1
CASCC	Parity.class.linordered_euclidean_semiring	43
CASCC	Parity.linordered_euclidean_semiring_class	4
CASCC	Poly_Mapping.poly_mapping.Abs_poly_mapping	41
CASCC	Polynomial_Factorial.gcd_poly_code_aux_rel	3
CASCC	Primes.check_prime_by_range.check_divisors	2
CASCC	Quickcheck_Exhaustive.bounded_forall_class	3
CASCC	Quickcheck_Narrowing.partial_term_of_class	3
CASCC	Real_Vector_Spaces.class.real_normed_field	5
CASCC	Real_Vector_Spaces.real_normed_field_class	3
CASCC	Rings.class.ordered_semiring_strict_axioms	3
CASCC	Topological_Spaces.class.discrete_topology	9
CASCC	Topological_Spaces.class.linorder_topology	23
CASCC	Topological_Spaces.class.topological_space	126
CASCC	Topological_Spaces.discrete_topology_class	2
CASCC	Topological_Spaces.linorder_topology_class	3
CASCC	Topological_Spaces.topological_space_class	9
CASCC	Unique_Factorization.class.comm_monoid_gcd	29
CASCC	Unique_Factorization.comm_monoid_gcd_class	3
CASCC	Bernoulli_FPS.akiyama_tanigawa_step_aux_rel	1
CASCC	Efficient_Discrete_Sqrt.newton_sqrt_aux_rel	1
CASCC	Euclidean_Rings.class.euclidean_ring_cancel	22
CASCC	Euclidean_Rings.class.unique_euclidean_ring	18
CASCC	Euclidean_Rings.euclidean_ring_cancel_class	3
CASCC	Euclidean_Rings.unique_euclidean_ring_class	3
CASCC	Factorial_Ring.class.factorial_semiring_gcd	22
CASCC	Factorial_Ring.factorial_semiring_gcd_class	4
CASCC	Groups.canonically_ordered_monoid_add_class	5
CASCC	Groups.class.cancel_ab_semigroup_add_axioms	3
CASCC	Groups.class.canonically_ordered_monoid_add	31
CASCC	Groups.class.ordered_cancel_comm_monoid_add	10
CASCC	Groups.class.strict_ordered_comm_monoid_add	9
CASCC	Groups.ordered_cancel_comm_monoid_add_class	3
CASCC	Groups.strict_ordered_comm_monoid_add_class	3
CASCC	Lattice_Algebras.class.lattice_ab_group_add	48
CASCC	Lattice_Algebras.lattice_ab_group_add_class	3
CASCC	Newton_Interpolation.horner_composition_rel	1
CASCC	Quickcheck_Exhaustive.check_all_n_lists_rel	1
CASCC	Quickcheck_Exhaustive.check_all_subsets_rel	1
CASCC	Quickcheck_Exhaustive.fast_exhaustive_class	3
CASCC	Quickcheck_Exhaustive.full_exhaustive_class	3
CASCC	Real_Vector_Spaces.class.real_normed_vector	43
CASCC	Real_Vector_Spaces.class.real_vector_axioms	3
CASCC	Real_Vector_Spaces.real_normed_vector_class	6
CASCC	Rings.class.linordered_comm_semiring_strict	8
CASCC	Rings.linordered_comm_semiring_strict_class	4
CASCC	Symmetric_Polynomials.fund_sym_poly_wit_rel	6
CASCC	Topological_Spaces.topological_space.closed	4
CASCC	Archimedean_Field.class.floor_ceiling_axioms	2
CASCC	Bit_Operations.class.semiring_bit_operations	179
CASCC	Bit_Operations.semiring_bit_operations_class	4
CASCC	Euclidean_Algorithm.class.euclidean_ring_gcd	21
CASCC	Euclidean_Algorithm.euclidean_ring_gcd_class	4
CASCC	Euclidean_Space.class.euclidean_space_axioms	3
CASCC	Group.monoid.monoid_ext.monoid_ext_Tuple_Iso	16
CASCC	Groups.class.ordered_ab_group_add_abs_axioms	3
CASCC	Groups.class.ordered_ab_semigroup_add_axioms	3
CASCC	Groups.class.ordered_ab_semigroup_add_imp_le	19
CASCC	Groups.class.ordered_cancel_ab_semigroup_add	14
CASCC	Groups.class.ordered_cancel_comm_monoid_diff	18
CASCC	Groups.class.strict_ordered_ab_semigroup_add	8
CASCC	Groups.ordered_ab_semigroup_add_imp_le_class	2
CASCC	Groups.ordered_cancel_ab_semigroup_add_class	6
CASCC	Groups.ordered_cancel_comm_monoid_diff_class	4
CASCC	Groups.strict_ordered_ab_semigroup_add_class	2
CASCC	Landau_Real_Products.iszero_primfun_list_rel	3
CASCC	Landau_Real_Products.nonneg_primfun_list_rel	3
CASCC	Order.gorder.gorder_ext.gorder_ext_Tuple_Iso	3
CASCC	Partial_Fraction_Decomposition.decompose_rel	1
CASCC	Permutations.inverse_permutation_of_list_rel	1
CASCC	Pratt_Certificate.pratt_tree.size_pratt_tree	2
CASCC	Real_Vector_Spaces.class.metric_space_axioms	3
CASCC	Real_Vector_Spaces.class.ordered_real_vector	19
CASCC	Real_Vector_Spaces.class.real_algebra_axioms	3
CASCC	Real_Vector_Spaces.class.real_normed_algebra	7
CASCC	Real_Vector_Spaces.ordered_real_vector_class	3
CASCC	Real_Vector_Spaces.real_normed_algebra_class	3
CASCC	Rings.class.semiring_no_zero_divisors_axioms	3
CASCC	Rings.class.semiring_no_zero_divisors_cancel	9
CASCC	Rings.semiring_no_zero_divisors_cancel_class	2
CASCC	Signed_Division.class.signed_division_axioms	3
CASCC	Topological_Spaces.topological_space.compact	2
CASCC	Unique_Factorization.comm_monoid_gcd.listgcd	12
CASCC	UnivPoly.up_ring.up_ring_ext.Abs_up_ring_ext	4
CASCC	UnivPoly.up_ring.up_ring_ext.Rep_up_ring_ext	6
CASCC	While_Combinator.rtrancl_while_invariant_rel	3
CASCC	Boolean_Algebras.class.boolean_algebra_axioms	3
CASCC	Dirichlet_Series.class.nat_power_field_axioms	3
CASCC	Elementary_Metric_Spaces.metric_space.bounded	3
CASCC	Elementary_Topology.topological_space.islimpt	2
CASCC	Mod_Exp.euclidean_semiring_cancel.mod_exp_aux	2
CASCC	Module.module.module_ext.module_ext_Tuple_Iso	5
CASCC	Multiseries_Expansion.multiseries.trimmed_neg	2
CASCC	Multiseries_Expansion.multiseries.trimmed_pos	2
CASCC	Partial_Fraction_Decomposition.decompose'_rel	1
CASCC	Quickcheck_Exhaustive.exhaustive_integer'_rel	3
CASCC	Quickcheck_Exhaustive.exhaustive_natural'_rel	3
CASCC	Quickcheck_Exhaustive.full_exhaustive_set_rel	1
CASCC	Rings.class.linordered_semiring_strict_axioms	3
CASCC	Rings.class.semidom_divide_unit_factor_axioms	2
CASCC	Topological_Spaces.class.perfect_space_axioms	3
CASCC	Topological_Spaces.class.uniform_space_axioms	3
CASCC	Unique_Factorization.comm_monoid_mult.coprime	3
CASCC	Algebraic_Numbers_Prelim.poly_uminus_inner_rel	1
CASCC	Elementary_Normed_Spaces.monoid_add.support_on	2
CASCC	Factorial_Ring.class.factorial_semiring_axioms	2
CASCC	Factorial_Ring.factorial_semiring.multiplicity	2
CASCC	Gauss_Jordan_Elimination.gauss_jordan_main_rel	3
CASCC	Limits.class.topological_semigroup_mult_axioms	2
CASCC	Quickcheck_Exhaustive.full_exhaustive_fun'_rel	1
CASCC	Quickcheck_Exhaustive.full_exhaustive_int'_rel	3
CASCC	Real_Vector_Spaces.class.complete_space_axioms	2
CASCC	Real_Vector_Spaces.class.real_normed_algebra_1	8
CASCC	Real_Vector_Spaces.real_normed_algebra_1_class	3
CASCC	Rings.class.discrete_linordered_semidom_axioms	3
CASCC	Rings.class.linordered_nonzero_semiring_axioms	3
CASCC	Topological_Spaces.class.order_topology_axioms	2
CASCC	Topological_Spaces.topological_space.at_within	2
CASCC	Topological_Spaces.topological_space.connected	2
CASCC	Topological_Spaces.uniform_space.cauchy_filter	3
CASCC	Bit_Operations.class.ring_bit_operations_axioms	3
CASCC	Chebyshev_Polynomials.clenshaw.clenshaw_aux_rel	8
CASCC	Complete_Lattices.class.complete_lattice_axioms	3
CASCC	Euclidean_Rings.class.euclidean_semiring_axioms	3
CASCC	Euclidean_Rings.class.euclidean_semiring_cancel	50
CASCC	Euclidean_Rings.class.unique_euclidean_semiring	47
CASCC	Euclidean_Rings.euclidean_semiring_cancel_class	2
CASCC	Euclidean_Rings.unique_euclidean_semiring_class	3
CASCC	Factorial_Ring.factorial_semiring.Gcd_factorial	2
CASCC	Factorial_Ring.factorial_semiring.Lcm_factorial	2
CASCC	Factorial_Ring.factorial_semiring.gcd_factorial	3
CASCC	Factorial_Ring.factorial_semiring.lcm_factorial	2
CASCC	Groups.class.linordered_cancel_ab_semigroup_add	8
CASCC	Groups.linordered_cancel_ab_semigroup_add_class	5
CASCC	Lattice_Algebras.class.lattice_ab_group_add_abs	8
CASCC	Lattice_Algebras.lattice_ab_group_add_abs_class	4
CASCC	Random_Permutations.fold_random_permutation_rel	5
CASCC	Record.tuple_isomorphism.size_tuple_isomorphism	2
CASCC	Rings.class.ordered_comm_semiring_strict_axioms	3
CASCC	Symmetric_Polynomials.check_symmetric_mpoly_rel	8
CASCC	Topological_Spaces.topological_space.convergent	2
CASCC	Archimedean_Field.class.archimedean_field_axioms	2
CASCC	Chebyshev_Polynomials.clenshaw.clenshaw_aux'_rel	2
CASCC	Complete_Lattices.class.complete_boolean_algebra	9
CASCC	Complete_Lattices.class.complete_distrib_lattice	29
CASCC	Complete_Lattices.complete_boolean_algebra_class	3
CASCC	Complete_Lattices.complete_distrib_lattice_class	2
CASCC	Conjugate.class.conjugatable_ordered_ring_axioms	3
CASCC	Dirichlet_Series_Analysis.class.dirichlet_series	7
CASCC	Dirichlet_Series_Analysis.dirichlet_series_class	3
CASCC	Euclidean_Algorithm.class.euclidean_semiring_gcd	20
CASCC	Euclidean_Algorithm.euclidean_semiring_gcd_class	5
CASCC	Infinite_Sum.class.complete_uniform_space_axioms	2
CASCC	Infinite_Sum.topological_space.convergent_filter	1
CASCC	Landau_Real_Products.landau_dominating_chain_rel	3
CASCC	Pratt_Certificate.check_prime_factors_subset_rel	3
CASCC	Real_Vector_Spaces.class.real_normed_div_algebra	7
CASCC	Real_Vector_Spaces.real_normed_div_algebra_class	3
CASCC	Rings.class.normalization_semidom_multiplicative	13
CASCC	Rings.normalization_semidom_multiplicative_class	2
CASCC	Topological_Spaces.uniform_space.totally_bounded	2
CASCC	Elementary_Metric_Spaces.class.heine_borel_axioms	2
CASCC	Elementary_Normed_Spaces.comm_monoid_add.supp_sum	2
CASCC	Multiset_Permutations.permutations_of_set_aux_rel	3
CASCC	Newton_Interpolation.divided_differences_impl_rel	1
CASCC	Newton_Interpolation.newton_coefficients_main_rel	1
CASCC	Order_Continuity.countable_complete_lattice.cclfp	2
CASCC	Parity.class.linordered_euclidean_semiring_axioms	2
CASCC	Topological_Spaces.class.discrete_topology_axioms	3
CASCC	Topological_Spaces.class.first_countable_topology	16
CASCC	Topological_Spaces.first_countable_topology_class	2
CASCC	Unique_Factorization.class.comm_monoid_gcd_axioms	2
CASCC	Unique_Factorization.comm_semiring_1.mset_factors	2
CASCC	Bit_Operations.ring_bit_operations.signed_take_bit	2
CASCC	Conditionally_Complete_Lattices.preorder.bdd_above	209
CASCC	Conditionally_Complete_Lattices.preorder.bdd_below	201
CASCC	Factorial_Ring.class.factorial_semiring_gcd_axioms	2
CASCC	Gauss_Jordan_Elimination.eliminate_entries_rec_rel	1
CASCC	Groups.class.canonically_ordered_monoid_add_axioms	3
CASCC	Product_Vector.class.uniform_topological_group_add	8
CASCC	Product_Vector.uniform_topological_group_add_class	4
CASCC	Quickcheck_Exhaustive.full_exhaustive_integer'_rel	3
CASCC	Quickcheck_Exhaustive.full_exhaustive_natural'_rel	3
CASCC	Quickcheck_Narrowing.narrowing_cons.Narrowing_cons	14
CASCC	Real_Vector_Spaces.class.real_normed_vector_axioms	3
CASCC	Rings.class.linordered_comm_semiring_strict_axioms	3
CASCC	Topological_Spaces.class.linear_continuum_topology	7
CASCC	Topological_Spaces.linear_continuum_topology_class	3
CASCC	Topology_Euclidean_Space.euclidean_space.eucl_less	2
CASCC	UnivPoly.up_ring.up_ring_ext.up_ring_ext_Tuple_Iso	4
CASCC	Bit_Operations.class.semiring_bit_operations_axioms	2
CASCC	Elementary_Topology.class.second_countable_topology	8
CASCC	Elementary_Topology.second_countable_topology_class	3
CASCC	Groups.class.ordered_ab_semigroup_add_imp_le_axioms	3
CASCC	Groups.class.ordered_ab_semigroup_monoid_add_imp_le	15
CASCC	Groups.class.strict_ordered_ab_semigroup_add_axioms	3
CASCC	Groups.ordered_ab_semigroup_monoid_add_imp_le_class	3
CASCC	Lattice_Algebras.class.semilattice_inf_ab_group_add	7
CASCC	Lattice_Algebras.class.semilattice_sup_ab_group_add	7
CASCC	Lattice_Algebras.semilattice_inf_ab_group_add_class	3
CASCC	Lattice_Algebras.semilattice_sup_ab_group_add_class	3
CASCC	Multiset_Permutations.permutations_of_list_impl_rel	1
CASCC	Parity.class.linordered_euclidean_semiring_division	44
CASCC	Parity.linordered_euclidean_semiring_division_class	2
CASCC	Partial_Fraction_Decomposition.normalise_decomp_rel	1
CASCC	Product_Vector.class.uniform_topological_monoid_add	7
CASCC	Product_Vector.uniform_topological_monoid_add_class	3
CASCC	Real_Vector_Spaces.class.ordered_real_vector_axioms	3
CASCC	Real_Vector_Spaces.class.real_normed_algebra_axioms	3
CASCC	Rings.class.semiring_no_zero_divisors_cancel_axioms	3
CASCC	Unique_Factorization.comm_semiring_1.primitive_poly	1
CASCC	Congruence.eq_object.eq_object_ext.Abs_eq_object_ext	4
CASCC	Congruence.eq_object.eq_object_ext.Rep_eq_object_ext	6
CASCC	Formal_Power_Series.fps_left_inverse_constructor_rel	1
CASCC	Random_Permutations.fold_bind_random_permutation_rel	5
CASCC	Euclidean_Algorithm.euclidean_ring_gcd.euclid_ext_aux	2
CASCC	Factorial_Ring.factorial_semiring.prime_factorization	4
CASCC	Formal_Power_Series.fps_right_inverse_constructor_rel	1
CASCC	Gauss_Jordan_Elimination.pivot_positions_main_gen_rel	3
CASCC	Multiset_Order.preorder.less_multiset\<^sub>D\<^sub>M	5
CASCC	Multiset_Order.preorder.less_multiset\<^sub>H\<^sub>O	6
CASCC	Newton_Interpolation.divided_differences_impl_int_rel	1
CASCC	Newton_Interpolation.newton_coefficients_main_int_rel	1
CASCC	Ordered_Euclidean_Space.class.ordered_euclidean_space	26
CASCC	Ordered_Euclidean_Space.ordered_euclidean_space_class	9
CASCC	Pratt_Certificate.efficient_power.efficient_power_rel	12
CASCC	Real_Vector_Spaces.class.real_normed_algebra_1_axioms	3
CASCC	Conditionally_Complete_Lattices.class.linear_continuum	9
CASCC	Conditionally_Complete_Lattices.linear_continuum_class	4
CASCC	Dirichlet_Series_Analysis.class.nat_power_normed_field	18
CASCC	Dirichlet_Series_Analysis.nat_power_normed_field_class	5
CASCC	Euclidean_Rings.class.euclidean_semiring_cancel_axioms	3
CASCC	Euclidean_Rings.class.unique_euclidean_semiring_axioms	2
CASCC	Factorial_Ring.class.factorial_semiring_multiplicative	16
CASCC	Factorial_Ring.factorial_semiring_multiplicative_class	3
CASCC	Lattice_Algebras.class.lattice_ab_group_add_abs_axioms	3
CASCC	Lattice_Constructions.random_aux_flat_complete_lattice	1
CASCC	Multiset_Permutations.permutations_of_set_aux_list_rel	1
CASCC	Complete_Lattices.class.complete_distrib_lattice_axioms	3
CASCC	Dirichlet_Series_Analysis.class.dirichlet_series_axioms	3
CASCC	Elementary_Topology.topological_space.topological_basis	5
CASCC	Euclidean_Algorithm.class.euclidean_semiring_gcd_axioms	2
CASCC	Multiset_Permutations.permutations_of_list_impl_aux_rel	1
CASCC	Real_Vector_Spaces.class.real_normed_div_algebra_axioms	3
CASCC	Rings.class.normalization_semidom_multiplicative_axioms	3
CASCC	Euclidean_Algorithm.normalization_euclidean_semiring.Gcd	2
CASCC	Euclidean_Algorithm.normalization_euclidean_semiring.Lcm	2
CASCC	Euclidean_Algorithm.normalization_euclidean_semiring.gcd	3
CASCC	Euclidean_Algorithm.normalization_euclidean_semiring.lcm	2
CASCC	Topological_Spaces.class.first_countable_topology_axioms	3
CASCC	Parity.linordered_euclidean_semiring_division.divides_aux	2
CASCC	Product_Vector.class.uniform_topological_group_add_axioms	3
CASCC	Square_Free_Factorization.monic_factorization.A_B_C_D_rel	4
CASCC	Congruence.eq_object.eq_object_ext.eq_object_ext_Tuple_Iso	5
CASCC	Elementary_Topology.class.second_countable_topology_axioms	3
CASCC	Euclidean_Algorithm.class.normalization_euclidean_semiring	25
CASCC	Euclidean_Algorithm.euclidean_ring_gcd.bezout_coefficients	2
CASCC	Euclidean_Algorithm.euclidean_ring_gcd.euclid_ext_aux_sumC	2
CASCC	Euclidean_Algorithm.normalization_euclidean_semiring_class	5
CASCC	Parity.class.linordered_euclidean_semiring_division_axioms	2
CASCC	Product_Vector.class.uniform_topological_monoid_add_axioms	3
CASCC	Executable_Euclidean_Space.class.executable_euclidean_space	11
CASCC	Executable_Euclidean_Space.executable_euclidean_space_class	2
CASCC	String.linordered_euclidean_semiring_bit_operations.char_of	2
CASCC	Countable_Complete_Lattices.class.countable_complete_lattice	53
CASCC	Countable_Complete_Lattices.countable_complete_lattice_class	7
CASCC	Ordered_Euclidean_Space.class.ordered_euclidean_space_axioms	2
CASCC	Conditionally_Complete_Lattices.class.linear_continuum_axioms	3
CASCC	Dirichlet_Series_Analysis.class.nat_power_normed_field_axioms	3
CASCC	Euclidean_Algorithm.normalization_euclidean_semiring.gcd_sumC	2
CASCC	Tarski_Neutral_Archimedes.Tarski_neutral_dimensionless.Sym_rel	2
CASCC	Euclidean_Algorithm.euclidean_ring_gcd_class.euclid_ext_aux_rel	3
CASCC	Tarski_Neutral_Archimedes.Tarski_neutral_dimensionless.MidR_rel	2
CASCC	Tarski_Neutral_Archimedes.Tarski_neutral_dimensionless.SymR_rel	2
CASCC	Semiring_Normalization.class.comm_semiring_1_cancel_crossproduct	9
CASCC	Semiring_Normalization.comm_semiring_1_cancel_crossproduct_class	2
CASCC	Tarski_Neutral_Archimedes.Tarski_neutral_dimensionless.Gradn_rel	2
CASCC	Bit_Operations.class.linordered_euclidean_semiring_bit_operations	101
CASCC	Bit_Operations.linordered_euclidean_semiring_bit_operations_class	3
CASCC	Bit_Operations.linordered_euclidean_semiring_bit_operations.or_num	1
CASCC	Euclidean_Algorithm.normalization_euclidean_semiring_class.gcd_rel	3
CASCC	Executable_Euclidean_Space.class.executable_euclidean_space_axioms	2
CASCC	Congruence.partial_object.partial_object_ext.Abs_partial_object_ext	4
CASCC	Congruence.partial_object.partial_object_ext.Rep_partial_object_ext	6
CASCC	Countable_Complete_Lattices.class.countable_complete_lattice_axioms	3
CASCC	Tarski_Neutral_Archimedes.Tarski_neutral_dimensionless.GradExpn_rel	2
CASCC	Conditionally_Complete_Lattices.class.conditionally_complete_lattice	72
CASCC	Conditionally_Complete_Lattices.conditionally_complete_lattice_class	5
CASCC	Countable_Complete_Lattices.class.countable_complete_distrib_lattice	19
CASCC	Countable_Complete_Lattices.countable_complete_distrib_lattice_class	2
CASCC	Conditionally_Complete_Lattices.class.conditionally_complete_linorder	18
CASCC	Conditionally_Complete_Lattices.conditionally_complete_linorder_class	4
CASCC	Lattice_Constructions.flat_complete_lattice.size_flat_complete_lattice	7
CASCC	Tarski_Neutral_Archimedes.Tarski_neutral_dimensionless.GradExpInvn_rel	2
CASCC	Bit_Operations.linordered_euclidean_semiring_bit_operations.or_num_sumC	1
CASCC	Semiring_Normalization.class.comm_semiring_1_cancel_crossproduct_axioms	3
CASCC	Congruence.partial_object.partial_object_ext.partial_object_ext_Tuple_Iso	32
CASCC	Euclidean_Algorithm.class.normalization_euclidean_semiring_multiplicative	5
CASCC	Euclidean_Algorithm.normalization_euclidean_semiring_multiplicative_class	3
CASCC	Conditionally_Complete_Lattices.class.conditionally_complete_lattice_axioms	2
CASCC	Countable_Complete_Lattices.class.countable_complete_distrib_lattice_axioms	3
CASCC	Bit_Operations.linordered_euclidean_semiring_bit_operations_class.or_num_rel	1
